id,text,label,category,subcategory,language,source,date,label_origin
hf-717-ru,"Работа, предложенная центром занятости, не соответствует моей специальности.",Другое/Общие вопросы,Другое,Общие вопросы,ru,huggingface,,hf_category
hf-254-ru,"В школе часто меняется учитель английского языка, качество знаний упало.",Другое/Общие вопросы,Другое,Общие вопросы,ru,huggingface,,hf_category
hf-139-ru,Со скоростью интернета в селе невозможно учиться онлайн.,Другое/Общие вопросы,Другое,Общие вопросы,ru,huggingface,,hf_category
hf-256-ru,Фонтан в центральном парке города не работает.,Благоустройство/Вывоз мусора,Благоустройство,Вывоз мусора,ru,huggingface,,hf_category
446830,"Құрметті әкім мырза! Біз Атырау қаласы, Жұмыскер-2 мөлтекауданы, ""[ЗАЯВИТЕЛЬ]"" көшесі тұрғындары өз өтінішімізді жолдай отырып, Көшеміздің инфоқұрылымын дамытуға көмек беруді сұраймыз. Жалпы біздің көшемі",Освещение/Уличное освещение,Освещение,Уличное освещение,kk,dialog_egov,08.10.2016,query
752666,"Уважаемый, [ЗАЯВИТЕЛЬ], я обращаюсь к вам с просьбой о помощи. На центральной улице нашего города, по проспекту Назарбаева 110, расположено здание, собственник которого ТОО [ЗАЯВИТЕЛЬ] в КАЗАХСТАНЕ, БИН [ИИН] самовольно захватил часть земли общего",Дороги/Дорожное покрытие,Дороги,Дорожное покрытие,ru,dialog_egov,31.08.2022,query
708040,"Д.д! Я живу в г [ЗАЯВИТЕЛЬ] и регулярно замечаю, то по городу днем горят уличные фонари освещения в разных частях города. Тогда я звоню на 109 и оставляю заявку об этом, потому что бюджетные средства используются впустую из за халатности и бесхозяйственности работников, забывающих",Освещение/Уличное освещение,Освещение,Уличное освещение,ru,dialog_egov,02.10.2021,query+rules
hf-878-ru,"Сотрудники полиции приняли мою жалобу, но перепутали ее с другим делом и сделали мне предупреждение.",Другое/Общие вопросы,Другое,Общие вопросы,ru,huggingface,,hf_category
hf-189-kk,Көшедегі бейнебақылау камераларының көбісі істемейді.,Другое/Общие вопросы,Другое,Общие вопросы,kk,huggingface,,hf_category
683692,"Обращение с регистрационным номером 683692, направленное в Блог [ЗАЯВИТЕЛЬ] РК [ЗАЯВИТЕЛЬ] отклонено ГО 11.05.2021",Дороги/Дорожное покрытие,Дороги,Дорожное покрытие,ru,dialog_egov,08.05.2021,query
759030,"Обращение с регистрационным номером 759030, направленное в Блог И. о. Генерального директора РГП «Казводхоз» [ЗАЯВИТЕЛЬ] находится на рассмотрении у ГО",Транспорт/Общественный транспорт,Транспорт,Общественный транспорт,ru,dialog_egov,13.11.2022,query
748227,"Шымкент қ. Абай және Қаратау аудандары түйіскен Алматы тас жолы мен [ЗАЯВИТЕЛЬ] көшелерінің қиылысында орналасқан (бұрынғы қоқыс полигоны) Нұршуақ елді мекенінің маңындағы ""свалка"" аумағына қашан қаланың бас жоспарына сай қандай нысан салынбақ? Тұрғындар аузында са",Благоустройство/Вывоз мусора,Благоустройство,Вывоз мусора,kk,dialog_egov,20.07.2022,query
688341,"Обращение с регистрационным номером 688341, направленное в Блог Аким города Алматы [ЗАЯВИТЕЛЬ]A. находится на рассмотрении у ГО",ЖКХ/Лифт,ЖКХ,Лифт,ru,dialog_egov,01.06.2021,query
hf-805-ru,Выдают ли специальные номера для служебных автомобилей чиновников?,Другое/Общие вопросы,Другое,Общие вопросы,ru,huggingface,,hf_category
737453,"В квартале по улицам Мирзояна-Октябрьская-Исаева-Советская не горят некоторые фонари, прошу устранить проблему",Освещение/Уличное освещение,Освещение,Уличное освещение,ru,dialog_egov,28.04.2022,query+rules
762293,"Обращение Я Никулин [ЗАЯВИТЕЛЬ], 1980 года рождения, место работы ТОО «Казцинк», РГОК, Риддер-Сокольный рудник, бурильщик шпуров 6 разряда, проживаю ВКО г. Риддер. 05.01.2020 года при выполнении производственных заданий , случи",ЖКХ/Водоснабжение,ЖКХ,Водоснабжение,ru,dialog_egov,23.12.2022,query
739934,"Добрый день! Прошу Вас помочь с решением проблемы пассажирских перевозок. Жители района Юго-Восток в ауле Бесколь просят Вас решить вопрос с продлением маршрута 101 ""Петропавловск-Бесколь"" до района Юго-Восток. В данное время автобус ходит маршрут 101 ""А"" с пе",Транспорт/Общественный транспорт,Транспорт,Общественный транспорт,ru,dialog_egov,18.05.2022,query+rules
hf-366-kk,Қаланың орталығындағы ауаның сапасы туралы ақпаратты қайдан алуға болады?,Благоустройство/Вывоз мусора,Благоустройство,Вывоз мусора,kk,huggingface,,hf_category
764478,"Обращение с регистрационным номером 764478, направленное в Блог Председатель Правления АО «Казахстанский центр модернизации и развития жилищно-коммунального хозяйства» [ЗАЯВИТЕЛЬ] находится на рассмотрении у ГО",Освещение/Уличное освещение,Освещение,Уличное освещение,ru,dialog_egov,21.08.2023,query
hf-163-ru,Врач поставил неверный диагноз и назначил неправильное лечение.,Другое/Общие вопросы,Другое,Общие вопросы,ru,huggingface,,hf_category
hf-923-ru,Разметка пешеходного перехода стерлась и не видна.,Дороги/Дорожное покрытие,Дороги,Дорожное покрытие,ru,huggingface,,hf_category
762673,"Обращение с регистрационным номером 762673, направленное в Блог [ЗАЯВИТЕЛЬ] РК [ЗАЯВИТЕЛЬ] отклонено ГО 27.01.2023",Транспорт/Общественный транспорт,Транспорт,Общественный транспорт,ru,dialog_egov,29.12.2022,query
hf-278-kk,"Көршімнің пәтерінен үнемі шу шығады, полиция шақырсам да нәтиже жоқ.",Другое/Общие вопросы,Другое,Общие вопросы,kk,huggingface,,hf_category
hf-443-ru,"Придорожные арыки переполнены водой, невозможно идти по тротуару.",Дороги/Дорожное покрытие,Дороги,Дорожное покрытие,ru,huggingface,,hf_category
hf-703-kk,"Дәрігердің қабылдауына жазылу мүмкін емес, телефондары жауап бермейді.",Другое/Общие вопросы,Другое,Общие вопросы,kk,huggingface,,hf_category
hf-247-kk,Мүгедектігі бар адам ретінде жұмысқа орналаса алмай жүрмін.,Другое/Общие вопросы,Другое,Общие вопросы,kk,huggingface,,hf_category
hf-553-ru,Тротуар вдоль дороги очень узкий.,Дороги/Дорожное покрытие,Дороги,Дорожное покрытие,ru,huggingface,,hf_category
740003/1,"№4 17.05.2022 ж. Индустрия және инфрақұрылымдық даму министріне Алматы қаласы әкіміне Алматы облысы әкіміне «Батыр» бау-бақша қоғамы», «[ЗАЯВИТЕЛЬ]»",Транспорт/Общественный транспорт,Транспорт,Общественный транспорт,kk,dialog_egov,23.05.2022,query
760814,"Добрый день [ЗАЯВИТЕЛЬ]! В районе остановки""Березка"", не работает светофор (вырвана кнопка - вызвать зеленый свет), через эту дорогу, как спускаться с моста, по маршруту Автобуса №1, машины и автобусы , летят с завышенной скоростью. На другой стороне дороги находит",Дороги/Светофоры,Дороги,Светофоры,ru,dialog_egov,01.12.2022,query+rules
hf-136-ru,В загородное озеро сливают сточные воды. Экология озера нарушается.,Благоустройство/Вывоз мусора,Благоустройство,Вывоз мусора,ru,huggingface,,hf_category
hf-1037-kk,"Үйдің ауласы тазаланбайды, қоқысқа толып кетті.",ЖКХ/Общие вопросы,ЖКХ,Общие вопросы,kk,huggingface,,hf_category
680725,"Уважаемый аким г. Шымкент! Переехали в г. Шымкент из г. Алматы и удивилась, что нет цифровых площадок для обращений жителей по различным вопросам и жалобам напрямую без егов (например open almaty в Instagram). Там оперативно решают вопросы различного характера. Теперь непосредс",Благоустройство/Детские площадки,Благоустройство,Детские площадки,ru,dialog_egov,21.04.2021,query
hf-471-kk,Үйдің ауласындағы жолдарға жөндеу жұмыстары 10 жылдан бері жүргізілмеген.,ЖКХ/Общие вопросы,ЖКХ,Общие вопросы,kk,huggingface,,hf_category
753428/1,"П рошу вас принять меры в отношении безответственного и халатного отношения к своим обязанностям ответственных лиц акимата Сайрамского района , акимат Туркестанской области ,а также других лиц. Дело в том .что я с начала 2022 года не могу добиться стабильного , упорядоченног",Благоустройство/Вывоз мусора,Благоустройство,Вывоз мусора,ru,dialog_egov,08.09.2022,query
hf-722-kk,"Дәрігердің қабылдауына жазылған уақытымды өзгертіп, маған ескертпеген.",Другое/Общие вопросы,Другое,Общие вопросы,kk,huggingface,,hf_category
hf-3-kk,"Шымкент қаласы, Тәуке хан даңғылындағы қоқыс жәшіктері үнемі толып тұрады. Уақытылы тазаланбайды, айналаға жағымсыз иіс тарап жатыр. Мәселені шешуге көмектесіңіз.",ЖКХ/Общие вопросы,ЖКХ,Общие вопросы,kk,huggingface,,hf_category
hf-492-kk,Емханадағы медбикелер уколды ауыр салады.,Другое/Общие вопросы,Другое,Общие вопросы,kk,huggingface,,hf_category
hf-777-ru,"Для назначения пособия потребовали справку о доходах моего супруга, но он умер.",Другое/Общие вопросы,Другое,Общие вопросы,ru,huggingface,,hf_category
hf-1005-kk,"Жол полициясының инспекторы себепсіз тоқтатып, ақша бопсалады.",Другое/Общие вопросы,Другое,Общие вопросы,kk,huggingface,,hf_category
hf-489-kk,"Интернет провайдері ескертусіз байланыс арналарын ауыстырып, бірнеше сағатқа интернетті сөндірді.",Другое/Общие вопросы,Другое,Общие вопросы,kk,huggingface,,hf_category
467009,"Обращение с регистрационным номером 467009, направленное в Блог [ЗАЯВИТЕЛЬ] РК [ЗАЯВИТЕЛЬ] отклонено ГО",ЖКХ/Лифт,ЖКХ,Лифт,ru,dialog_egov,27.06.2017,query
hf-375-ru,За получение квартиры по госпрограмме потребовали большую 'благодарность'.,Другое/Общие вопросы,Другое,Общие вопросы,ru,huggingface,,hf_category
661397,"Акиму города Нурсултан [ЗАЯВИТЕЛЬ] от [ЗАЯВИТЕЛЬ] прож. Ул.187 д.14/3 кв.26 тел.[ТЕЛЕФОН] эл.адрес: [EMAIL] Заявление Прошу Вас рассмотреть наше заявление по поводу похолодания в квартирах по адресу г. Нур-Султан,улица 187 дом.14/3. С наступление",ЖКХ/Отопление,ЖКХ,Отопление,ru,dialog_egov,12.01.2021,query
hf-506-ru,От городской реки исходит неприятный запах.,Благоустройство/Вывоз мусора,Благоустройство,Вывоз мусора,ru,huggingface,,hf_category
hf-343-ru,"Аппарат по продаже бахил в поликлинике забирает деньги, но не выдает бахилы.",Другое/Общие вопросы,Другое,Общие вопросы,ru,huggingface,,hf_category
hf-1024-ru,На уроке информатики в школе половина компьютеров не работает.,Другое/Общие вопросы,Другое,Общие вопросы,ru,huggingface,,hf_category
hf-849-kk,"Интернет провайдерінің қызметкерлері үйге келгенде, менің үйімдегі заттарды суретке түсіріп, интернетке жариялады.",Другое/Общие вопросы,Другое,Общие вопросы,kk,huggingface,,hf_category
hf-846-ru,Отходы с зон отдыха у реки сбрасывают в воду.,Благоустройство/Вывоз мусора,Благоустройство,Вывоз мусора,ru,huggingface,,hf_category
758700/1,"Здравствуйте! Уважаемый аким Алматинской области Султангазиев [ЗАЯВИТЕЛЬ]! Обращаюсь от лица жильцов города Конаев, 3 микрорайона дома 8 и магазина 8/1. Не раз обращались за решением проблемы затопления после дождя. Акимат игнорирует, а это находится в самом центре города.",Дороги/Дорожное покрытие,Дороги,Дорожное покрытие,ru,dialog_egov,09.11.2022,query
749109,Добрый день. Прошу обследовать участки дорог с. Кабанбай батыр светофор Мешит п.Талапкер. От платного терминала п. Коянды до мусорного полигона Астана. От платного терминала до пункта транспортного контроля по Карагандинской трассе. Возможно ли увеличение скоростного режима. Пола,Дороги/Светофоры,Дороги,Светофоры,ru,dialog_egov,28.07.2022,query+rules
hf-539-kk,"Интернет провайдерінің қызметіне ақы төлесем де, интернетті қоспай отыр.",Другое/Общие вопросы,Другое,Общие вопросы,kk,huggingface,,hf_category
741716/1,"Обращение с регистрационным номером 741716/1, направленное в Блог [ЗАЯВИТЕЛЬ] РК [ЗАЯВИТЕЛЬ] отклонено ГО 15.06.2022",Транспорт/Общественный транспорт,Транспорт,Общественный транспорт,ru,dialog_egov,01.06.2022,query
hf-124-kk,Колледждегі жатақхананың жағдайы нашар. Жөндеу жұмыстары көптен бері жүргізілмеген.,Другое/Общие вопросы,Другое,Общие вопросы,kk,huggingface,,hf_category
564129,"Уважаемый [ЗАЯВИТЕЛЬ] ! Обращаюсь к Вам от имени всех жильцов дома №52 в мкр.1 г.Алматы. В 2018 году Акиматом г.Алматы была произведена модернизация внутри дворовой части жилого дома №52, в именно установлены детские площадки, заменены бордюры и уложен асфальт. Но, все",Благоустройство/Вывоз мусора,Благоустройство,Вывоз мусора,ru,dialog_egov,21.08.2019,query
hf-74-ru,"Качество велодорожек плохое, либо их нет совсем. Передвигаться по городу на велосипеде небезопасно.",Дороги/Дорожное покрытие,Дороги,Дорожное покрытие,ru,huggingface,,hf_category
743678,"В марте 2022 года я направила Вам жалобу по строящемуся жилому комплексу ""Сен"" по адресу: г. Нур-Султан, ул. Толе би, 57. Я задала Вам конкретные вопросы и приложила расчеты инсоляции: 1) Проводились ли общественные слушания о возможности строительства ЖК ""Сен&quot",Освещение/Уличное освещение,Освещение,Уличное освещение,ru,dialog_egov,14.06.2022,query
hf-746-kk,Қаланың жанындағы өзенге жақын жердегі құрылыс алаңынан шыққан шу түнде ұйықтатпайды.,Благоустройство/Вывоз мусора,Благоустройство,Вывоз мусора,kk,huggingface,,hf_category
hf-1030-ru,В реку рядом с городом незаконно сбрасывают мусор.,Благоустройство/Вывоз мусора,Благоустройство,Вывоз мусора,ru,huggingface,,hf_category
622525,"Обращение с регистрационным номером 622525, направленное в Блог [ЗАЯВИТЕЛЬ] РК [ЗАЯВИТЕЛЬ] отклонено ГО 02.07.2020",Благоустройство/Детские площадки,Благоустройство,Детские площадки,ru,dialog_egov,10.06.2020,query
690703,"Обращение с регистрационным номером 690703, направленное в Блог Аким города Алматы [ЗАЯВИТЕЛЬ]A. находится на рассмотрении у ГО",Дороги/Дорожное покрытие,Дороги,Дорожное покрытие,ru,dialog_egov,15.06.2021,query
hf-159-kk,Интернет провайдері ескертусіз тариф бағасын көтеріп жіберді.,Другое/Общие вопросы,Другое,Общие вопросы,kk,huggingface,,hf_category
hf-1034-ru,"Крышка люка посреди дороги сломана, очень опасно.",Дороги/Дорожное покрытие,Дороги,Дорожное покрытие,ru,huggingface,,hf_category
hf-631-ru,Фонари освещения во дворе дома не горят по ночам.,ЖКХ/Общие вопросы,ЖКХ,Общие вопросы,ru,huggingface,,hf_category
753641,"Здравствуйте Уважаемый [ЗАЯВИТЕЛЬ]! Нам нужна ваша помощь. Мы производили демонтаж и дальнейший монтаж в здании министерства сельского хозяйства на первом этаже, где сейчас согласна проекта должен быть архив и актовый зал. Производили демонтаж, а далее монтаж и утепление ба",Благоустройство/Вывоз мусора,Благоустройство,Вывоз мусора,ru,dialog_egov,09.09.2022,query
hf-378-ru,По моему заявлению полиция не проводит никаких следственных действий.,Другое/Общие вопросы,Другое,Общие вопросы,ru,huggingface,,hf_category
621534,"день добрый.неудобно уже писать.но ничего не изменилось.Алматы, Алатауский район, (рядом микрорайон Томирис) микрорайон Боралдай пересечение улиц [ЗАЯВИТЕЛЬ] находится ""типа"" детская площадка.просьба отремонтировать.1)сетка стена дырявая (футбольного поля).2",Благоустройство/Вывоз мусора,Благоустройство,Вывоз мусора,ru,dialog_egov,05.06.2020,query+rules
hf-11-kk,"Алматы қаласы, Медеу ауданындағы жолдардың жағдайы сын көтермейді. Көлік жүргізу қауіпті болып барады.",Дороги/Дорожное покрытие,Дороги,Дорожное покрытие,kk,huggingface,,hf_category
hf-566-ru,"Правда ли, что разрешили строить мусорный полигон в предгорьях рядом с городом?",Благоустройство/Вывоз мусора,Благоустройство,Вывоз мусора,ru,huggingface,,hf_category
hf-176-kk,Жемқорлық туралы хабарлағаным үшін маған қысым көрсетіліп жатыр.,Другое/Общие вопросы,Другое,Общие вопросы,kk,huggingface,,hf_category
hf-328-kk,"Жол-патрульдік полициясының көлігі жол ережесін бұзып, қарсы бетке шықты.",Другое/Общие вопросы,Другое,Общие вопросы,kk,huggingface,,hf_category
hf-58-kk,"4G интернетінің сапасы нашарлап кетті, жиі 3G-ге ауысып кетеді.",Другое/Общие вопросы,Другое,Общие вопросы,kk,huggingface,,hf_category
hf-591-kk,Үйдің кіреберісіндегі домофонның даусы тым қатты шығады.,ЖКХ/Общие вопросы,ЖКХ,Общие вопросы,kk,huggingface,,hf_category
749023,"Обращение с регистрационным номером 749023, направленное в Блог [ЗАЯВИТЕЛЬ] РК [ЗАЯВИТЕЛЬ] отклонено ГО 11.08.2022",ЖКХ/Водоснабжение,ЖКХ,Водоснабжение,ru,dialog_egov,28.07.2022,query
hf-819-ru,"Сотрудники интернет-провайдера, придя на дом, переставили мои вещи.",Другое/Общие вопросы,Другое,Общие вопросы,ru,huggingface,,hf_category
hf-192-kk,"Жол жиегіндегі бордюрлер сынған, аулаға кіру қиын.",Дороги/Дорожное покрытие,Дороги,Дорожное покрытие,kk,huggingface,,hf_category
hf-663-ru,Из-за ям на дороге я уже дважды прокалывал колесо.,Дороги/Дорожное покрытие,Дороги,Дорожное покрытие,ru,huggingface,,hf_category
764445,"Саламатсыз ба [ЗАЯВИТЕЛЬ]! Мен, Бажикова [ЗАЯВИТЕЛЬ], үш балалы анамын. Бір қызым мүгедек (ДЦП). Түркістан облысы, Созақ ауданының тұрғынымын. Өз үйім жоқ. Жалдамалы пәтерде тұрамыз. 2021 жылы ""Бақытты отбасы"" бағдарламасына өтінім беріп, негізгі тізіміне кір",ЖКХ/Отопление,ЖКХ,Отопление,kk,dialog_egov,09.08.2023,query
hf-237-ru,"Цены на продукты в социальных магазинах выше, чем на рынке.",Другое/Общие вопросы,Другое,Общие вопросы,ru,huggingface,,hf_category
hf-72-ru,Стихийная торговля на улице полностью перекрыла тротуар. Пешеходам негде ходить.,Другое/Общие вопросы,Другое,Общие вопросы,ru,huggingface,,hf_category
hf-161-ru,"Дорожные знаки противоречат друг другу. Не знаешь, какому подчиняться.",Дороги/Дорожное покрытие,Дороги,Дорожное покрытие,ru,huggingface,,hf_category
709139,"Обращение с регистрационным номером 709139, направленное в Блог Аким города Алматы [ЗАЯВИТЕЛЬ]A. находится на рассмотрении у ГО",ЖКХ/Отопление,ЖКХ,Отопление,ru,dialog_egov,10.10.2021,query
hf-794-ru,Из-за плохого качества еды в школьной столовой у моего ребенка расстройство желудка.,Другое/Общие вопросы,Другое,Общие вопросы,ru,huggingface,,hf_category
hf-70-ru,На входе в госорган охранник забирает удостоверение личности. Насколько это законно?,Другое/Общие вопросы,Другое,Общие вопросы,ru,huggingface,,hf_category
760853,"Алматы қаласының әкімі [ЗАЯВИТЕЛЬ] мырзаға Алматы қаласының тұрғыны [ЗАЯВИТЕЛЬ]. Алматы қаласы, Гастелло көшесі, 18 үй Сот: [ТЕЛЕФОН] ӨТІНІШ Мен, [ЗАЯВИТЕЛЬ], 01.09.1936 жылы Алматы облысы, Нарынқол ауданы, Шалкөде өңірінде дүниеге келгенмін. [ЗАЯВИТЕЛЬ]",ЖКХ/Водоснабжение,ЖКХ,Водоснабжение,kk,dialog_egov,01.12.2022,query
hf-67-kk,Мүгедектікті растау үшін комиссиядан өту өте қиын. Дәрігерлер қасақана кедергі жасайды.,Другое/Общие вопросы,Другое,Общие вопросы,kk,huggingface,,hf_category
750053,"Уважаемый Аким! Прошу принять меры в отношении подрядчика и лиц технадзора, которые ведут строительство развязки на пересечении улиц Байдибек би угол ул Аргынбекова, в том что техника выезжает на асфальт дорогу общего пользования без мытья колес, в результате чего поднимается ог",Дороги/Дорожное покрытие,Дороги,Дорожное покрытие,ru,dialog_egov,08.08.2022,query+rules
hf-292-ru,"В подвале прорвало трубу, течет горячая вода.",ЖКХ/Общие вопросы,ЖКХ,Общие вопросы,ru,huggingface,,hf_category
hf-614-ru,В кабинете географии в школе нет карт и глобусов.,Другое/Общие вопросы,Другое,Общие вопросы,ru,huggingface,,hf_category
hf-727-kk,Жәрдемақы тағайындау үшін менің банктік шотымдағы әрбір тиынды тексеріп жатыр.,Другое/Общие вопросы,Другое,Общие вопросы,kk,huggingface,,hf_category
hf-675-ru,"Я уверен, что у чиновников есть имущество, не указанное в декларациях.",Другое/Общие вопросы,Другое,Общие вопросы,ru,huggingface,,hf_category
756791,"Уважаемый, аким Алматинской области [ЗАЯВИТЕЛЬ] Подачу водоснабжения в жилые дома ЖМ [ЗАЯВИТЕЛЬ] осуществляет ТОО «Алатаукомсервис», который является субъектом естественных монополий. 02 октября 2022 года на объекте данной организации произошла аварийная ситуация, в результа",ЖКХ/Водоснабжение,ЖКХ,Водоснабжение,ru,dialog_egov,08.10.2022,query+rules
hf-371-ru,Одна из батарей отопления в доме не греет. В КСК не реагируют.,ЖКХ/Общие вопросы,ЖКХ,Общие вопросы,ru,huggingface,,hf_category
713024,день добрый устала писать о детской площадке.. может новую поставите или улучшите существующую.. там скамейки металлические . качели порваны. горки сломаны.. для галочки покрасили в этом году.. мкр Боралдай пересечение улиц Азат и Меруерт,Благоустройство/Вывоз мусора,Благоустройство,Вывоз мусора,ru,dialog_egov,04.11.2021,query+rules
755502,"21.07.2022 года ТОО Водолит БИН:[ИИН] по средствам системы кабинет налогоплательщика было получено уведомление по результатам камерального контроля №0618K8100381 от 21.07.2022 г., 2 августа 2022 году нами были отправлены пояснения по средствам системы кабинет налогоплател",ЖКХ/Отопление,ЖКХ,Отопление,ru,dialog_egov,27.09.2022,query
hf-395-ru,Сотрудники дорожной полиции выполняют незаконный 'план' и штрафуют без причины.,Другое/Общие вопросы,Другое,Общие вопросы,ru,huggingface,,hf_category
hf-891-ru,Дверь лифта в подъезде скрипит.,ЖКХ/Общие вопросы,ЖКХ,Общие вопросы,ru,huggingface,,hf_category
hf-28-ru,"Скорость домашнего интернета намного ниже, чем указано в договоре. Жалобы провайдеру ничего не меняют.",Другое/Общие вопросы,Другое,Общие вопросы,ru,huggingface,,hf_category
hf-686-ru,От зон отдыха у реки рядом с городом остается много мусора.,Благоустройство/Вывоз мусора,Благоустройство,Вывоз мусора,ru,huggingface,,hf_category
744357/1,"Құрметті [ЗАЯВИТЕЛЬ]А! Мен бұл арызды Түркістан облысы, Сауран ауданы, Жүйнек ауылдық округі, Жүйнек ауылы: 1. Қуаныш көшесі 2. [ЗАЯВИТЕЛЬ] көшесі 3. Яссауи көшесі 4. Достық көшесі тұрғындары атынан жазып отырмын. Осы уақытқа дейін көшемізге үздіксіз ауыз су келіп тұратын.",ЖКХ/Водоснабжение,ЖКХ,Водоснабжение,kk,dialog_egov,22.06.2022,query
hf-719-kk,"Интернет провайдерінің қызметкерлері үйге келгенде, менің роутерімді бұзып алды.",Другое/Общие вопросы,Другое,Общие вопросы,kk,huggingface,,hf_category
747283/1,"Доброго дня! Наш коллектив поддерживает введение лицензирования для детских садов, особенно наведения порядка требуется в частных садиках. В нашем коллективе, много детей и все посещали детские сады. Многие из них посещают сейчас. Мы взволнованы, что в садиках не соблюдаются усло",Освещение/Уличное освещение,Освещение,Уличное освещение,ru,dialog_egov,13.07.2022,query
hf-463-ru,Решетки ливневой канализации на обочине сломаны.,Дороги/Дорожное покрытие,Дороги,Дорожное покрытие,ru,huggingface,,hf_category
749063,"Добрый день! Я житель города Алматы, Алатауский район,микрорайон Акбулак. По улице Жандилдина произвели ремонтные работы, проложили асфальт,в виду того что улица Жандилдина Г- образная и из-за поворота не видно машин,водители едут превышая скорость,высока вероятность ДТП. Прошу у",Дороги/Дорожное покрытие,Дороги,Дорожное покрытие,ru,dialog_egov,28.07.2022,query
hf-589-ru,Интернет-провайдер без предупреждения отправил мой тариф в архив и перевел на новый.,Другое/Общие вопросы,Другое,Общие вопросы,ru,huggingface,,hf_category
729026,"Добрый день! В бостандыкском районе в мкр. Коктем-1, во дворах домов 41, 42, 43, 44, 45, 46 летом 2020 года демонтировали гаражи. Сейчас на этом месте уже более полутора лет грязь, мусор, периодически возникают стихийные свалки, ночуют люди без определённого места жительства. В",Благоустройство/Вывоз мусора,Благоустройство,Вывоз мусора,ru,dialog_egov,28.02.2022,query+rules
hf-643-kk,Жолдағы шұңқырлардың кесірінен көлігімнің дөңгелегі жарылды.,Дороги/Дорожное покрытие,Дороги,Дорожное покрытие,kk,huggingface,,hf_category
hf-412-ru,"Большинство врачей в поликлинике говорят по-русски, не знают казахского языка.",Другое/Общие вопросы,Другое,Общие вопросы,ru,huggingface,,hf_category
654662,"Мен, ЖК «Ақан» «Тапсырыс беруші» «Жалағаш аудандық білім бөлімі»КММ мен «Өнім беруші»-лер арасындағы заңдылықтарды бұза отырып шығарылған конкурс қорытындысымен жасалған келісім шарттардың күшін жоюды сұрап талабпен экономикалық",Дороги/Дорожное покрытие,Дороги,Дорожное покрытие,kk,dialog_egov,29.11.2020,query
hf-80-kk,Жергілікті атқарушы органның шешімімен келіспеймін. Қайда шағымдануға болады?,Другое/Общие вопросы,Другое,Общие вопросы,kk,huggingface,,hf_category
hf-1029-ru,"Водитель автобуса проехал остановку, устроив гонки с другим автобусом.",Транспорт/Общественный транспорт,Транспорт,Общественный транспорт,ru,huggingface,,hf_category
hf-531-ru,Скамейки во дворе дома сломаны.,ЖКХ/Общие вопросы,ЖКХ,Общие вопросы,ru,huggingface,,hf_category
hf-1179-kk,Қаланың жанындағы өзенге жуынғаннан кейін баламның денесі қышыды.,Благоустройство/Вывоз мусора,Благоустройство,Вывоз мусора,kk,huggingface,,hf_category
740214/2,"Недавно рабочие делали ямочный ремонт дороги областного значения между селами Нысанбек и [ЗАЯВИТЕЛЬ] района Туркестанской области. При этом ямы просто засыпали гравием и утрамбовывали лопатой. Однако, ямы предательский появились после первого дождя. Подскажите пожалуйс",Дороги/Дорожное покрытие,Дороги,Дорожное покрытие,ru,dialog_egov,20.05.2022,query+rules
692860,"Обращение с регистрационным номером 692860, направленное в Блог Аким города Алматы [ЗАЯВИТЕЛЬ]A. находится на рассмотрении у ГО",Благоустройство/Вывоз мусора,Благоустройство,Вывоз мусора,ru,dialog_egov,27.06.2021,query
656596,"В прошлом году обращались в жилищную инспекцию, акиму г.Актау по решению вопроса с отоплением. Спустя некоторое время вопрос решился. В этой году опять в доме холодно, тепло до 5го этажа не доходит, батареи холодные. Кроме этого, весь год в доме не было горячей воды, тогда как",ЖКХ/Водоснабжение,ЖКХ,Водоснабжение,ru,dialog_egov,10.12.2020,query+rules
522027,"Добрый день, Уважаемый [ЗАЯВИТЕЛЬ]В Медеуском районе на ул. Шухова угол ул.Южная по середине перекрестка прорвало трубу 5 ноября 2018, из-под асфальта льется вода. В тот же день мной в ""Алматы Су"" была подана заявка (№2126) на ремонт. До сих пор проблема не решена, с",ЖКХ/Водоснабжение,ЖКХ,Водоснабжение,ru,dialog_egov,07.11.2018,query+rules
757971,"Шымкент қ. Абай және Қаратау аудандары түйіскен Алматы тас жолы мен [ЗАЯВИТЕЛЬ] көшелерінің қиылысында орналасқан (бұрынғы қоқыс полигоны) Нұршуақ елді мекенінің маңындағы ""свалка"" аумағы қосқыстан тазартылғалы бірнеше жыл өтті? Бұрынғы қоқыс аумағы тұрғындар игілі",Благоустройство/Вывоз мусора,Благоустройство,Вывоз мусора,kk,dialog_egov,27.10.2022,query
hf-598-ru,"Сотрудники полиции смеялись, когда принимали мое заявление.",Другое/Общие вопросы,Другое,Общие вопросы,ru,huggingface,,hf_category
hf-756-ru,Мусор с зон отдыха у реки попадает в воду.,Благоустройство/Вывоз мусора,Благоустройство,Вывоз мусора,ru,huggingface,,hf_category
hf-21-ru,Дым от металлургического комбината в городе Темиртау не дает дышать. Особенно сильные выбросы по ночам. Прошу установить датчики для проверки качества воздуха.,Благоустройство/Вывоз мусора,Благоустройство,Вывоз мусора,ru,huggingface,,hf_category
hf-168-ru,"Банки не выдают кредит, хотя у меня хорошая кредитная история.",Другое/Общие вопросы,Другое,Общие вопросы,ru,huggingface,,hf_category
hf-898-kk,"Полиция қызметкерлері менің шағымымды қабылдап, бірақ оны басқа іспен шатастырып, мені куәгер ретінде жауап алды.",Другое/Общие вопросы,Другое,Общие вопросы,kk,huggingface,,hf_category
537313,"Премьер-Министрдің орынбасары – Ауыл шаруашылығы министрі [ЗАЯВИТЕЛЬ] арызым арқылы төмендегі жайды хабарлай отырып, басқарманың құзыры шегінде төменде көрсетілген мемлекеттік органға шара көруіңізді сұраймын. Қызылорда қаласы әкімдігі, «Қызылорда қалал",Освещение/Уличное освещение,Освещение,Уличное освещение,kk,dialog_egov,25.02.2019,query
hf-326-ru,В центре города сносят старые здания и строят на их месте торговые центры.,Благоустройство/Вывоз мусора,Благоустройство,Вывоз мусора,ru,huggingface,,hf_category
hf-433-kk,Жолдың үстіндегі бағдаршамның бір шамы жанып-сөніп тұр.,Дороги/Дорожное покрытие,Дороги,Дорожное покрытие,kk,huggingface,,hf_category
696444,"Касательно ДТП. Прошу дать поручение Начальнику ДВД города Алматы. Около часа назад произошло ДТП на ул Сатпаева около центральной части ТРЦ ""Алмалы"", прям на дороге. Мотоциклист сбил девушку с коляской с ребенком, подозреваю что девушка переходила дорогу в неположенно",Дороги/Дорожное покрытие,Дороги,Дорожное покрытие,ru,dialog_egov,19.07.2021,query+rules
hf-662-ru,"Врач во время приема смотрел в компьютер, вместо того чтобы отвечать на мои вопросы.",Другое/Общие вопросы,Другое,Общие вопросы,ru,huggingface,,hf_category
hf-1050-ru,Строительная пыль с площадки наносит вред здоровью.,Благоустройство/Вывоз мусора,Благоустройство,Вывоз мусора,ru,huggingface,,hf_category
hf-475-ru,Откуда у чиновников дорогие машины и дома?,Другое/Общие вопросы,Другое,Общие вопросы,ru,huggingface,,hf_category
hf-376-kk,Қаланың орталық көшелеріндегі ауада күкірттің иісі сезіледі.,Благоустройство/Вывоз мусора,Благоустройство,Вывоз мусора,kk,huggingface,,hf_category
747441,"Уважаемый [ЗАЯВИТЕЛЬ], пользуясь случаем позвольте выразить Вам свое почтение и пожелать успехов в Вашей работе! [ЗАЯВИТЕЛЬ] известно, в своем послании народу [ЗАЯВИТЕЛЬ] РК [ЗАЯВИТЕЛЬ], объявил, что: «Наша общая задача – воплотить в жизнь концепцию «Слышащего госуд",Дороги/Дорожное покрытие,Дороги,Дорожное покрытие,ru,dialog_egov,13.07.2022,query
723657,"Здравствуйте! Я [ЗАЯВИТЕЛЬ], проживаю по адресу: Раймбека 481/1, ЖК Акниет. Хотелось бы обратить Ваше внимание на близлежащую территорию данного ЖК, непосредственно территория сбора и вывоза мусора. Думаю, в связи с тем, что данная территория не является крытой, мусор",Благоустройство/Вывоз мусора,Благоустройство,Вывоз мусора,ru,dialog_egov,25.01.2022,query+rules
hf-1039-ru,Водитель автобуса требует оплату проезда переводом на Kaspi.,Транспорт/Общественный транспорт,Транспорт,Общественный транспорт,ru,huggingface,,hf_category
hf-653-kk,"Жолдағы бағдаршамның жасыл түсі жанып-сөніп, жүргізушілерді шатастырады.",Дороги/Дорожное покрытие,Дороги,Дорожное покрытие,kk,huggingface,,hf_category
hf-25-kk,Ауылдық мектепте информатика пәнінің мұғалімі жоқ. Балалар маңызды сабақтан қалып жатыр.,Другое/Общие вопросы,Другое,Общие вопросы,kk,huggingface,,hf_category
hf-575-kk,"Мемлекеттік органға жазған шағымымды басқа мекемеге жіберіп, жауапкершіліктен қашып отыр.",Другое/Общие вопросы,Другое,Общие вопросы,kk,huggingface,,hf_category
hf-48-kk,Egov.kz порталы жиі істемей қалады. Мемлекеттік қызметтерді алу қиындап кетті.,Другое/Общие вопросы,Другое,Общие вопросы,kk,huggingface,,hf_category
761340,"""1. Стоп линия и боковая сплошная разметка 1.1 между полосами перед светофором имеют равноценную силу! То есть при передвижение транспортных средств на зеленый цвет светофора стоп линия теряет силу, а боковая разметка не теряет? (я считаю это противоречит КоАП). На основа",Дороги/Светофоры,Дороги,Светофоры,ru,dialog_egov,08.12.2022,query+rules
688047,Акиму города Нур-Султан г-ну КУЛЬГИНОВУ А.[ЗАЯВИТЕЛЬ] акима города Н,ЖКХ/Лифт,ЖКХ,Лифт,ru,dialog_egov,31.05.2021,query
hf-14-kk,Маңғыстау облысындағы Каспий теңізінің жағалауы қоқысқа толы. Демалушылар өздерінен кейін тазаламайды. Экологиялық патрульдердің жұмысын күшейту керек.,Благоустройство/Вывоз мусора,Благоустройство,Вывоз мусора,kk,huggingface,,hf_category
hf-596-kk,Қаланың ауасындағы күйенің мөлшері көп екені сезіледі.,Благоустройство/Вывоз мусора,Благоустройство,Вывоз мусора,kk,huggingface,,hf_category
hf-715-kk,Шенеуніктердің қызметтік көліктерімен демалыс орындарына баратынын көрдім.,Другое/Общие вопросы,Другое,Общие вопросы,kk,huggingface,,hf_category
hf-652-kk,Дәрігердің қабылдауына жазылу үшін таңғы 6-дан бастап кезекке тұрдым.,Другое/Общие вопросы,Другое,Общие вопросы,kk,huggingface,,hf_category
721120,"Обращение с регистрационным номером 721120, направленное в Блог Аким города Алматы [ЗАЯВИТЕЛЬ]A. находится на рассмотрении у ГО",ЖКХ/Отопление,ЖКХ,Отопление,ru,dialog_egov,29.12.2021,query
hf-31-ru,"В нашем подъезде уже месяц не горит свет. Несколько раз говорили в КСК, безрезультатно.",ЖКХ/Общие вопросы,ЖКХ,Общие вопросы,ru,huggingface,,hf_category
hf-765-ru,"Выяснилось, что у победителя конкурса госзакупок нет собственной техники.",Другое/Общие вопросы,Другое,Общие вопросы,ru,huggingface,,hf_category
761240,"мен осы өтінішім арқылы төиендегі жағдайды білдіремін,мен 1 топ мүгедігімін,Жалағаш аудандық емханасының дәрігерлері және өзімнің мұң-мұқтажымды білдіру мақсатында жақын арада сіздің қабылдауыңызға жазылуға рұқсат етсеңіз",ЖКХ/Отопление,ЖКХ,Отопление,kk,dialog_egov,07.12.2022,query
hf-1022-ru,"Туалет в поликлинике грязный, санитарные нормы не соблюдаются.",Другое/Общие вопросы,Другое,Общие вопросы,ru,huggingface,,hf_category
739660,"Уважаемый [ЗАЯВИТЕЛЬ]! Хотел бы поинтересоваться долго ли будет продолжаться бардак в цонах Актюбинской области, до каких пор будут издеваться над инвалидами и простыми людьми Разве [ЗАЯВИТЕЛЬ] ГОСУДАРСТВО!! В цогах грязь и бардак начиная с улицы, не раз это блогеры о",ЖКХ/Лифт,ЖКХ,Лифт,ru,dialog_egov,17.05.2022,query
hf-53-kk,Мектептегі ағылшын тілі сабағының сапасы өте төмен. Балам қосымша репетиторға баруға мәжбүр.,Другое/Общие вопросы,Другое,Общие вопросы,kk,huggingface,,hf_category
hf-699-ru,"Сотрудники интернет-провайдера, приходя на дом, не могут ответить на мои вопросы.",Другое/Общие вопросы,Другое,Общие вопросы,ru,huggingface,,hf_category
hf-155-kk,Мектеп асханасындағы тамақтар суық және дәмсіз.,Другое/Общие вопросы,Другое,Общие вопросы,kk,huggingface,,hf_category
hf-26-kk,Шымкенттегі 'Север' автобекетінің маңындағы жолдар өте нашар. Автобустар шұңқырларды айналып өте алмайды.,Дороги/Дорожное покрытие,Дороги,Дорожное покрытие,kk,huggingface,,hf_category
hf-752-kk,"Дәрігердің қабылдауына жазылған уақытымда келсем, ол менің орныма танысын қабылдады.",Другое/Общие вопросы,Другое,Общие вопросы,kk,huggingface,,hf_category
751544,Уважаемый [ЗАЯВИТЕЛЬ] пользуясь случаем выражаю Вам свою признательность и желаю успехов в вашей работе. Президентом РК [ЗАЯВИТЕЛЬ] был подписан Закон «О внесении изменений и дополнений в законодательный акт по вопросам жилищно-коммунального хозяйства». Закон вступил в,ЖКХ/Лифт,ЖКХ,Лифт,ru,dialog_egov,22.08.2022,query
647797,"Обращение с регистрационным номером 647797, направленное в Блог Аким города Алматы [ЗАЯВИТЕЛЬ]A. находится на рассмотрении у ГО",ЖКХ/Отопление,ЖКХ,Отопление,ru,dialog_egov,20.10.2020,query
hf-318-ru,"Пришлось дать 'вознаграждение' сотруднику полиции, чтобы забрать машину со штрафстоянки.",Другое/Общие вопросы,Другое,Общие вопросы,ru,huggingface,,hf_category
596575,"Здравствуйте Уважаемый Аким города Костанай мы жильцы мкр Юдилейный д8, взяли жилье под ипотеку в Жилстройсбербанке просим Вас принять меры в отношении застройщика ТОО РСУ-2008, а именно по качеству строительства нашего дома. Во всех квартирах имеются глубокие трещины в стенах, с",ЖКХ/Лифт,ЖКХ,Лифт,ru,dialog_egov,21.02.2020,query
hf-99-ru,"На остановке не работает электронное табло. Невозможно узнать, когда приедет автобус.",Транспорт/Общественный транспорт,Транспорт,Общественный транспорт,ru,huggingface,,hf_category
714343,"Добрый день, с начала отопительного сезона в г. Экибастуз по адресу [ЗАЯВИТЕЛЬ] 30 кв 5 и в целом по дому постоянные перебои с подачей тепла в квартиры, температура в квартирах не поднимается выше 18 градусов, при плюсовой температуре воздуха на улице, температура батарей в рай",ЖКХ/Отопление,ЖКХ,Отопление,ru,dialog_egov,12.11.2021,query+rules
hf-286-ru,В парке без причины вырубают деревья.,Благоустройство/Вывоз мусора,Благоустройство,Вывоз мусора,ru,huggingface,,hf_category
hf-226-ru,"Когда запретят старые автомобили, которые загрязняют воздух в городе?",Благоустройство/Вывоз мусора,Благоустройство,Вывоз мусора,ru,huggingface,,hf_category
659187,"Здравствуйте, я являюсь жителем и собственником квартиры по адресу: Алмалинский район, проспект Абая, дом 157, кв. 13. В марте месяце 2020 года наш дом перешел из КСК «Жансая» в КСК «NEW Жансау 96» БИН [ИИН] и сложилась такая проблема, что предсе",ЖКХ/Отопление,ЖКХ,Отопление,ru,dialog_egov,25.12.2020,query
hf-417-kk,Жалғызбасты ана ретінде балабақшаға кезексіз орын алуға құқығым бар ма?,Другое/Общие вопросы,Другое,Общие вопросы,kk,huggingface,,hf_category
hf-824-kk,"Мектептегі асханадағы тамақтардың сапасы нашар болғандықтан, баламның салмағы түсіп кетті.",Другое/Общие вопросы,Другое,Общие вопросы,kk,huggingface,,hf_category
hf-454-ru,В детском саду часто меняются воспитатели.,Другое/Общие вопросы,Другое,Общие вопросы,ru,huggingface,,hf_category
hf-899-kk,"Интернет провайдерінің қызметкерлері үйге келгенде, менің үйімдегі заттарды рұқсатсыз жылжытып, із қалдырды.",Другое/Общие вопросы,Другое,Общие вопросы,kk,huggingface,,hf_category
744385,"Здравствуйте! Я обратилась в Местную полицейскую службу Алматинской области (п. Гулдала) с просьбой принять меры к водителю автомашины ГРНЗ kz 935 WAY 05 за нарушение п.12 [ЗАЯВИТЕЛЬ] , согласно представленным фото. Однако, был представлен ответ, что на фото отсутствует тротуар или з",Транспорт/Общественный транспорт,Транспорт,Общественный транспорт,ru,dialog_egov,20.06.2022,query+rules
763651,"Обращение с регистрационным номером 763651, направленное в Блог Директор Республиканского научно-практического центра экспертизы содержания образования [ЗАЯВИТЕЛЬ] находится на рассмотрении у ГО",ЖКХ/Отопление,ЖКХ,Отопление,ru,dialog_egov,01.02.2023,query
hf-673-kk,"Жолдағы 'жатқан полицей' өте аласа, көліктер жылдамдығын азайтпайды.",Дороги/Дорожное покрытие,Дороги,Дорожное покрытие,kk,huggingface,,hf_category
hf-482-ru,Врач без моего согласия позволил студентам проводить мой осмотр.,Другое/Общие вопросы,Другое,Общие вопросы,ru,huggingface,,hf_category
719216,"Обращение с регистрационным номером 719216, направленное в Блог Аким города Алматы [ЗАЯВИТЕЛЬ]A. находится на рассмотрении у ГО",ЖКХ/Отопление,ЖКХ,Отопление,ru,dialog_egov,14.12.2021,query
hf-727-ru,Для назначения пособия проверяют каждую копейку на моем банковском счете.,Другое/Общие вопросы,Другое,Общие вопросы,ru,huggingface,,hf_category
hf-759-kk,"Интернет провайдерінің қызметкерлері үйге келгенде, менің жеке мәліметтерімді суретке түсіріп алды.",Другое/Общие вопросы,Другое,Общие вопросы,kk,huggingface,,hf_category
hf-114-kk,Мектептегі күзетші өз міндетін дұрыс атқармайды. Сабақ уақытында мектепке бөгде адамдар кіріп кетеді.,Другое/Общие вопросы,Другое,Общие вопросы,kk,huggingface,,hf_category
hf-543-kk,Жолдағы шұңқырлардың кесірінен көлігімнің дөңгелегін жиі ауыстыруға тура келеді.,Дороги/Дорожное покрытие,Дороги,Дорожное покрытие,kk,huggingface,,hf_category
hf-185-kk,"Мектептегі жөндеу жұмыстарын сапасыз жасаған. Бояуы түсіп, сылағы құлап жатыр.",Другое/Общие вопросы,Другое,Общие вопросы,kk,huggingface,,hf_category
hf-720-ru,"Водитель автобуса не остановился на моей остановке, сказав, что 'здесь останавливаться нельзя'.",Транспорт/Общественный транспорт,Транспорт,Общественный транспорт,ru,huggingface,,hf_category
hf-661-ru,Посторонние люди узнали код от входной двери в подъезд.,ЖКХ/Общие вопросы,ЖКХ,Общие вопросы,ru,huggingface,,hf_category
760806,"Здравствуйте. Прошу вас проверить систему отопления в 75 школе нашего города, адрес мангилик ел 28/1. В школе очень холодно. Как начались морозы дети постоянно жалуются. Четвёртая неделя пошла уже. Писала завучу и классному руководителю и завхозу даже- толку нет. Учитель по труду",ЖКХ/Отопление,ЖКХ,Отопление,ru,dialog_egov,01.12.2022,query+rules
hf-344-kk,Мектептегі тамақтан балам уланып қалды.,Другое/Общие вопросы,Другое,Общие вопросы,kk,huggingface,,hf_category
759190,2 топ мүгедек ұлым Наурызбай [ЗАЯВИТЕЛЬ] тегін берілетін дәрі дәрмек,ЖКХ/Отопление,ЖКХ,Отопление,kk,dialog_egov,14.11.2022,query
hf-203-kk,Дәрігердің қабылдауына 2 сағат кезекте отырдым.,Другое/Общие вопросы,Другое,Общие вопросы,kk,huggingface,,hf_category
651692,Құрметті [ЗАЯВИТЕЛЬ]! [ЗАЯВИТЕЛЬ] Айбек Алматы облысы Қарасай ауданы [ЗАЯВИТЕЛЬ] қарасты Қырғауылды ауылы Көкжиек көшесі 5-ші үйдің тұрғынымын. 10 жылдан астам уақыттан бері осы ауылда тұрып келемін. Біздің ауылдың ауызбіршілігінің арқаснда көптеген игі іс шара,Освещение/Уличное освещение,Освещение,Уличное освещение,kk,dialog_egov,11.11.2020,query
hf-198-kk,Менің атыма біреу заңсыз несие рәсімдеп алған.,Другое/Общие вопросы,Другое,Общие вопросы,kk,huggingface,,hf_category
hf-405-ru,"Кажется, что результаты конкурса госзакупок известны заранее.",Другое/Общие вопросы,Другое,Общие вопросы,ru,huggingface,,hf_category
hf-306-ru,"От нефтеперерабатывающего завода в Павлодаре исходит неприятный запах, который затрудняет дыхание.",Благоустройство/Вывоз мусора,Благоустройство,Вывоз мусора,ru,huggingface,,hf_category
hf-288-kk,Полиция қызметкерлері арызымды қабылдаудан бас тартты.,Другое/Общие вопросы,Другое,Общие вопросы,kk,huggingface,,hf_category
hf-824-ru,Из-за плохого качества еды в школьной столовой мой ребенок похудел.,Другое/Общие вопросы,Другое,Общие вопросы,ru,huggingface,,hf_category
hf-658-kk,"Полиция қызметкерлері менің шағымымды қабылдамай, басқа бөлімшеге жіберді.",Другое/Общие вопросы,Другое,Общие вопросы,kk,huggingface,,hf_category
758769,"Здравствуйте г-н [ЗАЯВИТЕЛЬ] Ногаев, Прошу вас посодействовать жителям дома №55 микрорайона №4 г. Актау В соответствии со ст.11 Закона Республики Казахстан от 16 ноября 2015 года «О доступе к информации» прошу вас посодействовать в получении следующей информации: 1)",Освещение/Уличное освещение,Освещение,Уличное освещение,ru,dialog_egov,09.11.2022,query
683979,"Обращение с регистрационным номером 683979, направленное в Блог [ЗАЯВИТЕЛЬ] РК [ЗАЯВИТЕЛЬ] отклонено ГО 25.05.2021",Дороги/Дорожное покрытие,Дороги,Дорожное покрытие,ru,dialog_egov,11.05.2021,query
hf-375-kk,Мемлекеттік бағдарлама бойынша үй алу үшін үлкен 'сыйақы' сұрады.,Другое/Общие вопросы,Другое,Общие вопросы,kk,huggingface,,hf_category
hf-732-kk,"Дәрігердің қабылдауына жазылған уақытымда келсем, ол басқа пациентті қабылдап жатыр екен.",Другое/Общие вопросы,Другое,Общие вопросы,kk,huggingface,,hf_category
hf-434-ru,Охранник в школе часто отсутствует на своем посту.,Другое/Общие вопросы,Другое,Общие вопросы,ru,huggingface,,hf_category
hf-621-kk,Үйдің ауласындағы балалар сырғанағы сынған.,ЖКХ/Общие вопросы,ЖКХ,Общие вопросы,kk,huggingface,,hf_category
hf-169-ru,Сотрудник полиции остановил и выписал штраф без всякой причины.,Другое/Общие вопросы,Другое,Общие вопросы,ru,huggingface,,hf_category
hf-829-ru,"Сотрудники интернет-провайдера, придя на дом, без спроса пользовались моими вещами.",Другое/Общие вопросы,Другое,Общие вопросы,ru,huggingface,,hf_category
672629,"[ЗАЯВИТЕЛЬ] гражданской авиации [ЗАЯВИТЕЛЬ] : г. Нур-Султан, ул.38, дом 13, кв.62 к.т. [ТЕЛЕФОН] [ЗАЯВИТЕЛЬ] был приобретен авиабилет в авиакомпании FlyArystan, я должен был вылететь с города Семей в город Нур-Султан",Транспорт/Общественный транспорт,Транспорт,Общественный транспорт,ru,dialog_egov,09.03.2021,query
hf-665-ru,Чиновники возят своих детей в школу на служебных машинах.,Другое/Общие вопросы,Другое,Общие вопросы,ru,huggingface,,hf_category
hf-792-ru,"Когда я пришел на прием в свое время, врач принял вместо меня своего друга.",Другое/Общие вопросы,Другое,Общие вопросы,ru,huggingface,,hf_category
hf-296-kk,"Қала ішіндегі көлдің суы жасыл болып, балықтар өліп жатыр.",Благоустройство/Вывоз мусора,Благоустройство,Вывоз мусора,kk,huggingface,,hf_category
hf-1012-kk,Емханадағы рентген аппараты бірнеше айдан бері істемейді.,Другое/Общие вопросы,Другое,Общие вопросы,kk,huggingface,,hf_category
764210,"Обращение с регистрационным номером 764210, направленное в Блог Председатель Правления АО «Казахстанский центр модернизации и развития жилищно-коммунального хозяйства» [ЗАЯВИТЕЛЬ] находится на рассмотрении у ГО",ЖКХ/Водоснабжение,ЖКХ,Водоснабжение,ru,dialog_egov,07.06.2023,query
hf-659-ru,Сотрудники интернет-провайдера звонят в нерабочее время.,Другое/Общие вопросы,Другое,Общие вопросы,ru,huggingface,,hf_category
692819,"Уважаемый [ЗАЯВИТЕЛЬ]! Обращаемся очередной раз. Инициативная группа дома по адресу Город Алматы, ул. Курмангазы дом 43. Норма законодательства о запрете деятельности ресторана в жилом доме в случае превышения более чем 50 мест должна наконец-то начать работать. Надо в",Благоустройство/Вывоз мусора,Благоустройство,Вывоз мусора,ru,dialog_egov,27.06.2021,query
683976,"Обращение с регистрационным номером 683976, направленное в Блог [ЗАЯВИТЕЛЬ] РК [ЗАЯВИТЕЛЬ] отклонено ГО 25.05.2021",Дороги/Дорожное покрытие,Дороги,Дорожное покрытие,ru,dialog_egov,11.05.2021,query
hf-382-ru,"Врач поставил диагноз и назначил лечение заочно, без осмотра.",Другое/Общие вопросы,Другое,Общие вопросы,ru,huggingface,,hf_category
hf-23-ru,"На нашей улице собаки сбиваются в стаи и нападают на детей. Я обращался в службу отлова бродячих собак, но они не приехали.",ЖКХ/Общие вопросы,ЖКХ,Общие вопросы,ru,huggingface,,hf_category
hf-539-ru,"Я оплатил услуги интернет-провайдера, но интернет так и не подключили.",Другое/Общие вопросы,Другое,Общие вопросы,ru,huggingface,,hf_category
hf-562-kk,Дәрігер маған мемлекет кепілдік берген тегін анализдерді ақылы тапсыруға жіберді.,Другое/Общие вопросы,Другое,Общие вопросы,kk,huggingface,,hf_category
hf-448-ru,Из квартиры моего соседа пахнет наркотиками.,Другое/Общие вопросы,Другое,Общие вопросы,ru,huggingface,,hf_category
hf-369-kk,Интернет провайдері қосылмай тұрып алдын ала төлем талап етеді.,Другое/Общие вопросы,Другое,Общие вопросы,kk,huggingface,,hf_category
678164,"Уважаемый [ЗАЯВИТЕЛЬ]! Я являюсь жителем ЖК Медина ([ЗАЯВИТЕЛЬ] 16). В прошлом году я обращалась к вам по вопросу строительства дороги [ЗАЯВИТЕЛЬ] вдоль нашего дома и вы заявили, что в 2021 году планируется реализация вышеуказанного проекта, а также завершение его в полном объем",Освещение/Уличное освещение,Освещение,Уличное освещение,ru,dialog_egov,08.04.2021,query
743091,Қазақстан республикасының президенті Қ.[ЗАЯВИТЕЛЬ] мырзаға,Дороги/Дорожное покрытие,Дороги,Дорожное покрытие,kk,dialog_egov,09.06.2022,query
757345,"Уважаемый [ЗАЯВИТЕЛЬ]! Ниже текст обращения который я вам арестовал 15.11.21 г. на ваш блог. Так как спустя почти год ситуация на мой взгляд если и изменилась, то минимально, сделали ли ответственные ПСД, включили ли в план на 2022 г. указанные в обращении улицы, если не то",Дороги/Светофоры,Дороги,Светофоры,ru,dialog_egov,17.10.2022,query
756182,"Здравствуйте. Я [ЗАЯВИТЕЛЬ] проживающая по адресу Абылайхана 57/1-4, состоящая в составе инициативной группы дома сообщаю следующие: Проживая год по данному адресу, я была не однократным свидетелем того, что ТОО Альфараби Астана 2008 грубо нарушал свои договорные обязатель",ЖКХ/Водоснабжение,ЖКХ,Водоснабжение,ru,dialog_egov,03.10.2022,query
hf-277-kk,'Оралман' мәртебесін алу процесі өте ұзаққа созылады.,Другое/Общие вопросы,Другое,Общие вопросы,kk,huggingface,,hf_category
hf-768-kk,"Полиция қызметкерлері менің шағымымды қабылдап, бірақ оны басқа бапқа ауыстырып жіберген.",Другое/Общие вопросы,Другое,Общие вопросы,kk,huggingface,,hf_category
hf-74-kk,Велосипед жолдарының сапасы нашар немесе мүлдем жоқ. Қалада велосипедпен жүру қауіпсіз емес.,Дороги/Дорожное покрытие,Дороги,Дорожное покрытие,kk,huggingface,,hf_category
hf-68-ru,"Интернет в селе есть только у одного оператора, и цена очень высокая. Нет конкуренции.",Другое/Общие вопросы,Другое,Общие вопросы,ru,huggingface,,hf_category
hf-154-ru,"В детском саду намекнули, что если я не буду доплачивать, к моему ребенку будет плохое отношение.",Другое/Общие вопросы,Другое,Общие вопросы,ru,huggingface,,hf_category
761141,"Добрый день , я человек проживающий в 10 микрорайоне , 3 доме , 3 подъезде. Хотел узнать у нас тоже по городу трубы взрываются ли ? Так как тепло не доходит до моей квартиры. Можете ли посодействовать что бы ГКП ""Таразтрансэнерго"" сделала проверку и выписала акт что до",ЖКХ/Водоснабжение,ЖКХ,Водоснабжение,ru,dialog_egov,06.12.2022,query+rules
hf-83-ru,Воспитатели в детском саду кричат на детей. Прошу проверить данный факт.,Другое/Общие вопросы,Другое,Общие вопросы,ru,huggingface,,hf_category
hf-433-ru,Одна из ламп на светофоре над дорогой мигает.,Дороги/Дорожное покрытие,Дороги,Дорожное покрытие,ru,huggingface,,hf_category
hf-672-ru,"Не мог дозвониться в call-центр несколько дней, чтобы записаться к врачу.",Другое/Общие вопросы,Другое,Общие вопросы,ru,huggingface,,hf_category
644587,Уважаемый [ЗАЯВИТЕЛЬ]! Возле автодороги по ул. Курмангазы (с пересечения ул.Абая до Ж/Д Вокзал) на некоторых новых светодиодных фонарях уличного освещения не горит свет. Так же начиная с домов ул. Курмангазы 166 и 168 и до Ж/Ж вокзала не установлены светодиодные фонари.,Освещение/Уличное освещение,Освещение,Уличное освещение,ru,dialog_egov,30.09.2020,query+rules
hf-106-ru,В лесу недалеко от города Кокшетау свалили строительный мусор. Это большой вред для экологии. Прошу найти и наказать виновных.,Благоустройство/Вывоз мусора,Благоустройство,Вывоз мусора,ru,huggingface,,hf_category
hf-10-ru,В госучреждении потребовали незаконное вознаграждение за выдачу справки. Разве это не коррупция? Прошу принять соответствующие меры.,Другое/Общие вопросы,Другое,Общие вопросы,ru,huggingface,,hf_category
hf-395-kk,"Жол полициясының қызметкерлері заңсыз 'жоспар' орындап, себепсіз айыппұл салады.",Другое/Общие вопросы,Другое,Общие вопросы,kk,huggingface,,hf_category
hf-581-ru,"Во дворе не хватает мусорных контейнеров, мусор разбросан вокруг.",ЖКХ/Общие вопросы,ЖКХ,Общие вопросы,ru,huggingface,,hf_category
hf-276-ru,Отходы завода незаконно вывозят за город.,Благоустройство/Вывоз мусора,Благоустройство,Вывоз мусора,ru,huggingface,,hf_category
733886/1,"Добрый день, г-н Абдулин. Меня зовут [ЗАЯВИТЕЛЬ], я житель ЖК Саранда. Мы часто обращаемся в службу 109 и 102 о том, что в районе улицы Таулсыздык и улицы 38, рядом со школой [ЗАЯВИТЕЛЬ] парк, которая находится напротив нашего ЖК, а это порядка 1200 семей, не работает свето",Дороги/Светофоры,Дороги,Светофоры,ru,dialog_egov,06.04.2022,query
hf-890-kk,"Автобус жүргізушісі менің аялдамамда тоқтамай, 'мен сенің белгіңді көргенім жоқ, жаңбыр жауып тұр' деді.",Транспорт/Общественный транспорт,Транспорт,Общественный транспорт,kk,huggingface,,hf_category
618140,"Уважаемый [ЗАЯВИТЕЛЬ]! Ранее мы обращались к вам, но так и остались без какого-либо содействия. Наше обращение: жилищные проблемы от 23.07.2019 106 Номер обращения 559779 Ответы (1) [ЗАЯВИТЕЛЬ] 06.08.2019, 12:28 [ЗАЯВИТЕЛЬ] обращение о водоснабжении и стихийной св",Благоустройство/Вывоз мусора,Благоустройство,Вывоз мусора,ru,dialog_egov,21.05.2020,query
759021,"Құрметті [ЗАЯВИТЕЛЬ]. [ЗАЯВИТЕЛЬ] Шымкент қаласы, Еңбекші ауданы, 15 мөлтек аудан 5 үй 45 пәтер тұрғыны, көп балалы анамын. Менің өтініш жазу себебім қазіргі тұрып жатқа үймізге жылу берілді. Бірақ қыс басталмай үйдің температурасы төмен. Үй суық. Бал",ЖКХ/Отопление,ЖКХ,Отопление,kk,dialog_egov,13.11.2022,query+rules
hf-431-kk,Үйдің қасындағы балалар алаңында алкогольдік ішімдіктер ішеді.,ЖКХ/Общие вопросы,ЖКХ,Общие вопросы,kk,huggingface,,hf_category
hf-528-ru,Безнадзорные собаки на улице нападают на людей.,Другое/Общие вопросы,Другое,Общие вопросы,ru,huggingface,,hf_category
hf-17-kk,"Көшедегі шамдар түнде жанбайды, жүруге қорқынышты. Осы мәселені шешіп беруіңізді өтінемін.",ЖКХ/Общие вопросы,ЖКХ,Общие вопросы,kk,huggingface,,hf_category
hf-775-ru,"Выяснилось, что у победителя конкурса госзакупок нет работников.",Другое/Общие вопросы,Другое,Общие вопросы,ru,huggingface,,hf_category
hf-134-ru,Кабинет первой медицинской помощи в школе не оборудован.,Другое/Общие вопросы,Другое,Общие вопросы,ru,huggingface,,hf_category
hf-853-kk,"Жолдағы бағдаршамның жасыл түсі жанып тұрғанда, көліктердің бірі өтіп кетіп, менің велосипедімді қағып кетті.",Дороги/Дорожное покрытие,Дороги,Дорожное покрытие,kk,huggingface,,hf_category
hf-399-kk,"Мобильді интернеттің сапасы нашарлағаны сонша, хат-хабар алмасу да қиын.",Другое/Общие вопросы,Другое,Общие вопросы,kk,huggingface,,hf_category
570251,"Салеметсіздерме?.Менің есімім Рустемова [ЗАЯВИТЕЛЬ] 02.09.1985 жылы туылғанмын. Шымкент қаласының азаматшасымын. Бір анам бар,әкем жоқ.Бір ұл асырап отырған ,асыраушынан айырылған жалғыз басты анамын.Мені кундіз түні мазалайтын несие жайында сүрақ қойсам.Сіз ел басымызд",ЖКХ/Отопление,ЖКХ,Отопление,kk,dialog_egov,19.09.2019,query
hf-382-kk,"Дәрігер маған қарамастан, сыртымнан диагноз қойып, ем жазып берді.",Другое/Общие вопросы,Другое,Общие вопросы,kk,huggingface,,hf_category
559679,"Құрметті [ЗАЯВИТЕЛЬ]! Біздер 2002 жылдан бері Атырау қаласы, Өркен ықшам ауданы, [ЗАЯВИТЕЛЬ] көшесінде тұрып жатырмыз. Көшемізде біздер сияқты мүмкіндігі шектеулі жандардың жүріп тұруына ешқандай жағдай жоқ. Жаңбырдан кейін дені сау адамдар да жүре алмайды. Осы күнге дейін М",Транспорт/Общественный транспорт,Транспорт,Общественный транспорт,kk,dialog_egov,22.07.2019,query
646211,"Обращение с регистрационным номером 646211, направленное в Блог [ЗАЯВИТЕЛЬ] РК [ЗАЯВИТЕЛЬ] отклонено ГО 22.10.2020",Транспорт/Общественный транспорт,Транспорт,Общественный транспорт,ru,dialog_egov,10.10.2020,query
hf-118-kk,Полиция қызметкерлері құжаттарды тексеру кезінде өздерін таныстырмайды және дөрекі сөйлейді. Бұл қаншалықты заңды?,Другое/Общие вопросы,Другое,Общие вопросы,kk,huggingface,,hf_category
hf-1078-kk,"Автобус жүргізушісі аялдамада тоқтамай, мені өткізіп кетті.",Транспорт/Общественный транспорт,Транспорт,Общественный транспорт,kk,huggingface,,hf_category
hf-535-ru,Госслужащие не умеют культурно разговаривать с гражданами.,Другое/Общие вопросы,Другое,Общие вопросы,ru,huggingface,,hf_category
hf-149-kk,"Мобильді интернеттің шексіз тарифі деп сатылады, бірақ белгілі бір гигабайттан кейін жылдамдық төмендейді.",Другое/Общие вопросы,Другое,Общие вопросы,kk,huggingface,,hf_category
hf-516-ru,Строительная пыль не дает нам открыть окна.,Благоустройство/Вывоз мусора,Благоустройство,Вывоз мусора,ru,huggingface,,hf_category
hf-39-kk,Ауылдағы мобильді интернет мүлдем жоқ. '250+' бағдарламасы біздің ауылға қашан жетеді?,Другое/Общие вопросы,Другое,Общие вопросы,kk,huggingface,,hf_category
hf-46-kk,Риддер қаласының жолдарында шұңқырлар өте көп. Көліктің астын соғып алудан шаршадық.,Дороги/Дорожное покрытие,Дороги,Дорожное покрытие,kk,huggingface,,hf_category
hf-6-ru,В Павлодаре автобус №20 ходит не по расписанию. Утром постоянно опаздываем на работу. Просим отрегулировать работу маршрута.,Транспорт/Общественный транспорт,Транспорт,Общественный транспорт,ru,huggingface,,hf_category
hf-549-ru,"Проверил скорость интернета, она в два раза ниже, чем в договоре.",Другое/Общие вопросы,Другое,Общие вопросы,ru,huggingface,,hf_category
hf-736-ru,Мусор из домов у реки попадает прямо в воду.,Благоустройство/Вывоз мусора,Благоустройство,Вывоз мусора,ru,huggingface,,hf_category
622145,"Обращение с регистрационным номером 622145, направленное в Блог Аким города Алматы [ЗАЯВИТЕЛЬ]A. находится на рассмотрении у ГО",Благоустройство/Детские площадки,Благоустройство,Детские площадки,ru,dialog_egov,09.06.2020,query
hf-248-kk,Полиция қызметкерлерінің дене камералары үнемі сөніп тұрады.,Другое/Общие вопросы,Другое,Общие вопросы,kk,huggingface,,hf_category
hf-188-kk,'Алтын алқа' иегері ретінде маған қандай жеңілдіктер бар?,Другое/Общие вопросы,Другое,Общие вопросы,kk,huggingface,,hf_category
hf-698-kk,"Полиция қызметкерлері менің шағымымды қабылдап, бірақ оны басқа бөлімшеге жіберген.",Другое/Общие вопросы,Другое,Общие вопросы,kk,huggingface,,hf_category
762416,"Добрый день. Настоящим хочу сообщить о необходимости установки светофора или пешеходного перехода для безопасного пересечения дороги, примыкающей к улице имени [ЗАЯВИТЕЛЬ]. Вблизи находятся перинатальный центр, поликлиника, больница, поэтому часто машины скорой помощи с включ",Дороги/Светофоры,Дороги,Светофоры,ru,dialog_egov,26.12.2022,query+rules
487941,"Уважаемый [ЗАЯВИТЕЛЬ]. Обащаются к вам жители села Туздыбастау мкр Арман, улицы [ЗАЯВИТЕЛЬ]. В 2016 году обратились по вопросу асфальтирования нашей улицы. Но внятного ответа не получили. В Феврале прорвало трубу на улице. Водоконал вырыл яму, устранил теч трубы, а",ЖКХ/Водоснабжение,ЖКХ,Водоснабжение,ru,dialog_egov,11.03.2018,query+rules
764046,"Обращение с регистрационным номером 764046, направленное в Блог Директор РГГП «Республиканского научно-практического центра «Дарын» Министерства просвещения РК [ЗАЯВИТЕЛЬ] находится на рассмотрении у ГО",ЖКХ/Отопление,ЖКХ,Отопление,ru,dialog_egov,19.04.2023,query
671249,"Обращение с регистрационным номером 671249, направленное в Блог Аким города Алматы [ЗАЯВИТЕЛЬ]A. находится на рассмотрении у ГО",Освещение/Уличное освещение,Освещение,Уличное освещение,ru,dialog_egov,02.03.2021,query
hf-270-kk,"Автобус жүргізушісі аялдамада тоқтамай, есікті жолда ашып, жолаушыларды түсірді.",Транспорт/Общественный транспорт,Транспорт,Общественный транспорт,kk,huggingface,,hf_category
667924,"В начале 2020г. в АО «НК «КТЖ» был составлен список КВОИКИ (критически важных объектов информационно-коммуникационной инфраструктуры). В него вошли сервера обработки движения поездов и системы МПДЦ (микропроцессорной диспетчерской централизации, позволяющей производить переключен",Дороги/Светофоры,Дороги,Светофоры,ru,dialog_egov,14.02.2021,query
739798/1,"09 Карагандинская область, г. Караганда, 13.05.2022 по улице Cатыбалдина 5 расположена яма на дороге представляющая опасность для участников дорожного движения, а также наносит материальный вред ТС. https://vk.com/zb_09?w=wall-171774447_850",Дороги/Дорожное покрытие,Дороги,Дорожное покрытие,ru,dialog_egov,18.05.2022,query+rules
751518,"Северо-Казахстанская область Петропавловск, 20.08.2022, Ранее направлялся материал https://vk.com/wall-170724219_14012, что на улице [ЗАЯВИТЕЛЬ] 227 остановка Дом быта Северный, имеются повреждения нового асфальта. Прошел месяц, но кроме знака не чего не изменилось. Муниципальны",Дороги/Дорожное покрытие,Дороги,Дорожное покрытие,ru,dialog_egov,21.08.2022,query
740472,"Акиму Жамбылской области [ЗАЯВИТЕЛЬ] От [ЗАЯВИТЕЛЬ], Ойтал, улица Улы-Тау, 2/1, тел: [ТЕЛЕФОН] ОБРАЩЕНИЕ Уважаемый [ЗАЯВИТЕЛЬ]! Обращаюсь к вам по поводу беспредела, который творится с попустительства в селе [ЗАЯВИТЕЛЬ] района. 1. Осенью прошлого года в нашем п",Благоустройство/Вывоз мусора,Благоустройство,Вывоз мусора,ru,dialog_egov,20.05.2022,query
734289,"Обращение с регистрационным номером 734289, направленное в Блог [ЗАЯВИТЕЛЬ] РК [ЗАЯВИТЕЛЬ] отклонено ГО 21.04.2022",Транспорт/Общественный транспорт,Транспорт,Общественный транспорт,ru,dialog_egov,08.04.2022,query
692226,"Обращение с регистрационным номером 692226, направленное в Блог [ЗАЯВИТЕЛЬ] РК [ЗАЯВИТЕЛЬ] отклонено ГО 07.07.2021",Освещение/Уличное освещение,Освещение,Уличное освещение,ru,dialog_egov,23.06.2021,query
hf-206-ru,В парке сломали скамейки и урны.,Благоустройство/Вывоз мусора,Благоустройство,Вывоз мусора,ru,huggingface,,hf_category
hf-426-ru,Где можно посмотреть экологическую карту города?,Благоустройство/Вывоз мусора,Благоустройство,Вывоз мусора,ru,huggingface,,hf_category
688155,"Обращение с регистрационным номером 688155, направленное в Блог [ЗАЯВИТЕЛЬ] РК [ЗАЯВИТЕЛЬ] отклонено ГО 15.06.2021",Транспорт/Общественный транспорт,Транспорт,Общественный транспорт,ru,dialog_egov,01.06.2021,query
hf-340-kk,"Автобус жүргізушісі аялдамада темекі шегіп, салонда түтін болып кетті.",Транспорт/Общественный транспорт,Транспорт,Общественный транспорт,kk,huggingface,,hf_category
hf-855-kk,Мемлекеттік сатып алу конкурсының жеңімпазының басшысы - ұйымдастырушының досы.,Другое/Общие вопросы,Другое,Общие вопросы,kk,huggingface,,hf_category
762788,"Уважаемый аким, обращаюсь вам по поводу частных домов по улице кенесары 56/1, рядом с нами снесли школу 8 и мы попадали в зону отвода под строительство жк, последний раз в прямом эфире аким Байконурского района сказал что на этом участке строительства не будет!? Если не будет стр",ЖКХ/Водоснабжение,ЖКХ,Водоснабжение,ru,dialog_egov,04.01.2023,query
761006,"Здравствуйте уважаемый аким .Меня зовут Максим. Обращаюсь к вам с вопросом от моей мамы которая проживает в Алматинской области, Илийский район село Караой. Моей маме 57 лет , она еще не пенсионерка и ездит в город Алмат на работу , раньше с с.Караой ходили автобусы до автовокз",Транспорт/Общественный транспорт,Транспорт,Общественный транспорт,ru,dialog_egov,03.12.2022,query+rules
hf-198-ru,Кто-то незаконно оформил на мое имя кредит.,Другое/Общие вопросы,Другое,Общие вопросы,ru,huggingface,,hf_category
hf-267-ru,Какая помощь мне положена как матери-одиночке?,Другое/Общие вопросы,Другое,Общие вопросы,ru,huggingface,,hf_category
hf-873-kk,"Жолдағы бағдаршамның жасыл түсі жанып тұрғанда, көліктердің бірі өтіп кетіп, менің сөмкемді жұлып кетті.",Дороги/Дорожное покрытие,Дороги,Дорожное покрытие,kk,huggingface,,hf_category
759026,"Уважаемая [ЗАЯВИТЕЛЬ], обращаюсь к Вам как гаранту защиты прав детей, в том числе права школьников на безопасность жизни. Цель моего обращения- безопасность пешеходов, в первую очередь детей, а именно, создание безопасных условий для пересечения проспекта Сей",Дороги/Светофоры,Дороги,Светофоры,ru,dialog_egov,13.11.2022,query
hf-693-ru,Из-за ям на дороге я погнул колесный диск.,Дороги/Дорожное покрытие,Дороги,Дорожное покрытие,ru,huggingface,,hf_category
756957,"Необоснованное предъявление предписания ТОО ""Алматинские тепловые сети"" от 25 марта 2022 года о том, что мы пользуемся услугами тепловой энергии и горячей воды.",ЖКХ/Водоснабжение,ЖКХ,Водоснабжение,ru,dialog_egov,11.10.2022,query+rules
hf-454-kk,Балабақшадағы тәрбиешілер жиі ауысады.,Другое/Общие вопросы,Другое,Общие вопросы,kk,huggingface,,hf_category
758791,"Құрметті [ЗАЯВИТЕЛЬ]! Сізге 14.09.2022 жылы Түркістан қаласы Жаңа қала мөлтекауданы 5/1 үй 8 пәтер сыртындағы қаптауыш тастар түсіп қалғандығын, соның себебіне үйге суық кіріп үй жылынбайтындығын айтып өтініш қалдырған болатынмын. Өтінішке ""Қайырлы күн! Жаңа қала мөл",ЖКХ/Отопление,ЖКХ,Отопление,kk,dialog_egov,09.11.2022,query
hf-748-ru,"Сотрудники полиции приняли мою жалобу, но зарегистрировали ее на другого человека.",Другое/Общие вопросы,Другое,Общие вопросы,ru,huggingface,,hf_category
758205,"Здравствуйте. К Вам обращается житель М-рн [ЗАЯВИТЕЛЬ] Р-н город Алматы. Суть проблемы , в М-рн проводили центральную канализацию и водопровод, организация Алматы -Су. В нашем М-рн 7-8 улиц и 5-6 переулков, три года уже прошло как они вскрыли наш новый асфальт . Сейчас",Дороги/Дорожное покрытие,Дороги,Дорожное покрытие,ru,dialog_egov,31.10.2022,query
hf-361-ru,"Качество новой детской площадки очень плохое, сломалась через месяц.",ЖКХ/Общие вопросы,ЖКХ,Общие вопросы,ru,huggingface,,hf_category
hf-1159-kk,Қаланың жанындағы өзенге жақын орналасқан дәмханалар қалдықтарын суға төгеді.,Благоустройство/Вывоз мусора,Благоустройство,Вывоз мусора,kk,huggingface,,hf_category
hf-670-ru,"Водитель автобуса не остановился на остановке, проигнорировав мой знак.",Транспорт/Общественный транспорт,Транспорт,Общественный транспорт,ru,huggingface,,hf_category
hf-589-kk,"Интернет провайдері ескертусіз менің тарифтік жоспарымды архивке жіберіп, жаңасына ауыстырды.",Другое/Общие вопросы,Другое,Общие вопросы,kk,huggingface,,hf_category
682432,"Обращение с регистрационным номером 682432, направленное в Блог Аким Карагандинской области [ЗАЯВИТЕЛЬ] отклонено ГО 29.04.2021",Благоустройство/Детские площадки,Благоустройство,Детские площадки,ru,dialog_egov,29.04.2021,query
hf-880-ru,"Водитель автобуса не остановился на моей остановке, сказав, что 'он не видел моего знака, солнце слепило'.",Транспорт/Общественный транспорт,Транспорт,Общественный транспорт,ru,huggingface,,hf_category
763698,"Обращение с регистрационным номером 763698, направленное в Блог Генеральный директор РГП на ПХВ «Республиканский научно–исследовательский институт по охране труда Министерства труда и социальной защиты населения Республики Казахстан» Актаева [ЗАЯВИТЕЛЬ] отклонено ГО 08.02.2023",ЖКХ/Отопление,ЖКХ,Отопление,ru,dialog_egov,08.02.2023,query
hf-737-ru,"За получение справки, необходимой для пособия, попросили плату.",Другое/Общие вопросы,Другое,Общие вопросы,ru,huggingface,,hf_category
hf-890-ru,"Водитель автобуса не остановился на моей остановке, сказав, что 'он не видел моего знака, идет дождь'.",Транспорт/Общественный транспорт,Транспорт,Общественный транспорт,ru,huggingface,,hf_category
hf-780-kk,"Автобус жүргізушісі менің аялдамамда тоқтамай, 'мен сенің белгіңді көрмедім' деді.",Транспорт/Общественный транспорт,Транспорт,Общественный транспорт,kk,huggingface,,hf_category
hf-592-kk,"Дәрігердің қабылдауына жазылған талонымды жоғалтып алдым, енді қабылдамайды.",Другое/Общие вопросы,Другое,Общие вопросы,kk,huggingface,,hf_category
hf-39-ru,В нашем селе совсем нет мобильного интернета. Когда программа '250+' дойдет до нашего села?,Другое/Общие вопросы,Другое,Общие вопросы,ru,huggingface,,hf_category
762153,Құрметті министр мырза! 20 желтоқсан 2022 жылы «Жемқорлыққа жол жоқ “ Республикалық қоғамдық саяси газеті редакциясына Шымкент қаласы Қаратау ауданы Тұран шағын ауданы Өсиет көшесі н/үй тұрғыны 1956 жылы туылған 2 топ мүгедегі [ЗАЯВИТЕЛЬ] деген азамат арызданып келді. Ол ө,ЖКХ/Отопление,ЖКХ,Отопление,kk,dialog_egov,21.12.2022,query
hf-33-kk,"Ауладағы спорт алаңының жабдықтарын белгісіз біреулер сындырып кетті. Полицияға арыз жазсақ, істі таппай жауып тастады.",Другое/Общие вопросы,Другое,Общие вопросы,kk,huggingface,,hf_category
hf-587-ru,Не могу вернуться на свою работу после декретного отпуска.,Другое/Общие вопросы,Другое,Общие вопросы,ru,huggingface,,hf_category
696518,"Обращение с регистрационным номером 696518, направленное в Блог [ЗАЯВИТЕЛЬ] РК [ЗАЯВИТЕЛЬ] отклонено ГО 04.08.2021",Дороги/Светофоры,Дороги,Светофоры,ru,dialog_egov,21.07.2021,query
hf-801-ru,Горка на детской площадке во дворе заржавела и стала опасной.,ЖКХ/Общие вопросы,ЖКХ,Общие вопросы,ru,huggingface,,hf_category
hf-585-kk,"Шенеунік менің өтінішімді қабылдаудан бас тартып, 'кейінірек кел' деді.",Другое/Общие вопросы,Другое,Общие вопросы,kk,huggingface,,hf_category
695997,"Здравствуйте! Мы жители г.[ЗАЯВИТЕЛЬ] 46/1 4 подъезд 10квартир с утра 14.07.21 (3 суток) сидим без какой-либо воды, у соседей прорвало трубу, КСК- 37 в подвале перекрыли воду и дальше бездействуют.. Я звонила в Акимат оставить жалобу, но мне ответили звонить в аварийную служ",ЖКХ/Водоснабжение,ЖКХ,Водоснабжение,ru,dialog_egov,16.07.2021,query+rules
hf-19-kk,Мүгедектігі бар балама арналған жәрдемақы мөлшері өте аз. Осы мәселені қайта қарау мүмкіндігі бар ма?,Другое/Общие вопросы,Другое,Общие вопросы,kk,huggingface,,hf_category
hf-21-kk,Теміртау қаласындағы металлургиялық комбинаттың түтіні демалуға мұрша бермейді. Әсіресе түнде қатты шығады. Ауа сапасын тексеретін датчиктер орнатуды сұраймын.,Благоустройство/Вывоз мусора,Благоустройство,Вывоз мусора,kk,huggingface,,hf_category
759212,"Здравствуйте! Я писала обращение 05 июля 2022 года, номер обращения 746627. Текст обращения и два ответа на него, переведены ниже моего письма. На сегодняшний день наш вопрос с которым я обращалась не решен. По освещению - бригада приехала после того как я несколько раз звонила",ЖКХ/Водоснабжение,ЖКХ,Водоснабжение,ru,dialog_egov,15.11.2022,query
757317,"[ЗАЯВИТЕЛЬ] мырза, 2 апта үй іші өте салқын. Бұрын орталық жылыту 15 ші қазаннан кеш берілмейтін. Бүгін 17 ші қазан, үй іші өте суық. Екі пата бойы әлектр жылуты құрылғыларын эр бөлмаге қйып бір бөлмегі жылытып, қабат қабат киім киіп әрең шыдап жүрміз. Суықтан шыдау өте қ",ЖКХ/Отопление,ЖКХ,Отопление,kk,dialog_egov,17.10.2022,query+rules
hf-654-ru,Еда в школьной столовой постоянно холодная.,Другое/Общие вопросы,Другое,Общие вопросы,ru,huggingface,,hf_category
669792,"Здравствуйте [ЗАЯВИТЕЛЬ] ! Я [ЗАЯВИТЕЛЬ] проживаю по адресу г.Павлодар ул.Бекхожина д.11.кв.37. 10 этаж. тел. сот [ТЕЛЕФОН]. [ЗАЯВИТЕЛЬ] сказать что в квартире стало прохладно начиная с 2019 года, а сейчас вообще холодно. не однократные обращения в КСК р",ЖКХ/Отопление,ЖКХ,Отопление,ru,dialog_egov,22.02.2021,query
764913,"Обращение с регистрационным номером 764913, направленное в Блог Председатель Правления АО «НГК «Казгеология» [ЗАЯВИТЕЛЬ] находится на рассмотрении у ГО",Транспорт/Общественный транспорт,Транспорт,Общественный транспорт,ru,dialog_egov,04.03.2024,query
hf-701-kk,"Үйдің жертөлесін су басып жатыр, КСК ешқандай шара қолданбайды.",ЖКХ/Общие вопросы,ЖКХ,Общие вопросы,kk,huggingface,,hf_category
762183,"Мы жители дома №7/1 по улице [ЗАЯВИТЕЛЬ] города Астана уже в течение 8 месяцев столкнулись с проблемой ежедневного отключения водоснабжения в утреннее и вечернее время, в период, когда жители собираются утром на работу в школу и т.д., а также вечером, когда приходят с работы",ЖКХ/Водоснабжение,ЖКХ,Водоснабжение,ru,dialog_egov,22.12.2022,query+rules
hf-206-kk,Саябақтағы орындықтар мен қоқыс жәшіктерін сындырып кеткен.,Благоустройство/Вывоз мусора,Благоустройство,Вывоз мусора,kk,huggingface,,hf_category
589089,"Уважаемый [ЗАЯВИТЕЛЬ], ресторан ""[ЗАЯВИТЕЛЬ]"", находящийся по адресу Кошкунова 8, на регулярной основе смывает в канализацию отходы, которые засоряют общую канализацию и не предпринимают мер по устранению засоров. От этого страдают жители близлежащих домов. П",ЖКХ/Водоснабжение,ЖКХ,Водоснабжение,ru,dialog_egov,10.01.2020,query+rules
hf-1035-kk,"Мектептегі жөндеу жұмыстары сапасыз жасалған, бір айдан кейін сылағы түсе бастады.",Другое/Общие вопросы,Другое,Общие вопросы,kk,huggingface,,hf_category
hf-921-kk,"Лифттің есігі сықырлайды, майлау керек сияқты.",ЖКХ/Общие вопросы,ЖКХ,Общие вопросы,kk,huggingface,,hf_category
hf-744-kk,Мектептегі асханадағы тамақтардың бағасы күн сайын өзгеріп отырады.,Другое/Общие вопросы,Другое,Общие вопросы,kk,huggingface,,hf_category
hf-503-ru,Сомневаюсь в корректности показаний скорости камеры 'Сергек' на междугородней трассе.,Дороги/Дорожное покрытие,Дороги,Дорожное покрытие,ru,huggingface,,hf_category
758687,"Уважаемый [ЗАЯВИТЕЛЬ]! Жители города Косшы, выражают Вам свое почтение и желают всяческих успехов в Вашей не легкой работе. По адресу Акмолинская область, г. Косшы, ул. [ЗАЯВИТЕЛЬ] регулярно проблемы с канализацией. О данных проблемах было неоднократно в устной форме сообще",ЖКХ/Водоснабжение,ЖКХ,Водоснабжение,ru,dialog_egov,08.11.2022,query+rules
hf-461-ru,Входная дверь в подъезд не закрывается должным образом.,ЖКХ/Общие вопросы,ЖКХ,Общие вопросы,ru,huggingface,,hf_category
hf-165-ru,"Плата за обучение в университете высокая, но качество образования ей не соответствует.",Другое/Общие вопросы,Другое,Общие вопросы,ru,huggingface,,hf_category
hf-679-kk,Интернет провайдерінің қызметкерлері үйге келгенде өздерімен бірге баспалдақ алып келмейді.,Другое/Общие вопросы,Другое,Общие вопросы,kk,huggingface,,hf_category
hf-758-kk,"Полиция қызметкерлері менің шағымымды қабылдап, бірақ оны басқа іспен біріктіріп жіберген.",Другое/Общие вопросы,Другое,Общие вопросы,kk,huggingface,,hf_category
hf-884-ru,Из-за плохого качества еды в школьной столовой у моего ребенка пропал аппетит.,Другое/Общие вопросы,Другое,Общие вопросы,ru,huggingface,,hf_category
hf-241-ru,"Дорожные знаки установлены неправильно, из-за этого часто возникают аварийные ситуации.",Дороги/Дорожное покрытие,Дороги,Дорожное покрытие,ru,huggingface,,hf_category
749033,"Акиму г.Актобе ------------------------ Прокурору области ---------------------------- 1-му руководителю ТОО «Энергосистема» ---------------------------------------------------------- 1-му руководителю ЖКХ г.Актобе Коллективное письмо от жителей мкр.Жастар-2, мкр.Астана (ж.м.Жа",Дороги/Дорожное покрытие,Дороги,Дорожное покрытие,ru,dialog_egov,28.07.2022,query
hf-793-ru,"Одна из машин проехала на красный свет и чуть не сбила меня, когда я переходил на зеленый.",Дороги/Дорожное покрытие,Дороги,Дорожное покрытие,ru,huggingface,,hf_category
hf-1045-ru,Воспитатель в детском саду грубит моему ребенку и оказывает на него давление.,Другое/Общие вопросы,Другое,Общие вопросы,ru,huggingface,,hf_category
hf-123-ru,Светофор на дороге к школе не работает. Беспокоимся за безопасность детей.,Дороги/Дорожное покрытие,Дороги,Дорожное покрытие,ru,huggingface,,hf_category
hf-488-kk,Полиция қызметкерлері түнгі клубтардың жұмысын тексермейді.,Другое/Общие вопросы,Другое,Общие вопросы,kk,huggingface,,hf_category
hf-502-ru,На двери кабинета врача нет списка записанных пациентов. Это создает беспорядок.,Другое/Общие вопросы,Другое,Общие вопросы,ru,huggingface,,hf_category
hf-449-ru,Контакт-центр интернет-провайдера работает только в дневное время.,Другое/Общие вопросы,Другое,Общие вопросы,ru,huggingface,,hf_category
hf-305-kk,"Жүргізуші куәлігін алуға емтихан тапсырғанда, инспектор 'көмектесуге' болатынын меңзеді.",Другое/Общие вопросы,Другое,Общие вопросы,kk,huggingface,,hf_category
hf-233-ru,"Чтобы записаться к врачу, нужно занимать очередь в 7 утра.",Другое/Общие вопросы,Другое,Общие вопросы,ru,huggingface,,hf_category
hf-112-ru,"Детская площадка в нашем дворе устарела. Качели сломаны, горки опасны. Просим установить новую.",ЖКХ/Общие вопросы,ЖКХ,Общие вопросы,ru,huggingface,,hf_category
hf-567-ru,Когда подойдет моя очередь на получение бесплатного земельного участка как многодетной семье?,Другое/Общие вопросы,Другое,Общие вопросы,ru,huggingface,,hf_category
hf-1016-ru,Где можно получить достоверную информацию о качестве воздуха в городе?,Благоустройство/Вывоз мусора,Благоустройство,Вывоз мусора,ru,huggingface,,hf_category
763888,"Салематсыз ба, Атырау облысы, Индер аудандық тұрғын үй-коммуналдық шаруашылығы, жолаушылар көлігі, автомобильдер жолдары және тұрғын үй инспекциясы бөлімі, 2022 жылы «Атырау облысының Индер ауданы Өрлік ауылындағы ауыл ішіндегі автомобиль жолы және жаяу жолдың 10,8 км күрделі жөн",Дороги/Дорожное покрытие,Дороги,Дорожное покрытие,kk,dialog_egov,15.03.2023,query+rules
hf-283-ru,"Врач заставляет делать работу, не входящую в мои должностные обязанности.",Другое/Общие вопросы,Другое,Общие вопросы,ru,huggingface,,hf_category
hf-695-kk,Шенеуніктердің қызметтік көліктеріне жанармай лимиті жоқ сияқты.,Другое/Общие вопросы,Другое,Общие вопросы,kk,huggingface,,hf_category
hf-821-ru,Дверь лифта в подъезде иногда не открывается.,ЖКХ/Общие вопросы,ЖКХ,Общие вопросы,ru,huggingface,,hf_category
754485,"[ЗАЯВИТЕЛЬ] облысының әкімі [ЗАЯВИТЕЛЬ] мырза! Мен жеке кәсіпкер [ЗАЯВИТЕЛЬ] 2009 жылынан бері электро жүйесімен кедергі болмаған еді. Азық түлік дүкеніме Атамекен селосы Жадыра 15 2021 жылының аяғында [ЗАЯВИТЕЛЬ] келісім шартқа тұрып, жаз бойы электро жүйесінің қайта",Освещение/Уличное освещение,Освещение,Уличное освещение,kk,dialog_egov,17.09.2022,query
148333,800x600 Normal 0 false false false RU X-NONE X-NONE MicrosoftInternetExplorer4,Транспорт/Общественный транспорт,Транспорт,Общественный транспорт,ru,dialog_egov,05.06.2012,query
683697,"ҚМ [ЗАЯВИТЕЛЬ]Тоқаевқа! ҚР ІІМинистрі [ЗАЯВИТЕЛЬ]! Маңызды механизмдер ескерілмей жатыр АПД, ЖАПБ, прокуратура басқа да көрінбейтін ұйымдармен бірлесе отырып [ЗАЯВИТЕЛЬ] 174 баппен қасақана қылмыстық іс қозғап, іс соттың қарауында. [ЗАЯВИТЕЛЬ]Шапқараевқа таққан айыптары «ұ",Дороги/Дорожное покрытие,Дороги,Дорожное покрытие,kk,dialog_egov,08.05.2021,query
734626,"Здравствуйте! К меня так же вопрос по общественному транспорту города Алматы. В своем ответе [ЗАЯВИТЕЛЬ], которая оставила обращение 08.04.2022 года, Вы ответили: ""... Перевозчику было направлено поручение провести разъяснительную беседу с водительским составом д",Транспорт/Общественный транспорт,Транспорт,Общественный транспорт,ru,dialog_egov,11.04.2022,query+rules
hf-788-ru,"Сотрудники полиции приняли мою жалобу, но приобщили ее к делу другого человека.",Другое/Общие вопросы,Другое,Общие вопросы,ru,huggingface,,hf_category
hf-397-kk,Менің баламның ерекше қажеттіліктеріне байланысты мектепте инклюзивті сынып ашудан бас тартты.,Другое/Общие вопросы,Другое,Общие вопросы,kk,huggingface,,hf_category
hf-502-kk,Дәрігердің қабылдауына жазылған пациенттердің тізімі есікте ілулі тұрмайды. Бұл тәртіпсіздік тудырады.,Другое/Общие вопросы,Другое,Общие вопросы,kk,huggingface,,hf_category
hf-587-kk,Бала күтіміне байланысты демалыстан кейін жұмысыма қайта ала алмай жүрмін.,Другое/Общие вопросы,Другое,Общие вопросы,kk,huggingface,,hf_category
750134,"Обращение с регистрационным номером 750134, направленное в Блог Председатель Агентства РК по противодействию коррупции (Антикоррупционной службы) [ЗАЯВИТЕЛЬ] отклонено ГО 10.08.2022",ЖКХ/Водоснабжение,ЖКХ,Водоснабжение,ru,dialog_egov,09.08.2022,query
hf-53-ru,Качество уроков английского языка в школе очень низкое. Мой ребенок вынужден ходить к репетитору.,Другое/Общие вопросы,Другое,Общие вопросы,ru,huggingface,,hf_category
hf-263-ru,В сельской амбулатории не хватает лекарств.,Другое/Общие вопросы,Другое,Общие вопросы,ru,huggingface,,hf_category
hf-113-ru,"Чтобы записаться к врачу в сельской местности, нужно ехать в райцентр. Нельзя ли внедрить систему онлайн-записи?",Другое/Общие вопросы,Другое,Общие вопросы,ru,huggingface,,hf_category
hf-27-ru,"Мне пришлось дать денег знакомому в местном акимате, чтобы устроить ребенка в детский сад вне очереди. Как решить эту проблему?",Другое/Общие вопросы,Другое,Общие вопросы,ru,huggingface,,hf_category
726478,"Здравствуйте уважаемый Аким. Не раз обращались в наш КСК по поводу освещения двора. В том году нам установили новое освещение, НО почему то оно не горит. В КСК нам сказали, что акимат отключает. Мы каждый месяц оплачиваем коммунальные услуги. Хочется спросить на каком основании",Освещение/Уличное освещение,Освещение,Уличное освещение,ru,dialog_egov,10.02.2022,query+rules
hf-187-kk,"Құрылыс компаниясы түнде жұмыс істеп, тыныштықты бұзады.",Благоустройство/Вывоз мусора,Благоустройство,Вывоз мусора,kk,huggingface,,hf_category
hf-877-ru,"Для назначения пособия потребовали справку о доходах моего супруга, но он живет с другой семьей.",Другое/Общие вопросы,Другое,Общие вопросы,ru,huggingface,,hf_category
hf-362-kk,Емханадағы кезек күту залында орындықтар жетіспейді.,Другое/Общие вопросы,Другое,Общие вопросы,kk,huggingface,,hf_category
hf-490-ru,Водитель автобуса требует для оплаты проезда мелкие деньги.,Транспорт/Общественный транспорт,Транспорт,Общественный транспорт,ru,huggingface,,hf_category
hf-829-kk,"Интернет провайдерінің қызметкерлері үйге келгенде, менің үйімдегі заттарды рұқсатсыз пайдаланды.",Другое/Общие вопросы,Другое,Общие вопросы,kk,huggingface,,hf_category
754261,"Здравствуйте. Обращение от жительницы Алатауского района, ПКСТ «Птицевод» ,проживающей по улице Центральная .На протяжении 2 лет обращались с просьбой соответствующего характера произвести дорожно-ремонтные работы по данному адресу. Никаких действий со стороны МИО не было. 14 сен",Дороги/Дорожное покрытие,Дороги,Дорожное покрытие,ru,dialog_egov,15.09.2022,query
602607,"Добрый день! На пересечении улиц Вильямса и Тулькубасской в Жетысуйском районе образовалась стихийная свалка мусора. Организация по вывозу ТБО не происходит вывоз, мусор лежит в непосредственной близости от насосной станции. Прошу оказать содействие.",Благоустройство/Вывоз мусора,Благоустройство,Вывоз мусора,ru,dialog_egov,28.03.2020,query+rules
hf-388-ru,Полиция приехала на уличную драку только через час.,Другое/Общие вопросы,Другое,Общие вопросы,ru,huggingface,,hf_category
hf-179-ru,"Мою машину эвакуировали, хотя я не нарушал правила парковки.",Другое/Общие вопросы,Другое,Общие вопросы,ru,huggingface,,hf_category
744542,"Добрый день.Прошу Вас посодействовать в решении вопроса относительно строительной компании SAT NS,в ЖК Браво по ул.[ЗАЯВИТЕЛЬ] 17 построенном данным застройщиком ,очень часто прорывает канализацию, в связи с чем жители очень часто сидят без горячей и холодной воды,обращения",ЖКХ/Водоснабжение,ЖКХ,Водоснабжение,ru,dialog_egov,21.06.2022,query+rules
hf-202-kk,Пәтердегі суық судың иісі жаман. Ішуге жарамсыз.,ЖКХ/Общие вопросы,ЖКХ,Общие вопросы,kk,huggingface,,hf_category
hf-1058-kk,"Интернет провайдерінің қызметкерлері жұмысты сапасыз жасап, қосымша ақы сұрады.",Другое/Общие вопросы,Другое,Общие вопросы,kk,huggingface,,hf_category
hf-544-kk,Мектептегі асхананың қызметкерлері қолғапсыз жұмыс істейді.,Другое/Общие вопросы,Другое,Общие вопросы,kk,huggingface,,hf_category
hf-432-ru,Сеть Wi-Fi в поликлинике не работает.,Другое/Общие вопросы,Другое,Общие вопросы,ru,huggingface,,hf_category
hf-853-ru,"Одна из машин проехала на красный свет и сбила мой велосипед, когда я переходил на зеленый.",Дороги/Дорожное покрытие,Дороги,Дорожное покрытие,ru,huggingface,,hf_category
763688,"Обращение с регистрационным номером 763688, направленное в Блог Председатель правления АО «Республиканская газета «[ЗАЯВИТЕЛЬ]» [ЗАЯВИТЕЛЬ] находится на рассмотрении у ГО",ЖКХ/Водоснабжение,ЖКХ,Водоснабжение,ru,dialog_egov,06.02.2023,query
hf-81-kk,Пәтердегі суық судың қысымы өте төмен. Жоғарғы қабаттарға су көтерілмейді.,ЖКХ/Общие вопросы,ЖКХ,Общие вопросы,kk,huggingface,,hf_category
hf-13-kk,Үйіміздің жертөлесін су басып жатыр. КСК ешқандай шара қолданбайды. Кімге шағымдануға болады?,ЖКХ/Общие вопросы,ЖКХ,Общие вопросы,kk,huggingface,,hf_category
718977/2,"Обращение с регистрационным номером 718977/2, направленное в Блог Аким города Алматы [ЗАЯВИТЕЛЬ]A. находится на рассмотрении у ГО",ЖКХ/Водоснабжение,ЖКХ,Водоснабжение,ru,dialog_egov,13.12.2021,query
716228,Уважаемый [ЗАЯВИТЕЛЬ]. Ранее я обращалась подключить светофоры возле школы гимназии №74. Однако подключение светофора произошло только на перекрестках. На пешеходном переходе по улице [ЗАЯВИТЕЛЬ] возле школы светофор до сих пор не работающий. Сейчас в зимнее время очень,Дороги/Светофоры,Дороги,Светофоры,ru,dialog_egov,24.11.2021,query+rules
hf-723-kk,"Жолдағы бағдаршамның жасыл түсі жанып тұрғанда, жаяу жүргіншілерге арналған бағдаршамда қызыл түс жанады.",Дороги/Дорожное покрытие,Дороги,Дорожное покрытие,kk,huggingface,,hf_category
756058/1,"Добрый день. 10.08.2022 г. обращалась в инстаграм касательно установки освещения и видеокамеры во дворе по адресу: г.Караганда, мкр. Степной-1, д.3 (/18-28) ответ в комментариях от службы senim.109.kz (обращение СС.2022.0010996) был дан ответ, что до конца августа будет освещени",Освещение/Уличное освещение,Освещение,Уличное освещение,ru,dialog_egov,04.10.2022,query+rules
hf-144-ru,В одном школьном классе учатся более 40 детей. Это влияет на качество образования.,Другое/Общие вопросы,Другое,Общие вопросы,ru,huggingface,,hf_category
hf-410-ru,"Водитель автобуса уехал, не забрав пассажиров, ожидавших на остановке.",Транспорт/Общественный транспорт,Транспорт,Общественный транспорт,ru,huggingface,,hf_category
hf-393-kk,"Жол жөндеу жұмыстары түнде жүргізіліп, ұйықтауға мүмкіндік бермейді.",Дороги/Дорожное покрытие,Дороги,Дорожное покрытие,kk,huggingface,,hf_category
hf-1019-kk,Мобильді интернет ауылда мүлдем істемейді.,Другое/Общие вопросы,Другое,Общие вопросы,kk,huggingface,,hf_category
hf-339-kk,Интернет желісі жиі істен шығады. Айына бірнеше рет жөндеуге тура келеді.,Другое/Общие вопросы,Другое,Общие вопросы,kk,huggingface,,hf_category
625009,"Здравствуйте уважаемый [ЗАЯВИТЕЛЬ]! В соответствии со статьей 1 Закона Республики Казахстан от 27 декабря 2018 года ""О естественных монополиях"" одними из целей Закона являются достижение баланса интересов потребителей и субъектов естественных монополий, обеспе",ЖКХ/Водоснабжение,ЖКХ,Водоснабжение,ru,dialog_egov,23.06.2020,query
hf-632-ru,"Чтобы попасть на прием к врачу, нужно ждать месяц.",Другое/Общие вопросы,Другое,Общие вопросы,ru,huggingface,,hf_category
hf-456-kk,Қаланың жанындағы өзенге малдың өлексесін тастап кеткен.,Благоустройство/Вывоз мусора,Благоустройство,Вывоз мусора,kk,huggingface,,hf_category
hf-806-ru,Река рядом с городом мелеет и превращается в болото.,Благоустройство/Вывоз мусора,Благоустройство,Вывоз мусора,ru,huggingface,,hf_category
622519,[ЗАЯВИТЕЛЬ] С.ТРҰМОВ.[ЗАЯВИТЕЛЬ] ТҰРМЫН. 1-ШІ. 2018 ЖЫЛЫ 22-ОКТЯБРЬ [ЗАЯВИТЕЛЬ]-[ЗАЯВИТЕЛЬ] ҚАҒЫП О,Транспорт/Общественный транспорт,Транспорт,Общественный транспорт,kk,dialog_egov,10.06.2020,query
565459,"Обращение с регистрационным номером 565459, направленное в Блог Аким Алматинской области Аринов [ЗАЯВИТЕЛЬ] отклонено ГО 02.09.2019",Благоустройство/Вывоз мусора,Благоустройство,Вывоз мусора,ru,dialog_egov,30.08.2019,query
hf-147-kk,Мүгедектігі бар баланы оңалту орталығына кезек өте ұзын.,Другое/Общие вопросы,Другое,Общие вопросы,kk,huggingface,,hf_category
hf-837-ru,"Для назначения пособия потребовали справку о доходах моего супруга, но он в розыске.",Другое/Общие вопросы,Другое,Общие вопросы,ru,huggingface,,hf_category
hf-25-ru,В сельской школе нет учителя информатики. Дети пропускают важный предмет.,Другое/Общие вопросы,Другое,Общие вопросы,ru,huggingface,,hf_category
225374,"Добрый день! У нас по адресу ул. Мустафина 13/1 последние два года стоит всего три мусорных контейнера, хотя до этого было 6 штук. Неоднократные обращения к руководителям ""Астана Тазарту"" в лице [ЗАЯВИТЕЛЬ] результатов не принесли. Он каждый раз обещает, ч",Благоустройство/Вывоз мусора,Благоустройство,Вывоз мусора,ru,dialog_egov,07.10.2013,query+rules
hf-165-kk,"Университеттегі оқу ақысы қымбат, бірақ білім сапасы соған сәйкес емес.",Другое/Общие вопросы,Другое,Общие вопросы,kk,huggingface,,hf_category
hf-1006-ru,Тяжело дышать из-за дыма от близлежащей промышленной зоны.,Благоустройство/Вывоз мусора,Благоустройство,Вывоз мусора,ru,huggingface,,hf_category
hf-755-ru,Для участия в конкурсе госзакупок от моей компании потребовали необоснованные документы.,Другое/Общие вопросы,Другое,Общие вопросы,ru,huggingface,,hf_category
756797,"Уважаемый Председатель Антикоррупционной служды [ЗАЯВИТЕЛЬ] Подачу водоснабжения в жилые дома ЖМ [ЗАЯВИТЕЛЬ] осуществляет ТОО «Алатаукомсервис», который является субъектом естественных монополий. 02 октября 2022 года на объекте данной организации произошла аварийная ситуация, в",ЖКХ/Водоснабжение,ЖКХ,Водоснабжение,ru,dialog_egov,08.10.2022,query+rules
540746,"[ЗАЯВИТЕЛЬ]! Наурыз мерекесі құтты болсын! Сізге жұмысыңызға табыс тілеймиін. Сіздің халыққа жасап жатқан жұмыстарыңыз үшін сізге рахмет айтамын! Сізге қояр сұрағым, мен Асыл-арман тұрғын үй тұрғынымын. №16 автобус туралы, №16 автобус уақытымен жүрмейді, халық өте кө",Транспорт/Общественный транспорт,Транспорт,Общественный транспорт,kk,dialog_egov,15.03.2019,query+rules
hf-35-kk,Ауруханаға жату үшін анализдерді өз ақшамызға тапсыруға мәжбүрлейді. Бұл ТМККК аясында тегін болуы керек емес пе?,Другое/Общие вопросы,Другое,Общие вопросы,kk,huggingface,,hf_category
hf-413-ru,"Крышка люка посреди дороги сместилась, это опасно.",Дороги/Дорожное покрытие,Дороги,Дорожное покрытие,ru,huggingface,,hf_category
hf-744-ru,Цены на еду в школьной столовой меняются каждый день.,Другое/Общие вопросы,Другое,Общие вопросы,ru,huggingface,,hf_category
hf-687-kk,Жәрдемақы алу үшін қажетті анықтаманы алуға бір апта уақыт кетті.,Другое/Общие вопросы,Другое,Общие вопросы,kk,huggingface,,hf_category
hf-514-kk,Мектептегі психолог оқушылармен жұмыс істемейді.,Другое/Общие вопросы,Другое,Общие вопросы,kk,huggingface,,hf_category
764743,"Обращение с регистрационным номером 764743, направленное в Блог [ЗАЯВИТЕЛЬ] академии образования им. [ЗАЯВИТЕЛЬ] находится на рассмотрении у ГО",Транспорт/Общественный транспорт,Транспорт,Общественный транспорт,ru,dialog_egov,04.12.2023,query
hf-61-ru,Лифт не работает уже несколько недель. Пожилым людям трудно подниматься на верхние этажи.,ЖКХ/Общие вопросы,ЖКХ,Общие вопросы,ru,huggingface,,hf_category
hf-412-kk,"Емханадағы дәрігерлердің көбісі орысша сөйлейді, қазақша білмейді.",Другое/Общие вопросы,Другое,Общие вопросы,kk,huggingface,,hf_category
759179/4,"В городе [ЗАЯВИТЕЛЬ] области в феврале 2022 года проведен тендер по замене 6 километров труб тепломагистрали ТМ№3, ТМ2, о капитальном ремонте ТМ № 3. Данный тендер выиграл ТОО ""АП-ИМПЭКС"" (город Тараз). В мае 2022 года между заказчиком ГУ «Акимат города Т",ЖКХ/Водоснабжение,ЖКХ,Водоснабжение,ru,dialog_egov,18.11.2022,query+rules
hf-159-ru,Интернет-провайдер поднял цену на тариф без предупреждения.,Другое/Общие вопросы,Другое,Общие вопросы,ru,huggingface,,hf_category
hf-857-ru,"Для назначения пособия потребовали справку о доходах моего супруга, но он студент.",Другое/Общие вопросы,Другое,Общие вопросы,ru,huggingface,,hf_category
hf-645-kk,Шенеуніктердің қызметтік көліктеріне арналған 'ерекше' тұрақтар бар.,Другое/Общие вопросы,Другое,Общие вопросы,kk,huggingface,,hf_category
737846,"Добрый день. Хочу обратить ваше внимание на улицу Набережную и Тепличную в мкр Айгерим 1. В 2021 году проводилось отличное благоустройство улицы Ырысты, сдан в эксплуатацию наконец то мост на пересечении Рыскулова и проложен новый асфальт с тротуарными дорожками. По улице Набереж",Благоустройство/Вывоз мусора,Благоустройство,Вывоз мусора,ru,dialog_egov,01.05.2022,query
hf-150-ru,"Водитель автобуса курил за рулем, мешая пассажирам.",Транспорт/Общественный транспорт,Транспорт,Общественный транспорт,ru,huggingface,,hf_category
hf-214-kk,Мектепке жаңа оқулықтардың орнына ескілерін берді.,Другое/Общие вопросы,Другое,Общие вопросы,kk,huggingface,,hf_category
hf-193-ru,Батареи отопления в квартире еле теплые. В квартире холодно.,ЖКХ/Общие вопросы,ЖКХ,Общие вопросы,ru,huggingface,,hf_category
hf-1008-ru,"Мою квартиру ограбили, полиция приехала только через несколько часов.",Другое/Общие вопросы,Другое,Общие вопросы,ru,huggingface,,hf_category
hf-1054-ru,"После дорожного ремонта качество дороги стало еще хуже, чем было.",Дороги/Дорожное покрытие,Дороги,Дорожное покрытие,ru,huggingface,,hf_category
hf-341-ru,Я повредил машину из-за большой ямы посреди дороги.,Дороги/Дорожное покрытие,Дороги,Дорожное покрытие,ru,huggingface,,hf_category
760288,"Добрый день! С 1 сентября 2022 года не можем получить документы (тех паспорт) квартиры ЖК Satay, застройщик Высотник, по адресу Алматы, Жетысуский район, ул. Боткина ,14, 3 подъезд, 11 квартира. К дому не проведены коммуникации, нет света , воды, отопления и газа! Вокруг дома вс",ЖКХ/Водоснабжение,ЖКХ,Водоснабжение,ru,dialog_egov,25.11.2022,query+rules
hf-228-kk,Полиция қызметкерлері оқиға орнына өте кеш келеді.,Другое/Общие вопросы,Другое,Общие вопросы,kk,huggingface,,hf_category
hf-805-kk,Шенеуніктердің қызметтік көліктеріне арнайы нөмірлер беріледі ме?,Другое/Общие вопросы,Другое,Общие вопросы,kk,huggingface,,hf_category
hf-338-ru,По ночам во дворе прокалывают шины у машин. Полиция никого не находит.,Другое/Общие вопросы,Другое,Общие вопросы,ru,huggingface,,hf_category
hf-87-ru,Условия ипотечных программ для молодых специалистов очень сложные. Невозможно накопить на первоначальный взнос.,Другое/Общие вопросы,Другое,Общие вопросы,ru,huggingface,,hf_category
hf-266-kk,"Өнеркәсіптік аймақтың жанында тұру мүмкін емес, ауа үнемі лас.",Благоустройство/Вывоз мусора,Благоустройство,Вывоз мусора,kk,huggingface,,hf_category
hf-416-kk,"Қаланың ауасы лас болғандықтан, баламның демікпесі ұстап қалады.",Благоустройство/Вывоз мусора,Благоустройство,Вывоз мусора,kk,huggingface,,hf_category
hf-606-kk,Қаланың жанындағы өзенге мал сою қалдықтарын тастайды.,Благоустройство/Вывоз мусора,Благоустройство,Вывоз мусора,kk,huggingface,,hf_category
546730,"Байбек, [ЗАЯВИТЕЛЬ] я житель Алатауского района адрес ул [ЗАЯВИТЕЛЬ] 86/13 кв 33 возле нашего жилого комплекса пустырь где выходит к частным домам поселка Ожет превратили в стихийную мусорную свалку. Жители комплекса ранее обращались с жалобой в Алатауский Акимат",Благоустройство/Вывоз мусора,Благоустройство,Вывоз мусора,ru,dialog_egov,23.04.2019,query+rules
750889,"09 Карагандинская область, г. Караганда, 12.08.2022 по проспекту Строителей дорожное рабочее ТС с ГРНЗ M026AWD нарушает правила содержание дорог, а именно поднимает пыль с дороги. Асфальт предварительно не был увлажнён. Вся пыль летит в автомобиль и пешеходов. Требуется привлечь",Дороги/Дорожное покрытие,Дороги,Дорожное покрытие,ru,dialog_egov,15.08.2022,query+rules
hf-108-ru,"В городе Тараз мои соседи сильно шумят по ночам. Несколько раз обращался к участковому, безрезультатно.",Другое/Общие вопросы,Другое,Общие вопросы,ru,huggingface,,hf_category
761015,Қайырлы кеш [ЗАЯВИТЕЛЬ] мырза мен Кәрібаев [ЗАЯВИТЕЛЬ] академик Е.[ЗАЯВИТЕЛЬ] атындағы Қарағанды университетінің М-Фо-51-21 тобының екінші курс магистранты сізді мынадай өтінішпен жазып отырмын .Қазіргі кезде университетте аралық бақылау болу үстінде. Күні кеше ғана менде,Дороги/Дорожное покрытие,Дороги,Дорожное покрытие,kk,dialog_egov,03.12.2022,query
764126,"Сәлеметсіз бе! Мен, [ЗАЯВИТЕЛЬ], көпбалалы анамын. Өзіміздің жеке пәтеріміз жоқ, тұрғын үй кезегінде тұрмын. Субсидирование алу үшін 2022 жылдың шілде айынан бастап өтініш бере алмай жатырмын. Менен басқа отбасы мүшелеріне 1414 нөмірінен смс келмейді, сол себепті өтініш қаб",ЖКХ/Отопление,ЖКХ,Отопление,kk,dialog_egov,10.05.2023,query
444298,"Здравствуйте. У нас в квартире в туалете стояк холодного водоснабжения сильно покрыт ржавчиной и выделяет конденсат поверх металлической трубы. Этот конденсат спускается к соседям и оттого у них мокнет потолок. Уже имеется желтое пятно, которое увеличивается. Кроме того, эта в",ЖКХ/Водоснабжение,ЖКХ,Водоснабжение,ru,dialog_egov,17.08.2016,query+rules
hf-146-kk,Қаланың орталығындағы ауаның ластығынан басым ауырады.,Благоустройство/Вывоз мусора,Благоустройство,Вывоз мусора,kk,huggingface,,hf_category
752296,[ЗАЯВИТЕЛЬ] және халықты әлеуметтік қорғау министрі,ЖКХ/Водоснабжение,ЖКХ,Водоснабжение,kk,dialog_egov,26.08.2022,query
hf-241-kk,"Жол белгілері дұрыс орнатылмаған, соның кесірінен жиі апаттық жағдайлар болады.",Дороги/Дорожное покрытие,Дороги,Дорожное покрытие,kk,huggingface,,hf_category
hf-331-ru,"Ливневые решетки на дороге забиты, после дождя образуются огромные лужи.",Дороги/Дорожное покрытие,Дороги,Дорожное покрытие,ru,huggingface,,hf_category
hf-852-ru,"Когда я пришел на прием в свое время, врач пил чай с другим пациентом.",Другое/Общие вопросы,Другое,Общие вопросы,ru,huggingface,,hf_category
hf-576-ru,Строительные компании сбрасывают остатки бетона в реку за городом.,Благоустройство/Вывоз мусора,Благоустройство,Вывоз мусора,ru,huggingface,,hf_category
hf-32-kk,Жаңа салынған үйдің сапасы өте нашар. Қабырғаларында жарықтар пайда болды. Құрылыс сапасын кім тексереді?,ЖКХ/Общие вопросы,ЖКХ,Общие вопросы,kk,huggingface,,hf_category
hf-826-kk,"Қаланың жанындағы өзенге жақын жердегі демалыс орындарының қалдықтары желмен ұшып, суды ластайды.",Благоустройство/Вывоз мусора,Благоустройство,Вывоз мусора,kk,huggingface,,hf_category
hf-754-kk,Мектептегі асханадағы тамақтардың сапасын тексеруге келген комиссия ештеңе таппады.,Другое/Общие вопросы,Другое,Общие вопросы,kk,huggingface,,hf_category
hf-554-kk,"Мектептегі жөндеу жұмыстары оқу жылы кезінде жүргізіліп, сабаққа кедергі келтіруде.",Другое/Общие вопросы,Другое,Общие вопросы,kk,huggingface,,hf_category
hf-706-ru,Завод рядом с городом по ночам выпускает желтый дым.,Благоустройство/Вывоз мусора,Благоустройство,Вывоз мусора,ru,huggingface,,hf_category
504410,"Здравствуйте! Более 2-х месяцев не вывозят ТБО ул. Н Кобландина 15, перезаключили договор с ТОО ""Управляющая компания 1"" ул.Алтынсарина 14а-303. Однако наши неоднократные звонки и похождения к ним в офис, также писали на блог к акима города Испанова И, но до сих пор",Благоустройство/Вывоз мусора,Благоустройство,Вывоз мусора,ru,dialog_egov,21.06.2018,query
hf-834-ru,Из-за плохого качества еды в школьной столовой у моего ребенка обострился гастрит.,Другое/Общие вопросы,Другое,Общие вопросы,ru,huggingface,,hf_category
626533,"Мы, жители села Сайрам, доводим до Вашего сведения, что нашему селу, дали статус города, но до города нам еще далеко, потому что, взяли только число жителей, а проблем стало еще больше. Мы считаем, что наше село никому не нужно, мы относимся к Каратауской администрации, где од",Освещение/Уличное освещение,Освещение,Уличное освещение,ru,dialog_egov,02.07.2020,query
hf-279-ru,Приходится ждать подключения к интернету несколько недель.,Другое/Общие вопросы,Другое,Общие вопросы,ru,huggingface,,hf_category
hf-652-ru,"Я стоял в очереди с 6 утра, чтобы записаться на прием к врачу.",Другое/Общие вопросы,Другое,Общие вопросы,ru,huggingface,,hf_category
753833,"Здравствуйте Аким Города Нур-Султан! Примите для сведения что, в Сары-Аркинском районе улицы Атбасарская, улицы Медеу требует капитального ремонта, асфальт с советских времен! Мы жители сколько обращались но результатов не добились! [ЗАЯВИТЕЛЬ] с коляской или пешком осенью, зимой",Дороги/Дорожное покрытие,Дороги,Дорожное покрытие,ru,dialog_egov,12.09.2022,query+rules
hf-543-ru,Из-за ям на дорогах мне приходится часто менять колеса на машине.,Дороги/Дорожное покрытие,Дороги,Дорожное покрытие,ru,huggingface,,hf_category
hf-734-kk,"Мектептегі асханадағы тамақтардың сапасы нашар болғандықтан, балам үйден тамақ алып барады.",Другое/Общие вопросы,Другое,Общие вопросы,kk,huggingface,,hf_category
hf-851-kk,Үйдің кіреберісіндегі лифттің ішінен жағымсыз иіс шығады.,ЖКХ/Общие вопросы,ЖКХ,Общие вопросы,kk,huggingface,,hf_category
678976,"[ЗАЯВИТЕЛЬ] Казахстан Госп. [ЗАЯВИТЕЛЬ] _____________________________________ Адрес: г. Нур-Султан, ул. [ЗАЯВИТЕЛЬ] 6 Дом Правительства, 8717-745631. www.Akorda.kz Копия – [ЗАЯВИТЕЛЬ]-Отан г. Шымкента. ___________________________________________________ ул. Акша",Дороги/Дорожное покрытие,Дороги,Дорожное покрытие,ru,dialog_egov,13.04.2021,query
hf-827-ru,"Для назначения пособия потребовали справку о доходах моего супруга, но он в местах лишения свободы.",Другое/Общие вопросы,Другое,Общие вопросы,ru,huggingface,,hf_category
710825,"Обращение с регистрационным номером 710825, направленное в Блог Аким города Алматы [ЗАЯВИТЕЛЬ]A. находится на рассмотрении у ГО",Дороги/Светофоры,Дороги,Светофоры,ru,dialog_egov,21.10.2021,query
762137/1,"Здравствуйте, меня зовут [ЗАЯВИТЕЛЬ]. Я живу в Аксенгере, что находиться рядом с городом Алматы. У нас не ходят автобусы. До карантина ходили автобусы с Каскелена до Алматы 1. После карантина автобусы перестали ходить. Дети, подростки и взрослые вынуждены добираться до город",Транспорт/Общественный транспорт,Транспорт,Общественный транспорт,ru,dialog_egov,22.12.2022,query+rules
hf-119-ru,Когда закончится строительство LRT в Астане? Огороженные территории портят вид города и создают пробки.,Транспорт/Общественный транспорт,Транспорт,Общественный транспорт,ru,huggingface,,hf_category
743031,"Добрый день. Спасибо за ответ № 739332. Позвольте уточнить, если водитель автобуса едет домой и везет пассажиров домой с базы нашей компании, может ли он пройти послесменное медицинское освидетельствование на базе перед отъездом домой? Его смена как бы еще не окончена, но эта пое",Транспорт/Общественный транспорт,Транспорт,Общественный транспорт,ru,dialog_egov,08.06.2022,query+rules
761246,[ЗАЯВИТЕЛЬ] мырза! [ЗАЯВИТЕЛЬ]-Фараби атындағы ҚазҰУ-дың «6D090900 – Логистика» мамандығы бойынша докторанты боламын. Диссертациялық жұмысымның тақырыбы: «Еуразиялық көлік дәліздеріндегі құрғақ порттардың логистикалық қызмет көрсету сапасын арттыру» («Khorgos Gateway» мысал,Освещение/Уличное освещение,Освещение,Уличное освещение,kk,dialog_egov,07.12.2022,query
hf-1044-kk,"Жаяу жүргіншілер жолында көліктер тұрады, өту мүмкін емес.",Дороги/Дорожное покрытие,Дороги,Дорожное покрытие,kk,huggingface,,hf_category
764170,"Здравствуйте! Я снова вынуждена обратиться к Вам! Экономический суд не отменили, а перенесли на 26.05.2023г. Хотя я отправила всем скрин о том, что у меня нет задолженностей! Контролер ""Актобе су энерджи групп"" так и написала мне, что их организация никуда не подавала.",ЖКХ/Отопление,ЖКХ,Отопление,ru,dialog_egov,24.05.2023,query
635640,"Обращение с регистрационным номером 635640, направленное в Блог [ЗАЯВИТЕЛЬ] РК [ЗАЯВИТЕЛЬ] отклонено ГО 28.08.2020",ЖКХ/Водоснабжение,ЖКХ,Водоснабжение,ru,dialog_egov,15.08.2020,query
172044,"Обращение с регистрационным номером 172044, направленное в Блог [ЗАЯВИТЕЛЬ]-Министра – Министр национальной экономики Республики Казахстан [ЗАЯВИТЕЛЬ] отклонено ГО",ЖКХ/Водоснабжение,ЖКХ,Водоснабжение,ru,dialog_egov,30.10.2012,query
749888,"От имени жителей микрорайона Акбулак , лично председателя ПКСК ""Солнышко"" , проживающей по улице [ЗАЯВИТЕЛЬ] дома 15 и 17 . Многоэтажки. Мы столкнулись с проблемой подключения к городским сетям холодной воды г. Алматы . Потому как сети проходящие по улице [ЗАЯВИТЕЛЬ]",ЖКХ/Водоснабжение,ЖКХ,Водоснабжение,ru,dialog_egov,05.08.2022,query+rules
hf-238-ru,Мою машину эвакуировали по ошибке. Кто возместит расходы?,Другое/Общие вопросы,Другое,Общие вопросы,ru,huggingface,,hf_category
172065,"Обращение с регистрационным номером 172065, направленное в Блог [ЗАЯВИТЕЛЬ]-Министра – Министр национальной экономики Республики Казахстан [ЗАЯВИТЕЛЬ] отклонено ГО",ЖКХ/Водоснабжение,ЖКХ,Водоснабжение,ru,dialog_egov,31.10.2012,query
737082,"Обращение с регистрационным номером 737082, направленное в Блог [ЗАЯВИТЕЛЬ] РК [ЗАЯВИТЕЛЬ] отклонено ГО 06.05.2022",ЖКХ/Лифт,ЖКХ,Лифт,ru,dialog_egov,26.04.2022,query
hf-359-ru,Провайдер отказался делать перерасчет за снижение скорости интернета.,Другое/Общие вопросы,Другое,Общие вопросы,ru,huggingface,,hf_category
763533,ҚР Бас прокуроры Б.[ЗАЯВИТЕЛЬ],Дороги/Дорожное покрытие,Дороги,Дорожное покрытие,ru,dialog_egov,17.01.2023,query
635767,"Здравствуйте уважаемый аким г Шымкент. Я [ЗАЯВИТЕЛЬ], Пишу от имени жителей дома который находится по адресу Сарымолдаева 1 А ( бывшая гидролизная) . Наш двор превращается в свалку. Предоставляю как доказательство -прикреплённые к этому обращению фото . Мусор который долже",Благоустройство/Вывоз мусора,Благоустройство,Вывоз мусора,ru,dialog_egov,16.08.2020,query+rules
hf-740-ru,"Водитель автобуса не остановился на моей остановке, а на следующей сказал, что 'это не его вина'.",Транспорт/Общественный транспорт,Транспорт,Общественный транспорт,ru,huggingface,,hf_category
748237,"Алматы облысында орналасқан Алматы-Бішкек тас жолының Беріктас және Тарғап елді мекендері арасындағы жол бөлігінің жөндеу жұмыстары қашан аяқталып, толық қолданысқа беріледі? Бес айналма жолдан тұратын, жолы шодыр. Көліктің техникалық күйін нашарлатады. Күнделікті қатынайтын жүрг",Дороги/Дорожное покрытие,Дороги,Дорожное покрытие,kk,dialog_egov,20.07.2022,query
hf-1023-ru,Ветки деревьев у пешеходного перехода мешают обзору дороги.,Дороги/Дорожное покрытие,Дороги,Дорожное покрытие,ru,huggingface,,hf_category
hf-731-kk,"Үйдің кіреберісіндегі пошта жәшіктеріне жарнама қағаздарын тығып, қоқыс тастап кетеді.",ЖКХ/Общие вопросы,ЖКХ,Общие вопросы,kk,huggingface,,hf_category
763553,"Здравствуйте. с 2019 года мое единственное жилье признано аварийным, но меня не ставят в очередь на жилье. Уже второй раз пытаюсь встать в очередь, но мне отказывают. Внятного ответа никто не дает. У меня 4 детей, я в разводе, фактически одинокая. На старшего ребенка есть справка",ЖКХ/Отопление,ЖКХ,Отопление,ru,dialog_egov,18.01.2023,query
hf-368-kk,Көлігімді тоқтатқан полиция қызметкері өзін таныстырудан бас тартты.,Другое/Общие вопросы,Другое,Общие вопросы,kk,huggingface,,hf_category
hf-910-kk,"Автобус жүргізушісі аялдамада тоқтамай, менің белгіме қарамастан өтіп кетті.",Транспорт/Общественный транспорт,Транспорт,Общественный транспорт,kk,huggingface,,hf_category
hf-641-ru,Ручка на входной двери в подъезд сломана.,ЖКХ/Общие вопросы,ЖКХ,Общие вопросы,ru,huggingface,,hf_category
hf-124-ru,Общежитие колледжа в плохом состоянии. Ремонт не проводился уже много лет.,Другое/Общие вопросы,Другое,Общие вопросы,ru,huggingface,,hf_category
558590,"Здравствуйте Уважаемый [ЗАЯВИТЕЛЬ]! Мы жители двора, находящегосая по адресу г. Алматы, Аксай 2, дома 69, 70, 71, 72, 73, 73а обращаемся к вам с жалобой и просьбой. У нас во дворе проживают сотни семей! У всех есть дети. Двор в ужасном не пригодном для жизни, опасном дл",Благоустройство/Детские площадки,Благоустройство,Детские площадки,ru,dialog_egov,13.07.2019,query
727973,"Жить и творить на той земле, на которой родился 20 февраля 2022 года в а.[ЗАЯВИТЕЛЬ] и а.Жалтырколь с рабочим визитом посетил заместитель [ЗАЯВИТЕЛЬ] области [ЗАЯВИТЕЛЬ] В поездке приняли участие Аппарат акима Аршалынского района подрядчики и жители аульного округа. Чле",Дороги/Светофоры,Дороги,Светофоры,ru,dialog_egov,21.02.2022,query
hf-460-ru,Водитель автобуса отказался принимать мою карту 'Онай'.,Транспорт/Общественный транспорт,Транспорт,Общественный транспорт,ru,huggingface,,hf_category
760181,"Уважаемый [ЗАЯВИТЕЛЬ]. В силу обстоятельств вынужден ездить каждый день по улице Розыбакиева и заметил что как поставили светофор на улице Мынбаева стала образовываться пробка так как светофор на улице Абая горит слишком долго в направлении восток запад, а в направлении",Дороги/Светофоры,Дороги,Светофоры,ru,dialog_egov,24.11.2022,query+rules
hf-452-ru,"Врач отказался меня принимать, хотя я был записан.",Другое/Общие вопросы,Другое,Общие вопросы,ru,huggingface,,hf_category
hf-9-kk,"Ақтөбе қаласындағы учаскелік инспекторға телефон соқсам, ешқашан көтермейді. Аулада тәртіп бұзушылықтар жиілеп кетті. Полиция қызметкерлерінің халықпен байланысын жақсарту қажет.",Другое/Общие вопросы,Другое,Общие вопросы,kk,huggingface,,hf_category
hf-894-kk,"Мектептегі асханадағы тамақтардың сапасы нашар болғандықтан, баламның оқуға деген қызығушылығы азайды.",Другое/Общие вопросы,Другое,Общие вопросы,kk,huggingface,,hf_category
hf-368-ru,Остановивший меня сотрудник полиции отказался представиться.,Другое/Общие вопросы,Другое,Общие вопросы,ru,huggingface,,hf_category
758633,"Здравствуйте, Меня зовут [ЗАЯВИТЕЛЬ], до этого я писала обращение о том что была принята в один из лучших университетов Германии, который входит в топ-50 университетов мира - TUM. И что, к сожалению, так как университет является бесплатным, он не предоставляет финансировани",ЖКХ/Отопление,ЖКХ,Отопление,ru,dialog_egov,07.11.2022,query
hf-895-kk,Мемлекеттік сатып алу конкурсының жеңімпазының басшысы - ұйымдастырушының сыныптасы.,Другое/Общие вопросы,Другое,Общие вопросы,kk,huggingface,,hf_category
753887,"Добрый день, Уважаемый министр! Меня зовут, Бауржан, я житель Талгарского района, Алматинской области. Я как автолюбитель каждое утро и вечер сталкиваюсь с проблемой пробки по Талгарской трассе, а именно светофор на Магнум. С недавних пор изменили перекресток, расширив его, что",Дороги/Светофоры,Дороги,Светофоры,ru,dialog_egov,12.09.2022,query+rules
hf-582-ru,В туалете поликлиники нет воды.,Другое/Общие вопросы,Другое,Общие вопросы,ru,huggingface,,hf_category
hf-212-kk,Ауладағы ойын алаңының элементтері тот басқан және қауіпті.,ЖКХ/Общие вопросы,ЖКХ,Общие вопросы,kk,huggingface,,hf_category
756246/3,"[ЗАЯВИТЕЛЬ] ханым! [ЗАЯВИТЕЛЬ] Жаналыулы Тараз қаласы, Целиноград көшесі 2/2 үйдің тұрғынымын. Целиноград көшелерінің 1,2,3,4 бұрылыстарына 2020 жылы жол түсу керек болған. Бірақ 2021 жылы әкімдікке барғанда 2021дің желтоқсан айынан дейін салынатыны хабарланды. 2022 ш",Освещение/Уличное освещение,Освещение,Уличное освещение,kk,dialog_egov,06.10.2022,query
hf-191-ru,Автобусная остановка находится очень далеко от дома. Можно ли перенести ее поближе?,Транспорт/Общественный транспорт,Транспорт,Общественный транспорт,ru,huggingface,,hf_category
hf-579-kk,Интернет провайдері келісім-шартты бұзғаным үшін үлкен айыппұл талап етеді.,Другое/Общие вопросы,Другое,Общие вопросы,kk,huggingface,,hf_category
hf-728-ru,"Когда я вызываю полицию из-за шума, сосед просто не открывает им дверь.",Другое/Общие вопросы,Другое,Общие вопросы,ru,huggingface,,hf_category
139026,[ЗАЯВИТЕЛЬ] Транспорт 19.04.2012 139026 269 Подробнее,Транспорт/Общественный транспорт,Транспорт,Общественный транспорт,ru,dialog_egov,19.04.2012,query
hf-900-kk,"Автобус жүргізушісі менің аялдамамда тоқтамай, 'мен сенің белгіңді көргенім жоқ, терезе лас' деді.",Транспорт/Общественный транспорт,Транспорт,Общественный транспорт,kk,huggingface,,hf_category
hf-76-kk,Құрылыс алаңынан шыққан шаң айналадағы үйлерді басып қалды. Құрылыс нормалары сақталмайды.,Благоустройство/Вывоз мусора,Благоустройство,Вывоз мусора,kk,huggingface,,hf_category
hf-791-kk,Үйдің кіреберісіндегі лифттің есігі қатты тарс етіп жабылады.,ЖКХ/Общие вопросы,ЖКХ,Общие вопросы,kk,huggingface,,hf_category
743993,"В г.Алматы в целом микрорайоне, а именно в мкр.Нуркент, полностью отключена подача холодной воды с 14 июня 2022 года. Согласно уведомлению от поставщика услуг ""Алматы су"" есть задолженность КСК ""Нуркент 1"" (этот КСК обслуживает наш район). То есть есть соседи,",ЖКХ/Водоснабжение,ЖКХ,Водоснабжение,ru,dialog_egov,15.06.2022,query+rules
hf-111-kk,"Атырау қаласы, Сәтпаев көшесіндегі жолға сапасыз жөндеу жүргізілген. Бірнеше айдан кейін қайтадан шұңқырлар пайда болды.",Дороги/Дорожное покрытие,Дороги,Дорожное покрытие,kk,huggingface,,hf_category
756256,"Құрметті [ЗАЯВИТЕЛЬ]! Cізге өтініш жазып отырған Астана қаласы Сарыарқа даңғылы 31/2 үй, 175 пәтер иесі Аблгазинова [ЗАЯВИТЕЛЬ]. Мен осы 175 пәтерді ипотекаға алып, 17 қыркүйекте көшіп келдім. Келген кезде ыстық су болған жоқ. Себебін сұраған кезде повалдағы трубалард",ЖКХ/Водоснабжение,ЖКХ,Водоснабжение,kk,dialog_egov,04.10.2022,query+rules
690118,Добрый день! Прошу Вас принять меры по ликвидации стихийной свалки мусора у жилых домов по улице Малайсары 43 и 45/1 города Павлодар! На мои неоднократные обращения вами и вашими подчиненными нет никакой реакции.,Благоустройство/Вывоз мусора,Благоустройство,Вывоз мусора,ru,dialog_egov,11.06.2021,query+rules
hf-879-kk,"Интернет провайдерінің қызметкерлері үйге келгенде, менің үйімдегі заттарды рұқсатсыз жылжытып, сындырып алды.",Другое/Общие вопросы,Другое,Общие вопросы,kk,huggingface,,hf_category
763884,"Обращение с регистрационным номером 763884, направленное в Блог Директор КГУ «Государственный архив Шемонаихинского района» управления цифровизации и архивов ВКО [ЗАЯВИТЕЛЬ] находится на рассмотрении у ГО",ЖКХ/Отопление,ЖКХ,Отопление,ru,dialog_egov,14.03.2023,query
765429,Сәлеметсіз бе! Мен 2023 жылы арнайы депозит есеп ашып сонда 2024 жылы желтоқсан айында 755 мыңға толтырдым.Оны қарызға алып толтырдым.Мемлекеттік сыйлықақы алу үшін. Менің одан бөлек 2020 жылы ашылған жат отбасы депозитім болатын.Маған смс келді мемлекеттік сыйлықақыға сұраныс қа,ЖКХ/Отопление,ЖКХ,Отопление,kk,dialog_egov,03.03.2025,query
205082,"Уважаемый [ЗАЯВИТЕЛЬ]. У нас проблема с монополистом [ЗАЯВИТЕЛЬ]. Проблема заключается в том ,что Караганда Су не выполняет свои обязательства перед потребителями. В конце ноября 2012 года перед нашим домой пр",ЖКХ/Водоснабжение,ЖКХ,Водоснабжение,ru,dialog_egov,31.05.2013,query
hf-613-kk,Жолдағы шұңқырлардың кесірінен көлігімнің амортизаторы істен шықты.,Дороги/Дорожное покрытие,Дороги,Дорожное покрытие,kk,huggingface,,hf_category
hf-226-kk,Қаланың ауасын ластайтын ескі көліктерді қашан тыяды?,Благоустройство/Вывоз мусора,Благоустройство,Вывоз мусора,kk,huggingface,,hf_category
749039,"Уважаемый [ЗАЯВИТЕЛЬ], обращаюсь к вам со следующим негодованием и возмущением. Я являюсь уроженцем возглавляемого вами города. В виду нахождения на ремонте автомобиля был в течение двух недель «счастливым» пользователем общественного транспорта столицы, а в частности 28 мар",Транспорт/Общественный транспорт,Транспорт,Общественный транспорт,ru,dialog_egov,28.07.2022,query
hf-237-kk,Әлеуметтік дүкендердегі азық-түлік бағасы базардағыдан қымбат.,Другое/Общие вопросы,Другое,Общие вопросы,kk,huggingface,,hf_category
hf-242-ru,Крыша дома постоянно протекает. КСК не ремонтирует.,ЖКХ/Общие вопросы,ЖКХ,Общие вопросы,ru,huggingface,,hf_category
hf-666-kk,Қаланың жанындағы өзенге жақын жердегі құрылыс алаңынан қоқыс суға ағып жатыр.,Благоустройство/Вывоз мусора,Благоустройство,Вывоз мусора,kk,huggingface,,hf_category
hf-705-ru,Потребовали 'вознаграждение' за продвижение в очереди на земельный участок.,Другое/Общие вопросы,Другое,Общие вопросы,ru,huggingface,,hf_category
600470,Добрый день. Надеемся на Вашу помощь. В прошлом году мы писали письмо акиму Карагандинской области № 546015 от 18.04.2019. Так же писали неоднократно письмо в акимат Темиртау о благоустройстве детской площадки в нашем дворе. В этом году начиная с января месяца у нас во дворе п,ЖКХ/Водоснабжение,ЖКХ,Водоснабжение,ru,dialog_egov,15.03.2020,query
hf-441-ru,Стена в доме отсырела и покрылась плесенью.,ЖКХ/Общие вопросы,ЖКХ,Общие вопросы,ru,huggingface,,hf_category
hf-116-ru,В центральном парке Костаная не хватает мусорных урн. Отдыхающим некуда выбрасывать мусор.,Благоустройство/Вывоз мусора,Благоустройство,Вывоз мусора,ru,huggingface,,hf_category
hf-233-kk,Дәрігердің қабылдауына жазылу үшін таңғы сағат 7-де кезекке тұру керек.,Другое/Общие вопросы,Другое,Общие вопросы,kk,huggingface,,hf_category
hf-527-ru,При назначении пособия деньги на моем банковском счете посчитали как доход.,Другое/Общие вопросы,Другое,Общие вопросы,ru,huggingface,,hf_category
hf-405-kk,Мемлекеттік сатып алу конкурсының нәтижелері алдын ала белгілі сияқты.,Другое/Общие вопросы,Другое,Общие вопросы,kk,huggingface,,hf_category
hf-264-ru,"На деньги, выделенные для ремонта школы, закупили некачественные материалы.",Другое/Общие вопросы,Другое,Общие вопросы,ru,huggingface,,hf_category
hf-208-kk,Көлігімді заңсыз айыптұраққа қойды деп хаттама толтырды.,Другое/Общие вопросы,Другое,Общие вопросы,kk,huggingface,,hf_category
751924,"Уважаемый Шукеев [ЗАЯВИТЕЛЬ] ! Обращаемся к Вам! О нарушение экологического кодекса РК. По поводу закрытие незаконного полигона для свалки мусора которого расположенного в село Аксукент , ул Сураншы батира, рядом старой центральной котельной. От стороны жителей было письм",Благоустройство/Вывоз мусора,Благоустройство,Вывоз мусора,ru,dialog_egov,24.08.2022,query
202746,"<p>Здравствуйте. Мы просто хотели поставить Вас в известность, что такое письмо написано и отправлено.</p> <p><span lang=""EN-US"">Bundeskanzleramt</span>, <span lang=""EN-US"">Bundeskanzlerin</span>, <span lang=""EN-US"">Angela Merkel&l",Транспорт/Общественный транспорт,Транспорт,Общественный транспорт,ru,dialog_egov,15.05.2013,query
618015,"Уважаемый [ЗАЯВИТЕЛЬ]! Обращается к [ЗАЯВИТЕЛЬ] с ограниченной ответственностью «ЕСИК-БЕРЕКЕ», мы являемся Товариществом со 100% Казахстанским участием, осуществляющим деятельность в области геологической разведки и изысканий (добыча песчано-гравийной с",Благоустройство/Вывоз мусора,Благоустройство,Вывоз мусора,ru,dialog_egov,21.05.2020,query
749566,"Обращение с регистрационным номером 749566, направленное в Блог Министр науки и высшего образования РК [ЗАЯВИТЕЛЬ] находится на рассмотрении у ГО",ЖКХ/Водоснабжение,ЖКХ,Водоснабжение,ru,dialog_egov,02.08.2022,query
hf-42-ru,Стою в очереди на жилье уже 10 лет. Очередь совсем не двигается. Можно ли получить какую-то информацию?,Другое/Общие вопросы,Другое,Общие вопросы,ru,huggingface,,hf_category
hf-758-ru,"Сотрудники полиции приняли мою жалобу, но объединили ее с другим делом.",Другое/Общие вопросы,Другое,Общие вопросы,ru,huggingface,,hf_category
hf-55-kk,Дәріханада тегін дәрі-дәрмектердің орнына қымбат аналогтарын ұсынады. Бұл заңды ма?,Другое/Общие вопросы,Другое,Общие вопросы,kk,huggingface,,hf_category
hf-93-ru,Качество еды в школе плохое. Мой ребенок жалуется на боли в животе.,Другое/Общие вопросы,Другое,Общие вопросы,ru,huggingface,,hf_category
hf-622-ru,Квалификация многих врачей в поликлинике низкая.,Другое/Общие вопросы,Другое,Общие вопросы,ru,huggingface,,hf_category
hf-749-ru,"Сотрудники интернет-провайдера, придя на дом, задавали вопросы о моей личной жизни.",Другое/Общие вопросы,Другое,Общие вопросы,ru,huggingface,,hf_category
hf-219-ru,"Не делают перерасчет за дни, когда скорость интернета была низкой.",Другое/Общие вопросы,Другое,Общие вопросы,ru,huggingface,,hf_category
168164,"Здравствуйте, [ЗАЯВИТЕЛЬ]. Я житель города Павлодара. Моя восмилетняя дочь учится в школе №4, во втором классе, со второй смены (с 14:00). Последний (четвертый) урок заканчивается в 17:40. Через несколько недель будет темно идти домой или до автобусной остановк",Дороги/Дорожное покрытие,Дороги,Дорожное покрытие,ru,dialog_egov,03.10.2012,query
hf-888-kk,"Полиция қызметкерлері менің шағымымды қабылдап, бірақ оны басқа іспен шатастырып, мені жауапқа тартты.",Другое/Общие вопросы,Другое,Общие вопросы,kk,huggingface,,hf_category
hf-697-kk,Жәрдемақы тағайындау кезінде менің қосымша табысым ретінде депозитімдегі пайыздарды есептеп жіберді.,Другое/Общие вопросы,Другое,Общие вопросы,kk,huggingface,,hf_category
hf-244-ru,"Возле школы находится магазин, где продают алкогольную продукцию.",Другое/Общие вопросы,Другое,Общие вопросы,ru,huggingface,,hf_category
707342,Доброго времени суток. Мое обращение направлено на состояние улицы на которой я проживаю. В середине лета этого года по нашей улице начались работы по прокладке центральной канализации. Посреди дороги был выкопан огромный ров с ямой и брошен. По словам инженеров кто выполнял рабо,Благоустройство/Вывоз мусора,Благоустройство,Вывоз мусора,ru,dialog_egov,27.09.2021,query
hf-850-ru,"Водитель автобуса не остановился на моей остановке, сказав, что 'он не видел моего знака, у него плохое зрение'.",Транспорт/Общественный транспорт,Транспорт,Общественный транспорт,ru,huggingface,,hf_category
761341,"Доброго времени суток! Приобрели квартиру в городе Алматы на 12 этаже ([ЗАЯВИТЕЛЬ] жырау, 23). На техническом этаже расположены помещения, которые сдаются в аренду. Арендаторы работают круглосуточно, вследствие чего лифт работает без остановки 24/7. Наша квартира расположена по",ЖКХ/Лифт,ЖКХ,Лифт,ru,dialog_egov,08.12.2022,query+rules
hf-691-ru,Экран на домофоне в подъезде не работает.,ЖКХ/Общие вопросы,ЖКХ,Общие вопросы,ru,huggingface,,hf_category
hf-125-kk,Мемлекеттік сатып алу конкурсы әділетсіз өтті деп санаймын. Жеңімпаз компанияның тәжірибесі аз.,Другое/Общие вопросы,Другое,Общие вопросы,kk,huggingface,,hf_category
hf-84-kk,Жаяу жүргіншілер жолында көліктерді қойып кетеді. Жүру мүмкін емес.,Дороги/Дорожное покрытие,Дороги,Дорожное покрытие,kk,huggingface,,hf_category
hf-35-ru,Для госпитализации заставляют сдавать анализы за свой счет. Разве это не должно быть бесплатно в рамках ГОБМП?,Другое/Общие вопросы,Другое,Общие вопросы,ru,huggingface,,hf_category
hf-257-ru,"Я пенсионер, положена ли мне какая-либо социальная помощь?",Другое/Общие вопросы,Другое,Общие вопросы,ru,huggingface,,hf_category
hf-397-ru,В школе отказались открывать инклюзивный класс для моего ребенка с особыми потребностями.,Другое/Общие вопросы,Другое,Общие вопросы,ru,huggingface,,hf_category
706287,"Здравствуйте. Участок дороги Караганда-Павлодар между селами Алгабас-Керней-[ЗАЯВИТЕЛЬ]-Жырауского района Карагандинской области в ужасном разбитом состоянии. Для реального понимания, Аким области и другое руководство области может выехать, чтобы увидеть все сами. Неужел",Дороги/Дорожное покрытие,Дороги,Дорожное покрытие,ru,dialog_egov,20.09.2021,query+rules
hf-834-kk,"Мектептегі асханадағы тамақтардың сапасы нашар болғандықтан, баламның гастриті асқынып кетті.",Другое/Общие вопросы,Другое,Общие вопросы,kk,huggingface,,hf_category
hf-216-kk,Кәріз суларын тікелей өзенге ағызып жатыр.,Благоустройство/Вывоз мусора,Благоустройство,Вывоз мусора,kk,huggingface,,hf_category
743416,Уважаемый [ЗАЯВИТЕЛЬ]! 5 июня 2022 года состоялся исторический Референдум. Наш народ проявил свою зрелость и поддержал принятие поправок в [ЗАЯВИТЕЛЬ] Казахстан. [ЗАЯВИТЕЛЬ] Казахстан Касым-[ЗАЯВИТЕЛЬ] его программу «Новый Казахстан» под,Транспорт/Общественный транспорт,Транспорт,Общественный транспорт,ru,dialog_egov,11.06.2022,query
694286,"Турлыбаевичтен ЖСН:[ИИН] Ү/б:[ТЕЛЕФОН] Түркістан облысы Мақтаарал ауданы [ЗАЯВИТЕЛЬ] ауылдық округі Өнімкер елді мекені [ЗАЯВИТЕЛЬ] көшесі №10 үй тұрғыны ШАҒЫМ [ЗАЯВИТЕЛЬ] Аймағанбетов! Менің арыз жазу себебім, Түркістан облысы, Мақтаарал ауданы, [ЗАЯВИТЕЛЬ]",Дороги/Дорожное покрытие,Дороги,Дорожное покрытие,kk,dialog_egov,06.07.2021,query
hf-854-kk,"Мектептегі асханадағы тамақтардың сапасы нашар болғандықтан, баламның иммунитеті төмендеп кетті.",Другое/Общие вопросы,Другое,Общие вопросы,kk,huggingface,,hf_category
hf-292-kk,"Жертөледегі құбыр жарылып, ыстық су ағып жатыр.",ЖКХ/Общие вопросы,ЖКХ,Общие вопросы,kk,huggingface,,hf_category
hf-487-ru,Уже год стоим в очереди на получение инвалидной коляски для ребенка.,Другое/Общие вопросы,Другое,Общие вопросы,ru,huggingface,,hf_category
hf-751-kk,Үйдің кіреберісіндегі шамдар үнемі істен шығады.,ЖКХ/Общие вопросы,ЖКХ,Общие вопросы,kk,huggingface,,hf_category
hf-708-kk,"Полиция қызметкерлері менің шағымымды қабылдамай, істің маңызы жоқ деді.",Другое/Общие вопросы,Другое,Общие вопросы,kk,huggingface,,hf_category
hf-877-kk,"Жәрдемақы тағайындау үшін менің жұбайымның табысы туралы анықтаманы талап етті, бірақ ол басқа отбасымен тұрады.",Другое/Общие вопросы,Другое,Общие вопросы,kk,huggingface,,hf_category
758275,"Прошу вас ознакомиться с публикацией https://vk.com/zb_07 Установить личность водителя,а так же лица совершившего выброс мусора из т/с на проезжей части пр.Абая г.Уральск,тем самым создавшего аварийную обстановку на дороге,и привлечь его к строгой административной ответственност",Благоустройство/Вывоз мусора,Благоустройство,Вывоз мусора,ru,dialog_egov,01.11.2022,query
hf-178-kk,"Жәрдемақы тағайындау кезінде менің қосымша табысымды ескеріп, мөлшерін азайтып тастады.",Другое/Общие вопросы,Другое,Общие вопросы,kk,huggingface,,hf_category
hf-254-kk,"Мектептегі ағылшын тілі мұғалімі жиі ауысады, білім сапасы төмендеп кетті.",Другое/Общие вопросы,Другое,Общие вопросы,kk,huggingface,,hf_category
hf-377-kk,Зейнетақымның мөлшері дұрыс есептелмеген сияқты.,Другое/Общие вопросы,Другое,Общие вопросы,kk,huggingface,,hf_category
hf-668-kk,"Полиция қызметкерлері менің шағымымды қабылдап, бірақ ешқандай нөмір бермеді.",Другое/Общие вопросы,Другое,Общие вопросы,kk,huggingface,,hf_category
685704/1,"Здравствуйте, меня зовут [ЗАЯВИТЕЛЬ], я с города Актау. В нашем городе недостаточно парковочных мест для автомобилей во дворах и вдоль улиц (а также неисправны дороги и многие другие дорожные проблемы), из-за чего, практический в каждом дворе жителям приходится парковать свои ав",Благоустройство/Детские площадки,Благоустройство,Детские площадки,ru,dialog_egov,19.05.2021,query
hf-643-ru,Из-за ям на дороге у меня лопнуло колесо.,Дороги/Дорожное покрытие,Дороги,Дорожное покрытие,ru,huggingface,,hf_category
hf-259-kk,Ауылдағы интернеттің жылдамдығы мемлекеттік қызметтерді алуға жеткіліксіз.,Другое/Общие вопросы,Другое,Общие вопросы,kk,huggingface,,hf_category
755309,"Құрметті Алматы қаласының әкімі [ЗАЯВИТЕЛЬ] мырза [ЗАЯВИТЕЛЬ] Құрманбай ұлы Дастан, [ЗАЯВИТЕЛЬ] және тағы 200 отбасы 2005 жылдан бері Алатау ауданы Шанырақ-1 ы/а қарасты Ертарғын көшесінің «Сай жақ» бөлігінің тұрғындарымыз. Біздің ү",ЖКХ/Водоснабжение,ЖКХ,Водоснабжение,kk,dialog_egov,24.09.2022,query
hf-556-ru,"Из-за сточных вод, сбрасываемых в реку за городом, гибнет рыба.",Благоустройство/Вывоз мусора,Благоустройство,Вывоз мусора,ru,huggingface,,hf_category
705653,"день добрый, обращаюсь к вам с вопросом: ""Когда будет произведен ремонт дороги в жилом массиве Кирпичный, начиная от светофора до п.Акжар?"" . Являясь законопослушной налогоплательщицей и владея единственным автотранспортом я потратила в этом году не мало денег на ремонт",Дороги/Светофоры,Дороги,Светофоры,ru,dialog_egov,15.09.2021,query+rules
hf-566-kk,Қаланың жанындағы тау бөктерінде қоқыс полигонын салуға рұқсат берілгені рас па?,Благоустройство/Вывоз мусора,Благоустройство,Вывоз мусора,kk,huggingface,,hf_category
hf-638-ru,"Мой сосед сдает квартиру людям, которые нарушают тишину.",Другое/Общие вопросы,Другое,Общие вопросы,ru,huggingface,,hf_category
hf-872-kk,"Дәрігердің қабылдауына жазылған уақытымда келсем, ол менің орныма басқа пациенттің рентген суреттерін қарап отырды.",Другое/Общие вопросы,Другое,Общие вопросы,kk,huggingface,,hf_category
732757,"Қазіргі таңда, менің сенім білдіруші [ЗАЯВИТЕЛЬ] арызымен ҚК-тің 190-бабы 4-бөлігі 2-тармағымен қозғалған күдікті [ЗАЯВИТЕЛЬ] қатысты №203110031001055 қылмыстық іс Жамбыл облысы ПД 1-ПБ-да тергеліп, Тараз қаласының №2 сотында қаралуда. №203110031001055 қылмыстық істі өз өнд",Дороги/Дорожное покрытие,Дороги,Дорожное покрытие,kk,dialog_egov,30.03.2022,query
hf-120-kk,"Мобильді банкинг арқылы мемлекеттік баж салығын төледім, бірақ төлем жүйеде көрінбейді. Ақша қайда кетті?",Другое/Общие вопросы,Другое,Общие вопросы,kk,huggingface,,hf_category
hf-435-kk,Тендерді ұтып алған компанияның директоры - әкімдіктегі шенеуніктің туысы.,Другое/Общие вопросы,Другое,Общие вопросы,kk,huggingface,,hf_category
hf-573-ru,В полу надземного пешеходного моста дыра.,Дороги/Дорожное покрытие,Дороги,Дорожное покрытие,ru,huggingface,,hf_category
604364,"Здравствуйте. Прошу разобраться и принять меры в отношении нижеизложенной ситуации, так как, вы, Акимат г. Нур-Cултан бездействуете, несмотря на то, что контроль по данному вопросу возложен на вас, как на орган, отвечающий за качество городской среды. Ситуация: Являюсь жителем",Благоустройство/Детские площадки,Благоустройство,Детские площадки,ru,dialog_egov,05.04.2020,query
753370,"Уважаемые господа! Просьба обратить внимание и разобраться с подключенным светофором в Турксибском районе по Илийскому тракту в районе 70-го разъезда Очень большие пробки в сторону города Алматы в часы пик по утрам С пос.Отеген батыр (ГРЭС) стало невозможно ездить, часами стои",Дороги/Светофоры,Дороги,Светофоры,ru,dialog_egov,07.09.2022,query+rules
hf-213-kk,Дәрігер анализдерді ақылы зертханада тапсыруға кеңес береді.,Другое/Общие вопросы,Другое,Общие вопросы,kk,huggingface,,hf_category
hf-57-kk,Жәрдемақыны рәсімдеу үшін өте көп анықтама сұрайды. Олардың көбісін электронды базадан алуға болады ғой.,Другое/Общие вопросы,Другое,Общие вопросы,kk,huggingface,,hf_category
748201,"Настоящим объединение собственников имущества 33-19 «АККУ», в целях безопасности детей 33 микрорайона 19 дома просит Вас обновить футбольную площадку, расположенную возле детской площадки данного дома. Отмечаем, что футбольная площадка, расположенная в 33 микрорайоне возле 19 до",Благоустройство/Вывоз мусора,Благоустройство,Вывоз мусора,ru,dialog_egov,20.07.2022,query+rules
766215,"Уважаемая [ЗАЯВИТЕЛЬ]! Обращаюсь к Вам в связи с возникшей проблемой при оформлении кредитной заявки через портал «[ЗАЯВИТЕЛЬ]». 12.05.2026 года моя сестра сдала полный пакет документов в отделение АО «Отбасы банк». 13.05.2026 года мною, как созаемщиком, все необходимые д",Дороги/Дорожное покрытие,Дороги,Дорожное покрытие,ru,dialog_egov,18.05.2026,query
737820,"[ЗАЯВИТЕЛЬ] мен Арай мөлтек ауданының [ЗАЯВИТЕЛЬ] көшесіндегі шешімін таппаған бірнеше проблемаларды көтеріп келе жатқаныма бірнеше жылдың көлемі болды. Осыдан 3-4 жыл бұрын қоғамдық қабылдауға қатысып, біраз келеңсіз жағдайларды айтқан болатынмын",Транспорт/Общественный транспорт,Транспорт,Общественный транспорт,kk,dialog_egov,30.04.2022,query
hf-163-kk,"Дәрігер қате диагноз қойып, дұрыс емес ем жазып берді.",Другое/Общие вопросы,Другое,Общие вопросы,kk,huggingface,,hf_category
hf-483-ru,У моей машины лопнула шина из-за сломанной крышки люка посреди дороги.,Дороги/Дорожное покрытие,Дороги,Дорожное покрытие,ru,huggingface,,hf_category
hf-592-ru,"Я потерял талон на прием к врачу, и теперь меня не принимают.",Другое/Общие вопросы,Другое,Общие вопросы,ru,huggingface,,hf_category
757319,"Обращение с регистрационным номером 757319, направленное в Блог [ЗАЯВИТЕЛЬ] РК [ЗАЯВИТЕЛЬ] отклонено ГО 23.11.2022",Транспорт/Общественный транспорт,Транспорт,Общественный транспорт,ru,dialog_egov,17.10.2022,query
hf-841-ru,Дверь лифта в подъезде перекошена.,ЖКХ/Общие вопросы,ЖКХ,Общие вопросы,ru,huggingface,,hf_category
765995,"Обращение с регистрационным номером 765995, направленное в Блог Председатель Правления АО «Казахстанский центр модернизации и развития жилищно-коммунального хозяйства» [ЗАЯВИТЕЛЬ] находится на рассмотрении у ГО",ЖКХ/Лифт,ЖКХ,Лифт,ru,dialog_egov,24.12.2025,query
hf-85-ru,"Невозможно бесплатно записаться на УЗИ, говорят, что быстро можно пройти только платно.",Другое/Общие вопросы,Другое,Общие вопросы,ru,huggingface,,hf_category
hf-588-ru,Собака соседа постоянно лает и не дает покоя.,Другое/Общие вопросы,Другое,Общие вопросы,ru,huggingface,,hf_category
hf-324-ru,На уроках физкультуры в школе не соблюдается техника безопасности.,Другое/Общие вопросы,Другое,Общие вопросы,ru,huggingface,,hf_category
654241,"Мен, Асанов [ЗАЯВИТЕЛЬ] 2020 жылғы 20 қазанда өзім басқарып отырған «Фольсцваген гольф» маркалы мемлекеттік номері 744 DKA 11 аймақ автокөлікпен Қызылорда қаласы, Қазантаев көшесіннен шығайындеп тұрдым. Сол жақта тұруға болмайтын жерде бір автокөлік түрды.",Дороги/Дорожное покрытие,Дороги,Дорожное покрытие,kk,dialog_egov,26.11.2020,query
hf-392-kk,"Емханадағы зертханада реактивтер жоқ деп, анализ қабылдаудан бас тартты.",Другое/Общие вопросы,Другое,Общие вопросы,kk,huggingface,,hf_category
hf-567-kk,Көпбалалы отбасы ретінде тегін жер учаскесін алуға кезегім қашан келеді?,Другое/Общие вопросы,Другое,Общие вопросы,kk,huggingface,,hf_category
705521/1,"Здравствуйте, меня зовут [ЗАЯВИТЕЛЬ], я проживаю в г.Косшы, ЖК ""Сиреневый сад"" . Наше село недавно получило статус города, теперь наш город должен соответствовать статусу города областного значения, Вы прекрасно знаете, что город находится рядом со столицей, и в",Дороги/Светофоры,Дороги,Светофоры,ru,dialog_egov,15.09.2021,query
hf-819-kk,"Интернет провайдерінің қызметкерлері үйге келгенде, менің үйімдегі заттардың орнын ауыстырды.",Другое/Общие вопросы,Другое,Общие вопросы,kk,huggingface,,hf_category
748316,"Здравствуйте. Когда в Алматы наконец-то будет решен вопрос с кондиционированием в общественном транспорте? Не смотря на многочисленные жалобы пассажиров общественного транспорта в соц.сетях, прямые жалобы в правительство и акимат г.Алматы, автоперевозчикам, статьи в масс-медиа -",Транспорт/Общественный транспорт,Транспорт,Общественный транспорт,ru,dialog_egov,21.07.2022,query
697378,"Уважаемый [ЗАЯВИТЕЛЬ]! Я, Аубакирова [ЗАЯВИТЕЛЬ], обращаюсь к Вам от лица жителей 30-квартирного жилого дома по адресу г.Кокшетау, м-н Сарыарка 9/14. Заселение было в августе-сентябре 2020 года, застройщиком дома является ТОО «Дело ФБК» (далее – Застройщик). Так ка",ЖКХ/Водоснабжение,ЖКХ,Водоснабжение,ru,dialog_egov,26.07.2021,query
762553,"Уважаемый [ЗАЯВИТЕЛЬ]! Обращается к вам житель частного сектора Юго-Восток г.Караганды. Многие жители пользуются для отопления домов сжиженным газом, в большинстве своем пропаном. Долгое время цена на пропан была 149.6 тн/кг , недавно подняли до 161.5 ,хотя цена на смесь про",ЖКХ/Отопление,ЖКХ,Отопление,ru,dialog_egov,28.12.2022,query+rules
762758/1,"ШАҒЫМ Мен, Т.[ЗАЯВИТЕЛЬ] жалпы педагогикалық өтілім 40жыл, жоғарыда аталған мектепте 25 жылдай қызмет етемін. Жоғары білікті педагог-шебер, «Елтану» қолданбалы курсының, «Қазақстан тарихы» (Грант) аудиокітабының авторымын, 2019ж Білім және ғылым министрлігінің Құрмет грамотасым",ЖКХ/Отопление,ЖКХ,Отопление,kk,dialog_egov,04.01.2023,query
hf-590-kk,Автобус жүргізушісі менің сұрағыма дөрекі жауап берді.,Транспорт/Общественный транспорт,Транспорт,Общественный транспорт,kk,huggingface,,hf_category
hf-209-kk,Интернет-провайдер техникалық ақаулықты бірнеше күн бойы жөндемейді.,Другое/Общие вопросы,Другое,Общие вопросы,kk,huggingface,,hf_category
hf-275-kk,"Жол полициясы қызметкері себепсіз тоқтатып, ақша бопсалады.",Другое/Общие вопросы,Другое,Общие вопросы,kk,huggingface,,hf_category
755785,"Құрметті министр! Түркістан облысы , Ордабасы ауданы , Шұбарсу елді мекені Рауан массиві жарықсыз жиі қалып кетеді. Міне, үшінші күн жарықсыз отырғанымызға. Естуімше, жарық беру жекеменшік екен. 65 үйге ай сайын 200,000 теңгедей шығын артық төлем келеді. Жарық болмаған соң не",Освещение/Уличное освещение,Освещение,Уличное освещение,kk,dialog_egov,29.09.2022,query+rules
hf-128-ru,Мой сосед сдает квартиру и не платит налоги. Насколько это законно?,Другое/Общие вопросы,Другое,Общие вопросы,ru,huggingface,,hf_category
758768,"вчера, 08.11.2022 г. мной в личном кабинете была обнаружена информация о совершении следующего административного правонарушения- Нарушение правил благоустройства территорий городов и населенных пунктов, а также разрушение объектов инфраструктуры, уничтожение и повреждение зел",Благоустройство/Вывоз мусора,Благоустройство,Вывоз мусора,ru,dialog_egov,09.11.2022,rules
hf-1034-kk,"Жолдың ортасындағы люк қақпағы сынған, өте қауіпті.",Дороги/Дорожное покрытие,Дороги,Дорожное покрытие,kk,huggingface,,hf_category
756798/1,Құрметті мемлекеттік қызмет істер агенттігі төрағасы менің шағым жазу себебім .Шымкент қаласы Қаратау ауданы әкімі ұйымдастырумен аптасына бір екі кун болатын қалалық жәрменкеде тәтті тағамдар екі орында қасымда бірінші топ мүгедек сіңілімен бес алты жыл жұмыс істедім .Шымкент қа,ЖКХ/Отопление,ЖКХ,Отопление,kk,dialog_egov,11.10.2022,query
hf-1057-kk,"Лифт жиі бұзылады, ал қызмет көрсетуші компания телефонды көтермейді.",ЖКХ/Общие вопросы,ЖКХ,Общие вопросы,kk,huggingface,,hf_category
763954,"Уважаемые господа! просьба проверить и устранить завышенные платежи за эл энергию, Мы все время платили по 5-7 тыс тенге, но с декабря нам приходят по 20 тыс! В январе мы включали на пару дней эл отопление, но это должно быть только на 3-5 тыс больше (парокапельные батареи), н",ЖКХ/Отопление,ЖКХ,Отопление,ru,dialog_egov,29.03.2023,query+rules
hf-707-ru,Размер пособия для моего ребенка-инвалида очень маленький.,Другое/Общие вопросы,Другое,Общие вопросы,ru,huggingface,,hf_category
hf-115-kk,"Жедел жәрдем шақырсақ, өте кеш келеді. Кеше бір сағаттан астам күттік. Бұл адам өміріне қауіпті.",Другое/Общие вопросы,Другое,Общие вопросы,kk,huggingface,,hf_category
hf-541-kk,Үйдің ауласындағы кәріз құдығынан жағымсыз иіс шығады.,ЖКХ/Общие вопросы,ЖКХ,Общие вопросы,kk,huggingface,,hf_category
hf-223-ru,Рентген-аппарат в поликлинике устарел.,Другое/Общие вопросы,Другое,Общие вопросы,ru,huggingface,,hf_category
760455,"Здравствуйте, у меня вопрос касательно натуральных норм. Согласно ст. 69 Бюджетного кодекса - Натуральные нормы представляют собой натуральные показатели потребления или использования необходимых материальных или нематериальных благ. В связи с чем, является ли ""Постановление",ЖКХ/Водоснабжение,ЖКХ,Водоснабжение,ru,dialog_egov,28.11.2022,query
748101,"Здравствуйте. Прошу заасфальтировать внутреннюю дорогу между дворами, расположенную параллельно ул.Розыбакиева, за рестораном Грузинский двор, не относящуюся ни к одному из кондоминиумов. Большая яма мешает проезду автомашин и создаёт аварийную ситуацию . Там передвигается большо",Дороги/Дорожное покрытие,Дороги,Дорожное покрытие,ru,dialog_egov,20.07.2022,query+rules
hf-882-ru,"Когда я пришел на прием в свое время, врач разговаривал с родственником другого пациента.",Другое/Общие вопросы,Другое,Общие вопросы,ru,huggingface,,hf_category
hf-672-kk,Дәрігердің қабылдауына жазылу үшін бірнеше күн бойы call-орталыққа хабарласа алмадым.,Другое/Общие вопросы,Другое,Общие вопросы,kk,huggingface,,hf_category
hf-353-ru,Мусор вдоль трассы республиканского значения не убирают.,Дороги/Дорожное покрытие,Дороги,Дорожное покрытие,ru,huggingface,,hf_category
hf-858-ru,"Сотрудники полиции приняли мою жалобу, но перепутали ее с другим делом и вызвали меня как свидетеля.",Другое/Общие вопросы,Другое,Общие вопросы,ru,huggingface,,hf_category
753019,Уважаемый [ЗАЯВИТЕЛЬ] ! Просим Вас от жителей lдома по улице Пушкина д.13 помочь в вопросе дворового освещения подъезда номер 2. С 3 августа у нас во дворе нету дворового освещения. !!! Жители дома квартиры 1 по 62 контактный номер [ТЕЛЕФОН] ..,Освещение/Уличное освещение,Освещение,Уличное освещение,ru,dialog_egov,05.09.2022,query+rules
752386,"Уважаемый [ЗАЯВИТЕЛЬ]! Обращаемся к Вам от лица жителей г. Алматы, проживающих в микрорайоне Нур-Алатау (Бостандыкский район). В нашем микрорайоне есть следующие проблемы, вызывающие риски для жизни и здоровья детей и взрослых. Первая касается парка, находящегося в квад",Благоустройство/Вывоз мусора,Благоустройство,Вывоз мусора,ru,dialog_egov,27.08.2022,query
642578,"Здравствуйте. Я Сапаев [ЗАЯВИТЕЛЬ] 12 марта 2020 года приобрел авиабилеты через сайт Tickets.kz (номер бронирования LIJRKW) авиакомпании Pegasus Airlines на дату 19.03.2020 по маршруту: Берлин- Стамбул, рейс PC-980; Стамбул - Алматы, рейс PC-100. Общая сумма билета 990",Транспорт/Общественный транспорт,Транспорт,Общественный транспорт,ru,dialog_egov,19.09.2020,query+rules
hf-6-kk,Павлодардағы №20 автобус кестеге сай жүрмейді. Таңертең жұмысқа үнемі кешігеміз. Жүргізушілердің жұмысын реттеуіңізді сұраймыз.,Транспорт/Общественный транспорт,Транспорт,Общественный транспорт,kk,huggingface,,hf_category
759379,"Копия письма в «Акиму города Астана» Просим Вас помочь в вопросе жилого дома по ул. Пушкина дом 13, наш дом не подготовлен обслуживающей организацией «[ЗАЯВИТЕЛЬ]» к отопительному сезону 2022 году, в тепловом узле не произвели опрессовку и промывку системы отопления, также не про",ЖКХ/Отопление,ЖКХ,Отопление,ru,dialog_egov,16.11.2022,query+rules
754160,"Добрый день, уважаемый Аким!!! На мое обращение касательно проезда к ЖК Алтын дала, вы ответили следующее: Уважаемая [ЗАЯВИТЕЛЬ]! [ЗАЯВИТЕЛЬ] благодарность за участие в развитии улично - дорожной сети города! [ЗАЯВИТЕЛЬ] обращение, сообщаю, что на сегодняшний день ведутся",Освещение/Уличное освещение,Освещение,Уличное освещение,ru,dialog_egov,14.09.2022,query
hf-1049-kk,"Автобустар кешкі уақытта сирек жүреді, жұмыстан қайту қиын.",Транспорт/Общественный транспорт,Транспорт,Общественный транспорт,kk,huggingface,,hf_category
hf-524-ru,Приборы в кабинете физики в школе устарели.,Другое/Общие вопросы,Другое,Общие вопросы,ru,huggingface,,hf_category
758426,"[ЗАЯВИТЕЛЬ],. Т. Б [ЗАЯВИТЕЛЬ] ҚЫЗЫЛТӨБЕ 2,# 831 [ЗАЯВИТЕЛЬ] . [ЗАЯВИТЕЛЬ] ТҰРМЫН. 1- МЕН АО ТЕХНОДОМ [ЗАЯВИТЕЛЬ] 10—",Благоустройство/Вывоз мусора,Благоустройство,Вывоз мусора,ru,dialog_egov,03.11.2022,query
743912,"[ЗАЯВИТЕЛЬ], сізді [ЗАЯВИТЕЛЬ] 41Б тұрғын үйінің қоқыс салатын контейнерлер тұратын орнын ауыстыруыңызды сұраймыз, Қоқыс контейнерлері балаларға арналған футбол алаңына жақын орнгаласқан (2 мертден аспайды) және тұрғын үйге жақын орналасқан.",Благоустройство/Вывоз мусора,Благоустройство,Вывоз мусора,kk,dialog_egov,15.06.2022,query+rules
hf-332-ru,ОСИ не отчитывается за собранные деньги.,ЖКХ/Общие вопросы,ЖКХ,Общие вопросы,ru,huggingface,,hf_category
hf-457-ru,"Мои документы, поданные на назначение пособия, были утеряны.",Другое/Общие вопросы,Другое,Общие вопросы,ru,huggingface,,hf_category
527489,"Уважаемый, [ЗАЯВИТЕЛЬ]! Пожалуйста, обратите своё внимание на наши трудности, которые продолжаются на протяжении нескольких лет. Обращается к Вам семья Адаевых мы живем по адресу ул.Ержанова 170 кв.2, воспитываем двоих детей, один из которых инвалид. На нашей улице з",ЖКХ/Водоснабжение,ЖКХ,Водоснабжение,ru,dialog_egov,20.12.2018,query
761632,"Здравствуйте, абонент 298504, улица 38, дом 29, кВ.138. Я вчера получила квитанцию на оплату коммунальных услуг. Все показания передаю своевременно и посмотрите какие тарифы сейчас за свет, одн и отопление. За 167 киловатт мне выставили счёт более 6000 тг, тогда как еще в прошлом",ЖКХ/Отопление,ЖКХ,Отопление,ru,dialog_egov,13.12.2022,query+rules
hf-742-kk,"Дәрігердің қабылдауына жазылған уақытымда келсем, ол менің орныма басқа адамды қабылдады.",Другое/Общие вопросы,Другое,Общие вопросы,kk,huggingface,,hf_category
hf-1002-kk,Дәрігер маған мемлекеттік кепілдік берген тегін анализдерді ақылы түрде тапсыруға жіберді.,Другое/Общие вопросы,Другое,Общие вопросы,kk,huggingface,,hf_category
hf-424-kk,"Мектептегі мұғалімдер жиі ауысады, бұл білім сапасына кері әсер етеді.",Другое/Общие вопросы,Другое,Общие вопросы,kk,huggingface,,hf_category
hf-218-ru,Мошенники представляются сотрудниками банка и выпытывают данные карты.,Другое/Общие вопросы,Другое,Общие вопросы,ru,huggingface,,hf_category
hf-189-ru,Многие камеры видеонаблюдения на улицах не работают.,Другое/Общие вопросы,Другое,Общие вопросы,ru,huggingface,,hf_category
hf-640-kk,Автобус жүргізушісі жол ақысын төлеу үшін басқа жолаушылардан ұсақ ақша сұрады.,Транспорт/Общественный транспорт,Транспорт,Общественный транспорт,kk,huggingface,,hf_category
hf-293-kk,Емханадағы физиотерапия кабинетіне кезек өте ұзын.,Другое/Общие вопросы,Другое,Общие вопросы,kk,huggingface,,hf_category
758949,"Уважаемая, [ЗАЯВИТЕЛЬ]! Наша организация занимается добычей урана методом ПСВ в системе АО «НАК «Казатомпром» Недавно в нашей организации прошла плановая профилактическая проверка со стороны областного [ЗАЯВИТЕЛЬ] промышленной безопасности [ЗАЯВИТЕЛЬ]. По результатам пла",ЖКХ/Водоснабжение,ЖКХ,Водоснабжение,ru,dialog_egov,11.11.2022,query
hf-1036-ru,"Сосед по ночам громко включает музыку, нарушая тишину. Полиция не реагирует.",Другое/Общие вопросы,Другое,Общие вопросы,ru,huggingface,,hf_category
hf-301-kk,"Талдықорған қаласы, Қабанбай батыр көшесіндегі жолдың жағдайы өте нашар. Жамауға да келмейді, толық ауыстыру керек.",Дороги/Дорожное покрытие,Дороги,Дорожное покрытие,kk,huggingface,,hf_category
752710,[ЗАЯВИТЕЛЬ] Шымкент қаласы Самал 3 мөлтек ауданында орналасқан атына заты сай болмай тұрған Мәңгілік ел көшесі бар.Осы көшенің тұрғындары өз қаржымызға асфальт төсеп алғанбыз (сіздерден қайраң болмаған соң) сол төселген асфальітмізді ағымдағы жылы кәріз құ,Дороги/Дорожное покрытие,Дороги,Дорожное покрытие,kk,dialog_egov,01.09.2022,query+rules
hf-160-kk,Автобус жүргізушісі аялдамаларды атамайды. Қай жерден түсетінімізді білмей қаламыз.,Транспорт/Общественный транспорт,Транспорт,Общественный транспорт,kk,huggingface,,hf_category
527968,"Добрый день, Уважаемый [ЗАЯВИТЕЛЬ]! 5 лет тому назад обещали построить спортивные и детские площадки. Для жителей мкр. Рембаза, г. Атырау. Площадки детские вдоль перекрестка поставили. Типа пусть умирают не наши дети! Вам не стыдно так заботится о своем городе и народе? С",Благоустройство/Вывоз мусора,Благоустройство,Вывоз мусора,ru,dialog_egov,25.12.2018,query+rules
hf-911-ru,Лифт в подъезде не работает уже несколько дней.,ЖКХ/Общие вопросы,ЖКХ,Общие вопросы,ru,huggingface,,hf_category
hf-268-ru,Уровень шума на улице превышает допустимые нормы.,Другое/Общие вопросы,Другое,Общие вопросы,ru,huggingface,,hf_category
hf-823-kk,"Жолдағы бағдаршамның жасыл түсі жанып тұрғанда, көліктердің бірі өтіп кетіп, апатты жағдай тудырды.",Дороги/Дорожное покрытие,Дороги,Дорожное покрытие,kk,huggingface,,hf_category
hf-830-kk,"Автобус жүргізушісі менің аялдамамда тоқтамай, 'мен сенің ақшаңды қайтарып беремін' деді.",Транспорт/Общественный транспорт,Транспорт,Общественный транспорт,kk,huggingface,,hf_category
hf-327-kk,"Жұмыспен қамту орталығы тек ауыр, төмен ақы төленетін жұмыстарды ұсынады.",Другое/Общие вопросы,Другое,Общие вопросы,kk,huggingface,,hf_category
749662,"Сәлеметсіз бе. [ЗАЯВИТЕЛЬ] ауданы Іргелі ауылы Квартал 4 тұрғынымын. Біздегі мәселе көшемізде асфальт жоқ, мүлдем болмаған, ауыл әкімі ештеңе шеше алмай отыр. Шаң жұтып, батпақ кешуден шаршадық. Осы сұрақтың шешімі болады ма?",Дороги/Дорожное покрытие,Дороги,Дорожное покрытие,kk,dialog_egov,04.08.2022,query+rules
hf-114-ru,Охранник в школе не выполняет свои обязанности должным образом. В учебное время в школу заходят посторонние.,Другое/Общие вопросы,Другое,Общие вопросы,ru,huggingface,,hf_category
hf-227-ru,Процент по жилищной программе для молодых семей очень высокий.,Другое/Общие вопросы,Другое,Общие вопросы,ru,huggingface,,hf_category
hf-334-kk,Мектептегі информатика кабинетінде интернет жоқ.,Другое/Общие вопросы,Другое,Общие вопросы,kk,huggingface,,hf_category
hf-383-kk,Жол бойындағы қоқыс жәшіктері үнемі толып тұрады.,Дороги/Дорожное покрытие,Дороги,Дорожное покрытие,kk,huggingface,,hf_category
hf-1001-ru,"Батареи отопления в моей квартире еле теплые. Неоднократно обращался в КСК, безрезультатно.",ЖКХ/Общие вопросы,ЖКХ,Общие вопросы,ru,huggingface,,hf_category
763055,"Сәлеметсіз бе,мен Атырау қаласының жергілікті тұрғыны,2010шы жылдан бастап лимфостаз диагнозы қойылды(лимфостаз левой нижней конечности),сол жылдан бастап қаламыздағы ауруханадан емшара қолданып жүрдім, кейін бұл созылмалы(хронический)диагноз біздер соңына дейін емдемейміз тек ор",ЖКХ/Отопление,ЖКХ,Отопление,kk,dialog_egov,08.01.2023,query
hf-1021-ru,"Электрический щиток в подъезде открыт, это опасно для детей.",ЖКХ/Общие вопросы,ЖКХ,Общие вопросы,ru,huggingface,,hf_category
hf-239-ru,Для подключения к интернету провайдер заставляет покупать дополнительное оборудование.,Другое/Общие вопросы,Другое,Общие вопросы,ru,huggingface,,hf_category
587020,"Уважаемый господин аким! Очень прошу Вас принять меры к КСК ""Семиречье"" и обслуживающей его сантехнической компании ""Лигас"". Ими не была проведена подготовка к отопительному сезону многоэтажного жилого дома по адресу пр.Назарбаева, 47/26. В результате многи",ЖКХ/Отопление,ЖКХ,Отопление,ru,dialog_egov,25.12.2019,query
hf-187-ru,Строительная компания работает по ночам и нарушает тишину.,Благоустройство/Вывоз мусора,Благоустройство,Вывоз мусора,ru,huggingface,,hf_category
hf-679-ru,"Сотрудники интернет-провайдера, приходя на вызов, не приносят с собой лестницу.",Другое/Общие вопросы,Другое,Общие вопросы,ru,huggingface,,hf_category
hf-776-kk,Қаланың жанындағы өзенге жақын жердегі демалыс орындарының музыкасының даусы тым қатты.,Благоустройство/Вывоз мусора,Благоустройство,Вывоз мусора,kk,huggingface,,hf_category
hf-471-ru,Дороги во дворе дома не ремонтировались уже 10 лет.,ЖКХ/Общие вопросы,ЖКХ,Общие вопросы,ru,huggingface,,hf_category
hf-123-kk,Мектепке баратын жолда бағдаршам істемейді. Балалардың қауіпсіздігіне алаңдаймыз.,Дороги/Дорожное покрытие,Дороги,Дорожное покрытие,kk,huggingface,,hf_category
763689,"Мы организовали ОСИ «Автомобилист – 21» дата регистрации 26.01.2021. Я являюсь председателем Калиев [ЗАЯВИТЕЛЬ]. По решению экономического суда обязали [ЗАЯВИТЕЛЬ] выдать нам документы вместе технические и финансовые, дело № 7527 – 21 -00-2/3346 24мая 2021года. Но",ЖКХ/Отопление,ЖКХ,Отопление,ru,dialog_egov,06.02.2023,query
656849,"К Вам обращается транспортная компания ТОО «Zalia Trans». Наша компания занимается международными перевозками. Основным направлением наших перевозок является направление Китай-Россия, Китай-Беларусь. 15 июля 2019 года, в ходе расширенного заседания [ЗАЯВИТЕЛЬ]",Транспорт/Общественный транспорт,Транспорт,Общественный транспорт,ru,dialog_egov,11.12.2020,query
hf-1057-ru,"Лифт часто ломается, а обслуживающая компания не отвечает на звонки.",ЖКХ/Общие вопросы,ЖКХ,Общие вопросы,ru,huggingface,,hf_category
hf-1010-ru,"Водитель автобуса нарушил ПДД, пытаясь совершить обгон.",Транспорт/Общественный транспорт,Транспорт,Общественный транспорт,ru,huggingface,,hf_category
hf-236-kk,Өзеннің жағасында демалушылар көп қоқыс қалдырады.,Благоустройство/Вывоз мусора,Благоустройство,Вывоз мусора,kk,huggingface,,hf_category
hf-861-ru,Кнопка вызова лифта в подъезде не работает.,ЖКХ/Общие вопросы,ЖКХ,Общие вопросы,ru,huggingface,,hf_category
hf-171-ru,Водитель автобуса не разрешил оплатить проезд картой и потребовал наличные.,Транспорт/Общественный транспорт,Транспорт,Общественный транспорт,ru,huggingface,,hf_category
hf-255-ru,Пришлось дать 'подарок' госслужащему за получение справки.,Другое/Общие вопросы,Другое,Общие вопросы,ru,huggingface,,hf_category
758693,"Уважаемый Аким! прошу реализовать вышеуказанные меры для обеспечения безопасности населения. Уважаемый Министр! Я от лица жителей жилых комплексов Гайд парк, [ЗАЯВИТЕЛЬ], Тан-Нуры в г.Алматы, обращаюсь к Вам со следующей просьбой. Просим установить светофор или камеры Се",Дороги/Светофоры,Дороги,Светофоры,ru,dialog_egov,08.11.2022,query+rules
hf-12-kk,"№102 автобус (Астана) үнемі толы болады, әсіресе таңертеңгі және кешкі уақытта. Қосымша автобустар қосу мүмкіндігін қарастыруыңызды сұраймын.",Транспорт/Общественный транспорт,Транспорт,Общественный транспорт,kk,huggingface,,hf_category
hf-814-ru,Из-за плохого качества еды в школьной столовой страдает здоровье моего ребенка.,Другое/Общие вопросы,Другое,Общие вопросы,ru,huggingface,,hf_category
735175,"К Вам обращается житель мкр. Думан-2, Медеуского района г.Алматы, с просьбой организовать вывоз ТБО на аллее в мкр. Думан-2. На сегодняшний день из-за отсутствия организации вывоза ТБО на аллее образовались свалки с мусором, что влечет за собой антисанитарию. Согласно Правил бл",Благоустройство/Вывоз мусора,Благоустройство,Вывоз мусора,ru,dialog_egov,13.04.2022,query+rules
hf-615-kk,Шенеуніктердің қымбат сағаттары мен телефондары олардың жалақысына сай келмейді.,Другое/Общие вопросы,Другое,Общие вопросы,kk,huggingface,,hf_category
753910,"Обращение с регистрационным номером 753910, направленное в Блог [ЗАЯВИТЕЛЬ] РК [ЗАЯВИТЕЛЬ] отклонено ГО 28.09.2022",Транспорт/Общественный транспорт,Транспорт,Общественный транспорт,ru,dialog_egov,12.09.2022,query
hf-44-ru,"Мы написали заявление в полицию о квартирной краже. Следователь не предпринимает никаких действий, не выходит на связь.",Другое/Общие вопросы,Другое,Общие вопросы,ru,huggingface,,hf_category
744237,"Уважаемый [ЗАЯВИТЕЛЬ]! вынуждены обратиться к вам со своей проблемой: Мы жители микрорайона Карасу в г.Алматы просим помочь решить проблему с водоснабжением питьевой водой! Центрального водоснабжения в микрорайоне никогда не было, всегда польз",Дороги/Дорожное покрытие,Дороги,Дорожное покрытие,ru,dialog_egov,17.06.2022,query
hf-764-ru,Из-за плохого качества еды в школьной столовой у моего ребенка болит живот.,Другое/Общие вопросы,Другое,Общие вопросы,ru,huggingface,,hf_category
755454,"Добрый день! На протяжении последних 4 лет обращаюсь в Акимат Алматы по поводу установки светофоров на перекрестке Курмангазы - Жарокова, где расположены школы N 134 и N135. К сожалению на все обращения получал лишь стандартные отписки и только после личного звонка в Управление г",Дороги/Светофоры,Дороги,Светофоры,ru,dialog_egov,27.09.2022,query+rules
hf-409-kk,Интернет провайдерінің жарнамадағы жылдамдығы шындыққа сәйкес келмейді.,Другое/Общие вопросы,Другое,Общие вопросы,kk,huggingface,,hf_category
765084,"Обращение с регистрационным номером 765084, направленное в Блог Генеральный директор РГП на ПХВ ""Национальный научный центр развития сферы социальной защиты"" [ЗАЯВИТЕЛЬ] отклонено ГО 09.07.2024",ЖКХ/Отопление,ЖКХ,Отопление,ru,dialog_egov,07.07.2024,query
hf-870-kk,"Автобус жүргізушісі менің аялдамамда тоқтамай, 'мен сенің белгіңді көргенім жоқ, көзілдірігімді ұмытып кетіппін' деді.",Транспорт/Общественный транспорт,Транспорт,Общественный транспорт,kk,huggingface,,hf_category
hf-508-kk,"Көршімнің иті ауладағы балалар алаңына дәретке отырады, ескерту жасасам, дөрекілік танытады.",Другое/Общие вопросы,Другое,Общие вопросы,kk,huggingface,,hf_category
hf-406-ru,Пыль от карьера рядом с городом вредит здоровью.,Благоустройство/Вывоз мусора,Благоустройство,Вывоз мусора,ru,huggingface,,hf_category
749022,"Қайырлы күн ! мен 2021 жылы наурыз айынша Алматы облысы (жетісу) Талдықорған қаласы катежді қалашық ""береке"" 566 үйден шаңырақ бағдарламасы бойынша үй алғам, алайда 1 жыл болды жергілікті жкх, құрылыс бөлімдерінің табалдырығын тоздырдым, проблема үйдің төбесінде, жауын",ЖКХ/Водоснабжение,ЖКХ,Водоснабжение,kk,dialog_egov,28.07.2022,query
hf-51-ru,Крыша многоэтажного дома протекает. Нашу квартиру затопило. КСК ничего не делает.,ЖКХ/Общие вопросы,ЖКХ,Общие вопросы,ru,huggingface,,hf_category
hf-690-ru,"Водитель автобуса проигнорировал меня, не ответив на мой вопрос.",Транспорт/Общественный транспорт,Транспорт,Общественный транспорт,ru,huggingface,,hf_category
hf-802-ru,"Приходилось несколько дней ходить в поликлинику, чтобы записаться на прием к врачу.",Другое/Общие вопросы,Другое,Общие вопросы,ru,huggingface,,hf_category
682786,"Обращение с регистрационным номером 682786, направленное в Блог Аким города Алматы [ЗАЯВИТЕЛЬ]A. находится на рассмотрении у ГО",Освещение/Уличное освещение,Освещение,Уличное освещение,ru,dialog_egov,01.05.2021,query
hf-429-kk,Интернетке қосылу үшін келген шеберлер үйдің ішінде аяқ киімдерін шешпеді.,Другое/Общие вопросы,Другое,Общие вопросы,kk,huggingface,,hf_category
hf-58-ru,"Качество интернета 4G ухудшилось, часто переключается на 3G.",Другое/Общие вопросы,Другое,Общие вопросы,ru,huggingface,,hf_category
622270,"Қарасай ауданы Каскелең қаласы пер. [ЗАЯВИТЕЛЬ] Долан-2, Гауһар Тас, және [ЗАЯВИТЕЛЬ] көшелерінің [ЗАЯВИТЕЛЬ] !!! Сіздің облысқа басшылық еткен күннен бастап өңірге сіңірген еңбегіңіз өте зор. Бәрін естіп көріп жүрміз. Осы аталған көше т",Освещение/Уличное освещение,Освещение,Уличное освещение,kk,dialog_egov,09.06.2020,query
hf-156-ru,Пыль из карьера за городом накрывает всё село.,Благоустройство/Вывоз мусора,Благоустройство,Вывоз мусора,ru,huggingface,,hf_category
hf-791-ru,Дверь лифта в подъезде слишком громко хлопает.,ЖКХ/Общие вопросы,ЖКХ,Общие вопросы,ru,huggingface,,hf_category
hf-422-ru,Врач не выслушал мои жалобы и быстро выпроводил из кабинета.,Другое/Общие вопросы,Другое,Общие вопросы,ru,huggingface,,hf_category
hf-455-kk,Мемлекеттік мекемеде анықтама алу үшін бірнеше күн жүруге тура келеді.,Другое/Общие вопросы,Другое,Общие вопросы,kk,huggingface,,hf_category
hf-129-ru,На дороге в село совсем нет мобильной связи. В экстренном случае невозможно позвонить.,Другое/Общие вопросы,Другое,Общие вопросы,ru,huggingface,,hf_category
hf-866-ru,Отходы с зон отдыха у реки сливают в воду.,Благоустройство/Вывоз мусора,Благоустройство,Вывоз мусора,ru,huggingface,,hf_category
hf-881-ru,Дверь лифта в подъезде перекошена и не открывается.,ЖКХ/Общие вопросы,ЖКХ,Общие вопросы,ru,huggingface,,hf_category
hf-374-kk,"Мектеп ауласы тазаланбайды, қоқысқа толы.",Другое/Общие вопросы,Другое,Общие вопросы,kk,huggingface,,hf_category
757606,"Здравствуйте, г-н Мусин! Обращается к [ЗАЯВИТЕЛЬ]-Смит [ЗАЯВИТЕЛЬ] по вопросу о том, правомерны ли действия судьи, который по иску к ТОО «Алматинские тепловые сети» определил о признании действия по начислению долга незаконными, но взыскания суммы (мною был оплачен долг за",ЖКХ/Водоснабжение,ЖКХ,Водоснабжение,ru,dialog_egov,20.10.2022,query
hf-46-ru,На дорогах города Риддер очень много ям. Устали бить подвеску автомобиля.,Дороги/Дорожное покрытие,Дороги,Дорожное покрытие,ru,huggingface,,hf_category
hf-384-ru,Спортивный зал в школе устарел и требует ремонта.,Другое/Общие вопросы,Другое,Общие вопросы,ru,huggingface,,hf_category
hf-899-ru,"Сотрудники интернет-провайдера, придя на дом, без спроса передвинули мои вещи и оставили следы.",Другое/Общие вопросы,Другое,Общие вопросы,ru,huggingface,,hf_category
hf-56-kk,Зауыт мұржасынан шыққан қара түтін қаланы басып қалды. Терезе ашу мүмкін емес.,Благоустройство/Вывоз мусора,Благоустройство,Вывоз мусора,kk,huggingface,,hf_category
hf-88-kk,Ауылдағы 'Қазпошта' бөлімшесі түске дейін ғана жұмыс істейді. Бұл өте ыңғайсыз.,Другое/Общие вопросы,Другое,Общие вопросы,kk,huggingface,,hf_category
hf-285-kk,Мемлекеттік қызметкер өтінішімді қарауды тездету үшін ақша сұрады.,Другое/Общие вопросы,Другое,Общие вопросы,kk,huggingface,,hf_category
hf-626-ru,"Вода в реке рядом с городом загрязнена, на берегу лежит мертвая рыба.",Благоустройство/Вывоз мусора,Благоустройство,Вывоз мусора,ru,huggingface,,hf_category
761021,"[ЗАЯВИТЕЛЬ] Комитетінің төрағасы Әділет генерал майоры Ж.Б Ешмағамбетовке.""Өтыныш"" [ЗАЯВИТЕЛЬ] 16.10.1986 ж.т. Маңғыстауда облысы [ЗАЯВИТЕЛЬ] қаласының тұрғынымын. Құрметті генерал майор Бұл өтінішімді жазу себебім Өзім жалғыз басты Анамын екі б",ЖКХ/Отопление,ЖКХ,Отопление,kk,dialog_egov,04.12.2022,query
733305,"В Комитет внутреннего государственного аудита Министерства финансов Республики Казахстан Прошу Вас проверить проводимые работы АО «НК КазАвтожол» на участках дорог «Калбатау-Майкапшагай» и «Караганда-Балхаш». Так трасса республиканского значения, реконструкция которой началась тр",Дороги/Дорожное покрытие,Дороги,Дорожное покрытие,ru,dialog_egov,01.04.2022,query+rules
764896,"Уважаемая [ЗАЯВИТЕЛЬ]! Прошу помочь мне, так как я оказалась в трудной жизненной ситуации. Между мною, [ЗАЯВИТЕЛЬ] и АО «Отбасы банк» 20 октября 22021 года был заключен договор банковского займа №SPO2824-1600-2021, согласно которому мною был получен кредит на сумму 9",ЖКХ/Отопление,ЖКХ,Отопление,ru,dialog_egov,22.02.2024,query
650872,"Приветствую! Летом текущего года с ВКО, город Семей, переехал в село Коянды, и не возмущен работой местного сельского и районного акимата, а также территориальной принадлежности села Коянды в Целиноградский район (село Акмол). Не удовлетворен работой акимата по следующим причина",Освещение/Уличное освещение,Освещение,Уличное освещение,ru,dialog_egov,05.11.2020,query
hf-296-ru,"Вода в городском озере зацвела, рыба гибнет.",Благоустройство/Вывоз мусора,Благоустройство,Вывоз мусора,ru,huggingface,,hf_category
hf-439-ru,Интернет-провайдер в одностороннем порядке изменил условия тарифного плана.,Другое/Общие вопросы,Другое,Общие вопросы,ru,huggingface,,hf_category
hf-641-kk,Үйдің кіреберісіндегі есіктің тұтқасы сынған.,ЖКХ/Общие вопросы,ЖКХ,Общие вопросы,kk,huggingface,,hf_category
761667,"Құрметті әкім мырза! Мен ""Замечательный"" тұрғын үй кешенінің бір топ тұрғындары атынан хабарласып отырмын. Біздің мәселеміз өте маңызды. [ЗАЯВИТЕЛЬ] жүзбе жүз кездесудің қажеттілігі туындауда. Осы ретте Сіздің жеке қабылдауыңызға қалай жазылуға болады? Жеке қа",ЖКХ/Отопление,ЖКХ,Отопление,kk,dialog_egov,13.12.2022,query
561679,[ЗАЯВИТЕЛЬ] астанасы Нұр-Сұлтан қаласына әкім болып келуіңізбен шын жүректен құттықтаймын! [ЗАЯВИТЕЛЬ] «Нұр-Сұлтан» (Астана) қаласына 2012 жылы барлық қазақ жастары сияқты арман қуып келдім! Бала к,ЖКХ/Отопление,ЖКХ,Отопление,kk,dialog_egov,05.08.2019,query
hf-703-ru,"Невозможно записаться на прием к врачу, их телефоны не отвечают.",Другое/Общие вопросы,Другое,Общие вопросы,ru,huggingface,,hf_category
hf-484-kk,Мектеп асханасындағы тамақтың құрамында аллергендер туралы ақпарат жоқ.,Другое/Общие вопросы,Другое,Общие вопросы,kk,huggingface,,hf_category
761369,Вечер добрый. Прошу Акимат г. Алматы и соответствующие службы города провести служебную проверку юго-восточной части (от центрального входа) национальной библиотеки г Алматы на пр. Абылай-Хана и Абая. С момента капитального ремонта на данной территории здесь уже давным давно (к,Благоустройство/Вывоз мусора,Благоустройство,Вывоз мусора,ru,dialog_egov,08.12.2022,query
184293,"[ЗАЯВИТЕЛЬ] жалғызбасты анамын, күйеуім жоқ. [ЗАЯВИТЕЛЬ] ДЦП диагнозымен ауырады, соны білге [ЗАЯВИТЕЛЬ] Здравоохранение 22.01.2013 184293 225 Подробнее",ЖКХ/Отопление,ЖКХ,Отопление,kk,dialog_egov,22.01.2013,query
753608,"Уважаемый [ЗАЯВИТЕЛЬ]! Обращаюсь к Вам с просьбой разъяснить существуют ли в Восточно -Казахстанской области правила выгула собак, как в других областях? Я жительница дома по адресу Красина 1. У нас соседи выгуливают собак возле подьезда, не удосуживаясь убрать за ними пр",Благоустройство/Вывоз мусора,Благоустройство,Вывоз мусора,ru,dialog_egov,09.09.2022,query
hf-337-ru,"Срок действия справок, необходимых для получения пособия, очень короткий.",Другое/Общие вопросы,Другое,Общие вопросы,ru,huggingface,,hf_category
763359,Добрый день. Строительной компанией BI-Group реализуется проект по строительству в городе Астане бигвиля «Jetisu» со строительством на ее территории инновационной школы и торгового дома. На сегодняшнее число уже получены ключи в ЖК Jetisu.Aqsu и ЖК Jetisu.Lepsi. В ближайшие годы,Дороги/Светофоры,Дороги,Светофоры,ru,dialog_egov,12.01.2023,query
739688/1,"Данное обращение вызвано проблемами, с которыми сталкивается крупнейший перевозчик г.Караганды - ТОО «Автобусный парк №3», в условиях постоянного дефицита водительских кадров. При заключении трудовых договоров ТОО «Автобусный парк №3» требует от водителей автобусов представить д",Транспорт/Общественный транспорт,Транспорт,Общественный транспорт,ru,dialog_egov,17.05.2022,query+rules
hf-545-ru,"Говорят, что для участия в конкурсе госзакупок нужно дать 'вознаграждение'.",Другое/Общие вопросы,Другое,Общие вопросы,ru,huggingface,,hf_category
hf-1014-ru,Воспитатель в детском саду подняла руку на моего ребенка.,Другое/Общие вопросы,Другое,Общие вопросы,ru,huggingface,,hf_category
735062,"Добрый день! Как житель жилого комплекса «Smart City», по адресу: г. Нур-Султан, улица Толе би, дом 55 обращаюсь к Вам с нижеследующими вопросами. С 2019 года в 20 метрах перед нашим ЖК «Smart City» строилось небольшое двухэтажное здание спортивного центра. В октябре текущего 20",Освещение/Уличное освещение,Освещение,Уличное освещение,ru,dialog_egov,13.04.2022,query
hf-59-kk,Автобустар кешкі сағат 9-дан кейін жүрмей қалады. Жұмыстан қайту қиын.,Транспорт/Общественный транспорт,Транспорт,Общественный транспорт,kk,huggingface,,hf_category
733319,"Уважаемый [ЗАЯВИТЕЛЬ], пишет Вам житель ЖК Женис. В конце 2021 года мимо наших домов компания Каскор СМУ прокладывала газовую трубу. По окончании работ мы остались без дорог. Компания не только не исправила разбитую дорогу, но и оставила открытым канализационный люк, а такж",Дороги/Дорожное покрытие,Дороги,Дорожное покрытие,ru,dialog_egov,01.04.2022,query
748252/1,"Идырысов [ЗАЯВИТЕЛЬ], добрый вечер! Хотела у вас узнать, я проживаю по улице Алимжанова угол Барибаева, в частном секторе в центре города Алматы, Медеуский район, наш дом мы покупали под снос, но не ломают 45 лет. Напротив нашего дома, 5 этажные квартиры и участок земли дл",Дороги/Дорожное покрытие,Дороги,Дорожное покрытие,ru,dialog_egov,25.07.2022,query
683974,"Обращение с регистрационным номером 683974, направленное в Блог [ЗАЯВИТЕЛЬ] РК [ЗАЯВИТЕЛЬ] отклонено ГО 25.05.2021",ЖКХ/Отопление,ЖКХ,Отопление,ru,dialog_egov,11.05.2021,query
701166,"Здравствуйте ! По улице Акмешит от улицы Улы дала до улицы Бухар жырау вообще не горят фонари,а также на данном участке не производится уборка и уход за газоном. Тёмное время суток на данном участке не безопасно ходить. Прошу Вас принять меры для безопасности жителей нашей стол",Освещение/Уличное освещение,Освещение,Уличное освещение,ru,dialog_egov,17.08.2021,query+rules
694573,Акиму Акмолинской области [ЗАЯВИТЕЛЬ] Акиму г. Нур-Султан [ЗАЯВИТЕЛЬ] от жителей села [ЗАЯВИТЕЛЬ] района Акмолинской области Уважаемый [ЗАЯВИТЕЛЬ]! Уважаемый [ЗАЯВИТЕЛЬ]! К Вам вынужденно обращаются жители села [ЗАЯВИТЕЛЬ] р,Дороги/Светофоры,Дороги,Светофоры,ru,dialog_egov,08.07.2021,query
hf-895-ru,Руководитель победителя конкурса госзакупок - одноклассник организатора.,Другое/Общие вопросы,Другое,Общие вопросы,ru,huggingface,,hf_category
hf-475-kk,Шенеуніктердің қымбат көліктері мен үйлері қайдан келген?,Другое/Общие вопросы,Другое,Общие вопросы,kk,huggingface,,hf_category
761525,"Уважаемый Аким Западно-Казахстанской области ТУРЕГАЛИЕВ Н.! Уже почти полтора года назад ,7 июня 2021 года,в 1м под*езде дома номер 52/1 по улице Абая, перекрёсток [ЗАЯВИТЕЛЬ], был пожар, загорелась электропроводка в подвале дома, силовой кабель. Были вызваны пожарн",Освещение/Уличное освещение,Освещение,Уличное освещение,ru,dialog_egov,12.12.2022,query
537321,"Қызылорда облысының әкімі [ЗАЯВИТЕЛЬ] арызым арқылы төмендегі жайды хабарлай отырып, басқарманың құзыры шегінде төменде көрсетілген мемлекеттік органға шара көруіңізді сұраймын. Қызылорда қаласы әкімдігі, «Қызылорда қалалық коммуналдық шаруашылығы, жолауш",Освещение/Уличное освещение,Освещение,Уличное освещение,kk,dialog_egov,25.02.2019,query
hf-807-ru,Моему ребенку-инвалиду отказали в предоставлении бесплатных лекарств.,Другое/Общие вопросы,Другое,Общие вопросы,ru,huggingface,,hf_category
hf-253-kk,Дәрігердің қабылдауына электронды кезек жұмыс істемейді.,Другое/Общие вопросы,Другое,Общие вопросы,kk,huggingface,,hf_category
hf-449-kk,Интернет провайдерімен байланыс орталығы күндіз ғана жұмыс істейді.,Другое/Общие вопросы,Другое,Общие вопросы,kk,huggingface,,hf_category
740481,[ЗАЯВИТЕЛЬ] министрі. Мен сіздің жақында өткен онлайн қабылдауыңызға қатысқан едім. Оңтүстік жарық мекемесінің заңсыздықтары жөнінде. Қабылдауда сіз маған комитет төрағасына арнайы тапсырма беремін деген едіңіз. Алайда осы күнге дейін мен айтқан уәждерім шешімін тапқан жо,Освещение/Уличное освещение,Освещение,Уличное освещение,kk,dialog_egov,20.05.2022,rules
hf-68-kk,"Ауылдағы интернет тек бір операторда ғана бар, бағасы өте қымбат. Бәсекелестік жоқ.",Другое/Общие вопросы,Другое,Общие вопросы,kk,huggingface,,hf_category
hf-361-kk,"Жаңадан салынған балалар алаңының сапасы өте нашар, бір айда сынып қалды.",ЖКХ/Общие вопросы,ЖКХ,Общие вопросы,kk,huggingface,,hf_category
760933,[ЗАЯВИТЕЛЬ]! [ЗАЯВИТЕЛЬ]-Фараби атындағы ҚазҰУ-дың «6D090900 – Логистика» мамандығы бойынша докторанты боламын. Диссертациялық жұмысымның тақырыбы: «Еуразиялық көлік дәліздеріндегі құрғақ порттардың логистикалық қызмет көрсету сапасын арттыру» («Khorgos Gateway» мысал,Освещение/Уличное освещение,Освещение,Уличное освещение,kk,dialog_egov,02.12.2022,query
757959,"ҚР Қорғаныс министрі [ЗАЯВИТЕЛЬ] Қызылорда қаласы, Көмекбаев 39/1 үйдің тұрғыны, әскер қатарындағы ІІ топ мүгедегі [ЗАЯВИТЕЛЬ] [ТЕЛЕФОН] Мен, [ЗАЯВИТЕЛЬ] 1965 жылы әскер қатарына шақыртылдым. [ЗАЯВИТЕЛЬ] о",ЖКХ/Отопление,ЖКХ,Отопление,kk,dialog_egov,27.10.2022,query
hf-789-kk,"Интернет провайдерінің қызметкерлері үйге келгенде, менің үйімдегі заттарды суретке түсірді.",Другое/Общие вопросы,Другое,Общие вопросы,kk,huggingface,,hf_category
761523,"Обращение с регистрационным номером 761523, направленное в Блог [ЗАЯВИТЕЛЬ] РК [ЗАЯВИТЕЛЬ] отклонено ГО 19.12.2022",Освещение/Уличное освещение,Освещение,Уличное освещение,ru,dialog_egov,12.12.2022,query
hf-595-kk,Шенеуніктердің қызметтік көліктері жол ережесін жиі бұзады.,Другое/Общие вопросы,Другое,Общие вопросы,kk,huggingface,,hf_category
hf-697-ru,При назначении пособия в мой доход посчитали проценты по моему депозиту.,Другое/Общие вопросы,Другое,Общие вопросы,ru,huggingface,,hf_category
hf-383-ru,Мусорные урны вдоль дороги постоянно переполнены.,Дороги/Дорожное покрытие,Дороги,Дорожное покрытие,ru,huggingface,,hf_category
264423,"Добрый вечер, Прошу рассмотреть в срочном порядке вопрос о правомерности планируемого повышения цен автоперевозчиками города Усть-Каменогорск в Восточно-Казахстанской области. Местные автоперевозчики выступили с требованием разрешить повышение цен за перевозку пассажиров в",Транспорт/Общественный транспорт,Транспорт,Общественный транспорт,ru,dialog_egov,18.04.2014,query
752143,"Уважаемый Министр! Я от лица жителей жилых комплексов Гайд парк, [ЗАЯВИТЕЛЬ], Тан-Нуры в г.Алматы, обращаюсь к Вам со следующей просьбой. Просим установить светофор или камеры Сергек на улице Аскарова в районе детского центра Бобек. По причине того, что автомобили с огромной",Дороги/Светофоры,Дороги,Светофоры,ru,dialog_egov,25.08.2022,query+rules
hf-170-kk,5G интернеті тек қала орталығында ғана ұстайды. Шеткі аудандарда жоқ.,Другое/Общие вопросы,Другое,Общие вопросы,kk,huggingface,,hf_category
760428,"[ЗАЯВИТЕЛЬ] және жоғары білім министрі [ЗАЯВИТЕЛЬ] мырзаға Түркістан облыстық «Фараб» әмбебаб ғылыми кітапханасының ғылыми-зерттеу бөлімінің жетекшісі,ьтғғ.к. [ЗАЯВИТЕЛЬ] ҰСЫНЫС [ЗАЯВИТЕЛЬ] мырза! Түркістан – көнеден келе жатқан тү",ЖКХ/Водоснабжение,ЖКХ,Водоснабжение,kk,dialog_egov,28.11.2022,query
hf-843-kk,"Жолдағы бағдаршамның жасыл түсі жанып тұрғанда, көліктердің бірі өтіп кетіп, менің итімді қағып кетті.",Дороги/Дорожное покрытие,Дороги,Дорожное покрытие,kk,huggingface,,hf_category
676951,"Обращение с регистрационным номером 676951, направленное в Блог Аким города Алматы [ЗАЯВИТЕЛЬ]A. находится на рассмотрении у ГО",Освещение/Уличное освещение,Освещение,Уличное освещение,ru,dialog_egov,02.04.2021,query
hf-316-kk,"Өзеннің бойындағы құрылыс судың арнасын өзгертіп, жағаны бұзып жатыр.",Благоустройство/Вывоз мусора,Благоустройство,Вывоз мусора,kk,huggingface,,hf_category
hf-216-ru,Канализационные стоки сливают прямо в реку.,Благоустройство/Вывоз мусора,Благоустройство,Вывоз мусора,ru,huggingface,,hf_category
755754,"Акиму города Алматы от [ЗАЯВИТЕЛЬ] ИИН [ИИН], 050035, город Алматы, микрорайон 10, дом 15-5, кВ.3; тел. 777-525-8757 e-mail [EMAIL] Ранее я неоднократно обращался о состоянии зеленого массива и благоустройства территории жилого дома 15-а в микр",Благоустройство/Вывоз мусора,Благоустройство,Вывоз мусора,ru,dialog_egov,29.09.2022,rules
740475,"Министру экологии, геологии и природных ресурсов [ЗАЯВИТЕЛЬ] От [ЗАЯВИТЕЛЬ], ОБРАЩЕНИЕ Обращаюсь к вам по поводу беспредела, который творится с попустительства акимов и полиции в селе [ЗАЯВИТЕЛЬ] района. 1. Осенью прошлого года в нашем парке около сахарного завода сельск",Благоустройство/Вывоз мусора,Благоустройство,Вывоз мусора,ru,dialog_egov,20.05.2022,query
hf-76-ru,Пыль со строительной площадки накрыла все окрестные дома. Строительные нормы не соблюдаются.,Благоустройство/Вывоз мусора,Благоустройство,Вывоз мусора,ru,huggingface,,hf_category
hf-628-ru,Сотрудники полиции попросили плату за регистрацию моего заявления.,Другое/Общие вопросы,Другое,Общие вопросы,ru,huggingface,,hf_category
749930/1,"Обращение с регистрационным номером 749930/1, направленное в Блог [ЗАЯВИТЕЛЬ] РК [ЗАЯВИТЕЛЬ] отклонено ГО 24.08.2022",Дороги/Дорожное покрытие,Дороги,Дорожное покрытие,ru,dialog_egov,10.08.2022,query
hf-86-kk,Көлдің жағасын қоқыс басып кетті. Демалыс аймағын тазалау қажет.,Благоустройство/Вывоз мусора,Благоустройство,Вывоз мусора,kk,huggingface,,hf_category
750392,"Обращение с регистрационным номером 750392, направленное в Блог [ЗАЯВИТЕЛЬ] РК [ЗАЯВИТЕЛЬ] отклонено ГО 24.08.2022",ЖКХ/Водоснабжение,ЖКХ,Водоснабжение,ru,dialog_egov,10.08.2022,query
hf-32-ru,Качество нового дома очень плохое. На стенах появились трещины. Кто проверяет качество строительства?,ЖКХ/Общие вопросы,ЖКХ,Общие вопросы,ru,huggingface,,hf_category
hf-896-kk,Қаланың жанындағы өзенге жақын жердегі демалыс орындарының қалдықтарын суға лақтырады.,Благоустройство/Вывоз мусора,Благоустройство,Вывоз мусора,kk,huggingface,,hf_category
688055,"Коллективное обращение жителей приграничного аула [ЗАЯВИТЕЛЬ] района ВКО Многоуважаемые руководители государственных органов обращаются к вам жители Акшокинского сельского округа Урджарского района ВКО, так как на местах (областной Акимат, районный Акимат) к проблемам на",Дороги/Дорожное покрытие,Дороги,Дорожное покрытие,ru,dialog_egov,31.05.2021,query
755782,"Обращение с регистрационным номером 755782, направленное в Блог Уполномоченный по правам человека в РК [ЗАЯВИТЕЛЬ] находится на рассмотрении у ГО",Освещение/Уличное освещение,Освещение,Уличное освещение,ru,dialog_egov,29.09.2022,query
hf-849-ru,"Сотрудники интернет-провайдера, придя на дом, сфотографировали мои вещи и выложили в интернет.",Другое/Общие вопросы,Другое,Общие вопросы,ru,huggingface,,hf_category
hf-403-kk,Жол бойындағы аялдамада күтуге арналған орындық жоқ.,Дороги/Дорожное покрытие,Дороги,Дорожное покрытие,kk,huggingface,,hf_category
242920,"Обращение с регистрационным номером 242920, направленное в Блог [ЗАЯВИТЕЛЬ]-Министра – Министр национальной экономики Республики Казахстан [ЗАЯВИТЕЛЬ] отклонено ГО",ЖКХ/Водоснабжение,ЖКХ,Водоснабжение,ru,dialog_egov,13.01.2014,query
hf-71-kk,Үйдің іргетасы шөгіп жатыр. Қабырғаларда жарықтар көбейді. Үй апатты жағдайда деп танылуы керек.,ЖКХ/Общие вопросы,ЖКХ,Общие вопросы,kk,huggingface,,hf_category
721892,"Обращение с регистрационным номером 721892, направленное в Блог Уполномоченный по правам человека в РК [ЗАЯВИТЕЛЬ] находится на рассмотрении у ГО",Освещение/Уличное освещение,Освещение,Уличное освещение,ru,dialog_egov,12.01.2022,query
761515,Министерству образования и науки Республики Казахстан Господину [ЗАЯВИТЕЛЬ] от [ЗАЯВИТЕЛЬ] в интересах несовершеннолетнего ребенка [ЗАЯВИТЕЛЬ] ИИН [ИИН] удостоверение личности № 043566911 дата выдачи 08.10.2018 год выдано,Освещение/Уличное освещение,Освещение,Уличное освещение,ru,dialog_egov,11.12.2022,query
hf-133-kk,Дәрігердің рецептінсіз антибиотиктерді сатып жатыр. Бұл өте қауіпті.,Другое/Общие вопросы,Другое,Общие вопросы,kk,huggingface,,hf_category
hf-66-ru,Мусорный полигон за городом постоянно горит. Дым от него доходит до города.,Благоустройство/Вывоз мусора,Благоустройство,Вывоз мусора,ru,huggingface,,hf_category
hf-1023-kk,Жаяу жүргіншілер өткелінің жанындағы ағаш бұтақтары жолды көруге кедергі келтіреді.,Дороги/Дорожное покрытие,Дороги,Дорожное покрытие,kk,huggingface,,hf_category
hf-1051-kk,"Емханадағы рентген аппараты ескі, суреттері сапасыз.",Другое/Общие вопросы,Другое,Общие вопросы,kk,huggingface,,hf_category
750216,"Добрый день. Прошу Вас проложить асфальт на участке, расположенном в конце улицы Калдаякова. Начиная от ЖК Мынжылдык до ЖК Урбан (Калдаякова 40, 40/1 и 40/2). Ранее жители ЖК Урбан подавали заявку на продление маршрутов 3 и 14. Пришел отказ, т.к. качество дороги не позволяет этог",Дороги/Дорожное покрытие,Дороги,Дорожное покрытие,ru,dialog_egov,09.08.2022,query
662327,"[ЗАЯВИТЕЛЬ] Скаков мырзаға жолдау хат. Сәлеметсіз бе! Мен, Павлодар облысы, Екібастұз қаласының тұрғыны [ЗАЯВИТЕЛЬ], мекен-жайы: [ЗАЯВИТЕЛЬ] 155, 43 пәтер; тел.номері: [ТЕЛЕФОН]. Жолдау хат [ЗАЯВИТЕЛЬ] хат жолдап отырған себебім мына төмендегідей. Менің жолдасы",ЖКХ/Отопление,ЖКХ,Отопление,kk,dialog_egov,17.01.2021,query
hf-813-ru,"Когда на дороге горит зеленый, пешеходный светофор не работает.",Дороги/Дорожное покрытие,Дороги,Дорожное покрытие,ru,huggingface,,hf_category
695125,"Уважаемый [ЗАЯВИТЕЛЬ]! Помогите решить проблему стихийной свалки строительного и прочего мусора, образованной возле многоквартирного жилого дома по адресу: г. Семей, ул. Глинки, 31а. Данная свалка образована предпринимателем, который строит здание на данном участке. Многокра",Благоустройство/Вывоз мусора,Благоустройство,Вывоз мусора,ru,dialog_egov,12.07.2021,query+rules
hf-778-ru,"Сотрудники полиции приняли мою жалобу, но отправили ее в другой район.",Другое/Общие вопросы,Другое,Общие вопросы,ru,huggingface,,hf_category
hf-1064-kk,Жол полициясы қызметкерлері жол ережесін бұзғандарға шара қолданбайды.,Другое/Общие вопросы,Другое,Общие вопросы,kk,huggingface,,hf_category
hf-169-kk,"Полиция қызметкері тоқтатып, еш себепсіз айыппұл жазды.",Другое/Общие вопросы,Другое,Общие вопросы,kk,huggingface,,hf_category
hf-451-ru,"Покрытие на спортивной площадке во дворе износилось, что создает риск травм.",ЖКХ/Общие вопросы,ЖКХ,Общие вопросы,ru,huggingface,,hf_category
hf-408-kk,Полиция қызметкерлері жол ережесін бұзғандарға шара қолданбайды.,Другое/Общие вопросы,Другое,Общие вопросы,kk,huggingface,,hf_category
761533,"Саламатсызба! Хочу отметить положительную работу по моему письменному обращению через сервис е-өтініш. По улице Туркестан, г. Астана, возле академиии хореографии длительное время находился брошенный автомобиль. Автомобиль мешал коммунальным службам в очистке дорог, автомобиль зан",Дороги/Дорожное покрытие,Дороги,Дорожное покрытие,ru,dialog_egov,12.12.2022,query+rules
hf-731-ru,В почтовые ящики в подъезде запихивают рекламу и оставляют мусор.,ЖКХ/Общие вопросы,ЖКХ,Общие вопросы,ru,huggingface,,hf_category
749105,"Жамбыл облысының әкімі [ЗАЯВИТЕЛЬ] аулы,саяж, Майская",Транспорт/Общественный транспорт,Транспорт,Общественный транспорт,kk,dialog_egov,28.07.2022,query
468200,"Здравствуйте уважаемый [ЗАЯВИТЕЛЬ]! Помогите нам решить проблему с потопом,в квартире которую мы купили по адресу г.Житикара 11 мкрн 14 дом 62 кв.Мы заметили что соседи сверху с 65 кв нас топят,обращаясь в КСК мы неоднократно слышим что сейчас нам некогда,придем завтра",ЖКХ/Водоснабжение,ЖКХ,Водоснабжение,ru,dialog_egov,16.07.2017,query
hf-1179-ru,После купания в реке у города у моего ребенка начался зуд.,Благоустройство/Вывоз мусора,Благоустройство,Вывоз мусора,ru,huggingface,,hf_category
hf-859-ru,"Сотрудники интернет-провайдера, придя на дом, без спроса передвинули мои вещи.",Другое/Общие вопросы,Другое,Общие вопросы,ru,huggingface,,hf_category
749580,"ҚР Индустрия және инфрақұрылымдық даму министріне Сұрақ-жауап «Автомобиль жолдары туралы» [ЗАЯВИТЕЛЬ] 2001 жылғы 17 шілдедегі N 245 Заңының 16-бабының 1-тармағына сәйкес, жол қызметiн лицензиялау Қазақстан",Дороги/Дорожное покрытие,Дороги,Дорожное покрытие,kk,dialog_egov,02.08.2022,query+rules
hf-903-kk,Жолдағы шұңқырлардың кесірінен көлігімнің дөңгелегін жарып алдым. Бұл шығынды кім өтейді?,Дороги/Дорожное покрытие,Дороги,Дорожное покрытие,kk,huggingface,,hf_category
714759,"Обращение с регистрационным номером 714759, направленное в Блог [ЗАЯВИТЕЛЬ] РК [ЗАЯВИТЕЛЬ] отклонено ГО 26.11.2021",ЖКХ/Лифт,ЖКХ,Лифт,ru,dialog_egov,15.11.2021,query
hf-364-ru,"Цены в школьной столовой высокие, а качество еды низкое.",Другое/Общие вопросы,Другое,Общие вопросы,ru,huggingface,,hf_category
hf-435-ru,"Директор компании, выигравшей тендер, является родственником чиновника из акимата.",Другое/Общие вопросы,Другое,Общие вопросы,ru,huggingface,,hf_category
hf-136-kk,Қала сыртындағы көлге ағынды сулар құйылып жатыр. Көлдің экологиясы бұзылуда.,Благоустройство/Вывоз мусора,Благоустройство,Вывоз мусора,kk,huggingface,,hf_category
hf-901-kk,"Үйдің шатырынан су ағып, пәтерімді су басты. КСК ешқандай шара қолданбайды.",ЖКХ/Общие вопросы,ЖКХ,Общие вопросы,kk,huggingface,,hf_category
hf-608-kk,"Көршім пәтерінде жөндеу жұмыстарын демалыс күндері жүргізіп, тыныштықты бұзады.",Другое/Общие вопросы,Другое,Общие вопросы,kk,huggingface,,hf_category
755404,"Акиму города Астана г-ну [ЗАЯВИТЕЛЬ] Уважаемый [ЗАЯВИТЕЛЬ]! Я, Калжигитов [ЗАЯВИТЕЛЬ] и моя многодетная семья, живем в частном доме на пересечение улиц Караоткель и [ЗАЯВИТЕЛЬ], в микрорайоне ""Чубары"" Есильского района города Астана. В непосредс",Благоустройство/Вывоз мусора,Благоустройство,Вывоз мусора,ru,dialog_egov,26.09.2022,query
673143,Акиму Западно-Казахстанской области Искалиеву,Дороги/Дорожное покрытие,Дороги,Дорожное покрытие,ru,dialog_egov,12.03.2021,query
hf-494-kk,Мектептегі тарих пәнінің мұғалімі сабақты қызықсыз өткізеді.,Другое/Общие вопросы,Другое,Общие вопросы,kk,huggingface,,hf_category
746627,"Здравствуйте! Я являюсь жителем микрорайона Самгау, ул. Кок шокы д.5 кв. 1. Летом 2014 года в нашем микрорайоне положили впервые асфальт, мы и наши соседи были счастливы, асфальт был положен очень хорошо. В 2019 году начали вести городской трубопровод и канализацию, асфальто",Освещение/Уличное освещение,Освещение,Уличное освещение,ru,dialog_egov,05.07.2022,query
hf-240-kk,Автобус жүргізушісі жол ақысын екі есе қымбат сұрады.,Транспорт/Общественный транспорт,Транспорт,Общественный транспорт,kk,huggingface,,hf_category
730326,"Добрый день, Уважаемый [ЗАЯВИТЕЛЬ] и общественный Совет города Усть-[ЗАЯВИТЕЛЬ], жильцы дома, расположенного по адресу Набережная им. Славского 18. Просим Вас решить вопрос по благоустройству нашего двора, который расположен в центре города Усть",Освещение/Уличное освещение,Освещение,Уличное освещение,ru,dialog_egov,10.03.2022,query
757906,"Ассалаумағалейкум есімім [ЗАЯВИТЕЛЬ], сұрақ: Жер кодексі 44-1 бабында ҚР Жер кодексi 44-1-бабы 8 тармағында: ""Жеке тұрғын үй құрылысы үшін жер учаскелері сұратылған кезде азаматтардың өтініштері (қолдаухаттары) арнайы есепке алынады және бөліп берілетін алаңдардың дай",Благоустройство/Вывоз мусора,Благоустройство,Вывоз мусора,kk,dialog_egov,27.10.2022,query
hf-446-ru,В городскую реку сливают масляные отходы.,Благоустройство/Вывоз мусора,Благоустройство,Вывоз мусора,ru,huggingface,,hf_category
732753,"Обращение с регистрационным номером 732753, направленное в Блог [ЗАЯВИТЕЛЬ] РК [ЗАЯВИТЕЛЬ] отклонено ГО 14.04.2022",Дороги/Дорожное покрытие,Дороги,Дорожное покрытие,ru,dialog_egov,30.03.2022,query
744067,"Ранее я писала письма 738770 и 741230 Но вы меня или не понимаете или не хотите понимать. Еще раз поясняю, я не бросала строительный мусор или ветки около мусорного бака находящегося у моего дома. Кто это сделал я не знаю. Вы даете однотипные ответы, а я спрашиваю кто и когда с",Благоустройство/Вывоз мусора,Благоустройство,Вывоз мусора,ru,dialog_egov,16.06.2022,query+rules
hf-257-kk,"Мен зейнеткермін, маған қандай да бір әлеуметтік көмек түрлері бар ма?",Другое/Общие вопросы,Другое,Общие вопросы,kk,huggingface,,hf_category
hf-63-kk,Колледжде оқулықтар жетіспейді. Студенттер материалдарды өздері іздеуге мәжбүр.,Другое/Общие вопросы,Другое,Общие вопросы,kk,huggingface,,hf_category
hf-414-kk,Мектеп директорының орынбасары оқушыларға дөрекі сөйлейді.,Другое/Общие вопросы,Другое,Общие вопросы,kk,huggingface,,hf_category
hf-520-ru,Водитель автобуса слишком громко включает музыку.,Транспорт/Общественный транспорт,Транспорт,Общественный транспорт,ru,huggingface,,hf_category
hf-203-ru,Просидел в очереди к врачу 2 часа.,Другое/Общие вопросы,Другое,Общие вопросы,ru,huggingface,,hf_category
hf-468-kk,"Полиция қызметкерлері менің жеке куәлігімді алып қойып, қайтармай отыр.",Другое/Общие вопросы,Другое,Общие вопросы,kk,huggingface,,hf_category
760910,"Здравствуйте!Прошу решить проблему отопления в многоквартирном доме по ул. [ЗАЯВИТЕЛЬ], дом 33.Радиаторы отопления биметаллические в квартире сверху теплые, снизу прохладные.Нагрев радиаторов 30-40% максимум.Квартира не нагревается, дома ходим тепло одетые как в 90-е годы, пр",ЖКХ/Отопление,ЖКХ,Отопление,ru,dialog_egov,02.12.2022,query+rules
hf-415-kk,Құрылыс лицензиясын алу үшін көптеген кедергілер бар.,Другое/Общие вопросы,Другое,Общие вопросы,kk,huggingface,,hf_category
763127,"Здравствуйте, аким! Хочу попросить вас, чтобы по всей улице [ЗАЯВИТЕЛЬ] начиная от вокзала Алматы- 1 до Абая горели все столбы в целях освещения. Почему столбы в Турксибском, Жетысуйском районах не везде горят! Освещение улиц является важной частью инфраструктуры и пр",Освещение/Уличное освещение,Освещение,Уличное освещение,ru,dialog_egov,09.01.2023,query+rules
653511,"Проie взять под контроль предоставление отчета ТОО ""ИВЦ"" о проделанной работе с 01.09.2019 г касательно дома №60а по улице Райымбека в г. Каскелен . Данный дом перешел на обслуживание ТОО ИВЦ в августе 2019г, и до следующего отопительного сезона было обещано поменять",ЖКХ/Отопление,ЖКХ,Отопление,ru,dialog_egov,22.11.2020,query
hf-709-kk,"Интернет провайдерінің қызметкерлері үйге келгенде, менің сұрақтарыма дөрекі жауап берді.",Другое/Общие вопросы,Другое,Общие вопросы,kk,huggingface,,hf_category
hf-726-kk,Қаланың жанындағы өзенге жақын жердегі демалыс орындарынан шыққан музыка түнде ұйықтатпайды.,Благоустройство/Вывоз мусора,Благоустройство,Вывоз мусора,kk,huggingface,,hf_category
hf-526-ru,Дым от ТЭЦ в черте города загрязняет воздух.,Благоустройство/Вывоз мусора,Благоустройство,Вывоз мусора,ru,huggingface,,hf_category
hf-456-ru,В реку рядом с городом сбросили туши животных.,Благоустройство/Вывоз мусора,Благоустройство,Вывоз мусора,ru,huggingface,,hf_category
584070,"Уважаемый [ЗАЯВИТЕЛЬ]! 8 октября этого года Глава государства на совещании по вопросам развития столицы акцентировал внимание на обеспечении максимально комфортных условий для проживания людей. Прежде всего, это сфера ЖКХ. Последние случаи с отключением электроэнергии и в",Благоустройство/Вывоз мусора,Благоустройство,Вывоз мусора,ru,dialog_egov,05.12.2019,query
hf-664-kk,Мектептегі биология кабинетінде микроскоптар жоқ.,Другое/Общие вопросы,Другое,Общие вопросы,kk,huggingface,,hf_category
hf-580-ru,"Водитель автобуса потребовал полную оплату проезда, несмотря на мои льготы.",Транспорт/Общественный транспорт,Транспорт,Общественный транспорт,ru,huggingface,,hf_category
710682,"Менің, Сізге шағым жазу себебім, 1995 жылы 30 тамызда республикалық референдумда қабылданған Конституцияның 33-бабының 4-тармағы және 2015 жылғы 23 қарашадағы № 416-V ҚРЗ [ЗАЯВИТЕЛЬ] мемлекеттік қызметі туралы Заңы 27-бабының 6-тармағы, [ЗАЯВИТЕЛЬ]",Дороги/Дорожное покрытие,Дороги,Дорожное покрытие,kk,dialog_egov,21.10.2021,query
hf-799-kk,"Интернет провайдерінің қызметкерлері үйге келгенде, менің үйімдегі тәртіпті бұзды.",Другое/Общие вопросы,Другое,Общие вопросы,kk,huggingface,,hf_category
hf-541-ru,От канализационного люка во дворе исходит неприятный запах.,ЖКХ/Общие вопросы,ЖКХ,Общие вопросы,ru,huggingface,,hf_category
hf-367-ru,"Я зарегистрирован как безработный уже несколько месяцев, но достойной работы так и не предложили.",Другое/Общие вопросы,Другое,Общие вопросы,ru,huggingface,,hf_category
hf-109-ru,"Водитель автобуса №4 в Усть-Каменогорске очень грубо разговаривает с пассажирами. Кондуктора нет, постоянно кричит при приеме оплаты.",Транспорт/Общественный транспорт,Транспорт,Общественный транспорт,ru,huggingface,,hf_category
hf-675-kk,Шенеуніктердің декларацияда көрсетпеген мүліктері бар екеніне сенімдімін.,Другое/Общие вопросы,Другое,Общие вопросы,kk,huggingface,,hf_category
hf-310-kk,"Автобус жүргізушісі дөрекі сөйлеп, телефонмен сөйлесіп отырды.",Транспорт/Общественный транспорт,Транспорт,Общественный транспорт,kk,huggingface,,hf_category
766188,"Уважаемая [ЗАЯВИТЕЛЬ]. Прошу Вас разъяснить мне следующее: У меня есть пенсионный аннуитет и есть не большая сумма накоплений в пенсионном фонде. Могу ли Я снять с пенсионного фонда эту сумму для улучшения жилищных условий, если да то что для этого нужно? Ваши консультанты",ЖКХ/Водоснабжение,ЖКХ,Водоснабжение,ru,dialog_egov,21.04.2026,query
453587,"Здравствуйте ! Получили квартиры в июле месяце 2015 года. Я обращалась в 14.06.2016 министру по делам государственной службы, номер обращения: 309869.Там было 15 пунктов. Деревья посадили, кое-как из дерева соорудили детскую площадку(все уже сломано, нет горки, песок с кусочка",ЖКХ/Лифт,ЖКХ,Лифт,ru,dialog_egov,23.01.2017,query
758784,"Саламатсызба [ЗАЯВИТЕЛЬ] мен Тұран 2 , мөлтек ауданы 58-А үй тұрғыны мемлекеттік бағдарламамен үй кезегіне 2016-жылы тұрып, 2022 жылдың қыркүйек айында ипотекаға үй алдым. Қазіргі уақытта жаңа үй деген аты болмаса, ол үйде тұруымыз қорқынышты. Пәтеріміздің іші жақсы жы",ЖКХ/Лифт,ЖКХ,Лифт,kk,dialog_egov,09.11.2022,query
hf-138-kk,"Түнде мотоциклшілер қатты жүріп, тыныштықты бұзады. Полиция еш шара қолданбайды.",Другое/Общие вопросы,Другое,Общие вопросы,kk,huggingface,,hf_category
751943,"Обращение с регистрационным номером 751943, направленное в Блог Уполномоченный по правам человека в РК [ЗАЯВИТЕЛЬ] находится на рассмотрении у ГО",Дороги/Дорожное покрытие,Дороги,Дорожное покрытие,ru,dialog_egov,24.08.2022,query
hf-327-ru,"Центр занятости предлагает только тяжелую, низкооплачиваемую работу.",Другое/Общие вопросы,Другое,Общие вопросы,ru,huggingface,,hf_category
749930/2,"Обращение с регистрационным номером 749930/2, направленное в Блог Министр науки и высшего образования РК [ЗАЯВИТЕЛЬ] находится на рассмотрении у ГО",Дороги/Дорожное покрытие,Дороги,Дорожное покрытие,ru,dialog_egov,10.08.2022,query
hf-1044-ru,"На тротуаре паркуются машины, невозможно пройти.",Дороги/Дорожное покрытие,Дороги,Дорожное покрытие,ru,huggingface,,hf_category
hf-366-ru,Где можно получить информацию о качестве воздуха в центре города?,Благоустройство/Вывоз мусора,Благоустройство,Вывоз мусора,ru,huggingface,,hf_category
hf-746-ru,Шум со стройплощадки у реки не дает спать по ночам.,Благоустройство/Вывоз мусора,Благоустройство,Вывоз мусора,ru,huggingface,,hf_category
749951,Уважаемый аким просьба уладить проблемы 8 микрорайона 33 дома сделать дороги во дворе 33 дома и починить крышу как я обращался в местный акимат и мне сказали что 8 микрорайон будут делать ремонт в июле уже начало августа и досихпор нечего не сделано в 8 микрорайоне т33 доме не да,Дороги/Дорожное покрытие,Дороги,Дорожное покрытие,ru,dialog_egov,07.08.2022,query+rules
753195,"Обращение с регистрационным номером 753195, направленное в Блог [ЗАЯВИТЕЛЬ] РК [ЗАЯВИТЕЛЬ] отклонено ГО 26.09.2022",Транспорт/Общественный транспорт,Транспорт,Общественный транспорт,ru,dialog_egov,06.09.2022,query
hf-696-ru,Канализация домов у реки рядом с городом сливается прямо в воду.,Благоустройство/Вывоз мусора,Благоустройство,Вывоз мусора,ru,huggingface,,hf_category
hf-140-kk,Қоғамдық көліктерде мүгедектерге арналған орындарды босатпайды.,Транспорт/Общественный транспорт,Транспорт,Общественный транспорт,kk,huggingface,,hf_category
hf-62-kk,"Алаяқтар телефон соғып, өздерін полиция қызметкері ретінде таныстырып, ақша талап етеді. Осыған шара қолдану керек.",Другое/Общие вопросы,Другое,Общие вопросы,kk,huggingface,,hf_category
760268,"Обращение с регистрационным номером 760268, направленное в Блог [ЗАЯВИТЕЛЬ] РК [ЗАЯВИТЕЛЬ] отклонено ГО 08.12.2022",Транспорт/Общественный транспорт,Транспорт,Общественный транспорт,ru,dialog_egov,24.11.2022,query
hf-211-ru,"Поверхность новой дороги неровная, с ухабами.",Дороги/Дорожное покрытие,Дороги,Дорожное покрытие,ru,huggingface,,hf_category
hf-716-ru,Неизвестная компания сливает химические отходы в реку рядом с городом.,Благоустройство/Вывоз мусора,Благоустройство,Вывоз мусора,ru,huggingface,,hf_category
748239,"Обращение с регистрационным номером 748239, направленное в Блог Председатель Правления АО «Агентство «Хабар» [ЗАЯВИТЕЛЬ] отклонено ГО 04.08.2022",Освещение/Уличное освещение,Освещение,Уличное освещение,ru,dialog_egov,20.07.2022,query
hf-642-ru,Врач не ответил на мои вопросы и направил к другому специалисту.,Другое/Общие вопросы,Другое,Общие вопросы,ru,huggingface,,hf_category
614024,"Обращение с регистрационным номером 614024, направленное в Блог Аким города Алматы [ЗАЯВИТЕЛЬ]A. находится на рассмотрении у ГО",Благоустройство/Детские площадки,Благоустройство,Детские площадки,ru,dialog_egov,06.05.2020,query
hf-714-ru,"Когда я жалуюсь на качество еды в школьной столовой, на моего ребенка оказывают давление.",Другое/Общие вопросы,Другое,Общие вопросы,ru,huggingface,,hf_category
hf-536-ru,В лесном массиве рядом с городом образовались горы мусора.,Благоустройство/Вывоз мусора,Благоустройство,Вывоз мусора,ru,huggingface,,hf_category
674983,"Обращение с регистрационным номером 674983, направленное в Блог Аким города Алматы [ЗАЯВИТЕЛЬ]A. находится на рассмотрении у ГО",ЖКХ/Отопление,ЖКХ,Отопление,ru,dialog_egov,24.03.2021,query
hf-1032-ru,Потребовали взятку за получение земельного участка.,Другое/Общие вопросы,Другое,Общие вопросы,ru,huggingface,,hf_category
hf-649-kk,Интернет провайдерінің қызметкерлері үйге келгенде өздерімен бірге қосалқы бөлшектері болмайды.,Другое/Общие вопросы,Другое,Общие вопросы,kk,huggingface,,hf_category
hf-211-kk,"Жаңа салынған жолдың беті кедір-бұдыр, тегіс емес.",Дороги/Дорожное покрытие,Дороги,Дорожное покрытие,kk,huggingface,,hf_category
762961,"Здравствуйте. Вынуждена срочно обратиться к вам. Суть в том. что в прилегающем дворе дома по ул. Шолохова дом 20 сносят казахскую школу. При этом разрушение зданий производят недозволенными способами: ковшом экскаваторов долбят крыши ,стены. От этого наш дом весь трясется как п",ЖКХ/Отопление,ЖКХ,Отопление,ru,dialog_egov,06.01.2023,query
hf-376-ru,В воздухе на центральных улицах города чувствуется запах серы.,Благоустройство/Вывоз мусора,Благоустройство,Вывоз мусора,ru,huggingface,,hf_category
hf-702-ru,Пробил колесо из-за ямы на дороге. Кто возместит ущерб?,Дороги/Дорожное покрытие,Дороги,Дорожное покрытие,ru,huggingface,,hf_category
hf-113-kk,Ауылдық жердегі дәрігерге жазылу үшін аудан орталығына бару керек. Онлайн жазылу жүйесін енгізуге болмай ма?,Другое/Общие вопросы,Другое,Общие вопросы,kk,huggingface,,hf_category
hf-400-kk,Автобустардың кондиционері жазда істемейді.,Транспорт/Общественный транспорт,Транспорт,Общественный транспорт,kk,huggingface,,hf_category
hf-555-ru,Дети чиновников учатся за границей. Разве они не доверяют нашей системе образования?,Другое/Общие вопросы,Другое,Общие вопросы,ru,huggingface,,hf_category
516807,"Обращение с регистрационным номером 516807, направленное в Блог Аким Алматинской области Аринов [ЗАЯВИТЕЛЬ] отклонено ГО 27.09.2018",Транспорт/Общественный транспорт,Транспорт,Общественный транспорт,ru,dialog_egov,27.09.2018,query
634837,"11 обращение в ваш Блог, после 6 лет обращений во все инстанции наконец то решился вопрос с дорогой. Теперь решите вопрос с освещением в п [ЗАЯВИТЕЛЬ] района, по улице Ерлепесова. Половина фонарей не горит, фонари после 00-00 уже не горят (экономия бюджетных средств",Освещение/Уличное освещение,Освещение,Уличное освещение,ru,dialog_egov,12.08.2020,query+rules
644934,"Добрый вечер! Я, Сихимбаева [ЗАЯВИТЕЛЬ] с двумя малолетними детьми ( 4 и 2 года) и мамой (пенсионного возраста) прилетели в Турцию компанией Эйр Астана 2 июля 2020 года, когда воздушное пространство между Казахстаном и Турцией было возобновлено. Обратным рейсом мы должны",Транспорт/Общественный транспорт,Транспорт,Общественный транспорт,ru,dialog_egov,02.10.2020,query
hf-158-ru,"Я оплатил штраф за нарушение ПДД, но он до сих пор не списан с базы. Что делать?",Другое/Общие вопросы,Другое,Общие вопросы,ru,huggingface,,hf_category
748621,Шымкент қаласының [ЗАЯВИТЕЛЬ] атындағы № 4 олимпиада резервінің мамандырылған балалар-жасөспірімдер спорт мектебі КММ-і әр түрлі желеулермен 2018 жылы тамыз айында Түркістан облысының әкімі [ЗАЯВИТЕЛЬ] және Шымкент қаласының әкімі Г.[ЗАЯВИТЕЛЬ] коммуналдық меншікке ведомс,ЖКХ/Водоснабжение,ЖКХ,Водоснабжение,kk,dialog_egov,25.07.2022,query
hf-47-ru,"Какое-то предприятие сливает сточные воды в реку. Цвет воды изменился, появился неприятный запах.",Благоустройство/Вывоз мусора,Благоустройство,Вывоз мусора,ru,huggingface,,hf_category
hf-482-kk,Дәрігер менің келісімімсіз студенттердің мені тексеруіне рұқсат берді.,Другое/Общие вопросы,Другое,Общие вопросы,kk,huggingface,,hf_category
759416,"Мы с мужем приобрели недвижимость в ЖК ""Кок жайляу"" по адресу: Казыбек би 9/1 от застройщика ""Sensata group"". На протяжении всего отопительного сезона батареи чуть теплые. Дома очень холодно по этой причине. Мы с соседями направили этот вопрос управляющей комп",ЖКХ/Отопление,ЖКХ,Отопление,ru,dialog_egov,16.11.2022,query+rules
738628,"Обращение с регистрационным номером 738628, направленное в Блог Аким Актюбинской области [ЗАЯВИТЕЛЬ] отклонено ГО 11.05.2022",Дороги/Дорожное покрытие,Дороги,Дорожное покрытие,ru,dialog_egov,09.05.2022,query
hf-771-kk,Үйдің кіреберісіндегі лифттің батырмалары істен шыққан.,ЖКХ/Общие вопросы,ЖКХ,Общие вопросы,kk,huggingface,,hf_category
762947,"Обращение с регистрационным номером 762947, направленное в Блог Аким области [ЗАЯВИТЕЛЬ] Берік находится на рассмотрении у ГО",ЖКХ/Водоснабжение,ЖКХ,Водоснабжение,ru,dialog_egov,06.01.2023,query
736802,"Сізге жазу себебіміз-біз алматы облысы , Іле ауданы, Ащыбулақ округі, Батыр саяжайында тұрамыз. Камаз центрден 13 км. қашықтықта. Қалаға қатынайтын автобустар бізге жүрмейді, жеке кәсіпкердің 2 автобусы тоқтағалы қай заман. Жергілікті әкімшілікке барсақ, жол жөнделсін деді. Жол",Транспорт/Общественный транспорт,Транспорт,Общественный транспорт,kk,dialog_egov,23.04.2022,query+rules
hf-183-kk,Үйдің кіреберісінде егеуқұйрықтар қаптап кетті. Дератизация жасау керек.,ЖКХ/Общие вопросы,ЖКХ,Общие вопросы,kk,huggingface,,hf_category
hf-406-kk,Қаланың жанындағы карьерден шыққан шаң денсаулыққа зиян.,Благоустройство/Вывоз мусора,Благоустройство,Вывоз мусора,kk,huggingface,,hf_category
hf-297-ru,Предусмотрены ли льготы на коммунальные услуги для многодетных семей?,Другое/Общие вопросы,Другое,Общие вопросы,ru,huggingface,,hf_category
hf-545-kk,Мемлекеттік сатып алу конкурсына қатысу үшін 'сыйақы' беру керек дейді.,Другое/Общие вопросы,Другое,Общие вопросы,kk,huggingface,,hf_category
hf-4-kk,Атырау облысындағы ауаның ластануына байланысты шағымданғым келеді. Зауыттардан шыққан түтін денсаулыққа зиян келтіруде. Экологиялық жағдайды бақылауды күшейту қажет.,Благоустройство/Вывоз мусора,Благоустройство,Вывоз мусора,kk,huggingface,,hf_category
hf-496-kk,Қала ішіндегі өзенге жақын орналасқан дәмханалар қалдықтарын суға төгеді.,Благоустройство/Вывоз мусора,Благоустройство,Вывоз мусора,kk,huggingface,,hf_category
hf-785-kk,Мемлекеттік сатып алу конкурсының жеңімпазының лицензиясы жоқ екені белгілі болды.,Другое/Общие вопросы,Другое,Общие вопросы,kk,huggingface,,hf_category
hf-665-kk,Шенеуніктердің қызметтік көліктерімен балаларын мектепке апарады.,Другое/Общие вопросы,Другое,Общие вопросы,kk,huggingface,,hf_category
hf-885-ru,Руководитель победителя конкурса госзакупок - сосед организатора.,Другое/Общие вопросы,Другое,Общие вопросы,ru,huggingface,,hf_category
hf-174-ru,Сотрудники регистратуры в поликлинике очень грубо разговаривают.,Другое/Общие вопросы,Другое,Общие вопросы,ru,huggingface,,hf_category
hf-295-ru,"Компания, выигравшая конкурс, передала работы другому субподрядчику.",Другое/Общие вопросы,Другое,Общие вопросы,ru,huggingface,,hf_category
721643/1,"Добрый день, ранее мной был выкуплен билет на рейс Алматы - Уральск, Актобе -Алматы на сайте агентства Авиата КЗ. Однако рейс по маршруту Актобе- Алматы был отменен, возврат данного билета заранее не предоставлялось возможным из за отсутствия интернета в виду введенного чрезвычай",Транспорт/Общественный транспорт,Транспорт,Общественный транспорт,ru,dialog_egov,11.01.2022,query+rules
744428,"Довожу до Вашего сведения, Карагандинская область, Майкудук. Не работают светофоры на оживлённом перекрёстке рядом с ресторанным комплексом ""Zaman"" по адресу микрорайон Голубые пруды 18а. Автомобилисты и пешеходы при проследовании данного перекрестка с нерабочими светоф",Дороги/Светофоры,Дороги,Светофоры,ru,dialog_egov,20.06.2022,query+rules
753714,"Обращение с регистрационным номером 753714, направленное в Блог [ЗАЯВИТЕЛЬ] РК [ЗАЯВИТЕЛЬ] отклонено ГО 27.09.2022",Транспорт/Общественный транспорт,Транспорт,Общественный транспорт,ru,dialog_egov,10.09.2022,query
hf-655-ru,Для входа в госучреждение требуют оставить в залог удостоверение личности.,Другое/Общие вопросы,Другое,Общие вопросы,ru,huggingface,,hf_category
hf-667-kk,Жәрдемақы тағайындау үшін менің ата-анамның зейнетақысы туралы анықтама сұратты.,Другое/Общие вопросы,Другое,Общие вопросы,kk,huggingface,,hf_category
749215,"Уважаемый [ЗАЯВИТЕЛЬ]! К Вам обращаются жители ЖК ""Сердце столицы. ""В начале июля т.г. управляющие компании BI по ЖК «Сердце столицы» (находится на проспекте Туране 55/4) неожиданно уведомила жителей ЖК сообщила об окончании услуги компании BI по оплате наружной",Освещение/Уличное освещение,Освещение,Уличное освещение,ru,dialog_egov,29.07.2022,query
hf-478-ru,Сотрудники полиции проигнорировали мою жалобу и закрыли дело.,Другое/Общие вопросы,Другое,Общие вопросы,ru,huggingface,,hf_category
hf-745-ru,"Выяснилось, что у победителя конкурса госзакупок нет опыта.",Другое/Общие вопросы,Другое,Общие вопросы,ru,huggingface,,hf_category
754528,"Обращение с регистрационным номером 754528, направленное в Блог Уполномоченный по правам человека в РК [ЗАЯВИТЕЛЬ] находится на рассмотрении у ГО",Транспорт/Общественный транспорт,Транспорт,Общественный транспорт,ru,dialog_egov,17.09.2022,query
580706,"Добрый день! В настоящее время обсуждается вопрос внедрения в г. Нур-Султан проекта умного города и т.д., однако в районе Сарыарка (это старый город, Целиноград, Акмола) элементарные проблемы не решены, к примеру по ул. Мынарал, Потанина установлены фонари, уже более 5 лет, од",Освещение/Уличное освещение,Освещение,Уличное освещение,ru,dialog_egov,15.11.2019,query+rules
hf-315-kk,"Пара бермейінше, мәселемді шеше алмайтынымды ашық айтты.",Другое/Общие вопросы,Другое,Общие вопросы,kk,huggingface,,hf_category
hf-436-ru,После купания в реке рядом с городом у меня на коже появилась сыпь.,Благоустройство/Вывоз мусора,Благоустройство,Вывоз мусора,ru,huggingface,,hf_category
726273,"Уважаемый [ЗАЯВИТЕЛЬ]! Правилами приобретения недропользователями и их подрядчиками товаров, работ и услуг, используемых при проведении операций по добыче твердых полезных ископаемых, утвержденными [ЗАЯВИТЕЛЬ] по инвестициям и развитию Республики Казахстан от 21 мая 2",Благоустройство/Вывоз мусора,Благоустройство,Вывоз мусора,ru,dialog_egov,09.02.2022,query
hf-200-ru,Водитель автобуса считал деньги и не смотрел на дорогу. Это очень опасно.,Транспорт/Общественный транспорт,Транспорт,Общественный транспорт,ru,huggingface,,hf_category
189007/1,У [ЗАЯВИТЕЛЬ] Правоохранительные органы 25.02.2013 189007/1 211 Подробнее,Дороги/Дорожное покрытие,Дороги,Дорожное покрытие,ru,dialog_egov,25.02.2013,query
763140,"Сәлеметсізбе «Азаматтарға арналған үкімет» Мемлекеттік корпорациясы» [ЗАЯВИТЕЛЬ] бойынша Корпорация қызметкерлер жалақысы қазіргі таңда дұрыс бекітіліп беріліп отырған жоқ. Осы орайда Корпорацияның қызметкерлері жалақысын толық қадағауларыңызға алғандарыңызды сұранамын. 1)Яғни, Орталы",Транспорт/Общественный транспорт,Транспорт,Общественный транспорт,kk,dialog_egov,09.01.2023,query
750112,"Прошу вас принять меры в отношении безответственного и халатного отношения к своим обязанностям ответственных лиц акимата Сайрамского района ,а также других ответственных лиц. Дело в том .что я с начала года не могу добиться стабильного , упорядоченного вывоза мусора из своего",Благоустройство/Вывоз мусора,Благоустройство,Вывоз мусора,ru,dialog_egov,09.08.2022,query+rules
hf-839-kk,"Интернет провайдерінің қызметкерлері үйге келгенде, менің үйімдегі заттарды ұрлап кетті.",Другое/Общие вопросы,Другое,Общие вопросы,kk,huggingface,,hf_category
hf-524-kk,Мектептегі физика кабинетіндегі құралдар ескірген.,Другое/Общие вопросы,Другое,Общие вопросы,kk,huggingface,,hf_category
hf-826-ru,Мусор с зон отдыха у реки разносится ветром и загрязняет воду.,Благоустройство/Вывоз мусора,Благоустройство,Вывоз мусора,ru,huggingface,,hf_category
hf-774-ru,Из-за плохого качества еды в школьной столовой у моего ребенка обострилась аллергия.,Другое/Общие вопросы,Другое,Общие вопросы,ru,huggingface,,hf_category
hf-611-ru,За замену лампочки в подъезде просят плату.,ЖКХ/Общие вопросы,ЖКХ,Общие вопросы,ru,huggingface,,hf_category
hf-253-ru,Электронная очередь на прием к врачу не работает.,Другое/Общие вопросы,Другое,Общие вопросы,ru,huggingface,,hf_category
hf-219-kk,Интернеттің жылдамдығы төмен болған күндерге қайта есептеу жасалмайды.,Другое/Общие вопросы,Другое,Общие вопросы,kk,huggingface,,hf_category
hf-748-kk,"Полиция қызметкерлері менің шағымымды қабылдап, бірақ оны басқа адамның атына тіркеген.",Другое/Общие вопросы,Другое,Общие вопросы,kk,huggingface,,hf_category
hf-197-kk,Кәріз құдығының қақпағы жоқ. Балалар құлап кетуі мүмкін.,ЖКХ/Общие вопросы,ЖКХ,Общие вопросы,kk,huggingface,,hf_category
hf-443-kk,"Жол жиегіндегі арықтарға су толған, жаяу жүргіншілер жолымен жүру мүмкін емес.",Дороги/Дорожное покрытие,Дороги,Дорожное покрытие,kk,huggingface,,hf_category
hf-4-ru,Хочу пожаловаться на загрязнение воздуха в Атырауской области. Дым с заводов наносит вред здоровью. Необходимо усилить контроль за экологической обстановкой.,Благоустройство/Вывоз мусора,Благоустройство,Вывоз мусора,ru,huggingface,,hf_category
hf-1046-ru,"Участковый инспектор не реагирует на мои жалобы, не поднимает телефон.",Другое/Общие вопросы,Другое,Общие вопросы,ru,huggingface,,hf_category
hf-1027-ru,Качели на детской площадке во дворе сломаны и представляют опасность.,ЖКХ/Общие вопросы,ЖКХ,Общие вопросы,ru,huggingface,,hf_category
hf-584-ru,"На уроках физкультуры в школе всем ученикам дают одинаковую нагрузку, не учитывая состояние здоровья.",Другое/Общие вопросы,Другое,Общие вопросы,ru,huggingface,,hf_category
637741,"Обращение с регистрационным номером 637741, направленное в Блог [ЗАЯВИТЕЛЬ] РК [ЗАЯВИТЕЛЬ] отклонено ГО 08.09.2020",Транспорт/Общественный транспорт,Транспорт,Общественный транспорт,ru,dialog_egov,25.08.2020,query
hf-1024-kk,Мектептегі информатика сабағында компьютерлердің жартысы істемейді.,Другое/Общие вопросы,Другое,Общие вопросы,kk,huggingface,,hf_category
hf-86-ru,Берег озера завален мусором. Необходимо очистить зону отдыха.,Благоустройство/Вывоз мусора,Благоустройство,Вывоз мусора,ru,huggingface,,hf_category
hf-555-kk,Шенеуніктердің балалары шетелде оқиды. Олар біздің білім беру жүйемізге сенбей ме?,Другое/Общие вопросы,Другое,Общие вопросы,kk,huggingface,,hf_category
hf-1047-kk,Үйдің кіреберісіндегі жарық бірнеше аптадан бері жанбайды.,ЖКХ/Общие вопросы,ЖКХ,Общие вопросы,kk,huggingface,,hf_category
hf-37-kk,"Жұмыспен қамту орталығына тіркелгеніме бірнеше ай болды, бірақ ешқандай жұмыс ұсынбады.",Другое/Общие вопросы,Другое,Общие вопросы,kk,huggingface,,hf_category
hf-1085-kk,"Мектеп формасының сапасы өте нашар, бір айда жыртылды.",Другое/Общие вопросы,Другое,Общие вопросы,kk,huggingface,,hf_category
hf-516-kk,Құрылыс алаңынан шыққан шаң-тозаң тереземізді ашуға мүмкіндік бермейді.,Благоустройство/Вывоз мусора,Благоустройство,Вывоз мусора,kk,huggingface,,hf_category
hf-246-kk,Қала ішіндегі құрылыстардан шыққан шаң-тозаң денсаулыққа зиян.,Благоустройство/Вывоз мусора,Благоустройство,Вывоз мусора,kk,huggingface,,hf_category
hf-256-kk,Қаланың орталық саябағындағы фонтан жұмыс істемейді.,Благоустройство/Вывоз мусора,Благоустройство,Вывоз мусора,kk,huggingface,,hf_category
hf-152-ru,"Я недоволен работой КСК. Не предоставляют отчеты, неизвестно, куда тратят деньги.",ЖКХ/Общие вопросы,ЖКХ,Общие вопросы,ru,huggingface,,hf_category
691674,"Обращаюсь к вам в связи с тем, что ни один гос.орган не реагирует на жалобы на застройщика (АО ""Samruk Kazyna Constraction""), продавшего нам квартиры в ЖК по адресу пр.[ЗАЯВИТЕЛЬ] 17 и 17-1. Качество возведенного жилья очень низкое (вероятно были использованы стройматериал",ЖКХ/Лифт,ЖКХ,Лифт,ru,dialog_egov,20.06.2021,query
hf-133-ru,Продают антибиотики без рецепта врача. Это очень опасно.,Другое/Общие вопросы,Другое,Общие вопросы,ru,huggingface,,hf_category
hf-26-ru,Дороги возле автовокзала 'Север' в Шымкенте в ужасном состоянии. Автобусы не могут объезжать ямы.,Дороги/Дорожное покрытие,Дороги,Дорожное покрытие,ru,huggingface,,hf_category
hf-41-ru,"Документы на оформление земельного участка рассматривают уже несколько месяцев. Кажется, что процесс затягивают намеренно.",Другое/Общие вопросы,Другое,Общие вопросы,ru,huggingface,,hf_category
hf-798-ru,"Сотрудники полиции приняли мою жалобу, но перепутали ее с другим делом.",Другое/Общие вопросы,Другое,Общие вопросы,ru,huggingface,,hf_category
hf-95-kk,"Дәрігер қабылдау кезінде телефонымен сөйлесіп, маған дұрыс көңіл бөлмеді.",Другое/Общие вопросы,Другое,Общие вопросы,kk,huggingface,,hf_category
hf-684-ru,Никто не проверяет качество еды в школьной столовой.,Другое/Общие вопросы,Другое,Общие вопросы,ru,huggingface,,hf_category
hf-676-kk,Қаланың жанындағы өзенге жақын жердегі зауыттың қалдықтары суды ластап жатыр.,Благоустройство/Вывоз мусора,Благоустройство,Вывоз мусора,kk,huggingface,,hf_category
hf-269-ru,"Скорость мобильного интернета значительно ниже, чем указано в договоре.",Другое/Общие вопросы,Другое,Общие вопросы,ru,huggingface,,hf_category
757678,Прошу предоставить сведенья планируется ли внутри поселковое асфальтирования дороги села [ЗАЯВИТЕЛЬ] района. Если не планируется прошу внести в план ремонтных работ. Второй вопрос. При въезде в г. Степняк со стороны Кенаши на дороге установлено два лежачих полицейск,Дороги/Дорожное покрытие,Дороги,Дорожное покрытие,ru,dialog_egov,21.10.2022,query+rules
hf-440-ru,"Водитель автобуса поехал, не дождавшись, пока все пассажиры зайдут на остановке.",Транспорт/Общественный транспорт,Транспорт,Общественный транспорт,ru,huggingface,,hf_category
hf-480-ru,В салонах автобусов нет урн для мусора.,Транспорт/Общественный транспорт,Транспорт,Общественный транспорт,ru,huggingface,,hf_category
hf-445-kk,"Мемлекеттік органға жазған өтінішіме формальды, мәнсіз жауап келді.",Другое/Общие вопросы,Другое,Общие вопросы,kk,huggingface,,hf_category
648323,"Уважаемый Кульгинов [ЗАЯВИТЕЛЬ]! Хочу обратиться с просьбой наладить расписание общественного транспорта, а именно городских автобусов. Дело в том, что интервалы некоторых маршрутов городских автобусов (таких как №47, №60 и т.д.) превышают 30 минут, соответственно людям п",Транспорт/Общественный транспорт,Транспорт,Общественный транспорт,ru,dialog_egov,22.10.2020,query+rules
hf-1010-kk,"Автобус жүргізушісі жол ережесін бұзып, басып озуға тырысты.",Транспорт/Общественный транспорт,Транспорт,Общественный транспорт,kk,huggingface,,hf_category
hf-248-ru,У сотрудников полиции постоянно выключены нательные камеры.,Другое/Общие вопросы,Другое,Общие вопросы,ru,huggingface,,hf_category
762287/1,"Добрый день. Обращаюсь к Вам с вопросом рассмотрения изменения схемы автобусного маршрута №99 г. Алматы по направлению: от Кок-Тобе до мкр. Акбулак. С декабря изменена схема движения данного направления и данное изменение стало неудобным для многих пассажиров, проживающих на нижн",Транспорт/Общественный транспорт,Транспорт,Общественный транспорт,ru,dialog_egov,23.12.2022,query+rules
755364,Құрметті қала әкімі Айтенов мырза Мен қамқорлығымда бірінші топ мүгедек иин820801401228 күтіп бағып отырған қорғаншы.сіздің жеке қабылдауынызға әлеуметтік мәселе бойынша онлайын приеминынызға жазылды.Алвйда жеке қабылдауға жіберілсей кіре алмай келеміз .әлеуметтік онлай жеке қаб,ЖКХ/Отопление,ЖКХ,Отопление,kk,dialog_egov,26.09.2022,query
hf-319-ru,Интернет-провайдер просит плату за устранение неисправности на линии.,Другое/Общие вопросы,Другое,Общие вопросы,ru,huggingface,,hf_category
251528,"В нашем доме в 2011 году по программе модернизации ЖКХ ТОО « Тұрғын үй жөндеу – Тараз» выполнялся капитальный ремонт систем теплоснабжения, канализации и кровли крыши. И уже в 2011 году, после первых осадков, кровля дала течь, а по ремонту систем теплоснаб",ЖКХ/Водоснабжение,ЖКХ,Водоснабжение,kk,dialog_egov,18.02.2014,query+rules
hf-291-ru,"Надземный пешеходный мост в плохом состоянии, по нему страшно ходить.",Дороги/Дорожное покрытие,Дороги,Дорожное покрытие,ru,huggingface,,hf_category
hf-1017-kk,"Менің баламның ерекше қажеттіліктері бар, бірақ мектепте оған арналған жағдай жасалмаған.",Другое/Общие вопросы,Другое,Общие вопросы,kk,huggingface,,hf_category
hf-45-kk,Баламның мектебіндегі жөндеу жұмыстары оқу жылының ортасында басталды. Бұл оқу процесіне кедергі келтіреді.,Другое/Общие вопросы,Другое,Общие вопросы,kk,huggingface,,hf_category
hf-572-kk,Дәрігердің қабылдауында болғаным туралы анықтама алу үшін бірнеше сағат жұмсадым.,Другое/Общие вопросы,Другое,Общие вопросы,kk,huggingface,,hf_category
hf-252-kk,"Көп қабатты үйдің ауласы тазаланбайды, қоқысқа толып кетті.",ЖКХ/Общие вопросы,ЖКХ,Общие вопросы,kk,huggingface,,hf_category
hf-94-kk,"Жол белгілері ағаштардың бұтақтарының астында қалып, көрінбейді. Бұл апатты жағдай туғызуы мүмкін.",Дороги/Дорожное покрытие,Дороги,Дорожное покрытие,kk,huggingface,,hf_category
766293,"Обращение с регистрационным номером 766293, направленное в Блог Директор РГКП «Национальный центр тестирования» Министерства науки и высшего образования Республики Казахстан Емелбаев.Р.Т находится на рассмотрении у ГО",Дороги/Дорожное покрытие,Дороги,Дорожное покрытие,ru,dialog_egov,08.08.2026,query
hf-622-kk,Емханадағы дәрігерлердің көбісінің біліктілігі төмен.,Другое/Общие вопросы,Другое,Общие вопросы,kk,huggingface,,hf_category
670704,"Обращение с регистрационным номером 670704, направленное в Блог Аким города Алматы [ЗАЯВИТЕЛЬ]A. находится на рассмотрении у ГО",Транспорт/Общественный транспорт,Транспорт,Общественный транспорт,ru,dialog_egov,26.02.2021,query
hf-603-ru,Перед 'лежачим полицейским' на дороге нет предупреждающего знака.,Дороги/Дорожное покрытие,Дороги,Дорожное покрытие,ru,huggingface,,hf_category
647131,"Здравствуйте! Хочу обратиться с просьбой наладить освещение, светофоры, а также дорогу по ул. 38, между проспектом [ЗАЯВИТЕЛЬ] и улицой [ЗАЯВИТЕЛЬ]. Этот участок дороги граничит с большим жилищным комплексом Novа City. Есть столбы, но освещения нет, светофоры не работают. Ча",Дороги/Светофоры,Дороги,Светофоры,ru,dialog_egov,15.10.2020,query+rules
hf-199-ru,Таксофоны в селе не работают. Это была единственная возможность для связи.,Другое/Общие вопросы,Другое,Общие вопросы,ru,huggingface,,hf_category
706477,"Добрый день уважаемый Председатель Комитета транспорта [ЗАЯВИТЕЛЬ] По данному вопросу я раннее, т.е. 05.10.2019 уже обращался, обращение № 573684. Повторно хочу поднять этот вопрос о необходимости строительства моста через ж. д. пути на выезде со ст. Сороковой. По сей день повторяетс",Дороги/Светофоры,Дороги,Светофоры,ru,dialog_egov,21.09.2021,query
hf-854-ru,Из-за плохого качества еды в школьной столовой у моего ребенка снизился иммунитет.,Другое/Общие вопросы,Другое,Общие вопросы,ru,huggingface,,hf_category
hf-27-kk,Балабақшаға кезекке тұру үшін жергілікті әкімдіктегі танысыма ақша беруге тура келді. Бұл мәселені қалай шешуге болады?,Другое/Общие вопросы,Другое,Общие вопросы,kk,huggingface,,hf_category
hf-110-ru,Очень плохой мобильный интернет на трассе 'Алматы - Конаев'. Связь в машине часто пропадает. Можно ли улучшить качество?,Другое/Общие вопросы,Другое,Общие вопросы,ru,huggingface,,hf_category
hf-14-ru,Побережье Каспийского моря в Мангистауской области завалено мусором. Отдыхающие не убирают за собой. Нужно усилить работу экологических патрулей.,Благоустройство/Вывоз мусора,Благоустройство,Вывоз мусора,ru,huggingface,,hf_category
638391,"Құрметті [ЗАЯВИТЕЛЬ] менің арыздарыма жауаптарды Сіз өзіңіз жазған жоқсыз деп ойлаймын, себебі бұндай арыздарға бұндай жауаптарды құдайдан қорықпайтын, бойында титтей болсада адамгершілік қасиеттен жұрдай болған, жалғанды белінен басатын адамдар ғана жазады деп ойлаймын",Дороги/Дорожное покрытие,Дороги,Дорожное покрытие,kk,dialog_egov,28.08.2020,query
713239,"Обращение с регистрационным номером 713239, направленное в Блог [ЗАЯВИТЕЛЬ] РК [ЗАЯВИТЕЛЬ] отклонено ГО 18.11.2021",Благоустройство/Детские площадки,Благоустройство,Детские площадки,ru,dialog_egov,05.11.2021,query
734283,"Городские пассажирские перевозки Здравствуйте, уважаемый [ЗАЯВИТЕЛЬ]! Вынуждена обратиться в связи с творящимися безобразиями в городских пассажирских перевозках по городу Алматы. Низкой культурой поведения либо полной ее отсутствием как у перевозчиков, их работников",Транспорт/Общественный транспорт,Транспорт,Общественный транспорт,ru,dialog_egov,08.04.2022,query
748359,"Құрметті [ЗАЯВИТЕЛЬ], мен [ЗАЯВИТЕЛЬ] жуырда ғана жаңа кәсіп бастағалы отырған [ЗАЯВИТЕЛЬ] заңды азаматы ретінде ""Астана [ЗАЯВИТЕЛЬ]"" [ЗАЯВИТЕЛЬ] мекемесінің қызметкерлері мен басшысы [ЗАЯВИТЕЛЬ] шағым түсіре отырып, келе",ЖКХ/Водоснабжение,ЖКХ,Водоснабжение,kk,dialog_egov,21.07.2022,query
hf-583-ru,Из-за ям на дороге погнулся колесный диск моей машины.,Дороги/Дорожное покрытие,Дороги,Дорожное покрытие,ru,huggingface,,hf_category
hf-328-ru,Машина дорожно-патрульной полиции нарушила ПДД и выехала на встречную полосу.,Другое/Общие вопросы,Другое,Общие вопросы,ru,huggingface,,hf_category
752133,"Доброго времени суток! В г. Степногорск ужасные проблемы с подачей воды На данный момент горячей воды нет до конца августа, но даже и холодная вода не соответствует требованиям. То нет необходимого давления, то вода желто-коричневого цвета Эта проблема действует уже, как миним",ЖКХ/Водоснабжение,ЖКХ,Водоснабжение,ru,dialog_egov,25.08.2022,query+rules
hf-17-ru,"Ночью не горят уличные фонари, ходить страшно. Прошу решить данную проблему.",ЖКХ/Общие вопросы,ЖКХ,Общие вопросы,ru,huggingface,,hf_category
752835,"Уважаемый [ЗАЯВИТЕЛЬ]! Вот перенаправляю Ваш ответ, направленный Вами же в мой адрес в начале текущего года: ""Уважаемая [ЗАЯВИТЕЛЬ] обращение, сообщаю следующее. Строительство дороги по улице Батыр баян и Сырым батыра предусмотрены проектом «Инженерн",Дороги/Дорожное покрытие,Дороги,Дорожное покрытие,ru,dialog_egov,02.09.2022,query+rules
hf-1009-ru,"Интернет-провайдер не обеспечивает скорость, указанную в договоре.",Другое/Общие вопросы,Другое,Общие вопросы,ru,huggingface,,hf_category
741713,"Обращение с регистрационным номером 741713, направленное в Блог [ЗАЯВИТЕЛЬ] РК [ЗАЯВИТЕЛЬ] отклонено ГО 13.06.2022",Транспорт/Общественный транспорт,Транспорт,Общественный транспорт,ru,dialog_egov,30.05.2022,query
hf-694-ru,Спортивный инвентарь на уроках физкультуры в школе старый и опасный.,Другое/Общие вопросы,Другое,Общие вопросы,ru,huggingface,,hf_category
hf-311-kk,Жолдың жарықтандыру жүйесі істен шыққан. Түнде жүру қауіпті.,Дороги/Дорожное покрытие,Дороги,Дорожное покрытие,kk,huggingface,,hf_category
hf-549-kk,"Интернеттің жылдамдығын тексерсем, келісім-шарттағыдан екі есе төмен.",Другое/Общие вопросы,Другое,Общие вопросы,kk,huggingface,,hf_category
559211,"ще не заселились, а претензии есть: люди боятся заселяться в новый многоэтажный дом Уральска Июль 17, 2019, 15:5477240 Подвал многоэтажного дома по адресу Мункеулы, 108/5 топит канализационными водами уже больше недели, сообщает корреспондент портала ""Мой ГОРОД"". ￼ В",ЖКХ/Водоснабжение,ЖКХ,Водоснабжение,ru,dialog_egov,18.07.2019,query+rules
676056,Министру внутренних дел Республики Казахстан генерал-лейтенанту полиции ТУРГУМБАЕВУ [ЗАЯВИТЕЛЬ] Джулановны 18.10.1954 г.р ИИН [ИИН],Транспорт/Общественный транспорт,Транспорт,Общественный транспорт,ru,dialog_egov,30.03.2021,query
704667,"Обращение с регистрационным номером 704667, направленное в Блог Аким города Алматы [ЗАЯВИТЕЛЬ]A. находится на рассмотрении у ГО",ЖКХ/Водоснабжение,ЖКХ,Водоснабжение,ru,dialog_egov,09.09.2021,query
hf-495-ru,"Доходы чиновников, указанные в декларациях, не соответствуют их уровню жизни.",Другое/Общие вопросы,Другое,Общие вопросы,ru,huggingface,,hf_category
702141,"[ЗАЯВИТЕЛЬ] Добрый день! Хочу обратить ваше внимание не нецелесообразность возможности передачи здания школы для одаренных детей №9 Зерде, расположенный по адресу: г. Нур-Султан, проспект Сарыарка, 20 Техническому колледжу. ГККП «Технический колледж» акимата города Нур-Султа",ЖКХ/Лифт,ЖКХ,Лифт,ru,dialog_egov,24.08.2021,query
hf-619-ru,"Хотя я внес предоплату за услуги интернет-провайдера, интернет вовремя не подключили.",Другое/Общие вопросы,Другое,Общие вопросы,ru,huggingface,,hf_category
hf-172-kk,"Көшеміздегі бағдаршамның жасыл түсі өте қысқа жанады, жолды өтіп үлгермейміз.",Дороги/Дорожное покрытие,Дороги,Дорожное покрытие,kk,huggingface,,hf_category
664160,"Здравствуйте, уважаемый [ЗАЯВИТЕЛЬ]! Обращаемся к вам повторно по поводу недостаточного теплоснабжения ЖК Туркестан находящегося по адресу Кошкарбаева 34. Изза невыносимого холода, жильцы были вынуждены обратиться в службу 109, неоднократно. Хочу заметить, что служба 109",ЖКХ/Отопление,ЖКХ,Отопление,ru,dialog_egov,26.01.2021,query+rules
656074,"ҚР Президентіне ҚР Сыбайлас жемқорлыққа қарсы іс-қимыл агенттігінің (Сыбайлас жемқорлыққа қарсы қызмет) төрағасына ҚР [ЗАЯВИТЕЛЬ] т.ж: п. Боралдай, мкр. Водник 1, д. 15, кВ. 13 ұ.ж: [ТЕЛЕФОН] Арыз-Шағым (Алматы облысы қылмыстық қудала",Дороги/Дорожное покрытие,Дороги,Дорожное покрытие,kk,dialog_egov,07.12.2020,query
762417/1,армысыз. бүгін 26 -желтоқсан 2022 жылы Өскемен қаласында сатпаев даңғылы 3/1 к1 мекен-жайда орналасқан Роял петрол деген жанармай құятын стансада мемлекет тілін қорлады.конституциялық құқығымды аяқ асты етті.тіл тұралы заңды жермен жексен қылды.сағат 18- 14 мөлшерінде бензин қ,ЖКХ/Отопление,ЖКХ,Отопление,kk,dialog_egov,29.12.2022,query
hf-530-kk,"Автобус жүргізушісі аялдамаға тоқтамай, мені жаңбырдың астында қалдырып кетті.",Транспорт/Общественный транспорт,Транспорт,Общественный транспорт,kk,huggingface,,hf_category
hf-349-kk,Интернет провайдерімен келісім-шартта өте ұсақ шрифтпен жазылған қосымша шарттар бар.,Другое/Общие вопросы,Другое,Общие вопросы,kk,huggingface,,hf_category
hf-736-kk,Қаланың жанындағы өзенге жақын жердегі үйлердің қоқысы суға түседі.,Благоустройство/Вывоз мусора,Благоустройство,Вывоз мусора,kk,huggingface,,hf_category
743716,"Уважаемый [ЗАЯВИТЕЛЬ], Настоящим обращением, от имени жителей микрорайона Самгау (бывшего Курлысшы) Алатауского района города Алматы вынужден просить вас оказать содействие в решение по насыщенным и не разрешенным очень длительное время вопросам следующего характера: 1",Освещение/Уличное освещение,Освещение,Уличное освещение,ru,dialog_egov,14.06.2022,query
hf-261-kk,"Жолға салынған 'жатқан полицейлер' стандартқа сай емес, тым биік.",Дороги/Дорожное покрытие,Дороги,Дорожное покрытие,kk,huggingface,,hf_category
749931,Құрметті [ЗАЯВИТЕЛЬ]! [ЗАЯВИТЕЛЬ] Әуезов атындағы [ЗАЯВИТЕЛЬ] университетінің ұжымының атынан өтінішім бар еді. Аталмыш оқу орнында 2018 жылдың мамыр айында Қожамжарова [ЗАЯВИТЕЛЬ] ректор болып тағайындалғалы бері жаппай заң бұзушылықтар мен жемқорлық фактілері ор,Дороги/Дорожное покрытие,Дороги,Дорожное покрытие,kk,dialog_egov,07.08.2022,query
hf-511-ru,"Яма на дворовой дороге заполнилась дождевой водой, невозможно пройти.",ЖКХ/Общие вопросы,ЖКХ,Общие вопросы,ru,huggingface,,hf_category
hf-462-kk,Дәрігер қабылдау кезінде басқа пациентпен телефон арқылы сөйлесті.,Другое/Общие вопросы,Другое,Общие вопросы,kk,huggingface,,hf_category
hf-109-kk,"Өскемендегі №4 автобустың жүргізушісі жолаушылармен өте дөрекі сөйлеседі. Кондуктор жоқ, төлем қабылдау кезінде үнемі айқайлайды.",Транспорт/Общественный транспорт,Транспорт,Общественный транспорт,kk,huggingface,,hf_category
hf-75-kk,Стоматологиялық қызметтердің бағасы өте қымбат. Тегін емделу мүмкін емес пе?,Другое/Общие вопросы,Другое,Общие вопросы,kk,huggingface,,hf_category
713241,"ВОЛЕИЗЪЯВЛЕНИЕ -Ё ИЗЪЯВЛЕНИЕ:ПРАВДА : Человек, Суверен ,Выгодоприобретатель ,Николай сын Василия из рода Канахиных (далее – Заявитель) согласно Волеизъявления в форме Декларации от 14.01.2021 г. является бенефициаром (учредителем и выгодоприобретателем) бланка паспорта физическог",Благоустройство/Детские площадки,Благоустройство,Детские площадки,ru,dialog_egov,05.11.2021,query
hf-512-ru,Приходится ждать приема врача по несколько часов.,Другое/Общие вопросы,Другое,Общие вопросы,ru,huggingface,,hf_category
hf-707-kk,Мүгедектігі бар балама арналған жәрдемақы мөлшері өте аз.,Другое/Общие вопросы,Другое,Общие вопросы,kk,huggingface,,hf_category
hf-1047-ru,Свет в подъезде не горит уже несколько недель.,ЖКХ/Общие вопросы,ЖКХ,Общие вопросы,ru,huggingface,,hf_category
hf-686-kk,Қаланың жанындағы өзенге жақын жердегі демалыс орындарынан көп қоқыс шығады.,Благоустройство/Вывоз мусора,Благоустройство,Вывоз мусора,kk,huggingface,,hf_category
hf-107-kk,Зейнетақы төлемдерінің кешігуіне байланысты шағымданамын. Ай сайын бірнеше күнге кешігіп түседі. Себебі неде?,Другое/Общие вопросы,Другое,Общие вопросы,kk,huggingface,,hf_category
hf-181-kk,"Автобус жүргізушісі телефонмен сөйлесіп, жол жүру ережесін бұзды.",Транспорт/Общественный транспорт,Транспорт,Общественный транспорт,kk,huggingface,,hf_category
752471,"Акиму города Алматы от [ЗАЯВИТЕЛЬ] ИИН [ИИН], 050035, город Алматы, микрорайон 10, дом 15-5, кВ.3; тел. 777-525-8757 e-mail [EMAIL] Ранее я неоднократно обращался о состоянии зеленого массива и благоустройства территории жилого",Благоустройство/Вывоз мусора,Благоустройство,Вывоз мусора,ru,dialog_egov,29.08.2022,query+rules
752390,"Здравствуйте уважаемый председатель комитета автомобильных дорог [ЗАЯВИТЕЛЬ] Прошу вашего вмешательство в разрешение проблемы автодорог в [ЗАЯВИТЕЛЬ], Жанадауир, Коянкус в [ЗАЯВИТЕЛЬ] области, Байсеркинский округ. Никто уже не помнит когда была укладка д",Дороги/Дорожное покрытие,Дороги,Дорожное покрытие,ru,dialog_egov,27.08.2022,query+rules
hf-234-kk,Мектептегі су ішетін фонтандар істемейді.,Другое/Общие вопросы,Другое,Общие вопросы,kk,huggingface,,hf_category
hf-1032-kk,Жер учаскесін алу үшін пара талап етілді.,Другое/Общие вопросы,Другое,Общие вопросы,kk,huggingface,,hf_category
721681,"Здравствуйте. Меня как и всех остальных обманутых дольщиков Астаны, в частности ЖК Шыгыс группа 2А (8 подъезд) интересует вопрос ужасающих признаков коррупции и ""закатанных в бетон"" бюджетных средств выделенных государством на завершение строительства проблемных объекто",ЖКХ/Лифт,ЖКХ,Лифт,ru,dialog_egov,11.01.2022,query
hf-272-ru,"С фасада дома осыпается штукатурка, это опасно для прохожих.",ЖКХ/Общие вопросы,ЖКХ,Общие вопросы,ru,huggingface,,hf_category
hf-585-ru,"Чиновник отказался принимать мое заявление, сказав 'приходите позже'.",Другое/Общие вопросы,Другое,Общие вопросы,ru,huggingface,,hf_category
hf-809-kk,"Интернет провайдерінің қызметкерлері үйге келгенде, менің үйімдегі заттарды сындырып алды.",Другое/Общие вопросы,Другое,Общие вопросы,kk,huggingface,,hf_category
754743,"Добрый день [ЗАЯВИТЕЛЬ], пишу Вам потому что просто накипело. Общественный транспорт это конечно вечная проблема, но я хочу чтобы наказали руководителей и водителя маршрута автобуса №25 116LF02 сегодня 20 сентября 2022 года в 10 утра на остановке Манаса по улице Абая пол",Транспорт/Общественный транспорт,Транспорт,Общественный транспорт,ru,dialog_egov,20.09.2022,query+rules
763242,"Меня зовут Буканова [ЗАЯВИТЕЛЬ], я живу по адресу Пр. Мира д.49 кв. 38, имею жалобы на работу Актобе суэнерджи так как уже 3 месяц ко мне приходят квитанции с 0 показателем, хотя в электронном виде указывается сумма оплаты, имею подозрения что мои показания неправильно счи",ЖКХ/Водоснабжение,ЖКХ,Водоснабжение,ru,dialog_egov,10.01.2023,query
hf-1021-kk,"Кіреберістегі электр қалқаншасы ашық тұр, бұл балалар үшін қауіпті.",ЖКХ/Общие вопросы,ЖКХ,Общие вопросы,kk,huggingface,,hf_category
688806,"Осы арызымды жолдай отырып сізден қазіргі таңдағы «Ақтөбе-Атырау» тас жолынын күрделі жөндеу жұмыстарының өтіп жатқанына байланысты, менің меншігімдегі кәсіпкерлік нысаным Ақтөбе-Атырау тас жол маңы Сағыз ауылдық округінде орналасқан «Алихан» Қонақ-үй/Шайхана жұмысының 2019 жылда",Дороги/Дорожное покрытие,Дороги,Дорожное покрытие,kk,dialog_egov,03.06.2021,query+rules
hf-238-kk,Көлігімді қателесіп айыптұраққа алып кетті. Шығынды кім өтейді?,Другое/Общие вопросы,Другое,Общие вопросы,kk,huggingface,,hf_category
hf-830-ru,"Водитель автобуса не остановился на моей остановке, сказав, что 'он вернет мне деньги'.",Транспорт/Общественный транспорт,Транспорт,Общественный транспорт,ru,huggingface,,hf_category
763380,"[ЗАЯВИТЕЛЬ] Казахстан [ЗАЯВИТЕЛЬ] от Частного судебного исполнителя ВКО [ЗАЯВИТЕЛЬ] Заявление Уважаемый господин Министр, вынужден обратиться к Вам, так как 09.12.2022 года я обратился на имя руково",ЖКХ/Отопление,ЖКХ,Отопление,ru,dialog_egov,12.01.2023,query
hf-352-ru,"Мой врач отказался открывать больничный лист, хотя у меня высокая температура.",Другое/Общие вопросы,Другое,Общие вопросы,ru,huggingface,,hf_category
hf-709-ru,"Сотрудники интернет-провайдера, пришедшие на дом, грубо отвечали на мои вопросы.",Другое/Общие вопросы,Другое,Общие вопросы,ru,huggingface,,hf_category
547048,"Добрый день [ЗАЯВИТЕЛЬ]! Обращаюсь к Вам со следующими проблемами: 1) Во дворе дома по ул. Чкалова 130 несколько лет назад установили отличную спортивную площадку с тренажерами. Между тем, половина тренажеров находятся в нерабочем состоянии. Тогда как и дети, и пожилые л",Благоустройство/Детские площадки,Благоустройство,Детские площадки,ru,dialog_egov,24.04.2019,query
713369,"Уважаемый, [ЗАЯВИТЕЛЬ]! Обращаюсь к Вам, с просьбой решить вопрос с теплом. Когда была подача тепла в жилые дома по г. Алматы, отопление у нас было только в двух комнатах, и то батареи бвли слегка теплые. В других двух комнатах батареи были ледяные. Соседи снизу вызвали",ЖКХ/Отопление,ЖКХ,Отопление,ru,dialog_egov,06.11.2021,query+rules
757789,"Добрый день, [ЗАЯВИТЕЛЬ]! Меня зовут [ЗАЯВИТЕЛЬ], я являюсь руководителем проектов в компании IGP. Предлагаю рассмотреть технологию проецирования дорожной разметки при помощи гобо-проекторов IGP и возможное применение в городских зонах, зонах повышенной опасности д",Дороги/Светофоры,Дороги,Светофоры,ru,dialog_egov,24.10.2022,query
hf-407-kk,Атаулы әлеуметтік көмек тағайындаудан негізсіз бас тартты.,Другое/Общие вопросы,Другое,Общие вопросы,kk,huggingface,,hf_category
hf-12-ru,"Автобус №102 (Астана) постоянно переполнен, особенно в утренние и вечерние часы. Прошу рассмотреть возможность добавления дополнительных автобусов на маршрут.",Транспорт/Общественный транспорт,Транспорт,Общественный транспорт,ru,huggingface,,hf_category
hf-694-kk,Мектептегі дене шынықтыру сабағындағы спорттық жабдықтар ескі және қауіпті.,Другое/Общие вопросы,Другое,Общие вопросы,kk,huggingface,,hf_category
hf-118-ru,Сотрудники полиции при проверке документов не представляются и ведут себя грубо. Насколько это законно?,Другое/Общие вопросы,Другое,Общие вопросы,ru,huggingface,,hf_category
765837,"""БЖЗҚ"" АҚ Басқарма төрағасы [ЗАЯВИТЕЛЬ]",ЖКХ/Отопление,ЖКХ,Отопление,kk,dialog_egov,30.09.2025,query
hf-348-kk,"Көлігімнің нөмірін біреу көшіріп алып, айыппұлдар маған келіп жатыр.",Другое/Общие вопросы,Другое,Общие вопросы,kk,huggingface,,hf_category
hf-1013-kk,Жаңадан салынған жол бірнеше айдан кейін-ақ ойылып қалды.,Дороги/Дорожное покрытие,Дороги,Дорожное покрытие,kk,huggingface,,hf_category
hf-718-ru,Сотрудники полиции при регистрации моей жалобы разгласили мои личные данные.,Другое/Общие вопросы,Другое,Общие вопросы,ru,huggingface,,hf_category
hf-263-kk,Ауылдық амбулаторияда дәрі-дәрмектер жетіспейді.,Другое/Общие вопросы,Другое,Общие вопросы,kk,huggingface,,hf_category
hf-299-kk,Интернетке қосылу келісім-шартындағы кейбір тармақтар түсініксіз жазылған.,Другое/Общие вопросы,Другое,Общие вопросы,kk,huggingface,,hf_category
hf-808-kk,"Көршімнің пәтеріндегі шуға байланысты полиция шақырсам, олар келмей қойды.",Другое/Общие вопросы,Другое,Общие вопросы,kk,huggingface,,hf_category
hf-647-kk,Жұмыссыз ретінде тіркелу үшін көптеген анықтамалар жинау керек.,Другое/Общие вопросы,Другое,Общие вопросы,kk,huggingface,,hf_category
hf-93-kk,Мектептегі тамақтың сапасы нашар. Балам асқазаны ауыратынын айтып шағымданады.,Другое/Общие вопросы,Другое,Общие вопросы,kk,huggingface,,hf_category
hf-617-kk,Жұмыспен қамту орталығы арқылы оқыған курсым бойынша жұмыс таба алмай жүрмін.,Другое/Общие вопросы,Другое,Общие вопросы,kk,huggingface,,hf_category
hf-800-ru,"Водитель автобуса не остановился на моей остановке, сказав, что 'он не заметил мой знак'.",Транспорт/Общественный транспорт,Транспорт,Общественный транспорт,ru,huggingface,,hf_category
hf-590-ru,Водитель автобуса грубо ответил на мой вопрос.,Транспорт/Общественный транспорт,Транспорт,Общественный транспорт,ru,huggingface,,hf_category
760402,"09 Карагандинская область г. Караганда, 24.11.2022 год Автомобиль с ГРНЗ 103 AFH 09 двигаясь со стороны ул. Сатыбалдина в сторону перекрёстка ул. Муканова 26 осуществил обгон на перекрёстке с выездом на запрещающий знак светофора, также нарушая ПДД создал аварийную обстановку, в",Дороги/Светофоры,Дороги,Светофоры,ru,dialog_egov,28.11.2022,query+rules
hf-1058-ru,Мастера от интернет-провайдера сделали работу некачественно и попросили доплату.,Другое/Общие вопросы,Другое,Общие вопросы,ru,huggingface,,hf_category
hf-889-kk,"Интернет провайдерінің қызметкерлері үйге келгенде, менің үйімдегі заттарды рұқсатсыз суретке түсіріп, достарына жіберді.",Другое/Общие вопросы,Другое,Общие вопросы,kk,huggingface,,hf_category
hf-802-kk,Дәрігердің қабылдауына жазылу үшін бірнеше күн бойы емханаға баруға тура келді.,Другое/Общие вопросы,Другое,Общие вопросы,kk,huggingface,,hf_category
635641,"Просим Вас провести проверку по факту незаконной работы предприятия по вторичной переработке пластика по адресу г. Темиртау, ул. Тольяти 12 (Здание бывшего хлеб завода) далее База. Эта территория ранее принадлежала АО «[ЗАЯВИТЕЛЬ]» , на данный момент передан",ЖКХ/Водоснабжение,ЖКХ,Водоснабжение,ru,dialog_egov,15.08.2020,query
720892/1,Добрый день! Компания в которой я работаю приобретает услуги у сторонней организации по техническому обслуживанию оборудования лифтового хозяйства (обслуживание лифтов в административном здании). Сторонняя организация в качестве подтверждения права ведения работ в области промышл,ЖКХ/Лифт,ЖКХ,Лифт,ru,dialog_egov,29.12.2021,query+rules
hf-148-kk,Менің жеке деректерімді (телефон нөмірімді) жарнама агенттіктері қайдан алады?,Другое/Общие вопросы,Другое,Общие вопросы,kk,huggingface,,hf_category
hf-638-kk,"Көршім пәтерін жалға беріп, тыныштықты бұзатын адамдарды кіргізеді.",Другое/Общие вопросы,Другое,Общие вопросы,kk,huggingface,,hf_category
737087/1,"Обращение с регистрационным номером 737087/1, направленное в Блог Председатель Комитета среднего образования [ЗАЯВИТЕЛЬ] находится на рассмотрении у ГО",ЖКХ/Лифт,ЖКХ,Лифт,ru,dialog_egov,29.04.2022,query
hf-553-kk,Жол жиегіндегі жаяу жүргіншілер жолы өте тар.,Дороги/Дорожное покрытие,Дороги,Дорожное покрытие,kk,huggingface,,hf_category
hf-599-kk,Интернет провайдерінің қызметкерлері үйге кіргенде бахила кимейді.,Другое/Общие вопросы,Другое,Общие вопросы,kk,huggingface,,hf_category
763678,"Обращение с регистрационным номером 763678, направленное в Блог Директор КГУ «Центр документации новейшей истории» управления цифровизации и архивов ВКО [ЗАЯВИТЕЛЬ] находится на рассмотрении у ГО",Транспорт/Общественный транспорт,Транспорт,Общественный транспорт,ru,dialog_egov,06.02.2023,query
649971,"Приветствую! Летом текущего года с ВКО, город Семей переехал в село Коянды, и сильно не удовлетворен работой местного акимата и территориальной принадлежности данного села в Целиноградский район (село Акмол). Не удовлетворен работой акимата по следующим причинам: 1. село наход",Освещение/Уличное освещение,Освещение,Уличное освещение,ru,dialog_egov,01.11.2020,query
hf-513-ru,Ступеньки на надземном пешеходном мосту скользкие.,Дороги/Дорожное покрытие,Дороги,Дорожное покрытие,ru,huggingface,,hf_category
hf-326-kk,"Қаланың орталығындағы ескі ғимараттарды бұзып, орнына сауда орталықтарын салып жатыр.",Благоустройство/Вывоз мусора,Благоустройство,Вывоз мусора,kk,huggingface,,hf_category
760494,"Прошу рассмотреть подключение уличного освещения, светофоров по улице Әнет баба, со стороны улицы Мухамедханова в сторону пр.Сыганак.",Освещение/Уличное освещение,Освещение,Уличное освещение,ru,dialog_egov,28.11.2022,query
hf-455-ru,"Приходится ходить несколько дней, чтобы получить справку в госучреждении.",Другое/Общие вопросы,Другое,Общие вопросы,ru,huggingface,,hf_category
763654,"Здравствуйте. Прошу Вас пояснить следующее. На мое обращение в блог Министра энергетики РК [ЗАЯВИТЕЛЬ] (№ 758695) 08.11.2022 г., я получила ответ: ""В соответствии с АГСК-1-2015 «Перечень нормативных правовых актов и нормативно-технических документов в области архитекту",Транспорт/Общественный транспорт,Транспорт,Общественный транспорт,ru,dialog_egov,01.02.2023,query
744392,"Добрый день. Прошу посодействовать в решение вопросов и привлечь застройка ТОО ""Qazaq stroy"" к ответственности. Ранее наши вопросы, бесконечные обращения к застройщику в письменном виде, которые остаются по сей день безрезультатно! Озвучивали Акиму Алмалинского района,",Освещение/Уличное освещение,Освещение,Уличное освещение,ru,dialog_egov,20.06.2022,query
hf-600-kk,"Автобус жүргізушісі аялдамада тоқтамай, жылдамдықты асырып кетті.",Транспорт/Общественный транспорт,Транспорт,Общественный транспорт,kk,huggingface,,hf_category
hf-209-ru,Интернет-провайдер не устраняет техническую неисправность уже несколько дней.,Другое/Общие вопросы,Другое,Общие вопросы,ru,huggingface,,hf_category
hf-932-kk,"Дәрігердің қабылдауына жазылған уақытымда келсем, ол орнында болмай шықты.",Другое/Общие вопросы,Другое,Общие вопросы,kk,huggingface,,hf_category
hf-215-ru,На мое обращение в госорган нет ответа уже более 15 дней.,Другое/Общие вопросы,Другое,Общие вопросы,ru,huggingface,,hf_category
hf-617-ru,"Не могу найти работу по специальности, на которую выучился через центр занятости.",Другое/Общие вопросы,Другое,Общие вопросы,ru,huggingface,,hf_category
753913,"Меня зовут Маштакова [ЗАЯВИТЕЛЬ]. 09 сентября 2022 года в 21.30 у меня украли с сумки портмоне и там было содержимое (кредитные карты, удостоверение личности, наличные деньги 15 000 тенге и 40 $) и сотовый телефон Iphone 13 pro 256 GB синий-цена телефона 743 700 тенге. I",Транспорт/Общественный транспорт,Транспорт,Общественный транспорт,ru,dialog_egov,12.09.2022,query
hf-251-ru,Когда планируется ремонт тротуара на нашей улице?,Дороги/Дорожное покрытие,Дороги,Дорожное покрытие,ru,huggingface,,hf_category
hf-390-ru,"Водитель автобуса проявил грубость, посадив на мое место другого пассажира.",Транспорт/Общественный транспорт,Транспорт,Общественный транспорт,ru,huggingface,,hf_category
766229,"Мен,[ЗАЯВИТЕЛЬ] жалғызбасты анамын.1983 жылы Механический заводтың жатақханасынан бір бөлме-19 кв.м алып,жекешелендіріп,осы уақытқа дейін тұрып жатырмыз. 2006 жылдан бастап «толық емес отбасы» санаты бойынша ""Орал қаласының тұрғын үй-коммуналдық шаруашылығы, жолаушылар к",ЖКХ/Отопление,ЖКХ,Отопление,kk,dialog_egov,02.06.2026,query
hf-565-ru,"Кажется, существует 'отдельная' очередь для родственников госслужащих.",Другое/Общие вопросы,Другое,Общие вопросы,ru,huggingface,,hf_category
hf-678-kk,"Полиция қызметкерлері менің шағымымды қабылдап, бірақ оны жоғалтып алды.",Другое/Общие вопросы,Другое,Общие вопросы,kk,huggingface,,hf_category
hf-532-kk,Емханадағы дәрігерлердің жұмыс кестесі үнемі өзгеріп отырады.,Другое/Общие вопросы,Другое,Общие вопросы,kk,huggingface,,hf_category
hf-781-ru,Зеркало в лифте в подъезде разбито.,ЖКХ/Общие вопросы,ЖКХ,Общие вопросы,ru,huggingface,,hf_category
hf-544-ru,Сотрудники школьной столовой работают без перчаток.,Другое/Общие вопросы,Другое,Общие вопросы,ru,huggingface,,hf_category
758847,"Здравствуйте, [ЗАЯВИТЕЛЬ]. Лицензирование деятельности в сфере архитектуры, градостроительства и строительства, осуществляется в соответствии с [ЗАЯВИТЕЛЬ] Казахстан «О разрешениях и уведомлениях» (далее – Закон). На основании пункта 6 статьи 17 Закона, в приложени",ЖКХ/Водоснабжение,ЖКХ,Водоснабжение,ru,dialog_egov,10.11.2022,query
661128,"Обращение с регистрационным номером 661128, направленное в Блог [ЗАЯВИТЕЛЬ] РК [ЗАЯВИТЕЛЬ] отклонено ГО 22.01.2021",ЖКХ/Отопление,ЖКХ,Отопление,ru,dialog_egov,10.01.2021,query
754557,"Мы, собственники домов по улице Т.[ЗАЯВИТЕЛЬ] района г.Алматы обращаемся к вам по поводу беспредела, который творится на нашей улице. Начиная с 2015 года на нашей улице стали выполнять строительные работы по прокладке наружных сетей канализации и водопровода, хотя",Дороги/Дорожное покрытие,Дороги,Дорожное покрытие,ru,dialog_egov,18.09.2022,query
hf-409-ru,"Скорость интернета, указанная в рекламе провайдера, не соответствует действительности.",Другое/Общие вопросы,Другое,Общие вопросы,ru,huggingface,,hf_category
725727,"Добрый день. Обращаюсь к Вам, как Акиму города Алматы. Являюсь жителем Наурызбайского района города Алматы, Жилой комплекс Премьера. На момент приобретения квартиры в данном жилом комплексе, все дороги, фонари, детская площадка была в исправном состоянии, все работало должным об",Благоустройство/Детские площадки,Благоустройство,Детские площадки,ru,dialog_egov,07.02.2022,query
hf-34-kk,Мектепке баратын жолда жаяу жүргіншілер жолағы жоқ. Балалардың қауіпсіздігіне алаңдаймыз.,Дороги/Дорожное покрытие,Дороги,Дорожное покрытие,kk,huggingface,,hf_category
hf-540-kk,Автобус жүргізушісі аялдамаларды шатастырып айтады.,Транспорт/Общественный транспорт,Транспорт,Общественный транспорт,kk,huggingface,,hf_category
hf-612-ru,"Я пришел на прием к врачу, а его не оказалось на месте.",Другое/Общие вопросы,Другое,Общие вопросы,ru,huggingface,,hf_category
761801,"Обращение с регистрационным номером 761801, направленное в Блог Уполномоченный по правам человека в РК [ЗАЯВИТЕЛЬ] находится на рассмотрении у ГО",ЖКХ/Отопление,ЖКХ,Отопление,ru,dialog_egov,14.12.2022,query
hf-1038-kk,"Интернет жиі өшіп қалады, техникалық қолдау қызметіне хабарласу мүмкін емес.",Другое/Общие вопросы,Другое,Общие вопросы,kk,huggingface,,hf_category
494173,"Довожу до Вашего сведения Восточно-Казахстанская область Семей, 15.04.2018 год В районе мкр. Юность находится стихийная мусорная свалка. Муниципальные власти и коммунальные службы игнорируют данную проблему. Материалы взяты по ссылке https://vk.com/zhanbotanov?w=wall-59388124_",Благоустройство/Вывоз мусора,Благоустройство,Вывоз мусора,ru,dialog_egov,23.04.2018,query+rules
hf-389-ru,Невозможно дозвониться в службу технической поддержки интернет-провайдера.,Другое/Общие вопросы,Другое,Общие вопросы,ru,huggingface,,hf_category
hf-307-ru,Задерживают выплату пособия по инвалидности уже несколько месяцев.,Другое/Общие вопросы,Другое,Общие вопросы,ru,huggingface,,hf_category
hf-750-kk,"Автобус жүргізушісі менің аялдамамда тоқтамай, 'менің кестем бар' деді.",Транспорт/Общественный транспорт,Транспорт,Общественный транспорт,kk,huggingface,,hf_category
753984,"Добрый день!Я живу по адресу Аршалы 62 на трасее,дорогу с 2020 года перестали убирать.Рядом с моим домом открылись предприятия которые принимают мукулатуру и разбрасывают мусор вдоль дороги.Также напротив дома открылось СТО которое ставит кучу машин вдоль дороги где нет парковки,",Благоустройство/Вывоз мусора,Благоустройство,Вывоз мусора,ru,dialog_egov,13.09.2022,query
hf-582-kk,Емханадағы дәретханада су жоқ.,Другое/Общие вопросы,Другое,Общие вопросы,kk,huggingface,,hf_category
hf-131-kk,Жаңа асфальтты су құбырын жөндеу үшін қайта қазып тастады. Жұмыстарды үйлестіру жоқ па?,Дороги/Дорожное покрытие,Дороги,Дорожное покрытие,kk,huggingface,,hf_category
722003/1,добрый день. Я обращаюсь к Вам с вопросом по вывозу мусора. Так как я оплачиваю и вывожу свой мусор на свалку сама. До этого у нас вывозила компания и я ей оплатила на год вперед. потом эта компания исчезла и я стала вывозить мусор самостоятельно. проходит время и мне новая комп,Благоустройство/Вывоз мусора,Благоустройство,Вывоз мусора,ru,dialog_egov,14.01.2022,query+rules
763189,[ЗАЯВИТЕЛЬ] Казахстан Г-ну Касым – [ЗАЯВИТЕЛЬ]. Председате,Транспорт/Общественный транспорт,Транспорт,Общественный транспорт,ru,dialog_egov,10.01.2023,query
hf-693-kk,Жолдағы шұңқырлардың кесірінен көлігімнің дөңгелегінің дискісін қисайтып алдым.,Дороги/Дорожное покрытие,Дороги,Дорожное покрытие,kk,huggingface,,hf_category
744069,Добрый день. Я живу в г. Петропавловск. У нас на данный момент мусор с контейнеров расположенных около моего дома не вывозиться с апреля месяца. Мои просьбы и жалобы в акимат и айкомек и другие службы не дают никакого результата. Согласно Санитарно-эпидемиологические правила и но,Благоустройство/Вывоз мусора,Благоустройство,Вывоз мусора,ru,dialog_egov,16.06.2022,query+rules
hf-912-kk,"Дәрігердің қабылдауына жазылған уақытымда келсем, ол менің орныма басқа пациентті қабылдап, мені күттіріп қойды.",Другое/Общие вопросы,Другое,Общие вопросы,kk,huggingface,,hf_category
hf-725-ru,Сотрудники госучреждения в рабочее время играют в компьютерные игры.,Другое/Общие вопросы,Другое,Общие вопросы,ru,huggingface,,hf_category
hf-140-ru,В общественном транспорте не освобождают места для инвалидов.,Транспорт/Общественный транспорт,Транспорт,Общественный транспорт,ru,huggingface,,hf_category
304292,"Здравствуйте Уважаемое Министерство! Примите пожалуйста обращение. 28 декабря 2015 года, в г. Алматы, находясь на автобусной остановке по адресу: Абая 34 угол Масанчи. В ожидании автобуса, увидел как на этой остановки торчат два штыря от арматуры, а также высокий бордюр у к",Дороги/Дорожное покрытие,Дороги,Дорожное покрытие,ru,dialog_egov,29.12.2015,query
hf-330-kk,"Автобус аялдамасының павильоны сынған, жаңбырдан қорғамайды.",Транспорт/Общественный транспорт,Транспорт,Общественный транспорт,kk,huggingface,,hf_category
hf-810-kk,"Автобус жүргізушісі менің аялдамамда тоқтамай, артынан 'кешір, байқамадым' деді.",Транспорт/Общественный транспорт,Транспорт,Общественный транспорт,kk,huggingface,,hf_category
750171,"Добрый день. Уважаемый [ЗАЯВИТЕЛЬ], Прошу принять меры. 08/08/22 в 19,00 ч. произошло отключение электричества ул.Иссыкская уг .ул. Жангильдина, весь вечер пытались дозвониться в РЭС 1 г. Алматы, дозвониться удалось только 1 раз, при этом сотрудники очень грубые, не досл",Дороги/Светофоры,Дороги,Светофоры,ru,dialog_egov,09.08.2022,query
228461,Құрметті [ЗАЯВИТЕЛЬ]! Мен өзім Алматы тұрғыны едім. Мына автобус мәселесін шешсеңіз екен. Айтатын болсақ мынау көлік құралдарын басқаруды автопарк жеке меншігіне немесе мемлекет меншігіне берсеңіз. Автопарк жеке меншігінің иелері жұмысшыларға белгілі бір сомманы күнде т,Транспорт/Общественный транспорт,Транспорт,Общественный транспорт,kk,dialog_egov,24.10.2013,query+rules
hf-309-kk,"Ауылға оптикалық талшықты интернет тартамыз деп уәде берген, бірақ әлі жұмыс басталмады.",Другое/Общие вопросы,Другое,Общие вопросы,kk,huggingface,,hf_category
hf-38-ru,"В университете часто отменяют занятия, преподаватели не приходят. Качество образования вызывает беспокойство.",Другое/Общие вопросы,Другое,Общие вопросы,ru,huggingface,,hf_category
hf-724-kk,Мектептегі күзетші оқушыларға дөрекі сөйлейді.,Другое/Общие вопросы,Другое,Общие вопросы,kk,huggingface,,hf_category
734622,"Уважаемый Аким! Я являюсь жителем города Караганда, ранее подавал запрос 705745, на него не получил полный ответ, кто контролирует предоставление ответов ? по данной жалобе так же ничего не устранено, предлагаю, что бы провели выезд ваших работников и посмотрели и объяснили как",Дороги/Дорожное покрытие,Дороги,Дорожное покрытие,ru,dialog_egov,11.04.2022,query
hf-269-kk,Мобильді интернеттің жылдамдығы келісім-шартта көрсетілгеннен әлдеқайда төмен.,Другое/Общие вопросы,Другое,Общие вопросы,kk,huggingface,,hf_category
hf-205-kk,Жол жөндеу жұмыстарына бөлінген ақшаны жымқырған сияқты. Сапасы өте нашар.,Другое/Общие вопросы,Другое,Общие вопросы,kk,huggingface,,hf_category
hf-1013-ru,Новая дорога просела уже через несколько месяцев после строительства.,Дороги/Дорожное покрытие,Дороги,Дорожное покрытие,ru,huggingface,,hf_category
hf-415-ru,Существует множество барьеров для получения строительной лицензии.,Другое/Общие вопросы,Другое,Общие вопросы,ru,huggingface,,hf_category
hf-442-kk,"Емханадағы дәрігерлердің көбісі жас, тәжірибесіз.",Другое/Общие вопросы,Другое,Общие вопросы,kk,huggingface,,hf_category
hf-271-ru,"Придорожные арыки не чистят, есть угроза подтопления.",Дороги/Дорожное покрытие,Дороги,Дорожное покрытие,ru,huggingface,,hf_category
hf-1007-kk,Мені жұмыстан заңсыз шығарып жіберді. Қайда шағымдануға болады?,Другое/Общие вопросы,Другое,Общие вопросы,kk,huggingface,,hf_category
754520,"Здравствуйте, У меня просьба чтобы вы установили дополнительную секцию светофора на левый поворот на перекресте улиц Шолохова и [ЗАЯВИТЕЛЬ] , то есть при повороте с Шолохова налево на улицу [ЗАЯВИТЕЛЬ]. Это очень оживленные улицы, там рядом базар, там много машин и чтобы сделать л",Дороги/Светофоры,Дороги,Светофоры,ru,dialog_egov,17.09.2022,query+rules
hf-561-kk,"Лифт жиі бұзылады, ал жөндеушілер бірнеше күннен кейін әрең келеді.",ЖКХ/Общие вопросы,ЖКХ,Общие вопросы,kk,huggingface,,hf_category
hf-518-kk,"Көлігімнің айыппұлдары туралы хабарламалар келмейді, сосын өсімпұлмен бірге төлеуге тура келеді.",Другое/Общие вопросы,Другое,Общие вопросы,kk,huggingface,,hf_category
754423,"Обращаемся к Вам! О нарушение экологического кодекса РК. По поводу закрытие незаконного полигона для свалки мусора которого расположенного в Сайрамском районе, в село Аксукент , ул Сураншы батира, рядом с старой центральной котельной. От стороны жителей было письменная обращение",Благоустройство/Вывоз мусора,Благоустройство,Вывоз мусора,ru,dialog_egov,16.09.2022,query
hf-656-ru,Рядом с рекой у города появился незаконный песчаный карьер.,Благоустройство/Вывоз мусора,Благоустройство,Вывоз мусора,ru,huggingface,,hf_category
740565,"09 Карагандинская область, г. Караганда, 20.05.2022 по улице проспект Шахтёров 5/2 рядом с государственным учреждением ЦОН присутствуют ямы на дороге. Требуется устранить данные дефекты https://vk.com/zb_09?w=wall-171774447_860",Дороги/Дорожное покрытие,Дороги,Дорожное покрытие,ru,dialog_egov,22.05.2022,query+rules
hf-420-kk,Автобустар кешкі уақытта сирек жүреді.,Транспорт/Общественный транспорт,Транспорт,Общественный транспорт,kk,huggingface,,hf_category
hf-453-ru,Половина фонарей уличного освещения вдоль дороги не горит.,Дороги/Дорожное покрытие,Дороги,Дорожное покрытие,ru,huggingface,,hf_category
hf-47-kk,"Өзенге белгісіз бір кәсіпорын сарқынды суларды ағызып жатыр. Судың түсі өзгеріп, жағымсыз иіс шықты.",Благоустройство/Вывоз мусора,Благоустройство,Вывоз мусора,kk,huggingface,,hf_category
765536,"Обращение с регистрационным номером 765536, направленное в Блог Председатель Правления АО «Казахстанский центр модернизации и развития жилищно-коммунального хозяйства» [ЗАЯВИТЕЛЬ] находится на рассмотрении у ГО",ЖКХ/Водоснабжение,ЖКХ,Водоснабжение,ru,dialog_egov,12.05.2025,query
hf-103-ru,В поликлинике №3 города Актау дефицит детских вакцин. Не можем получить прививку уже несколько недель. Помогите решить проблему.,Другое/Общие вопросы,Другое,Общие вопросы,ru,huggingface,,hf_category
hf-135-kk,Шенеуніктердің қызметтік көліктерді жеке мақсатта пайдалануына қалай қарайсыздар?,Другое/Общие вопросы,Другое,Общие вопросы,kk,huggingface,,hf_category
hf-271-kk,"Жол бойындағы арықтар тазаланбаған, су тасу қаупі бар.",Дороги/Дорожное покрытие,Дороги,Дорожное покрытие,kk,huggingface,,hf_category
hf-306-kk,"Павлодардағы мұнай өңдеу зауытынан жағымсыз иіс шығып, тыныс алуды қиындатады.",Благоустройство/Вывоз мусора,Благоустройство,Вывоз мусора,kk,huggingface,,hf_category
hf-438-ru,Сотрудник полиции разговаривал со мной грубо и угрожал.,Другое/Общие вопросы,Другое,Общие вопросы,ru,huggingface,,hf_category
hf-107-ru,Жалуюсь на задержку пенсионных выплат. Каждый месяц пенсия поступает с опозданием на несколько дней. В чем причина?,Другое/Общие вопросы,Другое,Общие вопросы,ru,huggingface,,hf_category
476749,"Здравствуйте, [ЗАЯВИТЕЛЬ]! Обращаюсь к Вам с жалобой на работу Аварийной службы Горводоканала и на неизвестный мне банк который по залогу владеет домом по адресу Алматы мкр.Ужет ул.Новая 94. Дом с весны этого года заброшен хозяевами. С лета на участке этого дома прор",ЖКХ/Водоснабжение,ЖКХ,Водоснабжение,ru,dialog_egov,13.11.2017,query
hf-151-ru,"Придорожные арыки забиты мусором, и дождевая вода не уходит.",Дороги/Дорожное покрытие,Дороги,Дорожное покрытие,ru,huggingface,,hf_category
hf-60-ru,"Компания, выигравшая тендер, работает некачественно. Дорога разрушилась сразу после ремонта.",Другое/Общие вопросы,Другое,Общие вопросы,ru,huggingface,,hf_category
hf-623-kk,Жол жиегіндегі жаяу жүргіншілер жолымен көліктер жүреді.,Дороги/Дорожное покрытие,Дороги,Дорожное покрытие,kk,huggingface,,hf_category
hf-630-kk,"Автобус жүргізушісі жол ақысын төлесем де, мені балағаттады.",Транспорт/Общественный транспорт,Транспорт,Общественный транспорт,kk,huggingface,,hf_category
hf-97-ru,Размера адресной социальной помощи не хватает на жизнь. Необходимо его пересмотреть.,Другое/Общие вопросы,Другое,Общие вопросы,ru,huggingface,,hf_category
hf-325-kk,"Мемлекеттік мекеменің қызметкері өз жұмысын білмейді, мені әр кабинетке жібереді.",Другое/Общие вопросы,Другое,Общие вопросы,kk,huggingface,,hf_category
709141,Саламатсыз ба! Мен Кызылорда қаласы Наурыз саяжайы Жөнбаев 5 а тұрғынымын. Саяжай тұрғындарының атынан жазудамын. Электр жарығымыз күніне 2 рет сөнеді. Кешкілік 20:00 ден 23:30 га дейн. Кей күндері күндіз де жарық болмай қиналамыз. Напряжение өте төмен. Жазда кондиционерды ста,Освещение/Уличное освещение,Освещение,Уличное освещение,kk,dialog_egov,10.10.2021,rules
703616/1,"Құрметті министр, Біз Алматы облысы Қарасай ауданы Іргелі ауылындағы [ЗАЯВИТЕЛЬ] ТК тұрамыз. Облыс болғанымен, [ЗАЯВИТЕЛЬ] Алматы қаласының түбінде, өте жақын орналасқан. Мұнда бірнеше проблема бар, солардың бірі мектеп және оған балаларды жеткізу. Бізде әлі күнге дейін",Транспорт/Общественный транспорт,Транспорт,Общественный транспорт,kk,dialog_egov,03.09.2021,query
hf-685-ru,Победителем конкурса госзакупок постоянно становится одна и та же компания.,Другое/Общие вопросы,Другое,Общие вопросы,ru,huggingface,,hf_category
hf-54-ru,Просим установить искусственные неровности (лежачие полицейские) на внутридворовых дорогах. Машины ездят очень быстро.,Дороги/Дорожное покрытие,Дороги,Дорожное покрытие,ru,huggingface,,hf_category
hf-249-kk,"Мобильді оператордың қызмет көрсету сапасы нашар, байланыс жиі үзіледі.",Другое/Общие вопросы,Другое,Общие вопросы,kk,huggingface,,hf_category
756724/1,"Копия письма в Партию «Аманат» Копия письма в «Управление жилья и жилищной инспекции» Уважаемый [ЗАЯВИТЕЛЬ] ! Просим Вас помочь в вопросе жилого дома по ул. Пушкина дом 13, наш дом не подготовлен обслуживающей организацией «[ЗАЯВИТЕЛЬ]» к отопительному сезону 2022 году, в",ЖКХ/Водоснабжение,ЖКХ,Водоснабжение,ru,dialog_egov,10.10.2022,query
hf-13-ru,Подвал нашего дома затапливает водой. КСК не принимает никаких мер. Кому можно пожаловаться?,ЖКХ/Общие вопросы,ЖКХ,Общие вопросы,ru,huggingface,,hf_category
766096,"Обращение с регистрационным номером 766096, направленное в Блог Директор РГКП «Национальный центр тестирования» Министерства науки и высшего образования Республики Казахстан Емелбаев.Р.Т находится на рассмотрении у ГО",ЖКХ/Отопление,ЖКХ,Отопление,ru,dialog_egov,11.02.2026,query
759921/1,В соответствии со статьей 69 Бюджетного кодекса Республики Казахстан натуральные нормы представляют собой натуральные показатели потребления или использования необходимых материальных или нематериальных благ; разрабатываются и утверждаются центральными государственными органами п,ЖКХ/Водоснабжение,ЖКХ,Водоснабжение,ru,dialog_egov,23.11.2022,query
hf-818-ru,"Сотрудники полиции приняли мою жалобу, передали в другое отделение, и с тех пор новостей нет.",Другое/Общие вопросы,Другое,Общие вопросы,ru,huggingface,,hf_category
744602,"Добрый день. Обращаюсь к Вам от имени жильцов ЖК ""Жайна"" наход-ся по адресу: Алматинский район, ул.Кошкарбаева 56. У нас во дворе есть детская площадка, которая не видела реставрации, ремонта на протяжении 7лет. На сегодняшний день площадка в плачевном состоянии. Качели",Благоустройство/Вывоз мусора,Благоустройство,Вывоз мусора,ru,dialog_egov,21.06.2022,query+rules
hf-466-kk,Қаланың ауасында химиялық иіс сезіледі.,Благоустройство/Вывоз мусора,Благоустройство,Вывоз мусора,kk,huggingface,,hf_category
hf-577-ru,При назначении пособия в мой доход посчитали пособия моих детей.,Другое/Общие вопросы,Другое,Общие вопросы,ru,huggingface,,hf_category
hf-794-kk,"Мектептегі асханадағы тамақтардың сапасы нашар болғандықтан, баламның іші өтеді.",Другое/Общие вопросы,Другое,Общие вопросы,kk,huggingface,,hf_category
hf-571-ru,Из труб в подвале дома идет пар.,ЖКХ/Общие вопросы,ЖКХ,Общие вопросы,ru,huggingface,,hf_category
759719/1,"[ЗАЯВИТЕЛЬ] транспорта [ЗАЯВИТЕЛЬ] С исправленным текстом. Находясь на остановке магазин Ануар по маршруту автобуса № 5 города Караганда время 20-16 час 16 ноября 2022 года. В данное время был сильный ветер, температура воз",Транспорт/Общественный транспорт,Транспорт,Общественный транспорт,ru,dialog_egov,21.11.2022,query+rules
hf-407-ru,Мне необоснованно отказали в назначении адресной социальной помощи.,Другое/Общие вопросы,Другое,Общие вопросы,ru,huggingface,,hf_category
hf-202-ru,Холодная вода в квартире плохо пахнет. Пить ее невозможно.,ЖКХ/Общие вопросы,ЖКХ,Общие вопросы,ru,huggingface,,hf_category
hf-184-ru,Лаборатория в поликлинике постоянно задерживает результаты анализов.,Другое/Общие вопросы,Другое,Общие вопросы,ru,huggingface,,hf_category
hf-355-ru,"С меня потребовали дополнительную плату за справку, хотя я уже оплатил госпошлину.",Другое/Общие вопросы,Другое,Общие вопросы,ru,huggingface,,hf_category
hf-609-ru,После отключения услуг интернет-провайдера на мое имя оформили кредит.,Другое/Общие вопросы,Другое,Общие вопросы,ru,huggingface,,hf_category
hf-464-kk,Мектептегі химия зертханасы заманауи құралдармен жабдықталмаған.,Другое/Общие вопросы,Другое,Общие вопросы,kk,huggingface,,hf_category
hf-99-kk,Аялдамада электронды табло жұмыс істемейді. Автобустың қашан келетінін білу мүмкін емес.,Транспорт/Общественный транспорт,Транспорт,Общественный транспорт,kk,huggingface,,hf_category
737087,"Сәлеметсіз бе? Нур-Султан қаласы, [ЗАЯВИТЕЛЬ] даңғылы, 7/4 үй, 2 кіреберісте күнде # 84 лицей мектебінің оқушылары тамақтанады. ""Сапа"" дүкеннен шығады да, біздің үйде қанғырады. Мектеп жағынан үйдің қабырғалары, қоршауы мен дарбазасы түрлі түстермен сызылған. Оқу кезінде",ЖКХ/Лифт,ЖКХ,Лифт,kk,dialog_egov,26.04.2022,query
753583,"Обращение с регистрационным номером 753583, направленное в Блог [ЗАЯВИТЕЛЬ] РК [ЗАЯВИТЕЛЬ] отклонено ГО 27.09.2022",Дороги/Дорожное покрытие,Дороги,Дорожное покрытие,ru,dialog_egov,09.09.2022,query
684480,"Ассалаумағалейкум құрметті Самат мырза. [ЗАЯВИТЕЛЬ] облысы, Темір ауданы, Шұбарқұдық кентінің тұрғынымын. 2018-2019 жылдары аралығында Шұбарқұдық-Болгарка-Ақтөбе жолы жөндеуден өтті. Осының арқасында аудан тұрғындарына облыс орталығына тегіс жолмен қатынау бақыты бұйырды. Алайда",Дороги/Дорожное покрытие,Дороги,Дорожное покрытие,kk,dialog_egov,13.05.2021,query+rules
hf-851-ru,В лифте в подъезде неприятно пахнет.,ЖКХ/Общие вопросы,ЖКХ,Общие вопросы,ru,huggingface,,hf_category
758098,"Уважаемый министр, мною Вам было отправлено обращение от 10.09.2022 № 753730, в котором отмечалось о несоблюдении санитарно-эпидемиологических норм в содержании мусорных свалок. После вашего окрика областная СЭС организовала уборку территории. Однако эта косметика не решила пробл",Благоустройство/Вывоз мусора,Благоустройство,Вывоз мусора,ru,dialog_egov,30.10.2022,query+rules
736262,"Здравствуйте, в городе Караганда в районе Узенка, существуют огромные свалки. Местные органы власти почему-то не готовы вести серьезную работу по предотвращению создания свалок, а только готовы ликвидировать свалки. Устанавливать видеонаблюдение в местах свалок, не хотят, это дор",Благоустройство/Вывоз мусора,Благоустройство,Вывоз мусора,ru,dialog_egov,20.04.2022,query+rules
763818,"Сәлеметсіз бе, мен Бердали [ЗАЯВИТЕЛЬ] 2022 жылы қараша айында Алматы жастары бағдарламасы бойынша ипотекалық қарыз алдым, төлем қабілеттілігім жеткіліксіз болғаны үшін зайымшылас іздедім, Зайымшыласты табу оңайға соқпады, Отбасы банк қызметкерлерінен сұрастырып қалай за",ЖКХ/Отопление,ЖКХ,Отопление,kk,dialog_egov,28.02.2023,query
hf-922-kk,"Дәрігер қабылдау кезінде телефонмен сөйлесіп, маған көңіл бөлмеді.",Другое/Общие вопросы,Другое,Общие вопросы,kk,huggingface,,hf_category
757812,"Здравствуйте уважаемый Аким ЗКО [ЗАЯВИТЕЛЬ], хотел обратиться с просьбой об установке искусственного барьера на дороге для снижения скорости автомашин, которые двигаются по бывшей улице Тауелсыздык (лежачий полицейский), а именно на участке дороги от кафе QORJYN (Автокомпле",Освещение/Уличное освещение,Освещение,Уличное освещение,ru,dialog_egov,25.10.2022,query
723576,"Қызылорда облысының әкімі [ЗАЯВИТЕЛЬ] қаласы, [ЗАЯВИТЕЛЬ] ш.а, 12 көше 13 үй тұрғыны боламын. Осы аталған мекен жайда 2016 жылдан бастап тұрып келемін, мен көшіп келгенде бұл көшеде электр жарығы да болмаған болатын. Кейін 2017 жылы Қызыл",Освещение/Уличное освещение,Освещение,Уличное освещение,kk,dialog_egov,25.01.2022,query
hf-194-kk,Емханаға тіркелу үшін қалалық прописка талап етеді. Бұл заңды ма?,Другое/Общие вопросы,Другое,Общие вопросы,kk,huggingface,,hf_category
hf-266-ru,"Невозможно жить рядом с промышленной зоной, воздух постоянно грязный.",Благоустройство/Вывоз мусора,Благоустройство,Вывоз мусора,ru,huggingface,,hf_category
hf-79-kk,Автобустарда төлем картасын қабылдайтын терминалдар жиі істемейді. Қолма-қол ақшамен төлеуге мәжбүрлейді.,Транспорт/Общественный транспорт,Транспорт,Общественный транспорт,kk,huggingface,,hf_category
hf-380-kk,"Автобустың ішіндегі пеш қыста дұрыс істемейді, өте суық.",Транспорт/Общественный транспорт,Транспорт,Общественный транспорт,kk,huggingface,,hf_category
753837,"Обращение с регистрационным номером 753837, направленное в Блог [ЗАЯВИТЕЛЬ] РК [ЗАЯВИТЕЛЬ] отклонено ГО 28.09.2022",Освещение/Уличное освещение,Освещение,Уличное освещение,ru,dialog_egov,12.09.2022,query
hf-729-kk,"Интернет провайдерінің қызметкерлері үйге келгенде, менің жеке заттарымды сұраусыз пайдаланды.",Другое/Общие вопросы,Другое,Общие вопросы,kk,huggingface,,hf_category
hf-37-ru,"Я уже несколько месяцев стою на учете в центре занятости, но мне так и не предложили никакой работы.",Другое/Общие вопросы,Другое,Общие вопросы,ru,huggingface,,hf_category
hf-860-kk,"Автобус жүргізушісі менің аялдамамда тоқтамай, 'мен сенің белгіңді көрмедім, артқы айнадан қарамадым' деді.",Транспорт/Общественный транспорт,Транспорт,Общественный транспорт,kk,huggingface,,hf_category
hf-875-ru,"Выяснилось, что у победителя конкурса госзакупок старая техника.",Другое/Общие вопросы,Другое,Общие вопросы,ru,huggingface,,hf_category
hf-762-ru,"Когда я пришел на прием в свое время, врач принял вместо меня платного пациента.",Другое/Общие вопросы,Другое,Общие вопросы,ru,huggingface,,hf_category
hf-119-kk,"Астанадағы LRT құрылысы қашан аяқталады? Қоршалған аумақтар қаланың көрінісін бұзып, кептеліс тудыруда.",Транспорт/Общественный транспорт,Транспорт,Общественный транспорт,kk,huggingface,,hf_category
hf-312-kk,ОСИ төрағасы жиналыс өткізбейді және қаржылық есеп бермейді.,ЖКХ/Общие вопросы,ЖКХ,Общие вопросы,kk,huggingface,,hf_category
540935,"Здравствуйте. 28.02.2019 г . мной было подано обращение № 538107 , Однако ,до настоящего момента, ничего в моей ситуации не изменилось. Да, ко мне приезжали и звонили сотрудники Акимата , но действиями этих сотрудников я не удовлетворена. 07.032019 г . Я пригласила куратора Ак",ЖКХ/Водоснабжение,ЖКХ,Водоснабжение,ru,dialog_egov,15.03.2019,query
hf-255-kk,Анықтама алу үшін мемлекеттік қызметкерге 'сыйлық' беруге тура келді.,Другое/Общие вопросы,Другое,Общие вопросы,kk,huggingface,,hf_category
749022/1,"Обращение с регистрационным номером 749022/1, направленное в Блог [ЗАЯВИТЕЛЬ] РК [ЗАЯВИТЕЛЬ] отклонено ГО 12.08.2022",ЖКХ/Водоснабжение,ЖКХ,Водоснабжение,ru,dialog_egov,29.07.2022,query
760278,"Добрый день, уважаемый [ЗАЯВИТЕЛЬ]. [ЗАЯВИТЕЛЬ] жительница п. Кольди, Алматинской области, Карасайского района. Прошу Вас помочь в не очень приятной сложившейся ситуации. Все лето весь поселок сидел без электроэнергии. Ее отключали, мотивируя тем, что проводится замена столбов,",ЖКХ/Отопление,ЖКХ,Отопление,ru,dialog_egov,25.11.2022,query
hf-710-kk,"Автобус жүргізушісі аялдамада тоқтамай, менің артымнан келе жатқан зейнеткерді күтпеді.",Транспорт/Общественный транспорт,Транспорт,Общественный транспорт,kk,huggingface,,hf_category
hf-674-ru,Порции еды в школьной столовой очень маленькие.,Другое/Общие вопросы,Другое,Общие вопросы,ru,huggingface,,hf_category
750784/2,"Құрметті [ЗАЯВИТЕЛЬ]! «[ЗАЯВИТЕЛЬ]» ЖШС-гі қызмет көрсететін «Шымкент-Бадам-Шымкент» шағын автобус бағытына түзілген келісім шарттың мерзімі аяқталуға жақын. Аталған тасымалдаушы «Шымкент-Бадам-Шымкент» ША бағытына қызмет көрсетуден бас тартуда. Бұл ретте, Бадам елді м",Транспорт/Общественный транспорт,Транспорт,Общественный транспорт,kk,dialog_egov,16.08.2022,query+rules
625392,"Здравствуйте! Я житель микрорайона Жетысу-2, дом 10. У меня вопрос почему наш двор не ремонтируется, точнее наша детская площадка, там очень опасно находиться детям, игровые горки и т. д. сломаны, торчать железки. Мне с моим ребенком, приходится ездить в парки или в другие дво",Благоустройство/Вывоз мусора,Благоустройство,Вывоз мусора,ru,dialog_egov,25.06.2020,query+rules
hf-432-kk,Емханадағы Wi-Fi желісі жұмыс істемейді.,Другое/Общие вопросы,Другое,Общие вопросы,kk,huggingface,,hf_category
hf-529-kk,Интернетке қосылу келісім-шартында жасырын төлемдер бар.,Другое/Общие вопросы,Другое,Общие вопросы,kk,huggingface,,hf_category
hf-50-kk,"Учаскелік дәрігерге бір ай бұрын жазылу керек. Жедел жағдай болса, қалай қаралуға болады?",Другое/Общие вопросы,Другое,Общие вопросы,kk,huggingface,,hf_category
hf-333-ru,"Туалеты в поликлинике грязные, не соответствуют санитарным нормам.",Другое/Общие вопросы,Другое,Общие вопросы,ru,huggingface,,hf_category
hf-892-ru,"Когда я пришел на прием в свое время, врач обсуждал личные проблемы с другим пациентом.",Другое/Общие вопросы,Другое,Общие вопросы,ru,huggingface,,hf_category
520578,"Обращение с регистрационным номером 520578, направленное в Блог Министр внутренних дел РК [ЗАЯВИТЕЛЬ] отклонено ГО 10.04.2019",Благоустройство/Детские площадки,Благоустройство,Детские площадки,ru,dialog_egov,27.10.2018,query
695985,[ЗАЯВИТЕЛЬ] мое повторное заявление от 17.06.2021года (ранее писал заявление от 26.05.2021г.) в части законности установки дорожного знака 3.27. «Остановка запрещена» и нанесения горизонтальной разметки 1.4. от Департамента полиции Карагандинской области получен ответ,Дороги/Светофоры,Дороги,Светофоры,ru,dialog_egov,16.07.2021,query
hf-360-kk,"Автобус жүргізушісі аялдамада тоқтамай, жарысып кетті.",Транспорт/Общественный транспорт,Транспорт,Общественный транспорт,kk,huggingface,,hf_category
hf-242-kk,Үйдің шатырынан үнемі су ағады. КСК жөндемейді.,ЖКХ/Общие вопросы,ЖКХ,Общие вопросы,kk,huggingface,,hf_category
hf-886-kk,"Қаланың жанындағы өзенге жақын жердегі демалыс орындарының қалдықтарын жел ұшырып, суды ластайды.",Благоустройство/Вывоз мусора,Благоустройство,Вывоз мусора,kk,huggingface,,hf_category
hf-445-ru,"На мое обращение в госорган пришел формальный, бессодержательный ответ.",Другое/Общие вопросы,Другое,Общие вопросы,ru,huggingface,,hf_category
hf-887-kk,"Жәрдемақы тағайындау үшін менің жұбайымның табысы туралы анықтаманы талап етті, бірақ ол ауруханада жатыр.",Другое/Общие вопросы,Другое,Общие вопросы,kk,huggingface,,hf_category
hf-130-kk,№52 автобустың арасы өте ұзақ. Кейде 40 минут күтуге тура келеді.,Транспорт/Общественный транспорт,Транспорт,Общественный транспорт,kk,huggingface,,hf_category
hf-386-kk,Зауыттың түтінінен аллергиям күшейіп кетті.,Благоустройство/Вывоз мусора,Благоустройство,Вывоз мусора,kk,huggingface,,hf_category
hf-298-ru,Сигнализация машин во дворе часто срабатывает по ночам и не дает спать.,Другое/Общие вопросы,Другое,Общие вопросы,ru,huggingface,,hf_category
hf-82-kk,Мектеп жанындағы дүкендерде оқушыларға темекі сатады. Бұған ешкім назар аудармайды.,Другое/Общие вопросы,Другое,Общие вопросы,kk,huggingface,,hf_category
761022,Қайырлы күн сәлеметсізбе Ажар ханым. [ЗАЯВИТЕЛЬ] Маңғыстау обылысы [ЗАЯВИТЕЛЬ] қаласы тұрғынымын. Мен денсаулығыма байланысты 2-ші топ мүгедекпін қазір жұмыста жоқпын. [ЗАЯВИТЕЛЬ] мүгедектігі бар адамдарға қандай қолдау көрсетіледі? Және 2-ші,ЖКХ/Отопление,ЖКХ,Отопление,kk,dialog_egov,04.12.2022,query
hf-283-kk,Дәрігер мамандығыма сәйкес келмейтін жұмыстарға жегеді.,Другое/Общие вопросы,Другое,Общие вопросы,kk,huggingface,,hf_category
hf-1046-kk,"Учаскелік инспектор менің шағымдарыма жауап бермейді, телефонын көтермейді.",Другое/Общие вопросы,Другое,Общие вопросы,kk,huggingface,,hf_category
hf-1033-ru,Необоснованно отказали в назначении пособия.,Другое/Общие вопросы,Другое,Общие вопросы,ru,huggingface,,hf_category
760959,"[ЗАЯВИТЕЛЬ] Iргебайұлы! [ЗАЯВИТЕЛЬ] Азаркановна 1961 жылғы, Қостанай қаласы мкр Юбилейный 24 үйінің тұрғыны боламын.Біздің үй 2020 жылғы қыркүйек айында салынып бітуі тиіс еді,, 2022 жылдың шілде айында бірақ дайын болды.Үйдің кілтін біздерге табыстаған уақытта,",Освещение/Уличное освещение,Освещение,Уличное освещение,kk,dialog_egov,02.12.2022,query
293243,"Обращение с регистрационным номером 293243, направленное в Блог Министр транспорта РК [ЗАЯВИТЕЛЬ] отклонено ГО",Транспорт/Общественный транспорт,Транспорт,Общественный транспорт,ru,dialog_egov,10.12.2014,query
hf-910-ru,"Водитель автобуса проехал мимо остановки, проигнорировав мой знак.",Транспорт/Общественный транспорт,Транспорт,Общественный транспорт,ru,huggingface,,hf_category
hf-270-ru,"Водитель автобуса не остановился на остановке, а открыл двери и высадил пассажиров на ходу.",Транспорт/Общественный транспорт,Транспорт,Общественный транспорт,ru,huggingface,,hf_category
hf-440-kk,"Автобус жүргізушісі аялдамада жолаушыларды толық отырғызбай, жүріп кетті.",Транспорт/Общественный транспорт,Транспорт,Общественный транспорт,kk,huggingface,,hf_category
hf-90-kk,Сыныпты жөндеуге ата-аналардан ақша жинау заңды ма?,Другое/Общие вопросы,Другое,Общие вопросы,kk,huggingface,,hf_category
hf-497-ru,"Хотя я встал в электронную очередь на назначение пособия, мне все равно пришлось идти в ЦОН.",Другое/Общие вопросы,Другое,Общие вопросы,ru,huggingface,,hf_category
764080,"Обращение с регистрационным номером 764080, направленное в Блог Директор Республиканского научно-практического центра экспертизы содержания образования [ЗАЯВИТЕЛЬ] находится на рассмотрении у ГО",ЖКХ/Отопление,ЖКХ,Отопление,ru,dialog_egov,26.04.2023,query
hf-733-ru,"Из-за ям на дорогах я часто меняю колеса, что бьет по моему бюджету.",Дороги/Дорожное покрытие,Дороги,Дорожное покрытие,ru,huggingface,,hf_category
hf-698-ru,"Сотрудники полиции приняли мою жалобу, но передали ее в другое подразделение.",Другое/Общие вопросы,Другое,Общие вопросы,ru,huggingface,,hf_category
471514,"Обращение с регистрационным номером 471514, направленное в Блог Министр транспорта РК [ЗАЯВИТЕЛЬ] отклонено ГО",Транспорт/Общественный транспорт,Транспорт,Общественный транспорт,ru,dialog_egov,25.08.2017,query
hf-648-kk,"Полиция қызметкерлері менің арызымды тіркегенімен, ешқандай нәтиже жоқ.",Другое/Общие вопросы,Другое,Общие вопросы,kk,huggingface,,hf_category
hf-845-ru,"Выяснилось, что у работников победителя конкурса госзакупок нет квалификации.",Другое/Общие вопросы,Другое,Общие вопросы,ru,huggingface,,hf_category
hf-848-ru,"Сотрудники полиции приняли мою жалобу, но перепутали ее с другим делом и оштрафовали меня.",Другое/Общие вопросы,Другое,Общие вопросы,ru,huggingface,,hf_category
hf-444-kk,Балабақшадағы тамақтан үнемі бірдей иіс шығады.,Другое/Общие вопросы,Другое,Общие вопросы,kk,huggingface,,hf_category
hf-117-ru,Меня незаконно уволили с работы. Занимается ли инспекция труда такими вопросами?,Другое/Общие вопросы,Другое,Общие вопросы,ru,huggingface,,hf_category
hf-403-ru,На остановке у дороги нет скамейки для ожидания.,Дороги/Дорожное покрытие,Дороги,Дорожное покрытие,ru,huggingface,,hf_category
hf-157-ru,"С возрастом становится все труднее устроиться на работу. Есть ли программы для тех, кому за 45?",Другое/Общие вопросы,Другое,Общие вопросы,ru,huggingface,,hf_category
hf-286-kk,Саябақтағы ағаштарды себепсіз кесіп жатыр.,Благоустройство/Вывоз мусора,Благоустройство,Вывоз мусора,kk,huggingface,,hf_category
751665/1,"Добрый день ув .[ЗАЯВИТЕЛЬ], прошу дать разъяснение по поводу оплаты за проезд в общегородском транспорте нашего города. Сколько я должна оплачивать за проезд, если на руках имею двоих малолетних детей в возрасте 1,5 и 4- х лет. С меня кондукторы автобусов маршрута 1Э всег",Транспорт/Общественный транспорт,Транспорт,Общественный транспорт,ru,dialog_egov,23.08.2022,query+rules
471662,"Уважаемый, [ЗАЯВИТЕЛЬ]! Медеуский район г Алматы. Дорога по ул Космодемьянской (восточная сторона ВОАД, там где поворот на ул Диваева) в сторону садового товарищества Луч. Данная территория входит в черту города Алматы. Еще в прошлом году в результате оползня часть д",Транспорт/Общественный транспорт,Транспорт,Общественный транспорт,ru,dialog_egov,28.08.2017,query
727782,"Акиму района Есиль города Нур-Султан [ЗАЯВИТЕЛЬ] Уважаемый [ЗАЯВИТЕЛЬ]! Пользуясь возможностью, выражаю Вам свое почтение. ТОО «Управляющая компания «АБАТ»», являясь органом управления кондоминиума жилого дома №3, находящегося по адресу - г. Нур-Султан",Освещение/Уличное освещение,Освещение,Уличное освещение,ru,dialog_egov,18.02.2022,query
hf-379-kk,"Интернетке қосылу үшін келген шеберлер жұмысын сапасыз жасап, қосымша ақы сұрады.",Другое/Общие вопросы,Другое,Общие вопросы,kk,huggingface,,hf_category
hf-301-ru,"В городе Талдыкорган по улице Кабанбай батыра состояние дороги ужасное. Ямочный ремонт уже не помогает, нужна полная замена полотна.",Дороги/Дорожное покрытие,Дороги,Дорожное покрытие,ru,huggingface,,hf_category
hf-832-kk,"Дәрігердің қабылдауына жазылған уақытымда келсем, ол менің орныма фармацевтикалық компанияның өкілін қабылдады.",Другое/Общие вопросы,Другое,Общие вопросы,kk,huggingface,,hf_category
hf-220-kk,"Автобус іші лас, орындықтар жыртылған.",Транспорт/Общественный транспорт,Транспорт,Общественный транспорт,kk,huggingface,,hf_category
758671,"Доброго времени суток Ко мне пришел штраф за разметку, Предписание 227588230845049 – я с ним не согласен и вот почему: Я двигался в южном направлении по улице Сейфуллина от улицы Иркутской в сторону Радищева расстояние 384 метра, на этом промежутке дороги нету светофором и а",Дороги/Светофоры,Дороги,Светофоры,ru,dialog_egov,08.11.2022,query+rules
644992,"Здравствуйте, уважаемый [ЗАЯВИТЕЛЬ]! Прошу Вас разобраться с проблемой отопления в доме, где я проживаю по адресу г.Костанай, 7-ой микрорайон, дом 25. На данный момент 2 октября 2020 года нам до сих пор не подключили отопление. По словам работников ПКСК ""Уют"", д",ЖКХ/Отопление,ЖКХ,Отопление,ru,dialog_egov,02.10.2020,query+rules
hf-1012-ru,Рентген-аппарат в поликлинике не работает уже несколько месяцев.,Другое/Общие вопросы,Другое,Общие вопросы,ru,huggingface,,hf_category
hf-908-kk,"Көршімнің иті ауладағы балаларды қорқытады, ескерту жасасам, құлақ аспайды.",Другое/Общие вопросы,Другое,Общие вопросы,kk,huggingface,,hf_category
747769/1,"Обращение с регистрационным номером 747769/1, направленное в Блог [ЗАЯВИТЕЛЬ] РК [ЗАЯВИТЕЛЬ] отклонено ГО 04.08.2022",Дороги/Дорожное покрытие,Дороги,Дорожное покрытие,ru,dialog_egov,19.07.2022,query
764911,"[ЗАЯВИТЕЛЬ] директоры ,[ЗАЯВИТЕЛЬ] Токмырзаеана ЖСН [ИИН]. 2014 жылы Мемлекеттік қызметкер ретінде үй кезегіне тұрдым.Отбасы банк ұйымдастырған конкурсқа қатыстым.Конкурстан өтіп,айлық табысымды растауға банк бөлімшесіне шақырылдым.Айлық табысым жетіп,ар",ЖКХ/Отопление,ЖКХ,Отопление,kk,dialog_egov,02.03.2024,query
hf-741-ru,Лифт в подъезде часто застревает.,ЖКХ/Общие вопросы,ЖКХ,Общие вопросы,ru,huggingface,,hf_category
hf-208-ru,"Мне выписали протокол за парковку в неположенном месте, хотя я ничего не нарушал.",Другое/Общие вопросы,Другое,Общие вопросы,ru,huggingface,,hf_category
740558,"09 Карагандинская область, г. Караганда, 13.05.2022 по улице Cатыбалдина 7/4 расположена яма на дороге. Требуется устранить данный дефект https://vk.com/zb_09?w=wall-171774447_857",Дороги/Дорожное покрытие,Дороги,Дорожное покрытие,ru,dialog_egov,22.05.2022,query+rules
hf-772-ru,"Когда я пришел на прием в свое время, врач принял вместо меня своего родственника.",Другое/Общие вопросы,Другое,Общие вопросы,ru,huggingface,,hf_category
hf-1002-ru,"Врач направил меня на платные анализы, которые гарантированы государством бесплатно.",Другое/Общие вопросы,Другое,Общие вопросы,ru,huggingface,,hf_category
hf-84-ru,Машины паркуют прямо на тротуаре. Невозможно пройти.,Дороги/Дорожное покрытие,Дороги,Дорожное покрытие,ru,huggingface,,hf_category
708113,"Маңғыстау облысының өңір басшысы [ЗАЯВИТЕЛЬ]. [ЗАЯВИТЕЛЬ] мырза, Жаңаөзен қаласында орналасқан «Жалымбетов медициналық орталығы» жауапкершілігі шектеулі серіктестігі денсаулығымызға байланысты кепілдірілген тегін медициналық көмек алуға жағдай жасалмағанын анықта",Дороги/Дорожное покрытие,Дороги,Дорожное покрытие,kk,dialog_egov,03.10.2021,query
hf-699-kk,Интернет провайдерінің қызметкерлері үйге келгенде менің сұрақтарыма жауап бере алмайды.,Другое/Общие вопросы,Другое,Общие вопросы,kk,huggingface,,hf_category
hf-311-ru,Система освещения на дороге вышла из строя. Ночью ездить опасно.,Дороги/Дорожное покрытие,Дороги,Дорожное покрытие,ru,huggingface,,hf_category
hf-399-ru,"Качество мобильного интернета ухудшилось настолько, что сложно даже обмениваться сообщениями.",Другое/Общие вопросы,Другое,Общие вопросы,ru,huggingface,,hf_category
hf-767-ru,"Для назначения пособия потребовали справку о доходах моего супруга, но он самозанятый.",Другое/Общие вопросы,Другое,Общие вопросы,ru,huggingface,,hf_category
hf-734-ru,Из-за плохого качества еды в школьной столовой мой ребенок носит еду из дома.,Другое/Общие вопросы,Другое,Общие вопросы,ru,huggingface,,hf_category
730791,"Уважаемый, [ЗАЯВИТЕЛЬ]. Меня зовут, [ЗАЯВИТЕЛЬ]. Проживаю по адресу , г. Алматы , Жетысуйский район. ул Есенова 64. По нашей улице (Есенова, угол Колпаковского) уже больше 5 лет остановили стройку ЖК на уровне котлована. Уже больше 5 лет ничего не делается.",Благоустройство/Вывоз мусора,Благоустройство,Вывоз мусора,ru,dialog_egov,13.03.2022,query
hf-385-ru,Телефон доверия по вопросам коррупции не отвечает.,Другое/Общие вопросы,Другое,Общие вопросы,ru,huggingface,,hf_category
747582,Құрметті [ЗАЯВИТЕЛЬ]! 2022 жылғы 22 сәуірде кілті берілген «DISCOVERY» тұрғын үй кешенінде (мекенжайы: [ЗАЯВИТЕЛЬ] көшесі 10/2) ыстық су жоқ. Адамдар бірнеше ай ыстық сусыз отыр. Мердігер «Базис-А» ком,ЖКХ/Водоснабжение,ЖКХ,Водоснабжение,kk,dialog_egov,14.07.2022,query+rules
737228,"Сізге өтініш жазуға төмендегі мән-жайлар себеп болып отыр. 2022 жылдың 30 наурызында «Жетіқара ауданы әкімдігінің тұрғын үй-коммуналдық, шаруашылық, жолаушылар көлігі, автомобиль жолдары және тұрғын үй инспекциясы бөлімі» мемлекеттік мекемесі (әрі қарай – Тапсырыс беруші) мен «Б",Дороги/Дорожное покрытие,Дороги,Дорожное покрытие,kk,dialog_egov,26.04.2022,query+rules
hf-120-ru,"Я оплатил госпошлину через мобильный банкинг, но платеж не отображается в системе. Куда ушли деньги?",Другое/Общие вопросы,Другое,Общие вопросы,ru,huggingface,,hf_category
hf-631-kk,Үйдің ауласындағы жарық шамдары түнде жанбайды.,ЖКХ/Общие вопросы,ЖКХ,Общие вопросы,kk,huggingface,,hf_category
hf-507-ru,Прошу оказать помощь в приобретении школьных принадлежностей как многодетная семья.,Другое/Общие вопросы,Другое,Общие вопросы,ru,huggingface,,hf_category
762116,Сәлеметсізбе! Кешіріңіз мен Байгенжеева [ЗАЯВИТЕЛЬ] Маңғыстау обылысы Жаңаөзен қаласының тұрғынымын. 2-ші топ мүшедектік анықтамам бар өзім 2- баланың анасымын ажырасқанмын басымда баспана жоқ алимент алуға өтініш бергенмін бірақ жұмыста жоқ деп өтеліп жатқан жоқ. Әлеуметтік қ,ЖКХ/Отопление,ЖКХ,Отопление,kk,dialog_egov,21.12.2022,query
757409,"Вчера ездил на границу с РФ с СКО. Участок дороги международного значения от Мамлютки до поста Петухова 20 км ремонт дороги, которое никто давно годами не делает и не собирается делать. Ужас, позор, перед гражданами другой страны, издевательство над местными гражданами. На пово",Дороги/Дорожное покрытие,Дороги,Дорожное покрытие,ru,dialog_egov,18.10.2022,query+rules
hf-701-ru,"Подвал дома затапливает, КСК не принимает никаких мер.",ЖКХ/Общие вопросы,ЖКХ,Общие вопросы,ru,huggingface,,hf_category
hf-704-kk,"Мектептегі спорт залдың едені ескірген, жарақат алу қаупі жоғары.",Другое/Общие вопросы,Другое,Общие вопросы,kk,huggingface,,hf_category
762898,"Құрметті, Министр мырза, [ЗАЯВИТЕЛЬ]! Мен, [ЗАЯВИТЕЛЬ], Шымкент қаласы тұрғынымын. Мен, Сіздің жеке Өзіңізге бірнеше рет қайталап осы ""Ашық диалог "" порталыңызға арыз жазған болатынмын. Ондағы жазған өтінішім және шағымым полиция қызметкерлерінің заңсыз іс-әреке",Дороги/Дорожное покрытие,Дороги,Дорожное покрытие,kk,dialog_egov,05.01.2023,query
hf-842-kk,"Дәрігердің қабылдауына жазылған уақытымда келсем, ол менің орныма басқа пациенттің туысын қабылдады.",Другое/Общие вопросы,Другое,Общие вопросы,kk,huggingface,,hf_category
hf-594-ru,Цена на школьную форму слишком высокая.,Другое/Общие вопросы,Другое,Общие вопросы,ru,huggingface,,hf_category
hf-149-ru,"Мобильный интернет продают как безлимитный тариф, но после определенного количества гигабайт скорость падает.",Другое/Общие вопросы,Другое,Общие вопросы,ru,huggingface,,hf_category
hf-251-kk,Жолдың жаяу жүргіншілер бөлігін жөндеу қашан жоспарланған?,Дороги/Дорожное покрытие,Дороги,Дорожное покрытие,kk,huggingface,,hf_category
720538,"Обращение с регистрационным номером 720538, направленное в Блог Аким города Алматы [ЗАЯВИТЕЛЬ]A. находится на рассмотрении у ГО",ЖКХ/Отопление,ЖКХ,Отопление,ru,dialog_egov,26.12.2021,query
626671,"Уважаемый [ЗАЯВИТЕЛЬ]! От имени сообщества организаций лиц, имеющих инвалидность, во избежание нагнетания социальной напряженности, просим Вашей защиты и Вашего скорейшего вмешательства в сложившуюся ситуацию. 12 июня 2020 года один из лидеров организаций людей, имеющи",ЖКХ/Лифт,ЖКХ,Лифт,ru,dialog_egov,03.07.2020,query
748908/1,"Добрый день, мы жители ИЖС 3 отделение, г.Талдыкорган, Жетусуйской области , просим Вас разобраться в нашей проблеме по «Строительству сетей электроснабжения с устройством уличного освещения в ИЖС 3 отделение». На сегодняшний день у нас временная подача электроэнергии. В любых по",Освещение/Уличное освещение,Освещение,Уличное освещение,ru,dialog_egov,27.07.2022,query+rules
hf-282-kk,"Үйдегі жылу жүйесінде ауа тұрып қалған, батареялардың жартысы суық.",ЖКХ/Общие вопросы,ЖКХ,Общие вопросы,kk,huggingface,,hf_category
hf-783-ru,"Когда на дороге горит зеленый, на пешеходном светофоре тоже горит зеленый.",Дороги/Дорожное покрытие,Дороги,Дорожное покрытие,ru,huggingface,,hf_category
hf-833-ru,"Одна из машин проехала на красный свет и чуть не сбила моего ребенка, когда он переходил на зеленый.",Дороги/Дорожное покрытие,Дороги,Дорожное покрытие,ru,huggingface,,hf_category
518316,"Сәлеметсіз бе, [ЗАЯВИТЕЛЬ] мырза! [ЗАЯВИТЕЛЬ] Алматы Аренадан мемлекеттік бағдарламамен 13 үй, 97 пәтер, 14 қабаттан үй алдым. 4 балам бар. Үй алдым деп қуанып отырмын, бірақ осы үйді алғалы бері пәрерімізде е жылу жоқ, қыстай қатты қиналдым үй суық. Қыста терезелердің бар",ЖКХ/Отопление,ЖКХ,Отопление,kk,dialog_egov,10.10.2018,query+rules
hf-391-kk,Үйдің ауласындағы асфальт толығымен бұзылған.,ЖКХ/Общие вопросы,ЖКХ,Общие вопросы,kk,huggingface,,hf_category
hf-196-ru,"Чиновник на приеме не слушал мою проблему, а разговаривал по телефону.",Другое/Общие вопросы,Другое,Общие вопросы,ru,huggingface,,hf_category
758568,"Здравствуйте, я ранее уже оставляла вам свою заявку под номером №754519. вы обещали, что данная яма на улице Кунаева, не доезжая ул.Гоголя перед магазином Deutsche Mode будет отремонтирована. Вы обещали, что яму закроете до конца октября. Сейчас уже 7 ноября, яма как была, так",Дороги/Дорожное покрытие,Дороги,Дорожное покрытие,ru,dialog_egov,07.11.2022,query+rules
hf-87-kk,Жас мамандарға арналған ипотекалық бағдарламалардың шарттары өте қиын. Бастапқы жарнаны жинау мүмкін емес.,Другое/Общие вопросы,Другое,Общие вопросы,kk,huggingface,,hf_category
756926,"Настоящим письмом, дольщики ЖК «Capital Park Flowers» просят произвести замену грузовых и пассажирских лифтов ЖК Capital Park flowers 5B- 1 и 5B-2, расположенного по адресу: г. Астана, улица 38-я, дом 11 (3-4 подъезды.) и дом 11/1 (1-6 подъезды). В связи с неоднократным нарушен",ЖКХ/Лифт,ЖКХ,Лифт,ru,dialog_egov,11.10.2022,query+rules
hf-110-kk,'Алматы - Қонаев' тас жолында мобильді интернет өте нашар. Көліктің ішінде байланыс жиі үзіледі. Сапаны жақсартуға болады ма?,Другое/Общие вопросы,Другое,Общие вопросы,kk,huggingface,,hf_category
524208,"На протяжении более 10 лет наше с.Токсан би, находящее СКО р-н им.[ЗАЯВИТЕЛЬ] переживает не лучшее время, но с приходом новых инвесторов и нового ТОО, обещание перед населением было более чем достаточным, для того чтобы народ подписал договора. Но вот уже 3 год, так и не сдерж",Благоустройство/Детские площадки,Благоустройство,Детские площадки,ru,dialog_egov,24.11.2018,query
688048,"Обращение с регистрационным номером 688048, направленное в Блог Аким города Астаны [ЗАЯВИТЕЛЬ] отклонено ГО 01.06.2021",ЖКХ/Лифт,ЖКХ,Лифт,ru,dialog_egov,31.05.2021,query
hf-290-kk,Қоғамдық көліктерде төлем қабылдайтын валидаторлар жиі істемейді.,Транспорт/Общественный транспорт,Транспорт,Общественный транспорт,kk,huggingface,,hf_category
759276,"Саламатсызба, әкім мырза [ЗАЯВИТЕЛЬ] ауданы, Шығырлы ауылының тұрғынымын. Біздің ауылда таза ауыз су жоқ, су құбыры тартылды, бірақ әлі ауыз судың қызығын көрген жоқпыз. Енді қашан пайдалануға беріледі?",ЖКХ/Водоснабжение,ЖКХ,Водоснабжение,kk,dialog_egov,15.11.2022,query+rules
hf-700-kk,"Автобус жүргізушісі менің аялдамамда тоқтамай, келесі аялдамада түсірді.",Транспорт/Общественный транспорт,Транспорт,Общественный транспорт,kk,huggingface,,hf_category
743325,"Здравствуйте, ожидается в ближайшем будущем, электрофикация железных дорог и двухпутка в Западном регионе Казахстана? Когда будет железная дорога с Уральска до Атырау??? с Атырау до Индербора уже есть дорога, неужели сложно проложить до Уральска? Этот вопрос поднимался ранее! Сей",Дороги/Дорожное покрытие,Дороги,Дорожное покрытие,ru,dialog_egov,10.06.2022,query+rules
690712,"Здравствуйте [ЗАЯВИТЕЛЬ]! обращаюсь к Вам я [ЗАЯВИТЕЛЬ] , старшая по дому и жители следующего адреса: город тараз , улица Байзак батыра 199. В прошлом году мы обращались в ЖКХ и акимат города тараз. Нам ответили 02 октября 2020 года , что ремонт двора и",Дороги/Дорожное покрытие,Дороги,Дорожное покрытие,ru,dialog_egov,15.06.2021,query
557852,"Уважаемый аким города Алматы! Обращаюсь к Вам вот по какой причине! Я живу в Алмалинском районе, окола парка имени Ганди, что на пересечении улиц Джамбула и Жарокова. В прошлом году на пересечении данных улиц сгорело кафе ""Динара"", после чего останки данного кафе ник",Благоустройство/Вывоз мусора,Благоустройство,Вывоз мусора,ru,dialog_egov,09.07.2019,query
hf-464-ru,Химическая лаборатория в школе не оснащена современным оборудованием.,Другое/Общие вопросы,Другое,Общие вопросы,ru,huggingface,,hf_category
hf-844-ru,Из-за плохого качества еды в школьной столовой успеваемость моего ребенка снизилась.,Другое/Общие вопросы,Другое,Общие вопросы,ru,huggingface,,hf_category
692227,"Обращение с регистрационным номером 692227, направленное в Блог Министр энергетики РК [ЗАЯВИТЕЛЬ] отклонено ГО 23.06.2021",Освещение/Уличное освещение,Освещение,Уличное освещение,ru,dialog_egov,23.06.2021,query
hf-774-kk,"Мектептегі асханадағы тамақтардың сапасы нашар болғандықтан, баламның аллергиясы қозып кетті.",Другое/Общие вопросы,Другое,Общие вопросы,kk,huggingface,,hf_category
760331,"Добрый день, уважаемый [ЗАЯВИТЕЛЬ]. [ЗАЯВИТЕЛЬ] жительница п. Кольди, Алматинской области, Карасайского района. Прошу Вас помочь в не очень приятной сложившейся ситуации. Все лето весь поселок сидел без электроэнергии. Ее отключали, мотивируя тем, что проводится замена столбо",ЖКХ/Отопление,ЖКХ,Отопление,ru,dialog_egov,25.11.2022,query
749889,"Добрый день. Поводом для обращения послужили факты вопиющего нарушения норм Экологического и [ЗАЯВИТЕЛЬ] РК, принятых эпидемиологических норм и правил содержания животных в селе [ЗАЯВИТЕЛЬ] области. Жители села Умирзак неоднократно обращались в местные орга",Освещение/Уличное освещение,Освещение,Уличное освещение,ru,dialog_egov,05.08.2022,query
hf-91-ru,"Трансформатор возле дома сильно гудит, не дает спать по ночам.",ЖКХ/Общие вопросы,ЖКХ,Общие вопросы,ru,huggingface,,hf_category
766049,"[ЗАЯВИТЕЛЬ] нотариалды доверенность негізінде [ЗАЯВИТЕЛЬ] Отбасыбанкте 2021-2025 жылдары тиесілі болған депозит туралы төмендегі жағдай бойынша түсініктеме беруді сұраймын. Депозиттің альтернативті нөмірі [ИИН], осы депозитке 2024 жылдың жаз",ЖКХ/Отопление,ЖКХ,Отопление,kk,dialog_egov,22.01.2026,query
721899/1,"Добрый день! Обращаюсь не в первый раз в правительство, наверное я бы тоже была в строю митингующих, если бы не мои дети о которых я забочусь. Я многодетная мама, живу в Алматы, и в нашем районе нет газа, отопления, воды ни холодной ни горячей ни поливной, канализаций, для детей",Освещение/Уличное освещение,Освещение,Уличное освещение,ru,dialog_egov,13.01.2022,query
hf-661-kk,Үйдің кіреберісіндегі есіктің кодын бөгде адамдар біліп алған.,ЖКХ/Общие вопросы,ЖКХ,Общие вопросы,kk,huggingface,,hf_category
751511,"Обращение с регистрационным номером 751511, направленное в Блог [ЗАЯВИТЕЛЬ] РК [ЗАЯВИТЕЛЬ] отклонено ГО 07.09.2022",Дороги/Дорожное покрытие,Дороги,Дорожное покрытие,ru,dialog_egov,21.08.2022,query
733880,"Здравствуйте, Хотелось бы сказать не человечьми словами... но попытаюсь выразиться корректно! Кто то в Казахстане вообще учитывает интересы услуополучателей, налооплательщиков и просто жителей маленьких городов?! Почему все делается вопреки мнению и желанию народа?! Хотелось бы у",Транспорт/Общественный транспорт,Транспорт,Общественный транспорт,ru,dialog_egov,06.04.2022,query
hf-24-kk,"Полиция қызметкерлері себепсіз тоқтатып, көліктің ішін тексергісі келеді. Бұл қаншалықты заңды?",Другое/Общие вопросы,Другое,Общие вопросы,kk,huggingface,,hf_category
hf-320-ru,Реклама в автобусе кричит слишком громко и мешает.,Транспорт/Общественный транспорт,Транспорт,Общественный транспорт,ru,huggingface,,hf_category
hf-769-ru,"Сотрудники интернет-провайдера, придя на дом, напугали моих домашних животных.",Другое/Общие вопросы,Другое,Общие вопросы,ru,huggingface,,hf_category
259857,"Уважаемый [ЗАЯВИТЕЛЬ], мы, жильцы дома № 118 по улице Красной г. Кокшетау выражаем благодарность сотрудникам ДВД Акмолинской области, а именно полицейскому батальона патрульной полиции сержанту полиции [ЗАЯВИТЕЛЬ] и инспектору группы природоохранной пол",ЖКХ/Водоснабжение,ЖКХ,Водоснабжение,ru,dialog_egov,31.03.2014,query
hf-1060-ru,В реку рядом с городом сливают канализационные стоки.,Благоустройство/Вывоз мусора,Благоустройство,Вывоз мусора,ru,huggingface,,hf_category
hf-317-ru,"Пришлось несколько раз ходить в ЦОН, чтобы оформить пособие на ребенка.",Другое/Общие вопросы,Другое,Общие вопросы,ru,huggingface,,hf_category
643171,"Здравствуйте. Я не нашёл как написать обращение к акиму города, поэтому пишу Вам. К Вам обращаются жители дома Гагарина 81 (1 подъезд), помогите нам решить проблему, а то мы не можем найти этому делу конца. У нас состоит проблема с горячей водой, из крана подачи горячей воды т",Дороги/Светофоры,Дороги,Светофоры,ru,dialog_egov,22.09.2020,query
757771,"Обращение с регистрационным номером 757771, направленное в Блог [ЗАЯВИТЕЛЬ] РК [ЗАЯВИТЕЛЬ] отклонено ГО 24.11.2022",ЖКХ/Водоснабжение,ЖКХ,Водоснабжение,ru,dialog_egov,23.10.2022,query
hf-276-kk,Зауыттың қалдықтарын қала сыртына заңсыз төгіп жатыр.,Благоустройство/Вывоз мусора,Благоустройство,Вывоз мусора,kk,huggingface,,hf_category
546943,"Здравствуйте. В районе школ №30 и ШП, а именно на углу улиц Каменистая и Елебекова 21, строители бизнес центра ""Астана"", расположенного по адресу пр. Достык, 232, организовали стихийную свалку строительного мусора. Куча мусора препятствует стоку дождевой воды. В резу",Благоустройство/Вывоз мусора,Благоустройство,Вывоз мусора,ru,dialog_egov,24.04.2019,query
742606,"Здравствуйте, [ЗАЯВИТЕЛЬ]! Ваш ответ меня не удовлетворил, Вы ответили, что [ЗАЯВИТЕЛЬ] назначен ""Заведующим кафедрой"", когда он является ""Руководителем отдела"". [ЗАЯВИТЕЛЬ] ответа я еще раз побывала в ЦОНе г.Актобе в 1 отделе, где обратилась",ЖКХ/Лифт,ЖКХ,Лифт,ru,dialog_egov,05.06.2022,query
hf-245-ru,Родственники чиновников часто выигрывают государственные тендеры.,Другое/Общие вопросы,Другое,Общие вопросы,ru,huggingface,,hf_category
hf-317-kk,Балама арналған жәрдемақыны рәсімдеу үшін ЦОН-ға бірнеше рет баруға тура келді.,Другое/Общие вопросы,Другое,Общие вопросы,kk,huggingface,,hf_category
hf-757-kk,"Жәрдемақы тағайындау үшін менің жұбайымның табысы туралы анықтаманы талап етті, бірақ ол жұмыссыз.",Другое/Общие вопросы,Другое,Общие вопросы,kk,huggingface,,hf_category
537317,"Обращение с регистрационным номером 537317, направленное в Блог [ЗАЯВИТЕЛЬ] РК [ЗАЯВИТЕЛЬ] отклонено ГО 11.03.2019",Освещение/Уличное освещение,Освещение,Уличное освещение,ru,dialog_egov,25.02.2019,query
hf-880-kk,"Автобус жүргізушісі менің аялдамамда тоқтамай, 'мен сенің белгіңді көргенім жоқ, күн көзімді шағылыстырды' деді.",Транспорт/Общественный транспорт,Транспорт,Общественный транспорт,kk,huggingface,,hf_category
hf-172-ru,"Зеленый свет на светофоре на нашей улице горит очень недолго, не успеваем перейти дорогу.",Дороги/Дорожное покрытие,Дороги,Дорожное покрытие,ru,huggingface,,hf_category
hf-370-kk,"Автобустардың соңғы аялдамаға дейін бармай, жолдан қайтып кетуі жиілеп кетті.",Транспорт/Общественный транспорт,Транспорт,Общественный транспорт,kk,huggingface,,hf_category
751816,"Обращение с регистрационным номером 751816, направленное в Блог [ЗАЯВИТЕЛЬ] РК [ЗАЯВИТЕЛЬ] отклонено ГО 14.09.2022",Благоустройство/Вывоз мусора,Благоустройство,Вывоз мусора,ru,dialog_egov,23.08.2022,query
hf-132-ru,В парке возле дома нет освещения. Вечером гулять опасно.,ЖКХ/Общие вопросы,ЖКХ,Общие вопросы,ru,huggingface,,hf_category
656161,"Ассаляму аляйкум, уважаемый [ЗАЯВИТЕЛЬ]! Пользуясь случаем, хотел бы пожелать вам всего хорошего! Причиной моего обращения к вам, является - состояние жилого дома номер 77, расположенного по адресу микрорайон Астана, который был сдан в эксплуатацию 2017 году декабря ме",ЖКХ/Отопление,ЖКХ,Отопление,ru,dialog_egov,08.12.2020,query
725926,"ТОО «High Vill Service» ([ЗАЯВИТЕЛЬ]) выражает Вам свое почтение и обращает Ваше внимание на нижеследующее. Наша компания обращается к вам, как управляющая компания жилым комплексом ЖК «High Vill Ishim» блоками «D1» и «D2», расположенного по адресу: г. Нур-Султан",Дороги/Светофоры,Дороги,Светофоры,ru,dialog_egov,08.02.2022,query
hf-127-kk,Жұмысынан айырылғандарға берілетін әлеуметтік төлемді алу процесі өте күрделі.,Другое/Общие вопросы,Другое,Общие вопросы,kk,huggingface,,hf_category
hf-678-ru,"Сотрудники полиции приняли мою жалобу, но потом потеряли ее.",Другое/Общие вопросы,Другое,Общие вопросы,ru,huggingface,,hf_category
760463,"[ЗАЯВИТЕЛЬ] : Премьер [ЗАЯВИТЕЛЬ] шаруашылығы министрі [ЗАЯВИТЕЛЬ] облысының климаттық, жер, су, жағдайларына байланысты мақта өнімінің көптеп егілетіні өзде",ЖКХ/Водоснабжение,ЖКХ,Водоснабжение,kk,dialog_egov,28.11.2022,query
hf-1040-kk,"Қаланың орталығындағы ауаның сапасы өте нашар, дем алу қиын.",Благоустройство/Вывоз мусора,Благоустройство,Вывоз мусора,kk,huggingface,,hf_category
740483/2,"Уважаемый господин министр [ЗАЯВИТЕЛЬ], прошу Вас оказать содействие на бездействие государственных служб по обслуживанию и обеспечению комфортных условий для населения. Такими организациями являются: «КалаЖарык и отдел «Благоустройства» акимата Бостандыкского района. Ситу",Освещение/Уличное освещение,Освещение,Уличное освещение,ru,dialog_egov,23.05.2022,query
638683,"# Неге бұлай...? Атырау обылысы Мақат кентінде, Жәнгелдин көшесі 8- ші үйдің 1 - ші пәтерінде 1993 жылдан тұрамын. Өркениет жемісін көруге әркім ақ құштар. Бізің үйдің салынғанына 30 - жылдан асты. Жаңбыр жауса айнала балшық, 70 - ке келген адамға жүру қыйын. Ана бір жылы қатт",Освещение/Уличное освещение,Освещение,Уличное освещение,kk,dialog_egov,31.08.2020,query
311220,"Обращение с регистрационным номером 311220, направленное в Блог Аким Карагандинской области [ЗАЯВИТЕЛЬ] отклонено ГО",Дороги/Дорожное покрытие,Дороги,Дорожное покрытие,ru,dialog_egov,12.05.2016,query
hf-820-kk,"Автобус жүргізушісі менің аялдамамда тоқтамай, 'мен сенің белгіңді көрген жоқпын' деді.",Транспорт/Общественный транспорт,Транспорт,Общественный транспорт,kk,huggingface,,hf_category
hf-498-kk,"Полиция қызметкерлері менің шағымымды қабылдағанымен, ешқандай әрекет жасамады.",Другое/Общие вопросы,Другое,Общие вопросы,kk,huggingface,,hf_category
704495,"Обращение с регистрационным номером 704495, направленное в Блог Аким города Алматы [ЗАЯВИТЕЛЬ]A. находится на рассмотрении у ГО",Освещение/Уличное освещение,Освещение,Уличное освещение,ru,dialog_egov,08.09.2021,query
hf-505-kk,Жер учаскесін рәсімдеу кезінде шенеуніктер процесті қасақана созады.,Другое/Общие вопросы,Другое,Общие вопросы,kk,huggingface,,hf_category
755615,"Уважаемый [ЗАЯВИТЕЛЬ]! Со своей идеей благоустройства нашей области к вам обращается творческий коллектив WomenArtДизайн, который уже много лет занимается дизайном и развитием национального искусства Казахстана. Нашей области и нашей стране всегда было и есть чем гордитс",Благоустройство/Вывоз мусора,Благоустройство,Вывоз мусора,ru,dialog_egov,28.09.2022,rules
hf-162-kk,Үйдің жертөлесінде кәріз иісі шығып тұр. Дезинфекция жасау қажет.,ЖКХ/Общие вопросы,ЖКХ,Общие вопросы,kk,huggingface,,hf_category
hf-531-kk,Үйдің ауласындағы орындықтар сынған.,ЖКХ/Общие вопросы,ЖКХ,Общие вопросы,kk,huggingface,,hf_category
hf-766-ru,Туалеты зон отдыха у реки сливаются прямо в воду.,Благоустройство/Вывоз мусора,Благоустройство,Вывоз мусора,ru,huggingface,,hf_category
hf-773-kk,"Жолдағы бағдаршамның жасыл түсі жанып тұрғанда, көліктердің бірі қызылға өтіп кетті.",Дороги/Дорожное покрытие,Дороги,Дорожное покрытие,kk,huggingface,,hf_category
750144,"Добрый день! Обращаюсь повторно к Вам, касательно уличного освещения улицы Отеген 126/1 в с.Кордай. После обращения с выездом на местность по вышеуказанному адресу выехал зам.акима Кордайского сельского округа, который в свою очередь пообещал сделать уличное освещение в ближаещее",Освещение/Уличное освещение,Освещение,Уличное освещение,ru,dialog_egov,09.08.2022,query+rules
hf-761-ru,В лифте в подъезде не горит лампочка.,ЖКХ/Общие вопросы,ЖКХ,Общие вопросы,ru,huggingface,,hf_category
hf-896-ru,Отходы с зон отдыха у реки бросают в воду.,Благоустройство/Вывоз мусора,Благоустройство,Вывоз мусора,ru,huggingface,,hf_category
hf-15-kk,Мектептегі жөндеу жұмыстарына ата-аналардан ақша жинау заңды ма? Бұл мәселені назарға алуыңызды сұраймын.,Другое/Общие вопросы,Другое,Общие вопросы,kk,huggingface,,hf_category
hf-498-ru,"Сотрудники полиции приняли мою жалобу, но не предприняли никаких действий.",Другое/Общие вопросы,Другое,Общие вопросы,ru,huggingface,,hf_category
hf-369-ru,Интернет-провайдер требует предоплату еще до подключения.,Другое/Общие вопросы,Другое,Общие вопросы,ru,huggingface,,hf_category
hf-161-kk,Жол белгілері бір-біріне қайшы келеді. Қайсысына бағынарын білмейсің.,Дороги/Дорожное покрытие,Дороги,Дорожное покрытие,kk,huggingface,,hf_category
hf-105-kk,Жол полициясының қызметкері ұсақ ереже бұзушылық үшін мәселені 'орнында шешуді' ұсынды. Бұл сыбайлас жемқорлыққа жол ашады. Тексеріс жүргізу қажет.,Другое/Общие вопросы,Другое,Общие вопросы,kk,huggingface,,hf_category
hf-5-kk,"Қарағанды қаласындағы №5 емханаға жазылу мүмкін емес. Телефондары жауап бермейді, ал egov арқылы бос орын жоқ. Дәрігерге қалай қаралуға болады?",Другое/Общие вопросы,Другое,Общие вопросы,kk,huggingface,,hf_category
hf-314-kk,"Мектептегі жөндеу жұмыстарына ата-аналардың ақшасына арзан, сапасыз материалдар алынған.",Другое/Общие вопросы,Другое,Общие вопросы,kk,huggingface,,hf_category
736655,"Здравствуйте,Уважаемая, [ЗАЯВИТЕЛЬ] с назначением на столь высокую и ответственную должность! Искренне верю и буду ждать наконец-то новые стандарты будете внедрять. Мне сейчас 37, и не могу найти работу. Куда бы не откликалась, приходит отказ. Не нужн",Дороги/Светофоры,Дороги,Светофоры,ru,dialog_egov,22.04.2022,query
hf-470-ru,Водитель автобуса разговаривал по телефону и играл в игры за рулем.,Транспорт/Общественный транспорт,Транспорт,Общественный транспорт,ru,huggingface,,hf_category
hf-639-kk,"Интернет провайдерінің қызметкерлері жұмысты сапасыз жасап, артынан қоқыс қалдырып кетті.",Другое/Общие вопросы,Другое,Общие вопросы,kk,huggingface,,hf_category
hf-137-kk,Бала туғанда берілетін бір реттік жәрдемақыны алу үшін көп құжат жинау керек.,Другое/Общие вопросы,Другое,Общие вопросы,kk,huggingface,,hf_category
731000,"Уважаемый аким нашего города! Хотелось бы обратить Ваше внимание на дорогу выше проспекта Аль-Фараби в сторону Ремизовки. Вверх по дороге очень много строится ЖК, такие как Sakura, Silver hills , Remizovka и т.д. Дорога вся разбита, В районе указанных ЖК строителями заужена дорог",Дороги/Дорожное покрытие,Дороги,Дорожное покрытие,ru,dialog_egov,15.03.2022,query+rules
hf-741-kk,Үйдің кіреберісіндегі лифт жиі кептеліп қалады.,ЖКХ/Общие вопросы,ЖКХ,Общие вопросы,kk,huggingface,,hf_category
hf-316-ru,Стройка у реки меняет русло и разрушает берег.,Благоустройство/Вывоз мусора,Благоустройство,Вывоз мусора,ru,huggingface,,hf_category
688055/1,"Обращение с регистрационным номером 688055/1, направленное в Блог [ЗАЯВИТЕЛЬ]-Министра – Министр искусственного интеллекта и цифрового развития РК [ЗАЯВИТЕЛЬ] отклонено ГО 02.06.2021",Дороги/Дорожное покрытие,Дороги,Дорожное покрытие,ru,dialog_egov,02.06.2021,query
hf-584-kk,"Мектептегі дене шынықтыру сабағында оқушыларға бірдей жүктеме беріледі, денсаулық жағдайы ескерілмейді.",Другое/Общие вопросы,Другое,Общие вопросы,kk,huggingface,,hf_category
623939,"Здравствуйте, обращаюсь с жалобой по работе коммунальных служб. Мы живём по улице Чкалова,в нашем районе по пересечению улицы Советской и Чкалова меняют канализационные трубы,но из за замены труб страдаем мы жители улицы Чкалова д.24,11, т.к возле наших домов прорвало канализа",ЖКХ/Водоснабжение,ЖКХ,Водоснабжение,ru,dialog_egov,17.06.2020,query+rules
hf-418-ru,Сотрудники полиции не принимают мер к пьяным людям на улицах ночью.,Другое/Общие вопросы,Другое,Общие вопросы,ru,huggingface,,hf_category
hf-404-ru,Воспитатель в детском саду просит доплату за хорошее отношение к моему ребенку.,Другое/Общие вопросы,Другое,Общие вопросы,ru,huggingface,,hf_category
740951,"09 Карагандинская область, г. Караганда, 12.05.2022 по улице Космонавтов машина с ГРНЗ 983 AX KZ и обозначением на кузове ПО ""CПЕЦТЕХНИКА"" поливает подготовленные срезы ям битумом, при том, что данный участок никак ни закрыт и не огорожен. В связи с этим битум раскатыва",Дороги/Дорожное покрытие,Дороги,Дорожное покрытие,ru,dialog_egov,25.05.2022,query+rules
hf-786-kk,Қаланың жанындағы өзенге жақын жердегі демалыс орындарынан шыққан қоқыс желмен ұшып жатыр.,Благоустройство/Вывоз мусора,Благоустройство,Вывоз мусора,kk,huggingface,,hf_category
718977/1,"Обращение с регистрационным номером 718977/1, направленное в Блог Аким города Алматы [ЗАЯВИТЕЛЬ]A. находится на рассмотрении у ГО",ЖКХ/Водоснабжение,ЖКХ,Водоснабжение,ru,dialog_egov,13.12.2021,query
hf-115-ru,Скорая помощь приезжает на вызов очень долго. Вчера ждали больше часа. Это опасно для жизни.,Другое/Общие вопросы,Другое,Общие вопросы,ru,huggingface,,hf_category
707370,"Обращение с регистрационным номером 707370, направленное в Блог Аким города Алматы [ЗАЯВИТЕЛЬ]A. находится на рассмотрении у ГО",Благоустройство/Вывоз мусора,Благоустройство,Вывоз мусора,ru,dialog_egov,28.09.2021,query
758505,"[ЗАЯВИТЕЛЬ] ! Мен ҚР-ның азаматы Малимов [ЗАЯВИТЕЛЬ], Жамбыл облысы Тараз қаласы, массив Қарасу 36 үй, 53 пәтер тұрғынымын. Мен тұрып жатқан үйге 13.10.2022 жылдан бастап жылу беріле бастады. Үйім 3 бөлмелі, төртінші қабатта орналасқан. Жылу екі",ЖКХ/Отопление,ЖКХ,Отопление,kk,dialog_egov,04.11.2022,query+rules
hf-807-kk,Менің баламның мүгедектігіне байланысты оған тегін дәрі-дәрмек беруден бас тартты.,Другое/Общие вопросы,Другое,Общие вопросы,kk,huggingface,,hf_category
hf-225-ru,Уроки в школе проходят в сокращенном формате.,Другое/Общие вопросы,Другое,Общие вопросы,ru,huggingface,,hf_category
hf-200-kk,"Автобус жүргізушісі ақшаны санап отырып, жолдан көз алмады. Бұл өте қауіпті.",Транспорт/Общественный транспорт,Транспорт,Общественный транспорт,kk,huggingface,,hf_category
hf-909-kk,"Интернет провайдерінің қызметкерлері үйге келгенде, менің үйімдегі тәртіпті бұзып, қоқыс қалдырып кетті.",Другое/Общие вопросы,Другое,Общие вопросы,kk,huggingface,,hf_category
739332,"Добрый день. Прошу прояснить ситуацию. Водитель автобуса (автобус для персонала компании) проходит предсменное освидетельствование до начала работы, когда он должен проходить послесменное освидетельствование, до поездки, когда предстоит везти людей домой и сам едет домой или посл",Транспорт/Общественный транспорт,Транспорт,Общественный транспорт,ru,dialog_egov,14.05.2022,query+rules
761788,"День добрый. Просим Акимат г Алматы немедленно закрыть и запретить незаконную стихийную парковку по ул. Байсеитовой выше пр. Абая на пешеходной алее. Летом здесь был ремонт, на полу лежал камень, щебень, цемент и т.п. но все уличные работы давным давно закончены и ваш подрядчик",Дороги/Дорожное покрытие,Дороги,Дорожное покрытие,ru,dialog_egov,14.12.2022,query
hf-294-ru,Количество детей в группах детского сада намного превышает норму.,Другое/Общие вопросы,Другое,Общие вопросы,ru,huggingface,,hf_category
761423,"Здравствуйте. Я являюсь жильцом ЖК ""Ақжайык"", по улице Мангилик ел 19/2. Просим Ваш помочь в решение вопроса касательно подачи тепла в нашем доме. Дело в том что, у нас в квартирах холодно, батареи слабо греют, Обслуживающая компания ссылается что город так подает тепло",ЖКХ/Отопление,ЖКХ,Отопление,ru,dialog_egov,09.12.2022,query+rules
hf-30-kk,"Дәрігердің қабылдауына жазылсам да, өз уақытымда кіре алмаймын. Үнемі кезек күтіп отыруға тура келеді.",Другое/Общие вопросы,Другое,Общие вопросы,kk,huggingface,,hf_category
hf-554-ru,"Ремонт в школе проводят во время учебного года, что мешает урокам.",Другое/Общие вопросы,Другое,Общие вопросы,ru,huggingface,,hf_category
hf-610-ru,"Водитель автобуса высадил меня, сказав, что на моей карте 'Онай' нет денег.",Транспорт/Общественный транспорт,Транспорт,Общественный транспорт,ru,huggingface,,hf_category
hf-691-kk,Үйдің кіреберісіндегі домофонның экраны істемейді.,ЖКХ/Общие вопросы,ЖКХ,Общие вопросы,kk,huggingface,,hf_category
764312,"Председател. Правления АО «Отбасы банк» [ЗАЯВИТЕЛЬ] Председателю Правления АО «ЕНПФ» [ЗАЯВИТЕЛЬ] Я, Ай",ЖКХ/Водоснабжение,ЖКХ,Водоснабжение,ru,dialog_egov,01.07.2023,query
744535,"Добрый день! Для дома, расположенного по адресу: ул. Жарокова 273а имеется только пять парковочных мест на 8 подъездов! 1) Необходимо расширение парковочных мест путем перемещения детской площадки расположенной у 5-7 подъездов севернее футбольного поля (кроме того на детской площ",Освещение/Уличное освещение,Освещение,Уличное освещение,ru,dialog_egov,21.06.2022,query
hf-796-kk,Қаланың жанындағы өзенге жақын жердегі демалыс орындарының қоқысы суға ағып жатыр.,Благоустройство/Вывоз мусора,Благоустройство,Вывоз мусора,kk,huggingface,,hf_category
hf-43-kk,Көшедегі ашық жатқан люктер қауіп төндіреді. Әсіресе балалар үшін уайымдаймыз.,ЖКХ/Общие вопросы,ЖКХ,Общие вопросы,kk,huggingface,,hf_category
hf-391-ru,Асфальт во дворе дома полностью разбит.,ЖКХ/Общие вопросы,ЖКХ,Общие вопросы,ru,huggingface,,hf_category
hf-372-kk,Дәрігердің қабылдауына жазылу үшін таңертең ертеден кезекке тұру керек.,Другое/Общие вопросы,Другое,Общие вопросы,kk,huggingface,,hf_category
760039,"добрый вечер. обращаемся к вам в этом году второй раз по поводу освещения на улице Таугуль 3 сауранбаева напротив дома 40, 27 в который раз перегорает лампа уличного освещения, не смотря на то что мы обращались сотрудники гор освещения приезжают меняют лампу которая перегорает ч",Освещение/Уличное освещение,Освещение,Уличное освещение,ru,dialog_egov,22.11.2022,query+rules
hf-804-kk,Мектептегі ағылшын тілі мұғалімі сабақта тек өз телефонымен отырады.,Другое/Общие вопросы,Другое,Общие вопросы,kk,huggingface,,hf_category
756352,"Здравствуйте, [ЗАЯВИТЕЛЬ]. Два вопроса про командировку. 1-вопрос: Если сотрудника отправляют в командировку в другой город на 1 день, оплачивается ли суточные расходы? Для уточнения вопроса, дальность между местами постоянной работы и командировки составляет порядка 300",Транспорт/Общественный транспорт,Транспорт,Общественный транспорт,ru,dialog_egov,05.10.2022,query
hf-900-ru,"Водитель автобуса не остановился на моей остановке, сказав, что 'он не видел моего знака, окно грязное'.",Транспорт/Общественный транспорт,Транспорт,Общественный транспорт,ru,huggingface,,hf_category
713369/1,"Обращение с регистрационным номером 713369/1, направленное в Блог Аким города Алматы [ЗАЯВИТЕЛЬ]A. находится на рассмотрении у ГО",ЖКХ/Отопление,ЖКХ,Отопление,ru,dialog_egov,11.11.2021,query
hf-494-ru,Учитель истории в школе ведет уроки неинтересно.,Другое/Общие вопросы,Другое,Общие вопросы,ru,huggingface,,hf_category
hf-868-ru,"Сотрудники полиции приняли мою жалобу, передали в другое отделение и там потеряли.",Другое/Общие вопросы,Другое,Общие вопросы,ru,huggingface,,hf_category
hf-130-ru,Интервал движения автобуса №52 очень большой. Иногда приходится ждать по 40 минут.,Транспорт/Общественный транспорт,Транспорт,Общественный транспорт,ru,huggingface,,hf_category
752975,"Добрый день! Я, Туруспекова (Бакаева) [ЗАЯВИТЕЛЬ], уроженка города Конаев. Сейчас усиленными темпами ремонтируются некоторые дороги в нашем городе. Прошу обратить внимание Акима области на качество ремонта дорог и целесообразность ремонта некоторых улиц. В городе очень мно",Дороги/Дорожное покрытие,Дороги,Дорожное покрытие,ru,dialog_egov,04.09.2022,query+rules
hf-538-ru,При эвакуации повредили мой автомобиль.,Другое/Общие вопросы,Другое,Общие вопросы,ru,huggingface,,hf_category
hf-1097-kk,Интернет провайдерінің қызметкерлері үйге келгенде бахила кимейді.,Другое/Общие вопросы,Другое,Общие вопросы,kk,huggingface,,hf_category
hf-486-kk,Қаланың жанындағы өзенге жуынғаннан кейін балаларымның денесі қышыды.,Благоустройство/Вывоз мусора,Благоустройство,Вывоз мусора,kk,huggingface,,hf_category
547567,"Добрый день. Мы жильцы Бостандыкского района, переулок Дружбы , дом1. Просим Вас ответить на несколько вопросов. 1. Подлежат ли сносу наш дом? Если да, прошу вас уточнить более подробнее когда это произойдет. 2. Если , не подлежит сносу просим Вас решить наши проблемы. Месяц н",ЖКХ/Водоснабжение,ЖКХ,Водоснабжение,ru,dialog_egov,27.04.2019,query
619144,"Обращение с регистрационным номером 619144, направленное в Блог [ЗАЯВИТЕЛЬ] РК [ЗАЯВИТЕЛЬ] отклонено ГО 26.05.2020",ЖКХ/Отопление,ЖКХ,Отопление,ru,dialog_egov,26.05.2020,query
hf-850-kk,"Автобус жүргізушісі менің аялдамамда тоқтамай, 'мен сенің белгіңді көрмедім, көзім нашар көреді' деді.",Транспорт/Общественный транспорт,Транспорт,Общественный транспорт,kk,huggingface,,hf_category
hf-681-kk,"Үйдің кіреберісіндегі жарық үнемі жанып тұрады, күндіз сөндірілмейді.",ЖКХ/Общие вопросы,ЖКХ,Общие вопросы,kk,huggingface,,hf_category
hf-413-kk,"Жолдың ортасындағы люктің қақпағы орнынан қозғалып кеткен, қауіпті.",Дороги/Дорожное покрытие,Дороги,Дорожное покрытие,kk,huggingface,,hf_category
hf-809-ru,"Сотрудники интернет-провайдера, придя на дом, сломали мои вещи.",Другое/Общие вопросы,Другое,Общие вопросы,ru,huggingface,,hf_category
hf-446-kk,Қала ішіндегі өзенге май қалдықтарын төгіп жатыр.,Благоустройство/Вывоз мусора,Благоустройство,Вывоз мусора,kk,huggingface,,hf_category
hf-897-kk,"Жәрдемақы тағайындау үшін менің жұбайымның табысы туралы анықтаманы талап етті, бірақ ол іссапарда.",Другое/Общие вопросы,Другое,Общие вопросы,kk,huggingface,,hf_category
hf-1045-kk,"Балабақшадағы тәрбиеші балама дөрекі сөйлеп, қысым көрсетеді.",Другое/Общие вопросы,Другое,Общие вопросы,kk,huggingface,,hf_category
hf-29-ru,В общественном транспорте не включают кондиционеры. В летнюю жару ездить очень тяжело.,Транспорт/Общественный транспорт,Транспорт,Общественный транспорт,ru,huggingface,,hf_category
759836,"Добрый день, [ЗАЯВИТЕЛЬ]! Пишу от жителей Наурызбайского района, [ЗАЯВИТЕЛЬ] ""Алма"".Хотим ПОБЛАГОДАРИТЬ Вас с улучшением нашего района а именно с асфальтированием центральной улицы и проведением уличного освещения! Так же просим уточнить, ког",Освещение/Уличное освещение,Освещение,Уличное освещение,ru,dialog_egov,21.11.2022,query+rules
hf-469-kk,Интернет желісіндегі ақаулық үшін бірнеше күннен бері қайта есептеу жасай алмай жүрмін.,Другое/Общие вопросы,Другое,Общие вопросы,kk,huggingface,,hf_category
hf-108-kk,"Тараз қаласында түнде көршілерім қатты шулайды. Учаскелік полицияға бірнеше рет хабарластым, еш нәтиже жоқ.",Другое/Общие вопросы,Другое,Общие вопросы,kk,huggingface,,hf_category
hf-224-ru,Заведующая детским садом просит 'спонсорскую помощь'.,Другое/Общие вопросы,Другое,Общие вопросы,ru,huggingface,,hf_category
hf-856-kk,Қаланың жанындағы өзенге жақын жердегі демалыс орындарының қалдықтарын көмуге арналған орын жоқ.,Благоустройство/Вывоз мусора,Благоустройство,Вывоз мусора,kk,huggingface,,hf_category
740183,"Обращение с регистрационным номером 740183, направленное в Блог Уполномоченный по правам человека в РК [ЗАЯВИТЕЛЬ] находится на рассмотрении у ГО",ЖКХ/Отопление,ЖКХ,Отопление,ru,dialog_egov,19.05.2022,query
hf-96-kk,"Стихиялық қоқыс орны пайда болды. Ешкім тазаламайды, иісі жаман.",Благоустройство/Вывоз мусора,Благоустройство,Вывоз мусора,kk,huggingface,,hf_category
764213,"Өтініш хат [ЗАЯВИТЕЛЬ]! Сәлематсызба [ЗАЯВИТЕЛЬ]. Мен, [ЗАЯВИТЕЛЬ]­ел Атырау облысы, Ин­дер ауданынан сізге өтініш хат жазып оты­рмын. Мен көпбалалы анамы­н, жолдасым электр құрылғыларын жөндеу бойынша жұмыс атқарад­ы.Осыдан бір жыл бұр­ын, сіздің банкіңізде ж",ЖКХ/Отопление,ЖКХ,Отопление,kk,dialog_egov,07.06.2023,query
hf-586-ru,Вода в реке рядом с городом зацвела и завоняла.,Благоустройство/Вывоз мусора,Благоустройство,Вывоз мусора,ru,huggingface,,hf_category
756139,"25 сентября 2022 года, в 5:25 утра был задержан рейс Нур-Султан–Дубай FZ1304. Представители компании flydubai вели себя некомпетентно, невежливо в частности [ЗАЯВИТЕЛЬ]. Представители не предоставили своевременно, соответственно регламенту, воду и питание; жилье на время ожидан",ЖКХ/Водоснабжение,ЖКХ,Водоснабжение,ru,dialog_egov,03.10.2022,query+rules
hf-314-ru,"На родительские деньги для ремонта школы закупили дешевые, некачественные материалы.",Другое/Общие вопросы,Другое,Общие вопросы,ru,huggingface,,hf_category
hf-745-kk,Мемлекеттік сатып алу конкурсының жеңімпазының тәжірибесі жоқ екені белгілі болды.,Другое/Общие вопросы,Другое,Общие вопросы,kk,huggingface,,hf_category
hf-812-ru,"Когда я пришел на прием в свое время, врач изучал анализы другого пациента.",Другое/Общие вопросы,Другое,Общие вопросы,ru,huggingface,,hf_category
hf-1018-kk,"Көшедегі төбелеске полиция шақырсам, олар 'бәрі тынышталды' деп келмей қойды.",Другое/Общие вопросы,Другое,Общие вопросы,kk,huggingface,,hf_category
hf-1060-kk,Қаланың жанындағы өзенге кәріз сулары ағызылып жатыр.,Благоустройство/Вывоз мусора,Благоустройство,Вывоз мусора,kk,huggingface,,hf_category
hf-847-ru,"Для назначения пособия потребовали справку о доходах моего супруга, но он на воинской службе.",Другое/Общие вопросы,Другое,Общие вопросы,ru,huggingface,,hf_category
hf-580-kk,"Автобус жүргізушісі менің жеңілдігім бар екеніне қарамастан, толық жол ақысын төлеуді талап етті.",Транспорт/Общественный транспорт,Транспорт,Общественный транспорт,kk,huggingface,,hf_category
hf-828-kk,"Полиция қызметкерлері менің шағымымды қабылдап, бірақ оны басқа іспен шатастырып, жауып тастады.",Другое/Общие вопросы,Другое,Общие вопросы,kk,huggingface,,hf_category
hf-836-kk,"Қаланың жанындағы өзенге жақын жердегі демалыс орындарының қалдықтарын өртеп, ауаны ластайды.",Благоустройство/Вывоз мусора,Благоустройство,Вывоз мусора,kk,huggingface,,hf_category
hf-537-kk,Жәрдемақы алу үшін берген құжаттарымды қайта-қайта тапсыруға мәжбүрлейді.,Другое/Общие вопросы,Другое,Общие вопросы,kk,huggingface,,hf_category
hf-739-ru,"Сотрудники интернет-провайдера, придя на дом, пользовались моим личным компьютером.",Другое/Общие вопросы,Другое,Общие вопросы,ru,huggingface,,hf_category
742383,"Акиму города Алматы [ЗАЯВИТЕЛЬ] От: [ЗАЯВИТЕЛЬ] 01.12.1998 г.р. ИИН:[ИИН], адрес: г.Алматы, ул.Желтоксан, д.96, оф.107 моб.: 8 (776) 294 00 00, email: [EMAIL] ОБРАЩЕНИЕ 14.05.2022г. около 15ч.20м. водитель автобуса маршрута №22, бортов",Транспорт/Общественный транспорт,Транспорт,Общественный транспорт,ru,dialog_egov,03.06.2022,query+rules
hf-559-ru,"Мне продолжают приходить счета от интернет-провайдера, хотя я отключил их услуги.",Другое/Общие вопросы,Другое,Общие вопросы,ru,huggingface,,hf_category
hf-743-kk,"Жолдағы бағдаршамның қызыл түсі өте ұзақ жанады, кептеліс тудырады.",Дороги/Дорожное покрытие,Дороги,Дорожное покрытие,kk,huggingface,,hf_category
hf-335-ru,При оформлении документов каждый сотрудник намекает на 'вознаграждение'.,Другое/Общие вопросы,Другое,Общие вопросы,ru,huggingface,,hf_category
hf-153-kk,Мемлекеттік емханадағы УДЗ аппараты үнемі істемейді. Адамдарды ақылы орталықтарға баруға мәжбүрлейді.,Другое/Общие вопросы,Другое,Общие вопросы,kk,huggingface,,hf_category
hf-62-ru,"Звонят мошенники, представляются сотрудниками полиции и требуют деньги. Нужно принять меры.",Другое/Общие вопросы,Другое,Общие вопросы,ru,huggingface,,hf_category
671250,"Обращение с регистрационным номером 671250, направленное в Блог Аким города Алматы [ЗАЯВИТЕЛЬ]A. находится на рассмотрении у ГО",Освещение/Уличное освещение,Освещение,Уличное освещение,ru,dialog_egov,02.03.2021,query
hf-790-kk,"Автобус жүргізушісі менің аялдамамда тоқтамай, 'мен сені байқамай қалдым' деді.",Транспорт/Общественный транспорт,Транспорт,Общественный транспорт,kk,huggingface,,hf_category
hf-687-ru,"У меня ушла неделя на получение справки, необходимой для пособия.",Другое/Общие вопросы,Другое,Общие вопросы,ru,huggingface,,hf_category
hf-1184-kk,Жаяу жүргіншілер өткелінің сызықтары өшіп қалған.,Дороги/Дорожное покрытие,Дороги,Дорожное покрытие,kk,huggingface,,hf_category
hf-380-ru,"Печка в автобусе зимой плохо работает, очень холодно.",Транспорт/Общественный транспорт,Транспорт,Общественный транспорт,ru,huggingface,,hf_category
754228,"Акимат города Алматы Акимат Алатауского района города Алматы ГУ «Управление городской мобильности города Алматы» Я, жительница микрорайона [ЗАЯВИТЕЛЬ] района города Алматы, обращаюсь к Вам о нижеследующем. В первую очередь хочу обратить внимание, на большое количеств",Транспорт/Общественный транспорт,Транспорт,Общественный транспорт,ru,dialog_egov,15.09.2022,query
hf-268-kk,Көшедегі шу деңгейі рұқсат етілген нормадан жоғары.,Другое/Общие вопросы,Другое,Общие вопросы,kk,huggingface,,hf_category
hf-428-ru,Сотрудники полиции в рабочее время ездят на служебной машине по личным делам.,Другое/Общие вопросы,Другое,Общие вопросы,ru,huggingface,,hf_category
hf-221-ru,Машины паркуют на тротуаре вдоль дороги.,Дороги/Дорожное покрытие,Дороги,Дорожное покрытие,ru,huggingface,,hf_category
hf-735-ru,Информация о победителе конкурса госзакупок не публикуется.,Другое/Общие вопросы,Другое,Общие вопросы,ru,huggingface,,hf_category
762457/1,"Добрый день. Вынужден обратиться к вам вновь т.к. уже обращался по поводу принятия мер в отношении безответственного и халатного отношения к своим обязанностям ответственных лиц акимата Сайрамского района , акимата Туркестанской области ,а также других лиц. Дело в том .что",Благоустройство/Вывоз мусора,Благоустройство,Вывоз мусора,ru,dialog_egov,27.12.2022,query
hf-220-ru,"В автобусе грязно, сиденья порваны.",Транспорт/Общественный транспорт,Транспорт,Общественный транспорт,ru,huggingface,,hf_category
754785,"[ЗАЯВИТЕЛЬ]Көлгінов мырза. Біз Астана қаласы, Есіл ауданы, Е 489 көшесі, 5 үй мекен-жайнда орналасқан Аниса тұрғын үй кешені түрғындары төмендегі шешімін таба ламған мәселе бойынша өтініш жіберіп отырмыз. Біздің мәселеміз 2021 жылы берілген Эмир тұрғын үй кешенінің",Благоустройство/Вывоз мусора,Благоустройство,Вывоз мусора,kk,dialog_egov,20.09.2022,query
277515,"Обращение с регистрационным номером 277515, направленное в Блог [ЗАЯВИТЕЛЬ]-Министра – Министр национальной экономики Республики Казахстан [ЗАЯВИТЕЛЬ] отклонено ГО",ЖКХ/Водоснабжение,ЖКХ,Водоснабжение,ru,dialog_egov,18.06.2014,query
hf-101-ru,Здравствуйте. В городе Уральск на проспекте Евразия стерлась разметка пешеходного перехода. Ночью очень опасно. Просим обновить.,Дороги/Дорожное покрытие,Дороги,Дорожное покрытие,ru,huggingface,,hf_category
hf-212-ru,Элементы детской площадки во дворе ржавые и опасные.,ЖКХ/Общие вопросы,ЖКХ,Общие вопросы,ru,huggingface,,hf_category
hf-519-kk,Интернет провайдерінің қызметкерлері өте дөрекі сөйлейді.,Другое/Общие вопросы,Другое,Общие вопросы,kk,huggingface,,hf_category
hf-562-ru,"Врач направил меня сдавать платно анализы, которые гарантированы государством бесплатно.",Другое/Общие вопросы,Другое,Общие вопросы,ru,huggingface,,hf_category
hf-227-kk,Жас отбасыларға арналған тұрғын үй бағдарламасының пайызы өте жоғары.,Другое/Общие вопросы,Другое,Общие вопросы,kk,huggingface,,hf_category
hf-177-kk,Заңсыз қоқыс полигонының кесірінен жер асты сулары ластанып жатыр.,Благоустройство/Вывоз мусора,Благоустройство,Вывоз мусора,kk,huggingface,,hf_category
hf-845-kk,Мемлекеттік сатып алу конкурсының жеңімпазының жұмысшыларының біліктілігі жоқ екені белгілі болды.,Другое/Общие вопросы,Другое,Общие вопросы,kk,huggingface,,hf_category
hf-285-ru,Госслужащий попросил денег за ускорение рассмотрения моего заявления.,Другое/Общие вопросы,Другое,Общие вопросы,ru,huggingface,,hf_category
hf-760-ru,"Водитель автобуса не остановился на моей остановке, сказав, что 'он меня не видел'.",Транспорт/Общественный транспорт,Транспорт,Общественный транспорт,ru,huggingface,,hf_category
hf-511-kk,"Ауладағы жолдың шұңқырына жаңбыр суы толып, өту мүмкін емес.",ЖКХ/Общие вопросы,ЖКХ,Общие вопросы,kk,huggingface,,hf_category
hf-177-ru,Из-за незаконной свалки загрязняются подземные воды.,Благоустройство/Вывоз мусора,Благоустройство,Вывоз мусора,ru,huggingface,,hf_category
hf-126-ru,В городскую реку сбрасывают мусор. Необходимо усилить работу экологической полиции.,Благоустройство/Вывоз мусора,Благоустройство,Вывоз мусора,ru,huggingface,,hf_category
hf-70-kk,Мемлекеттік органға кіру үшін күзетші жеке куәлікті алып қояды. Бұл қаншалықты заңды?,Другое/Общие вопросы,Другое,Общие вопросы,kk,huggingface,,hf_category
hf-313-ru,Не могу найти препарат из списка бесплатных лекарств.,Другое/Общие вопросы,Другое,Общие вопросы,ru,huggingface,,hf_category
hf-812-kk,"Дәрігердің қабылдауына жазылған уақытымда келсем, ол менің орныма басқа пациенттің анализдерін қарап отырды.",Другое/Общие вопросы,Другое,Общие вопросы,kk,huggingface,,hf_category
hf-755-kk,Мемлекеттік сатып алу конкурсына қатысу үшін менің компаниямнан негізсіз құжаттар талап етті.,Другое/Общие вопросы,Другое,Общие вопросы,kk,huggingface,,hf_category
hf-797-ru,"Для назначения пособия потребовали справку о доходах моего супруга, но он гражданин другой страны.",Другое/Общие вопросы,Другое,Общие вопросы,ru,huggingface,,hf_category
hf-204-ru,Все спортивные секции в школе платные.,Другое/Общие вопросы,Другое,Общие вопросы,ru,huggingface,,hf_category
746357,"Уважаемый [ЗАЯВИТЕЛЬ] ! Просим Вас от жителей lдома по улице Пушкина д.13 помочь в вопросе дворового освещения. С 7 июня у нас во дворе нету дворового освещения, КСК и все коммунальные службы к которым мы обращались бездействуют !!! Жители дома квартиры 1 по 62 контактный н",Освещение/Уличное освещение,Освещение,Уличное освещение,ru,dialog_egov,02.07.2022,query+rules
hf-195-ru,Дорога в школу не освещена. Дети ходят в темноте.,Другое/Общие вопросы,Другое,Общие вопросы,ru,huggingface,,hf_category
hf-422-kk,"Дәрігер менің шағымдарыма құлақ аспай, тез шығарып салды.",Другое/Общие вопросы,Другое,Общие вопросы,kk,huggingface,,hf_category
724932,"Добрый день! Для дома, расположенного по адресу: ул. Жарокова 273а имеется только пять парковочных мест на 8 подъездов! 1) Необходимо расширение парковочных мест путем перемещения детской площадки расположенной у 5-7 подъездов севернее футбольного поля (схема прилагается). 2) Так",Освещение/Уличное освещение,Освещение,Уличное освещение,ru,dialog_egov,02.02.2022,query
756790,"Обращение с регистрационным номером 756790, направленное в Блог Аким Алматинской области Аринов [ЗАЯВИТЕЛЬ] отклонено ГО 10.10.2022",ЖКХ/Водоснабжение,ЖКХ,Водоснабжение,ru,dialog_egov,08.10.2022,query
763227,Министерство [ЗАЯВИТЕЛЬ] Казахстан От:[ЗАЯВИТЕЛЬ],Освещение/Уличное освещение,Освещение,Уличное освещение,ru,dialog_egov,10.01.2023,query
hf-848-kk,"Полиция қызметкерлері менің шағымымды қабылдап, бірақ оны басқа іспен шатастырып, маған айыппұл салды.",Другое/Общие вопросы,Другое,Общие вопросы,kk,huggingface,,hf_category
714679,"Уважаемый [ЗАЯВИТЕЛЬ]! В г.Уральск на некоторых переулках отсутствует уличное дворовое освещение, а именно: - При повороте с автодороги пр-т Абулхайырхана на переулок в сторону оптовой-торговой базы ТОО “Шанс” ул.[ЗАЯВИТЕЛЬ] 2/11 на пути отсутствуют или не работают фонар",Дороги/Светофоры,Дороги,Светофоры,ru,dialog_egov,15.11.2021,query
hf-147-ru,Очередь в реабилитационный центр для ребенка с инвалидностью очень длинная.,Другое/Общие вопросы,Другое,Общие вопросы,ru,huggingface,,hf_category
hf-901-ru,"Крыша дома протекает, мою квартиру затопило. КСК не принимает никаких мер.",ЖКХ/Общие вопросы,ЖКХ,Общие вопросы,ru,huggingface,,hf_category
hf-711-ru,"Мусорные контейнеры во дворе постоянно переполнены, график вывоза не соблюдается.",ЖКХ/Общие вопросы,ЖКХ,Общие вопросы,ru,huggingface,,hf_category
756056,"Обращение с регистрационным номером 756056, направленное в Блог Аким Карагандинской области [ЗАЯВИТЕЛЬ] отклонено ГО 03.10.2022",ЖКХ/Водоснабжение,ЖКХ,Водоснабжение,ru,dialog_egov,02.10.2022,query
635510,"Жалоба. Я [ЗАЯВИТЕЛЬ] являюсь собственником железнодорожного тупика по адресу г.Нур-Султан, район Байконыр, ул. Алаш, 22/16. Земельный участок с подъездными железнодорожными путями граничит с территориями нескольких хозяйственных субъектов (ТОО» [ЗАЯВИТЕЛЬ]», ТО",Благоустройство/Вывоз мусора,Благоустройство,Вывоз мусора,ru,dialog_egov,14.08.2020,query
680491,"[ЗАЯВИТЕЛЬ] әкімі! Сіздердің менің №677345/1 хатыма берген жауаптарыңызда көрсетілген мәліметтермен келіспеймін. Себебі хатта көрсетілген №15,16, 20, 26, 35 бағыттағы автобустар мүлдем жоқ, аталған автобустар жолаушылар қатынасында іске қосылмаған. Мұндай жалған",Транспорт/Общественный транспорт,Транспорт,Общественный транспорт,kk,dialog_egov,20.04.2021,query+rules
hf-706-kk,Қаланың жанындағы зауыт түнде сары түтін шығарады.,Благоустройство/Вывоз мусора,Благоустройство,Вывоз мусора,kk,huggingface,,hf_category
hf-623-ru,По тротуару вдоль дороги ездят машины.,Дороги/Дорожное покрытие,Дороги,Дорожное покрытие,ru,huggingface,,hf_category
hf-447-ru,"Мне отказали в назначении пособия, сославшись на наличие у меня имущества.",Другое/Общие вопросы,Другое,Общие вопросы,ru,huggingface,,hf_category
753738,"Обращение с регистрационным номером 753738, направленное в Блог Уполномоченный по правам человека в РК [ЗАЯВИТЕЛЬ] находится на рассмотрении у ГО",ЖКХ/Водоснабжение,ЖКХ,Водоснабжение,ru,dialog_egov,11.09.2022,query
hf-72-kk,Көшедегі сауда орындары тротуарды толығымен жауып тастаған. Жаяу жүргіншілерге орын жоқ.,Другое/Общие вопросы,Другое,Общие вопросы,kk,huggingface,,hf_category
hf-1041-kk,"Дәрігер маған қарамастан, сыртымнан диагноз қойып, қымбат дәрілер жазып берді.",Другое/Общие вопросы,Другое,Общие вопросы,kk,huggingface,,hf_category
hf-787-kk,"Жәрдемақы тағайындау үшін менің жұбайымның табысы туралы анықтаманы талап етті, бірақ ол басқа қалада тұрады.",Другое/Общие вопросы,Другое,Общие вопросы,kk,huggingface,,hf_category
hf-509-kk,Интернет провайдерінің колл-орталығына бірнеше сағат бойы хабарласа алмадым.,Другое/Общие вопросы,Другое,Общие вопросы,kk,huggingface,,hf_category
hf-776-ru,Музыка из зон отдыха у реки слишком громкая.,Благоустройство/Вывоз мусора,Благоустройство,Вывоз мусора,ru,huggingface,,hf_category
hf-356-kk,Қала сыртындағы орман алқабында рұқсатсыз аң аулау жүріп жатыр.,Благоустройство/Вывоз мусора,Благоустройство,Вывоз мусора,kk,huggingface,,hf_category
757295,"Обращение с регистрационным номером 757295, направленное в Блог [ЗАЯВИТЕЛЬ] РК [ЗАЯВИТЕЛЬ] отклонено ГО 24.11.2022",ЖКХ/Водоснабжение,ЖКХ,Водоснабжение,ru,dialog_egov,16.10.2022,query
hf-616-ru,В лесном массиве рядом с городом вырубают деревья и строят коттеджи.,Благоустройство/Вывоз мусора,Благоустройство,Вывоз мусора,ru,huggingface,,hf_category
763506,[ЗАЯВИТЕЛЬ]! «Бағаларына мемлекеттік реттеу белгіленген бөлшек саудада өткізілетін мұнай өнімдеріне шекті бағаларды белгілеу туралы» [ЗАЯВИТЕЛЬ] министрінің 2015 жылғы 19 мамырдағы № 361 бұйрығына өзгеріс енгізу туралы [ЗАЯВИТЕЛЬ],Транспорт/Общественный транспорт,Транспорт,Общественный транспорт,kk,dialog_egov,13.01.2023,query
hf-295-kk,Конкурсты ұтып алған компания басқа субподрядчикке жұмысты беріп қойған.,Другое/Общие вопросы,Другое,Общие вопросы,kk,huggingface,,hf_category
637739,"Обращение с регистрационным номером 637739, направленное в Блог [ЗАЯВИТЕЛЬ] РК [ЗАЯВИТЕЛЬ] отклонено ГО 08.09.2020",Транспорт/Общественный транспорт,Транспорт,Общественный транспорт,ru,dialog_egov,25.08.2020,query
hf-59-ru,Автобусы перестают ходить после 9 часов вечера. Сложно добираться с работы.,Транспорт/Общественный транспорт,Транспорт,Общественный транспорт,ru,huggingface,,hf_category
765334,"Обращение с регистрационным номером 765334, направленное в Блог Генеральный директор РГП на ПХВ ""Национальный научный центр развития сферы социальной защиты"" [ЗАЯВИТЕЛЬ] отклонено ГО 23.01.2025",ЖКХ/Отопление,ЖКХ,Отопление,ru,dialog_egov,22.01.2025,query
hf-599-ru,Сотрудники интернет-провайдера не надевают бахилы при входе в дом.,Другое/Общие вопросы,Другое,Общие вопросы,ru,huggingface,,hf_category
hf-777-kk,"Жәрдемақы тағайындау үшін менің жұбайымның табысы туралы анықтаманы талап етті, бірақ ол қайтыс болған.",Другое/Общие вопросы,Другое,Общие вопросы,kk,huggingface,,hf_category
hf-1-kk,"Сәлеметсіз бе! Алматы қаласы, Абай көшесі, 50 үйдің ауласындағы жолдар өте нашар жағдайда. Шұңқырлар көбейіп кетті, көлікпен жүру мүмкін емес. Жөндеу жұмыстарын жүргізуіңізді сұраймыз.",Дороги/Дорожное покрытие,Дороги,Дорожное покрытие,kk,huggingface,,hf_category
704473,"Уважаемый [ЗАЯВИТЕЛЬ]! Я являясь временным жителем города Нур-Султан, часто вижу достоинства и недостатки этого города. Один из недостатков города является тем что, не все улицы оборудованы рабочими светофорами, фонарями и камерами контроля улиц. По улице Орынбор, на участк",Дороги/Светофоры,Дороги,Светофоры,ru,dialog_egov,08.09.2021,query+rules
756799,Құрметті ҚР Сыбайлас жемқорлыққа қарсы іс қимыл Агенттігі төрағасы.Мен ШЫМКЕНТ [ЗАЯВИТЕЛЬ] ..ШЫМКЕНТ [ЗАЯВИТЕЛЬ],ЖКХ/Отопление,ЖКХ,Отопление,kk,dialog_egov,08.10.2022,query
730162,"Добрый день. Обращаюсь к Вам от имени жителей комплекса, как Акиму города Алматы. Я являюсь жителем Наурызбайского района города Алматы, Жилой комплекс Премьера. На момент приобретения квартиры в данном жилом комплексе в 2016 году, все дороги, фонари, детские площадки были в испр",Благоустройство/Детские площадки,Благоустройство,Детские площадки,ru,dialog_egov,09.03.2022,query
hf-808-ru,"Я вызвал полицию из-за шума в квартире соседа, но они так и не приехали.",Другое/Общие вопросы,Другое,Общие вопросы,ru,huggingface,,hf_category
hf-207-kk,"Кәсіпкерлікті бастауға арналған грантты алу мүмкін емес, бюрократия көп.",Другое/Общие вопросы,Другое,Общие вопросы,kk,huggingface,,hf_category
hf-632-kk,Дәрігердің қабылдауына жазылу үшін бір ай күту керек.,Другое/Общие вопросы,Другое,Общие вопросы,kk,huggingface,,hf_category
hf-465-kk,Шенеунік менің өтінішімді қарау үшін 'алғыс' күтетінін ашық айтты.,Другое/Общие вопросы,Другое,Общие вопросы,kk,huggingface,,hf_category
hf-862-kk,"Дәрігердің қабылдауына жазылған уақытымда келсем, ол менің орныма басқа пациентпен телефонмен сөйлесіп отырды.",Другое/Общие вопросы,Другое,Общие вопросы,kk,huggingface,,hf_category
hf-204-kk,Мектептегі спорттық үйірмелердің барлығы ақылы.,Другое/Общие вопросы,Другое,Общие вопросы,kk,huggingface,,hf_category
hf-81-ru,Очень низкое давление холодной воды в квартире. Вода не поднимается на верхние этажи.,ЖКХ/Общие вопросы,ЖКХ,Общие вопросы,ru,huggingface,,hf_category
750451,"Добрый день! Прошу принять меры в отношении застройщика дома, который расположен в г. Алматы по улице Манаса, дом 7В, между домами номер 9 по улице Манаса и домом 644 по улице Ауэзова, Алмалинский район, скриншот точно адреса во вложении. Данная стройка продолжается уже не пер",Дороги/Дорожное покрытие,Дороги,Дорожное покрытие,ru,dialog_egov,11.08.2022,query
765199,"Обращение с регистрационным номером 765199, направленное в Блог Председатель Правления АО «Казахстанский центр модернизации и развития жилищно-коммунального хозяйства» [ЗАЯВИТЕЛЬ] находится на рассмотрении у ГО",ЖКХ/Отопление,ЖКХ,Отопление,ru,dialog_egov,22.10.2024,query
hf-487-kk,Мүгедектігі бар балама арналған арбаны алу үшін бір жылдан бері кезекте тұрмыз.,Другое/Общие вопросы,Другое,Общие вопросы,kk,huggingface,,hf_category
746497,"Уважаемый [ЗАЯВИТЕЛЬ]! К вам обращаются жители города Алматы, проживающие по ул.Толе би 278. Нашей проблемой является услуги по подаче холодной и горячей воды, в частности: 1) напор холодной воды в течении дня очень маленький, что требует постоянно набирать запасы; 2)пер",ЖКХ/Водоснабжение,ЖКХ,Водоснабжение,ru,dialog_egov,04.07.2022,query+rules
691689,"Уважаемый [ЗАЯВИТЕЛЬ]! Выезжая с проспекта Райымбека г.Алматы на трассу “Алматы-Бишкек” Алматинской обл. попадаешь в интенсивный автомобильный поток который в вечернее время становиться опасным для всех участников движения. Опасность состоит в том, что на трассе “Алматы-Би",Освещение/Уличное освещение,Освещение,Уличное освещение,ru,dialog_egov,21.06.2021,query
hf-773-ru,"Одна из машин проехала на красный свет, когда пешеходам горел зеленый.",Дороги/Дорожное покрытие,Дороги,Дорожное покрытие,ru,huggingface,,hf_category
hf-343-kk,"Емханадағы бахила сататын аппарат ақшаны алады, бірақ бахила бермейді.",Другое/Общие вопросы,Другое,Общие вопросы,kk,huggingface,,hf_category
hf-282-ru,"Система отопления в доме завоздушена, половина батарей холодные.",ЖКХ/Общие вопросы,ЖКХ,Общие вопросы,ru,huggingface,,hf_category
763880,"Обращение с регистрационным номером 763880, направленное в Блог Директор ТОО «Центр по управлению пассажирскими перевозками» [ЗАЯВИТЕЛЬ] находится на рассмотрении у ГО",Транспорт/Общественный транспорт,Транспорт,Общественный транспорт,ru,dialog_egov,13.03.2023,query
hf-1035-ru,"Ремонт в школе сделали некачественно, через месяц начала отваливаться штукатурка.",Другое/Общие вопросы,Другое,Общие вопросы,ru,huggingface,,hf_category
hf-261-ru,"'Лежачие полицейские' на дороге не соответствуют стандарту, слишком высокие.",Дороги/Дорожное покрытие,Дороги,Дорожное покрытие,ru,huggingface,,hf_category
hf-480-kk,Автобустардың салонында қоқыс жәшіктері жоқ.,Транспорт/Общественный транспорт,Транспорт,Общественный транспорт,kk,huggingface,,hf_category
hf-1008-kk,"Менің пәтерімді тонап кетті, полиция бірнеше сағаттан кейін әрең келді.",Другое/Общие вопросы,Другое,Общие вопросы,kk,huggingface,,hf_category
763689,"Мы организовали ОСИ «Автомобилист – 21» дата регистрации 26.01.2021. Я являюсь председателем [ЗАЯВИТЕЛЬ]. По решению экономического суда обязали [ЗАЯВИТЕЛЬ] выдать нам документы вместе технические и финансовые, дело № 7527 – 21 -00-2/3346 24мая 2021года. Но",ЖКХ/Водоснабжение,ЖКХ,Водоснабжение,ru,dialog_egov,06.02.2023,query
hf-598-kk,Полиция қызметкерлері менің арызымды қабылдау кезінде күлді.,Другое/Общие вопросы,Другое,Общие вопросы,kk,huggingface,,hf_category
hf-491-ru,Почтовые ящики в подъезде сломаны.,ЖКХ/Общие вопросы,ЖКХ,Общие вопросы,ru,huggingface,,hf_category
hf-367-kk,"Жұмыссыз ретінде тіркелгеніме бірнеше ай болса да, лайықты жұмыс ұсынбады.",Другое/Общие вопросы,Другое,Общие вопросы,kk,huggingface,,hf_category
hf-315-ru,"Мне открыто сказали, что без взятки мой вопрос не решат.",Другое/Общие вопросы,Другое,Общие вопросы,ru,huggingface,,hf_category
hf-1041-ru,"Врач поставил диагноз заочно, без осмотра, и выписал дорогие лекарства.",Другое/Общие вопросы,Другое,Общие вопросы,ru,huggingface,,hf_category
hf-183-ru,В подъезде дома развелись крысы. Нужно провести дератизацию.,ЖКХ/Общие вопросы,ЖКХ,Общие вопросы,ru,huggingface,,hf_category
hf-451-kk,"Ауладағы спорт алаңының жабыны ескіріп, жарақат алу қаупін тудырады.",ЖКХ/Общие вопросы,ЖКХ,Общие вопросы,kk,huggingface,,hf_category
hf-91-kk,"Үйдің жанындағы трансформатор қатты гуілдейді, түнде ұйықтатпайды.",ЖКХ/Общие вопросы,ЖКХ,Общие вопросы,kk,huggingface,,hf_category
hf-523-ru,"На светофоре не горит желтый сигнал, что создает аварийную ситуацию.",Дороги/Дорожное покрытие,Дороги,Дорожное покрытие,ru,huggingface,,hf_category
hf-460-kk,Автобус жүргізушісі менің 'Оңай' картамды қабылдаудан бас тартты.,Транспорт/Общественный транспорт,Транспорт,Общественный транспорт,kk,huggingface,,hf_category
hf-476-kk,Түнгі уақытта қаланы жапқан сасық иіс қайдан шығып жатыр?,Благоустройство/Вывоз мусора,Благоустройство,Вывоз мусора,kk,huggingface,,hf_category
hf-75-ru,Цены на стоматологические услуги очень высокие. Неужели нельзя получить лечение бесплатно?,Другое/Общие вопросы,Другое,Общие вопросы,ru,huggingface,,hf_category
630766,"Обращение с регистрационным номером 630766, направленное в Блог [ЗАЯВИТЕЛЬ] РК [ЗАЯВИТЕЛЬ] отклонено ГО 05.08.2020",Дороги/Дорожное покрытие,Дороги,Дорожное покрытие,ru,dialog_egov,24.07.2020,query
760739,"В официальной публикации министерства от 30 ноября 2022 года сообщается о сформированном общественном совете, в который вошли 21 человек. Просим сообщить: 1) полный перечень членов общественного совета 2) указать в соответствии с какими нормативными документами происходил отбор к",Освещение/Уличное освещение,Освещение,Уличное освещение,ru,dialog_egov,30.11.2022,query
hf-510-kk,"Автобус жүргізушісі жол ақысын алғанымен, билет бермейді.",Транспорт/Общественный транспорт,Транспорт,Общественный транспорт,kk,huggingface,,hf_category
760461,здравствуйте я житель дома по ул Гагарина 30 у нас совсем нету отопления батареи чуть теплые мы замерзаем,ЖКХ/Отопление,ЖКХ,Отопление,ru,dialog_egov,28.11.2022,query+rules
hf-705-kk,Жер учаскесін алу кезегін жылжыту үшін 'сыйақы' сұрады.,Другое/Общие вопросы,Другое,Общие вопросы,kk,huggingface,,hf_category
hf-170-ru,Интернет 5G ловит только в центре города. В отдаленных районах его нет.,Другое/Общие вопросы,Другое,Общие вопросы,ru,huggingface,,hf_category
hf-604-ru,Еда в школьной столовой постоянно жирная.,Другое/Общие вопросы,Другое,Общие вопросы,ru,huggingface,,hf_category
507848,"Добрый день! Я проживаю по адресу пр. Райымбека 123/103. Проулок, ведущий к нашим домам, находится параллельно улице Казакова, но на более низком уровне. В связи с этим образуется склон. Данный склон никто не убирает, он очень замусорен, образовалась стихийная свалка. Сваливаю",Благоустройство/Вывоз мусора,Благоустройство,Вывоз мусора,ru,dialog_egov,16.07.2018,query+rules
hf-312-ru,Председатель ОСИ не проводит собрания и не предоставляет финансовый отчет.,ЖКХ/Общие вопросы,ЖКХ,Общие вопросы,ru,huggingface,,hf_category
hf-218-kk,"Алаяқтар өздерін банк қызметкері ретінде таныстырып, картаның деректерін сұрайды.",Другое/Общие вопросы,Другое,Общие вопросы,kk,huggingface,,hf_category
hf-690-kk,"Автобус жүргізушісі менің сұрағыма жауап бермей, елемеді.",Транспорт/Общественный транспорт,Транспорт,Общественный транспорт,kk,huggingface,,hf_category
hf-570-ru,Информационные табло внутри автобусов не работают.,Транспорт/Общественный транспорт,Транспорт,Общественный транспорт,ru,huggingface,,hf_category
hf-1031-ru,"Чтобы попасть на прием к врачу, нужно стоять в очереди несколько недель.",Другое/Общие вопросы,Другое,Общие вопросы,ru,huggingface,,hf_category
762347,"Добрый вечер, уважаемый [ЗАЯВИТЕЛЬ]! Во-первых, хотим выразить благодарность за то, что наш район ЖБИ, ранее забытый всеми, сегодня процветает. Благоустраиваются дворы, содержатся в порядке и освещаются улицы, проводятся новые линии водопровода. На фон",Освещение/Уличное освещение,Освещение,Уличное освещение,ru,dialog_egov,25.12.2022,query
672302,"Уважаемый, [ЗАЯВИТЕЛЬ]! Во-первых, хочу выразить благодарность за помощь в решении проблемы, изложенной в обращении №670167. Светофор уже установили. Он еще однако не работает, но надеюсь скоро это исправят. Во-вторых хотела бы обратить ваше внимание на обращение №669733. Бу",Дороги/Светофоры,Дороги,Светофоры,ru,dialog_egov,07.03.2021,query+rules
763083,"Обращение с регистрационным номером 763083, направленное в Блог [ЗАЯВИТЕЛЬ] РК [ЗАЯВИТЕЛЬ] отклонено ГО 27.01.2023",Транспорт/Общественный транспорт,Транспорт,Общественный транспорт,ru,dialog_egov,09.01.2023,query
766297,"Обращение с регистрационным номером 766297, направленное в Блог Генеральный директор РГП на ПХВ «Республиканский научно–исследовательский институт по охране труда Министерства труда и социальной защиты населения Республики Казахстан» Актаева [ЗАЯВИТЕЛЬ] отклонено ГО 25.08.2026",ЖКХ/Отопление,ЖКХ,Отопление,ru,dialog_egov,12.08.2026,query
hf-164-kk,Мектеп директоры жөндеу жұмыстарына ата-аналардан ақша жинауға мәжбүрлейді.,Другое/Общие вопросы,Другое,Общие вопросы,kk,huggingface,,hf_category
hf-16-ru,"В поликлинике города Кызылорда огромные очереди. Чтобы попасть к одному врачу, приходится ждать несколько часов.",Другое/Общие вопросы,Другое,Общие вопросы,ru,huggingface,,hf_category
756059,"Обращение с регистрационным номером 756059, направленное в Блог Аким Карагандинской области [ЗАЯВИТЕЛЬ] отклонено ГО 03.10.2022",Освещение/Уличное освещение,Освещение,Уличное освещение,ru,dialog_egov,02.10.2022,query
745450,"Алматы қаласының әкімі Е.[ЗАЯВИТЕЛЬ] мырзаға Өтініш беруші: [ЗАЯВИТЕЛЬ] ______________________________________________________________________________ Түркістан облысы, Жетісай ауданы, [ЗАЯВИТЕЛЬ] а/о, Бірлік ауылы, Бастау көшесі 24 үй. Телефон 8705-2",Дороги/Дорожное покрытие,Дороги,Дорожное покрытие,kk,dialog_egov,27.06.2022,query
hf-313-kk,Тегін дәрі-дәрмектер тізіміндегі препаратты таба алмай жүрмін.,Другое/Общие вопросы,Другое,Общие вопросы,kk,huggingface,,hf_category
761135,"Добрый день, акимат г. Алматы. [ЗАЯВИТЕЛЬ] района Нижняя пятилетка просят Вас провести проверку работы сотрудников Турксибского акимата. В 2021 году в районе Нижняя пятилетка начались работы по реконструкции инфраструктуры водопровода и канализации, демонтировано дорожное",ЖКХ/Водоснабжение,ЖКХ,Водоснабжение,ru,dialog_egov,06.12.2022,query+rules
hf-44-kk,"Полицияға үйдің тоналғаны туралы арыз жаздық. Тергеуші ешқандай әрекет жасамайды, хабарласпайды.",Другое/Общие вопросы,Другое,Общие вопросы,kk,huggingface,,hf_category
hf-341-kk,Жолдың ортасындағы үлкен шұңқырдың кесірінен көлігімді зақымдап алдым.,Дороги/Дорожное покрытие,Дороги,Дорожное покрытие,kk,huggingface,,hf_category
592711,"Құрметті [ЗАЯВИТЕЛЬ]! Біз халықтың әлеуметтік жағынан осал топтары санатында кезекте 12-13 жыл тұрып 2019 жылы Сатып алу құқығынсыз, коммуналдық тұрғын үй қорынан Алатау ауданы, «Көкқайнар» ш\а , Аркалық көшесі 51 үйден жалға пәтер алдық. Жалға берілген тұрғы",ЖКХ/Отопление,ЖКХ,Отопление,kk,dialog_egov,31.01.2020,query
hf-481-kk,"Үйдің алдындағы ағаштарды кесіп тастады, енді ауламыз көлеңкесіз қалды.",ЖКХ/Общие вопросы,ЖКХ,Общие вопросы,kk,huggingface,,hf_category
hf-557-kk,Зейнетақы тағайындау кезінде менің бірнеше жылдық еңбек өтілім ескерілмеген.,Другое/Общие вопросы,Другое,Общие вопросы,kk,huggingface,,hf_category
761620,Саламатсыз. Менің ұлым [ЗАЯВИТЕЛЬ] 1 топ бала мүгедегі. 2020 ж бері ИПР корсетілген бір реттік жөргектерді уақытылы ала алмай келеміз. 2021 ж. өтініш беру кезінде СОБЕС қызметкерлері дұрыс толтырмауына байланысты 9 ай күтіп кешіктіріліп алынды. 2022 ж өтінішті жыл басынан қаб,ЖКХ/Отопление,ЖКХ,Отопление,kk,dialog_egov,13.12.2022,query
hf-186-kk,Мемлекеттік қызмет көрсету үшін артық құжаттар талап етеді.,Другое/Общие вопросы,Другое,Общие вопросы,kk,huggingface,,hf_category
701942,"Министру по чрезвычайным ситуациям Республики Казахстан г-ну [ЗАЯВИТЕЛЬ] промышленной безопасности Министерства по чрезвычайным ситуациям Республики Казахстан г-ну [ЗАЯВИТЕЛЬ] Уважаемый [ЗАЯВИТЕЛЬ], Товарищество с ограниченной ответственностью",ЖКХ/Лифт,ЖКХ,Лифт,ru,dialog_egov,23.08.2021,query
763598,"Мен, Жумагалиев [ЗАЯВИТЕЛЬ], анам [ЗАЯВИТЕЛЬ] 2005 жылдың желтоқсан айының 13-інде №3414 тізіміндегі Ақтөбе облысының нотариалдық округінің нотариусы Г.[ЗАЯВИТЕЛЬ] кәуландырған өсиеті негізінде Ақтөбе облысы Шалқар қаласы Құрманғазы көшесі №9 үйді өсиетке",ЖКХ/Отопление,ЖКХ,Отопление,kk,dialog_egov,24.01.2023,query
hf-1009-kk,Интернет провайдері келісім-шартта көрсетілген жылдамдықты қамтамасыз етпейді.,Другое/Общие вопросы,Другое,Общие вопросы,kk,huggingface,,hf_category
hf-635-kk,Мемлекеттік сатып алу конкурсының шарттары бір компанияға арнайы жазылған сияқты.,Другое/Общие вопросы,Другое,Общие вопросы,kk,huggingface,,hf_category
733147,Господин министр Индустрии РК Прошу поручить Банкам РК Создать отдельную льготную программу кредитования Лицам работающим в сервисах такси [ЗАЯВИТЕЛЬ] выдовать автокредиты без первоначальных взносов и подтверждения доходов [ЗАЯВИТЕЛЬ] выполните эту прозьбу,Транспорт/Общественный транспорт,Транспорт,Общественный транспорт,ru,dialog_egov,01.04.2022,query
hf-550-ru,"Некоторые автобусы старые, с грязным салоном и неприятным запахом.",Транспорт/Общественный транспорт,Транспорт,Общественный транспорт,ru,huggingface,,hf_category
hf-730-kk,"Автобус жүргізушісі менің жеңілдік картамды алып, оны терминалға бірнеше рет басты.",Транспорт/Общественный транспорт,Транспорт,Общественный транспорт,kk,huggingface,,hf_category
125428,"Уважаемый [ЗАЯВИТЕЛЬ]! Вам пишут жительница дома 7, расположенного в микрорайоне Голубые пруды,г. Караганды. суть нашей проблемы заключается в том что в течении долгого времени (а именно с ноября 2011 года), в нашем доме не",ЖКХ/Лифт,ЖКХ,Лифт,ru,dialog_egov,13.02.2012,query
761650,ҚР Ұлттық банк төрағасы Ғ.[ЗАЯВИТЕЛЬ],Дороги/Дорожное покрытие,Дороги,Дорожное покрытие,kk,dialog_egov,13.12.2022,query
hf-393-ru,"Дорожные работы проводят по ночам, не дают спать.",Дороги/Дорожное покрытие,Дороги,Дорожное покрытие,ru,huggingface,,hf_category
hf-188-ru,Какие льготы мне положены как обладателю подвески 'Алтын алка'?,Другое/Общие вопросы,Другое,Общие вопросы,ru,huggingface,,hf_category
hf-779-kk,"Интернет провайдерінің қызметкерлері үйге келгенде, менің үйімде темекі шекті.",Другое/Общие вопросы,Другое,Общие вопросы,kk,huggingface,,hf_category
644361,"Предоставьте видео съёмку что 35 фонарей горят в селе Пресногорьковка. Я каждый день общаюсь ,и все жители говорят что света нет . Если хотите что был свет платите, акимат на этом деньги делает . А где законы о которых выпишите. И должны светильники быть светодиодными . Получа",Освещение/Уличное освещение,Освещение,Уличное освещение,ru,dialog_egov,29.09.2020,query+rules
hf-517-ru,Моему ребенку-инвалиду отказали в составлении индивидуальной программы обучения.,Другое/Общие вопросы,Другое,Общие вопросы,ru,huggingface,,hf_category
762781,"Северо-Казахстанская область Петропавловск, 02.01.2023 На улице [ЗАЯВИТЕЛЬ] 227 неисправен фонарь освещения. Муниципальные службы и полиция бездействуют. Материалы по ссылке: https://vk.com/oo_dk?w=wall-170724219_16127",Освещение/Уличное освещение,Освещение,Уличное освещение,ru,dialog_egov,03.01.2023,query+rules
470572,Жангелдин ауданының ішкі істер бөлімінің бастығы [ЗАЯВИТЕЛЬ] 2016жылы 5 қыркүйекте Торғай селосы [ЗАЯВИТЕЛЬ] көшесі 63 үй 2 пәтер тоналып ішкі істер бөліміне хабарланған. [ЗАЯВИТЕЛЬ] хабарламаны жасырып қылмыстық іс қозғамастан жауып тастаған.19.12.2016 жылы аудан прокуратура,ЖКХ/Отопление,ЖКХ,Отопление,kk,dialog_egov,15.08.2017,query
hf-669-ru,"Сотрудники интернет-провайдера, приходя на дом, делают работу в спешке и быстро уходят.",Другое/Общие вопросы,Другое,Общие вопросы,ru,huggingface,,hf_category
hf-182-ru,"Тротуар не заасфальтирован, в дождь превращается в грязь.",Дороги/Дорожное покрытие,Дороги,Дорожное покрытие,ru,huggingface,,hf_category
646654,"Обращение с регистрационным номером 646654, направленное в Блог Аким города Алматы [ЗАЯВИТЕЛЬ]A. находится на рассмотрении у ГО",ЖКХ/Отопление,ЖКХ,Отопление,ru,dialog_egov,13.10.2020,query
hf-416-ru,Из-за грязного воздуха в городе у моего ребенка случаются приступы астмы.,Благоустройство/Вывоз мусора,Благоустройство,Вывоз мусора,ru,huggingface,,hf_category
765535,"Обращение с регистрационным номером 765535, направленное в Блог Председатель Правления АО «Казахстанский центр модернизации и развития жилищно-коммунального хозяйства» [ЗАЯВИТЕЛЬ] находится на рассмотрении у ГО",ЖКХ/Водоснабжение,ЖКХ,Водоснабжение,ru,dialog_egov,12.05.2025,query
hf-402-kk,Дәрігердің қабылдауына жазылу үшін портал үнемі істемейді.,Другое/Общие вопросы,Другое,Общие вопросы,kk,huggingface,,hf_category
717418,"Здравствуйте! Просим восстановить уличное (дворовое) освещение в микрорайоне Арай-2. После ураганного ветра который обрушился на город 17 ноября 2021 года, фонари до сих пор не горят. Прошло уже две недели. Очень просим помочь в решений данного вопроса. Спасибо!",Освещение/Уличное освещение,Освещение,Уличное освещение,ru,dialog_egov,02.12.2021,query+rules
hf-8-kk,"Мен көпбалалы анамын. Тиісті әлеуметтік жәрдемақыны алу үшін құжаттарды тапсырдым, бірақ жауап ұзақ уақыттан бері жоқ. Процесті жылдамдатуға болама?",Другое/Общие вопросы,Другое,Общие вопросы,kk,huggingface,,hf_category
751505,"[ЗАЯВИТЕЛЬ] мониторинг агенттігінің төрағасы [ЗАЯВИТЕЛЬ] Абдукаримовичтен 03.12.1972ж.т. Шымкент қаласы, 16-мөлтек аудан, 22-ші үй, 2-ші пәтер тұрғыны ЖСН-[ИИН]. Телефон:[ТЕЛЕФОН], Электронды пошта: [EMAIL] Арыз",Дороги/Дорожное покрытие,Дороги,Дорожное покрытие,kk,dialog_egov,20.08.2022,query
hf-536-kk,Қаланың жанындағы орман алқабында қоқыс тау болып үйіліп қалды.,Благоустройство/Вывоз мусора,Благоустройство,Вывоз мусора,kk,huggingface,,hf_category
hf-201-kk,Жол ортасындағы шұңқырды бірнеше айдан бері жөндемейді.,Дороги/Дорожное покрытие,Дороги,Дорожное покрытие,kk,huggingface,,hf_category
765337,"[ЗАЯВИТЕЛЬ] 1992ж.т ЖСН [ИИН], 2019жылы желтоқсан айында мемлекеттен ""Жастарға қолдау көрсету"" аясында ""Жас отбасы"" статусы бойынша Астана қаласы, Валиханов көшесі 25/1 ,95 пәтер 5 жылға берілді. 1920 жылы 4-ші қызым дүниеге кел",ЖКХ/Отопление,ЖКХ,Отопление,kk,dialog_egov,24.01.2025,query
hf-284-kk,"Балабақшадағы ойыншықтар ескі, балалардың дамуына арналмаған.",Другое/Общие вопросы,Другое,Общие вопросы,kk,huggingface,,hf_category
hf-1050-kk,Құрылыс алаңынан шыққан шаң-тозаң денсаулыққа зиян келтіруде.,Благоустройство/Вывоз мусора,Благоустройство,Вывоз мусора,kk,huggingface,,hf_category
638679,"Обращение с регистрационным номером 638679, направленное в Блог [ЗАЯВИТЕЛЬ] РК [ЗАЯВИТЕЛЬ] отклонено ГО 14.09.2020",Дороги/Светофоры,Дороги,Светофоры,ru,dialog_egov,31.08.2020,query
hf-222-kk,Үйдің кіреберісіне жөндеу жұмыстарын жасамайды.,ЖКХ/Общие вопросы,ЖКХ,Общие вопросы,kk,huggingface,,hf_category
hf-816-kk,Қаланың жанындағы өзенге жақын жердегі демалыс орындарының қалдықтары суды ластап жатыр.,Благоустройство/Вывоз мусора,Благоустройство,Вывоз мусора,kk,huggingface,,hf_category
hf-474-kk,Мектептегі алғашқы әскери дайындық пәнінің мұғалімі оқушыларға дөрекілік көрсетеді.,Другое/Общие вопросы,Другое,Общие вопросы,kk,huggingface,,hf_category
742651,"Пишем с надеждой,на решение нашей проблемы.2019 году по ул.Амангельды была проведена замена водопроводных труб.В тот же год начались прорывы.В этом,2022году31мая прорвало в четвёртый раз.На наше обращение,нам просто перекрыли воду,ссылаясь на то,что работу производили не «Сужүйе",ЖКХ/Водоснабжение,ЖКХ,Водоснабжение,ru,dialog_egov,06.06.2022,query+rules
hf-331-kk,"Жолға салынған суағар торлары бітеліп, жаңбырдан кейін көлкіген су пайда болады.",Дороги/Дорожное покрытие,Дороги,Дорожное покрытие,kk,huggingface,,hf_category
hf-863-kk,"Жолдағы бағдаршамның жасыл түсі жанып тұрғанда, көліктердің бірі өтіп кетіп, менің арбамды қағып кетті.",Дороги/Дорожное покрытие,Дороги,Дорожное покрытие,kk,huggingface,,hf_category
hf-831-ru,Дверь лифта в подъезде остается полуоткрытой.,ЖКХ/Общие вопросы,ЖКХ,Общие вопросы,ru,huggingface,,hf_category
hf-30-ru,"Даже если я записываюсь на прием к врачу, не могу зайти в свое время. Постоянно приходится сидеть в живой очереди.",Другое/Общие вопросы,Другое,Общие вопросы,ru,huggingface,,hf_category
721862,"Добрый день, [ЗАЯВИТЕЛЬ]! Обращаюсь не в первый раз в правительство, наверное я бы тоже была в строю митингующих, если бы не мои дети о которых я забочусь. Я многодетная мама, живу в Алматы, и в нашем районе нет газа, отопления, воды ни холодной ни горячей ни поливной, канал",Освещение/Уличное освещение,Освещение,Уличное освещение,ru,dialog_egov,12.01.2022,query
hf-275-ru,Сотрудник дорожной полиции остановил без причины и вымогал деньги.,Другое/Общие вопросы,Другое,Общие вопросы,ru,huggingface,,hf_category
762974,"Алматы қаласы Мәдениет басқармасының «Алматы қаласының Мемлекеттік архиві» КММ директоры [ЗАЯВИТЕЛЬ] мырзаға Астана қаласының тұрғыны, Л.[ЗАЯВИТЕЛЬ] атындағы Еуразия ұлттық университетінің профессоры м.а., т.ғ.к., доцент [ЗАЯВИТЕЛЬ] жайы: Астана қ. [ЗАЯВИТЕЛЬ] көшесі",ЖКХ/Отопление,ЖКХ,Отопление,kk,dialog_egov,06.01.2023,query
hf-80-ru,Я не согласен с решением местного исполнительного органа. Куда можно подать жалобу?,Другое/Общие вопросы,Другое,Общие вопросы,ru,huggingface,,hf_category
hf-73-ru,В школьном спортзале зимой очень холодно. Дети вынуждены заниматься в верхней одежде.,Другое/Общие вопросы,Другое,Общие вопросы,ru,huggingface,,hf_category
623646,"Обращение с регистрационным номером 623646, направленное в Блог Аким города Алматы [ЗАЯВИТЕЛЬ]A. находится на рассмотрении у ГО",ЖКХ/Водоснабжение,ЖКХ,Водоснабжение,ru,dialog_egov,16.06.2020,query
hf-867-kk,"Жәрдемақы тағайындау үшін менің жұбайымның табысы туралы анықтаманы талап етті, бірақ ол шетелде жұмыс істейді.",Другое/Общие вопросы,Другое,Общие вопросы,kk,huggingface,,hf_category
hf-817-ru,"Для назначения пособия потребовали справку о доходах моего супруга, но он без вести пропал.",Другое/Общие вопросы,Другое,Общие вопросы,ru,huggingface,,hf_category
hf-670-kk,"Автобус жүргізушісі аялдамада тоқтамай, менің белгіме қарамады.",Транспорт/Общественный транспорт,Транспорт,Общественный транспорт,kk,huggingface,,hf_category
hf-578-ru,"Мой сосед сдает квартиру посуточно, нарушая наш покой.",Другое/Общие вопросы,Другое,Общие вопросы,ru,huggingface,,hf_category
hf-759-ru,"Сотрудники интернет-провайдера, придя на дом, сфотографировали мои личные данные.",Другое/Общие вопросы,Другое,Общие вопросы,ru,huggingface,,hf_category
hf-563-ru,"Светофор на дороге не работает, из-за этого образовалась большая пробка.",Дороги/Дорожное покрытие,Дороги,Дорожное покрытие,ru,huggingface,,hf_category
hf-723-ru,"Когда на дороге горит зеленый, на пешеходном светофоре горит красный.",Дороги/Дорожное покрытие,Дороги,Дорожное покрытие,ru,huggingface,,hf_category
hf-811-kk,"Үйдің кіреберісіндегі лифт жиі тоқтап қалады, ішінде адамдармен бірге.",ЖКХ/Общие вопросы,ЖКХ,Общие вопросы,kk,huggingface,,hf_category
hf-288-ru,Сотрудники полиции отказались принимать мое заявление.,Другое/Общие вопросы,Другое,Общие вопросы,ru,huggingface,,hf_category
hf-904-ru,Качество еды в школьной столовой ухудшилось.,Другое/Общие вопросы,Другое,Общие вопросы,ru,huggingface,,hf_category
hf-141-kk,"Көшемізді жөндегеніне бір жыл болмай жатып, асфальт ойылып қалды.",Дороги/Дорожное покрытие,Дороги,Дорожное покрытие,kk,huggingface,,hf_category
hf-7-kk,"Түркістан облысында интернет сапасы өте төмен. Жиі үзіледі, жылдамдық баяу. Провайдерлердің жұмысын жақсартуға ықпал етуіңізді сұраймын.",Другое/Общие вопросы,Другое,Общие вопросы,kk,huggingface,,hf_category
749009,"Уважаемый аким г. Алматы, [ЗАЯВИТЕЛЬ]! Мы жители Алатауского района, что ниже мкр.Томирис (Трудовик), улиц [ЗАЯВИТЕЛЬ], ул. Османова, ул. Аршын, ул. Асанова, ул. Меруерт, хотели бы спросить, когда в нашем районе планируется укладка дорог? Дело в том, что некоторые из нас, про",Дороги/Дорожное покрытие,Дороги,Дорожное покрытие,ru,dialog_egov,28.07.2022,query+rules
757992,"Мы жители села [ЗАЯВИТЕЛЬ] района Алматинской области, где проживают более 10000 человек, просим Вас помочь рабраться в деле касающего газификации села Жаналык. Ранее мы обращались в ЖКХ о газификации села Жаналык. На что пришёл ответ от руководителя гос.учреждения """,Благоустройство/Вывоз мусора,Благоустройство,Вывоз мусора,ru,dialog_egov,27.10.2022,query
hf-65-kk,МРТ аппаратына кезек өте ұзын. Тегін кезек бірнеше айға созылады.,Другое/Общие вопросы,Другое,Общие вопросы,kk,huggingface,,hf_category
hf-78-kk,"Интернет-алаяқтар банктік картамның деректерін ұрлап, ақшамды шешіп алды. Полиция істі аша ала ма?",Другое/Общие вопросы,Другое,Общие вопросы,kk,huggingface,,hf_category
hf-558-kk,"Ауладағы шуға байланысты полиция шақырсам, олар келгенше шу басылып қалады.",Другое/Общие вопросы,Другое,Общие вопросы,kk,huggingface,,hf_category
hf-272-kk,"Үйдің қасбетінен сылақ түсіп жатыр, бұл өтіп бара жатқан адамдарға қауіпті.",ЖКХ/Общие вопросы,ЖКХ,Общие вопросы,kk,huggingface,,hf_category
hf-265-kk,Мектеп асханасында санитарлық талаптар сақталмайды.,Другое/Общие вопросы,Другое,Общие вопросы,kk,huggingface,,hf_category
699918,"Министру по чрезвычайным ситуациям Республики Казахстан г-ну [ЗАЯВИТЕЛЬ] промышленной безопасности Министерства по чрезвычайным ситуациям Республики Казахстан г-ну [ЗАЯВИТЕЛЬ] Уважаемый [ЗАЯВИТЕЛЬ], Товарищество с",ЖКХ/Лифт,ЖКХ,Лифт,ru,dialog_egov,10.08.2021,query
hf-16-kk,Қызылорда қаласындағы емханада ұзын-сонар кезек. Бір дәрігерге кіру үшін бірнеше сағат күтуге тура келеді.,Другое/Общие вопросы,Другое,Общие вопросы,kk,huggingface,,hf_category
hf-515-kk,Шенеуніктердің қызметтік көліктерді демалыс күндері пайдалануы заңды ма?,Другое/Общие вопросы,Другое,Общие вопросы,kk,huggingface,,hf_category
hf-468-ru,Сотрудники полиции забрали мое удостоверение личности и не возвращают.,Другое/Общие вопросы,Другое,Общие вопросы,ru,huggingface,,hf_category
hf-852-kk,"Дәрігердің қабылдауына жазылған уақытымда келсем, ол менің орныма басқа пациентпен шай ішіп отырды.",Другое/Общие вопросы,Другое,Общие вопросы,kk,huggingface,,hf_category
hf-496-ru,"Кафе, расположенные у городской реки, сливают отходы в воду.",Благоустройство/Вывоз мусора,Благоустройство,Вывоз мусора,ru,huggingface,,hf_category
hf-332-kk,ОСИ жинаған ақшаға есеп бермейді.,ЖКХ/Общие вопросы,ЖКХ,Общие вопросы,kk,huggingface,,hf_category
hf-318-kk,Көлігімді айыптұрақтан алу үшін полиция қызметкеріне 'сыйақы' беруге тура келді.,Другое/Общие вопросы,Другое,Общие вопросы,kk,huggingface,,hf_category
hf-97-kk,Атаулы әлеуметтік көмектің мөлшері өмір сүруге жетпейді. Оны қайта қарау керек.,Другое/Общие вопросы,Другое,Общие вопросы,kk,huggingface,,hf_category
516783,"Уважаемый [ЗАЯВИТЕЛЬ], прошу Вас навести порядок в сфере междугородних пассажирских перевозок. Особенно, что касается перевозок между Алматы и Талдыкорганом. В последнее время построена хорошая автодорога между двумя городами, но пассажирские перевозки - это больше похо",Транспорт/Общественный транспорт,Транспорт,Общественный транспорт,ru,dialog_egov,27.09.2018,query
hf-640-ru,Водитель автобуса просил у других пассажиров разменять деньги для оплаты проезда.,Транспорт/Общественный транспорт,Транспорт,Общественный транспорт,ru,huggingface,,hf_category
hf-481-ru,"Деревья перед домом срубили, теперь наш двор остался без тени.",ЖКХ/Общие вопросы,ЖКХ,Общие вопросы,ru,huggingface,,hf_category
762689,"Здравствуйте. Я, [ЗАЯВИТЕЛЬ], прошу Вас разобраться в произошедшей ситуации и принять соответствующие меры. Вчера, 29.12.2022 года, моего сына, [ЗАЯВИТЕЛЬ] 2005г.р. не пустили на поезд №623ТА, вагон №3, место №42, следованием Астана-Петропавловск. Отказ провод",Транспорт/Общественный транспорт,Транспорт,Общественный транспорт,ru,dialog_egov,30.12.2022,query
744486,"Қайырлы күн! [ЗАЯВИТЕЛЬ]! Мен Атырау қаласындағы Самал ықшамдауданының тұрғынымын. Кейінгі кезде Самал ықшамауданында электр тоғы кернеуінің тұрақсыздығы қалыпты үйреншікті жағдайға айналғандай, оған қоса соңғы кезде электр тоғының мүлдем айырылып қалуы қосылды. Атырау Жарықт",Освещение/Уличное освещение,Освещение,Уличное освещение,kk,dialog_egov,20.06.2022,rules
hf-319-kk,Интернет провайдері ақаулықты жою үшін ақы сұрайды.,Другое/Общие вопросы,Другое,Общие вопросы,kk,huggingface,,hf_category
hf-501-ru,"Лампочки в подъезде дома постоянно мигают. Вызывали электрика, но проблема не решена.",ЖКХ/Общие вопросы,ЖКХ,Общие вопросы,ru,huggingface,,hf_category
653363,"Здравствуйте, сложилась такая проблема, что председатель КСК «Жансау96», которое обслуживает наш дом по адресу г.Алматы, проспект Абая, дом 157 – не предоставляет никакой отчетности. Хотя я неоднократно запрашивала данную информацию. Так как нет номера КСК, н",ЖКХ/Отопление,ЖКХ,Отопление,ru,dialog_egov,21.11.2020,query
752481,"Северо-Казахстанская область Петропавловск, 26.08.2022 На ул. Жабаева 161 имеется светодиодное уличное освещение. Один столб не работает, хотя подключен. Данный участок должен освещаться. Требуем установить данный недостаток. Материалы по ссылке: https://vk.com/wall-170724219_145",Освещение/Уличное освещение,Освещение,Уличное освещение,ru,dialog_egov,29.08.2022,query+rules
757274,"Здравствуйте! Прошу Вас оказать содействие в решении проблемы с водоснабжением дома в Бостандыкском районе г Алматы. Дом - Жарокова 281А. Всё лето 2022 года имеются перебои с водоснабжением квартир, с обоих кранов идёт или холодная или горячая вода. Обращались в АлматыСу, ПКС",ЖКХ/Водоснабжение,ЖКХ,Водоснабжение,ru,dialog_egov,15.10.2022,query+rules
hf-1007-ru,Меня незаконно уволили с работы. Куда я могу пожаловаться?,Другое/Общие вопросы,Другое,Общие вопросы,ru,huggingface,,hf_category
hf-259-ru,Скорости интернета в селе недостаточно для получения госуслуг.,Другое/Общие вопросы,Другое,Общие вопросы,ru,huggingface,,hf_category
764369,"Обращение с регистрационным номером 764369, направленное в Блог Председатель Правления АО «Казахстанский центр модернизации и развития жилищно-коммунального хозяйства» [ЗАЯВИТЕЛЬ] находится на рассмотрении у ГО",ЖКХ/Водоснабжение,ЖКХ,Водоснабжение,ru,dialog_egov,19.07.2023,query
729744,[ЗАЯВИТЕЛЬ] прокуроры [ЗАЯВИТЕЛЬ] ҚР Сыбайлас жемқорлыққа қарсы іс-қимыл агенттігінің ( Сыбайлас жемқорлыққа қарсы қызымет) төрағасы [ЗАЯВИТЕЛЬ] Алматы қаласының әкімі Ербо,Благоустройство/Вывоз мусора,Благоустройство,Вывоз мусора,kk,dialog_egov,04.03.2022,query
738518,"Доброго времени суток. 1) Обращаюсь по поводу улучшения двора по адресу: ул. Толе би, дом 273 А, двор нуждается в ремонте покрытия старой детской площадки и замене коврового покрытия на футбольном поле, а также нуждаемся в установке новой детской площадки. 2) Вопрос касаемо бл",Освещение/Уличное освещение,Освещение,Уличное освещение,ru,dialog_egov,06.05.2022,query
hf-683-ru,Из-за ям на дороге мне приходится часто прокалывать колеса.,Дороги/Дорожное покрытие,Дороги,Дорожное покрытие,ru,huggingface,,hf_category
754462,"Добрый день. Ранее было моё обращения с номером ""750517"" . Вопрос о спиле аварийных деревьях и освещении двора по адресу г Караганда, Лободы 46 и самой улицы Лободы. Сегодня приезжали по первому вопросу, но работа не доведена до конца. Основная часть деревьев ( сухостое",Освещение/Уличное освещение,Освещение,Уличное освещение,ru,dialog_egov,16.09.2022,query+rules
hf-767-kk,"Жәрдемақы тағайындау үшін менің жұбайымның табысы туралы анықтаманы талап етті, бірақ ол өзін-өзі жұмыспен қамтыған.",Другое/Общие вопросы,Другое,Общие вопросы,kk,huggingface,,hf_category
hf-69-ru,Водители автобусов устраивают гонки на дороге. Это угрожает жизни пассажиров.,Транспорт/Общественный транспорт,Транспорт,Общественный транспорт,ru,huggingface,,hf_category
hf-790-ru,"Водитель автобуса не остановился на моей остановке, сказав, что 'он меня не заметил'.",Транспорт/Общественный транспорт,Транспорт,Общественный транспорт,ru,huggingface,,hf_category
669564,"Добрый день, я хотел бы уточнить, с момента, когда два самолета Q400 авиакомпании Qazaq Air встали на причал из-за проблем с шасси сколько задержек и отмен авиарейсов авиакомпании пришлось объявить за прошедшую неделю? Какому количеству пассажиров пришлось ждать задержанных рейсо",Транспорт/Общественный транспорт,Транспорт,Общественный транспорт,ru,dialog_egov,22.02.2021,query
746560,"Северо-Казахстанская область Петропавловск, 04.07.2022 На ул. Алтынсарина и переулок Пионерской (Мира 125 район дома) имеются светодиодное уличное освещение. Два столба из которых не работают продолжительное время, хотя подключены. Данный участок должен освещаться так как здесь б",Освещение/Уличное освещение,Освещение,Уличное освещение,ru,dialog_egov,05.07.2022,query+rules
726741,[ЗАЯВИТЕЛЬ] Орман шаруашылығы және жануарлар дүниесі комитетінің төрағасының м.а. [ЗАЯВИТЕЛЬ] --------------------------------------------------------------------,Дороги/Дорожное покрытие,Дороги,Дорожное покрытие,kk,dialog_egov,13.02.2022,query
hf-354-ru,Учебники английского языка в школе устарели и не соответствуют новой программе.,Другое/Общие вопросы,Другое,Общие вопросы,ru,huggingface,,hf_category
hf-142-kk,Кіреберістегі домофон бірнеше айдан бері істемейді. Қызмет көрсетуші компания шағымға жауап бермейді.,ЖКХ/Общие вопросы,ЖКХ,Общие вопросы,kk,huggingface,,hf_category
hf-762-kk,"Дәрігердің қабылдауына жазылған уақытымда келсем, ол менің орныма ақылы пациентті қабылдады.",Другое/Общие вопросы,Другое,Общие вопросы,kk,huggingface,,hf_category
760204/1,"Добрый день! Обращаюсь к вам по решению вопроса по общественному транспорту по г. Астана. По своему вопросу многократно обращалась в службу 109. Исполнения не было. 1) Автобус маршрут № 40, № 61 очень плохо ходит, интервал более 15-20 минут и поэтому перегруженный. Утром и веч",Транспорт/Общественный транспорт,Транспорт,Общественный транспорт,ru,dialog_egov,24.11.2022,query+rules
763372,"Добрый день! Уважаемый министр Корпоративный фонд ""Южно-Казахстанский областной центр услуг реабилитации"" Туркестанской области оказываем услуги ""Инватакси"" инвалидам имеющим затрудния в передвижении . На основании Закон ГЗ ст.39 п.3 пп.54 мы заключали в т",Транспорт/Общественный транспорт,Транспорт,Общественный транспорт,ru,dialog_egov,12.01.2023,query
hf-229-ru,Мобильный оператор подключил мне платные услуги без моего согласия.,Другое/Общие вопросы,Другое,Общие вопросы,ru,huggingface,,hf_category
644726,"Акиму наурызбайского района Г-ну Тоғай [ЗАЯВИТЕЛЬ] Копия :Управлению энергоэффективности и инфраструктурного развития г.Алматы г-же [ЗАЯВИТЕЛЬ] От жителей г.Алматы, наурызбайского района, микрорайона «Таусамалы» микрорайона Алатау» Уважаемый [ЗАЯВИТЕЛЬ]",Благоустройство/Вывоз мусора,Благоустройство,Вывоз мусора,ru,dialog_egov,01.10.2020,query
600473,"Обращение с регистрационным номером 600473, направленное в Блог Аким города Алматы [ЗАЯВИТЕЛЬ]A. находится на рассмотрении у ГО",Освещение/Уличное освещение,Освещение,Уличное освещение,ru,dialog_egov,15.03.2020,query
hf-695-ru,"Кажется, на бензин для служебных автомобилей чиновников нет лимита.",Другое/Общие вопросы,Другое,Общие вопросы,ru,huggingface,,hf_category
hf-657-kk,Жәрдемақы тағайындау үшін менің несиелік тарихымды тексеріп жатыр.,Другое/Общие вопросы,Другое,Общие вопросы,kk,huggingface,,hf_category
hf-473-kk,Жаяу жүргіншілер өткелінің жанындағы ағаш бұтақтары бағдаршамды жауып тұр.,Дороги/Дорожное покрытие,Дороги,Дорожное покрытие,kk,huggingface,,hf_category
hf-293-ru,Очень большая очередь в кабинет физиотерапии в поликлинике.,Другое/Общие вопросы,Другое,Общие вопросы,ru,huggingface,,hf_category
hf-653-ru,"Зеленый сигнал светофора на дороге мигает, вводя водителей в заблуждение.",Дороги/Дорожное покрытие,Дороги,Дорожное покрытие,ru,huggingface,,hf_category
hf-117-kk,Мені жұмыстан заңсыз шығарып жіберді. Еңбек инспекциясы бұл мәселемен айналыса ма?,Другое/Общие вопросы,Другое,Общие вопросы,kk,huggingface,,hf_category
hf-1037-ru,"Двор дома не убирают, все завалено мусором.",ЖКХ/Общие вопросы,ЖКХ,Общие вопросы,ru,huggingface,,hf_category
hf-466-ru,В воздухе города чувствуется химический запах.,Благоустройство/Вывоз мусора,Благоустройство,Вывоз мусора,ru,huggingface,,hf_category
hf-634-kk,"Мектептегі тамақтың сапасы нашарлап кетті, балалар аш қалады.",Другое/Общие вопросы,Другое,Общие вопросы,kk,huggingface,,hf_category
hf-351-ru,"Кто-то украл крышку люка на улице. Он открыт, это очень опасно.",ЖКХ/Общие вопросы,ЖКХ,Общие вопросы,ru,huggingface,,hf_category
hf-506-kk,Қала ішіндегі өзеннен жағымсыз иіс шығады.,Благоустройство/Вывоз мусора,Благоустройство,Вывоз мусора,kk,huggingface,,hf_category
756183,"Құрметті Алматы қаласының әкімі [ЗАЯВИТЕЛЬ] мырза [ЗАЯВИТЕЛЬ] Құрманбай ұлы Дастан, [ЗАЯВИТЕЛЬ] және тағы 200 отбасы 2005 жылдан бері Алатау ауданы Шанырақ-1 ы/а қарасты Ертарғын көшесінің «Сай жақ» бөлігінің тұрғындарымыз. Біздің үйлеріміз",ЖКХ/Водоснабжение,ЖКХ,Водоснабжение,kk,dialog_egov,03.10.2022,query
hf-517-kk,Менің баламның мүгедектігіне байланысты оған жеке оқыту бағдарламасын жасаудан бас тартты.,Другое/Общие вопросы,Другое,Общие вопросы,kk,huggingface,,hf_category
hf-389-kk,Интернет провайдерінің техникалық қолдау қызметіне хабарласу мүмкін емес.,Другое/Общие вопросы,Другое,Общие вопросы,kk,huggingface,,hf_category
hf-222-ru,В подъезде дома не делают ремонт.,ЖКХ/Общие вопросы,ЖКХ,Общие вопросы,ru,huggingface,,hf_category
737675,"Добрый день, • Уважаемый Министр! согласно Статья 71. Закона РК от 29.09.14 г. № 239-V, 2. К опасным производственным объектам также относятся опасные технические устройства: 1) технические устройства, работающие под давлением более 0,07 мега-Паскаля или при температуре нагрева",ЖКХ/Лифт,ЖКХ,Лифт,ru,dialog_egov,29.04.2022,query
hf-384-kk,"Мектептегі спорт зал ескірген, жөндеуді қажет етеді.",Другое/Общие вопросы,Другое,Общие вопросы,kk,huggingface,,hf_category
648445,"Акиму г.Нур-Султан г-ну [ЗАЯВИТЕЛЬ] от жильцов домов по улице Таттимбет Уважаемый [ЗАЯВИТЕЛЬ]! Мы, жильцы домов по улице Таттимбет в городе Нур-Султан, просим Вас разобраться в сложившейся сложной ситуации. Уже на протяжении десяти лет ждем сноса своих домов. По генер",Благоустройство/Вывоз мусора,Благоустройство,Вывоз мусора,ru,dialog_egov,22.10.2020,query
hf-696-kk,Қаланың жанындағы өзенге жақын жердегі үйлердің кәріз жүйесі суға ағызылады.,Благоустройство/Вывоз мусора,Благоустройство,Вывоз мусора,kk,huggingface,,hf_category
hf-363-kk,"Жол бойындағы ағаштардың бұтақтары кесілмеген, жол белгілерін жауып тұр.",Дороги/Дорожное покрытие,Дороги,Дорожное покрытие,kk,huggingface,,hf_category
hf-713-kk,Жол жиегіндегі жаяу жүргіншілер жолының үстінен ағаш бұтақтары өсіп кеткен.,Дороги/Дорожное покрытие,Дороги,Дорожное покрытие,kk,huggingface,,hf_category
hf-167-ru,В лесном массиве рядом с городом незаконно вырубают деревья.,Благоустройство/Вывоз мусора,Благоустройство,Вывоз мусора,ru,huggingface,,hf_category
hf-173-ru,Стена дома разрушается. ОСИ не принимает никаких мер.,ЖКХ/Общие вопросы,ЖКХ,Общие вопросы,ru,huggingface,,hf_category
hf-419-ru,Интернет-провайдер проводит ремонтные работы на линии без предупреждения и отключает интернет.,Другое/Общие вопросы,Другое,Общие вопросы,ru,huggingface,,hf_category
hf-83-kk,Балабақшадағы тәрбиешілер балаларға айқайлайды. Осы мәселені тексеруіңізді сұраймын.,Другое/Общие вопросы,Другое,Общие вопросы,kk,huggingface,,hf_category
hf-497-kk,"Жәрдемақы тағайындау үшін электронды кезекке тұрсам да, ЦОН-ға баруға тура келді.",Другое/Общие вопросы,Другое,Общие вопросы,kk,huggingface,,hf_category
hf-752-ru,"Когда я пришел на прием в свое время, врач принял вместо меня своего знакомого.",Другое/Общие вопросы,Другое,Общие вопросы,ru,huggingface,,hf_category
hf-336-kk,Қаланың жанындағы өзенге құрылыс қалдықтарын төгіп жатыр.,Благоустройство/Вывоз мусора,Благоустройство,Вывоз мусора,kk,huggingface,,hf_category
654424,прошу дать указание ЖКХ г. Экибастуза убрать стихийную свалку по улице Баянаульской г.Экибастуза напротив дома №3. И повестить объявление о недопустимости складирования возле мусорных контейнеров золы от печного отопления.,Благоустройство/Вывоз мусора,Благоустройство,Вывоз мусора,ru,dialog_egov,27.11.2020,query
hf-677-ru,"Для назначения пособия потребовали справку о доходах моего супруга, хотя мы в разводе.",Другое/Общие вопросы,Другое,Общие вопросы,ru,huggingface,,hf_category
hf-121-ru,"Здравствуйте. В городе Астана, в жилом комплексе 'Жагалау-3', очень плохое качество воды. Ржавая, с неприятным запахом. Прошу направить проверку СЭС.",ЖКХ/Общие вопросы,ЖКХ,Общие вопросы,ru,huggingface,,hf_category
hf-182-kk,"Жаяу жүргіншілер жолына асфальт төселмеген, жаңбырда батпақ болады.",Дороги/Дорожное покрытие,Дороги,Дорожное покрытие,kk,huggingface,,hf_category
747043,"Уважаемый [ЗАЯВИТЕЛЬ]! В 2020 году был отремонтирован тротуар вдоль дороги по улице Алтынсарина от ул.Кошерова до ул.Атамекен в мкр.Кайтпас-1, г.Шымкент. По непонятной причине в процессе ремонта тротуара был снят асфальт с самой дороги, шириной до метра. В результате чего",Дороги/Дорожное покрытие,Дороги,Дорожное покрытие,ru,dialog_egov,09.07.2022,query+rules
520570,"бря 2018 года люди занимающиеся вырубкой деревьев, сломали и изувечили заборы, ограждающие территорию ГУ СОШ № 29 города Павлодара, люди, которые срезали деревья не смотрели даже на то, что их деревья падают на детскую площадку, расположенную на территории СОШ № 29. Ужас какой",Благоустройство/Вывоз мусора,Благоустройство,Вывоз мусора,ru,dialog_egov,27.10.2018,query+rules
754733/1,"это местные, смотрите сколько неудобств они принесли. Мы писали много много раз в акимат, но они ничего делать не будут, ДТП пошли в верх, смерти на дорогах пошли в верх, смерти пешеходов пошли в верх, наезд на велосипедистов, убииства все это пошло на увеличение. Вам до выб",Дороги/Дорожное покрытие,Дороги,Дорожное покрытие,ru,dialog_egov,20.09.2022,query+rules
hf-155-ru,Еда в школьной столовой холодная и невкусная.,Другое/Общие вопросы,Другое,Общие вопросы,ru,huggingface,,hf_category
hf-342-ru,"Электрощит в подъезде открыт, это опасно для детей.",ЖКХ/Общие вопросы,ЖКХ,Общие вопросы,ru,huggingface,,hf_category
156197,Министру транспорта и коммуникаций Республики Казахстан г-ну __Жумагалиеву [ЗАЯВИТЕЛЬ] &,Транспорт/Общественный транспорт,Транспорт,Общественный транспорт,ru,dialog_egov,17.07.2012,query
hf-775-kk,Мемлекеттік сатып алу конкурсының жеңімпазының жұмысшылары жоқ екені белгілі болды.,Другое/Общие вопросы,Другое,Общие вопросы,kk,huggingface,,hf_category
hf-10-kk,Мемлекеттік мекемеде анықтама алу үшін заңсыз ақша талап етті. Бұл сыбайлас жемқорлық емес пе? Тиісті шара қолдануыңызды сұраймын.,Другое/Общие вопросы,Другое,Общие вопросы,kk,huggingface,,hf_category
hf-278-ru,"Из квартиры соседа постоянно доносится шум, вызовы полиции не помогают.",Другое/Общие вопросы,Другое,Общие вопросы,ru,huggingface,,hf_category
hf-92-kk,Кәмелетке толмағандар түнгі уақытта компьютерлік клубтарда жүреді. Полиция қайда қарап отыр?,Другое/Общие вопросы,Другое,Общие вопросы,kk,huggingface,,hf_category
hf-299-ru,Некоторые пункты в договоре на подключение к интернету написаны непонятно.,Другое/Общие вопросы,Другое,Общие вопросы,ru,huggingface,,hf_category
hf-597-kk,"Жәрдемақы тағайындау үшін ЦОН-ға бірнеше рет баруға тура келді, себебі қызметкерлер әртүрлі ақпарат береді.",Другое/Общие вопросы,Другое,Общие вопросы,kk,huggingface,,hf_category
762347,"Добрый вечер, уважаемый Булекпаев [ЗАЯВИТЕЛЬ]! Во-первых, хотим выразить благодарность за то, что наш район ЖБИ, ранее забытый всеми, сегодня процветает. Благоустраиваются дворы, содержатся в порядке и освещаются улицы, проводятся новые линии водопровода. На фон",Освещение/Уличное освещение,Освещение,Уличное освещение,ru,dialog_egov,25.12.2022,query
hf-158-kk,"Көлік айыппұлын төлесем де, базадан өшпей тұр. Не істеуге болады?",Другое/Общие вопросы,Другое,Общие вопросы,kk,huggingface,,hf_category
745228,"Уважаемый [ЗАЯВИТЕЛЬ]! К Вам обращается Ракишева [ЗАЯВИТЕЛЬ], проживающая по адресу г. Алматы, ул. Мынбаева д.44. Наш дом неоднократно подвергается подтоплениям в период ливневых дождей. По поводу чего я лично обращалась в аккаунт Open almaty рег№СС 2022.00267",ЖКХ/Водоснабжение,ЖКХ,Водоснабжение,ru,dialog_egov,25.06.2022,query
hf-246-ru,Строительная пыль в городе вредит здоровью.,Благоустройство/Вывоз мусора,Благоустройство,Вывоз мусора,ru,huggingface,,hf_category
734818,"Уважаемый [ЗАЯВИТЕЛЬ],пишут Вам потребители с города Сатпаев,Карагандинской области. Наше обращение состоит в том,что ПТВС г.Сатпаев,ссылается на температурный режим,который подается с ПТЭ г.Сатпаев. Температура подачи горячей воды и отопления в в системах не отвечает нормам.",ЖКХ/Водоснабжение,ЖКХ,Водоснабжение,ru,dialog_egov,11.04.2022,query+rules
hf-36-kk,Жаңадан салынған көпірдің жанындағы ағаштарды кесіп тастады. Бұл заңды ма?,Благоустройство/Вывоз мусора,Благоустройство,Вывоз мусора,kk,huggingface,,hf_category
hf-795-ru,"Выяснилось, что у победителя конкурса госзакупок нет офиса.",Другое/Общие вопросы,Другое,Общие вопросы,ru,huggingface,,hf_category
hf-533-kk,"Жолдағы 'жатқан полицей' тым биік, көліктің астын соғып аламын.",Дороги/Дорожное покрытие,Дороги,Дорожное покрытие,kk,huggingface,,hf_category
736945,"Уважаемый [ЗАЯВИТЕЛЬ] !Дачники города Рудного не могут начать дачный сезон (поехать на автобусах маршрут 17). Так как водители автобусов требуют оплаты 200тенге за проезд в одну сторону! Многие дачники это пенсионеры, у них нет машин, у них минимальная пенсия, летом они е",Транспорт/Общественный транспорт,Транспорт,Общественный транспорт,ru,dialog_egov,25.04.2022,query+rules
520574,"27октября 2018 года люди занимающиеся вырубкой деревьев, сломали и изувечили заборы, ограждающие территорию ГУ СОШ № 29 города Павлодара, люди, которые срезали деревья не смотрели даже на то, что их деревья падают на детскую площадку, расположенную на территории СОШ № 29. Ужас",Благоустройство/Вывоз мусора,Благоустройство,Вывоз мусора,ru,dialog_egov,27.10.2018,query+rules
hf-162-ru,В подвале дома стоит запах канализации. Необходимо провести дезинфекцию.,ЖКХ/Общие вопросы,ЖКХ,Общие вопросы,ru,huggingface,,hf_category
hf-591-ru,Домофон в подъезде слишком громко звонит.,ЖКХ/Общие вопросы,ЖКХ,Общие вопросы,ru,huggingface,,hf_category
hf-191-kk,Автобус аялдамасы үйден өте алыс орналасқан. Жақындатуға болады ма?,Транспорт/Общественный транспорт,Транспорт,Общественный транспорт,kk,huggingface,,hf_category
hf-94-ru,Дорожные знаки не видно за ветками деревьев. Это может привести к аварийной ситуации.,Дороги/Дорожное покрытие,Дороги,Дорожное покрытие,ru,huggingface,,hf_category
hf-1022-kk,"Емханадағы дәретхана лас, санитарлық талаптар сақталмаған.",Другое/Общие вопросы,Другое,Общие вопросы,kk,huggingface,,hf_category
696784,"Добрый день! Хотел бы к Вам обратиться по поводу состояния дорог Уалихановского района. От села Талшик до поселка Бидаик временами дороги нет вообще.Дороги страшно разбиты, в одном месте, между поселками Кондыбай и Актуесай вообще приходится ехать по полю, что вообще нонсенс в на",Дороги/Дорожное покрытие,Дороги,Дорожное покрытие,ru,dialog_egov,22.07.2021,query+rules
hf-1026-kk,"Жол полициясы қызметкері себепсіз тоқтатып, дөрекі сөйледі.",Другое/Общие вопросы,Другое,Общие вопросы,kk,huggingface,,hf_category
721729,"Уважаемый [ЗАЯВИТЕЛЬ], обращаюсь к вам по просьбе жителей города, угла улиц Муканова и Университетской. В нашем районе расположен большой пустырь за домами по адресу Муканова 6/2 и Муканова 6/3, на данном пустыре постоянна наблюдается, стихийная свалка, вдоль теплотрассы",Благоустройство/Вывоз мусора,Благоустройство,Вывоз мусора,ru,dialog_egov,11.01.2022,query+rules
hf-289-kk,Интернет-провайдермен келісім-шартты бұзу өте қиын.,Другое/Общие вопросы,Другое,Общие вопросы,kk,huggingface,,hf_category
hf-499-ru,Личный кабинет на сайте интернет-провайдера не работает.,Другое/Общие вопросы,Другое,Общие вопросы,ru,huggingface,,hf_category
hf-535-kk,Мемлекеттік қызметкерлер азаматтармен сөйлесу мәдениетін білмейді.,Другое/Общие вопросы,Другое,Общие вопросы,kk,huggingface,,hf_category
hf-31-kk,"Кіреберісімізде жарық бір айдан бері жанбайды. КСК-ға бірнеше рет айттық, нәтиже жоқ.",ЖКХ/Общие вопросы,ЖКХ,Общие вопросы,kk,huggingface,,hf_category
hf-7-ru,"В Туркестанской области очень низкое качество интернета. Часто происходят обрывы, скорость низкая. Прошу повлиять на улучшение работы провайдеров.",Другое/Общие вопросы,Другое,Общие вопросы,ru,huggingface,,hf_category
hf-9-ru,Не могу дозвониться до участкового инспектора в Актобе. Нарушения порядка во дворе участились. Нужно улучшить связь полиции с населением.,Другое/Общие вопросы,Другое,Общие вопросы,ru,huggingface,,hf_category
hf-831-kk,Үйдің кіреберісіндегі лифттің есігі жартылай ашық қалып қояды.,ЖКХ/Общие вопросы,ЖКХ,Общие вопросы,kk,huggingface,,hf_category
hf-19-ru,Размер пособия для моего ребенка с инвалидностью очень мал. Есть ли возможность пересмотреть этот вопрос?,Другое/Общие вопросы,Другое,Общие вопросы,ru,huggingface,,hf_category
hf-2-kk,Қайырлы күн. Астанадағы №24 мектептің асханасында тамақ сапасы төмендеп кетті. Балалар тамақтың дәмсіз екеніне шағымдануда. Тексеріс жүргізуіңізді өтінемін.,Другое/Общие вопросы,Другое,Общие вопросы,kk,huggingface,,hf_category
hf-85-kk,"УДЗ-ге тегін жазылу мүмкін емес, тек ақылы түрде ғана тез өтуге болады дейді.",Другое/Общие вопросы,Другое,Общие вопросы,kk,huggingface,,hf_category
745343,"У меня к Вам вопрос касательно проблем по коммуникации, благоустройства и асфальтирование микро районов города Алматы. Когда проведете холодную воду, канализацию и асфальт по адресу г. Алматы, микрорайон Теректи, улица Талсуат. Также не покрашен газопровод вдоль дорог. Я живу в",ЖКХ/Водоснабжение,ЖКХ,Водоснабжение,ru,dialog_egov,27.06.2022,query+rules
hf-615-ru,Дорогие часы и телефоны чиновников не соответствуют их зарплате.,Другое/Общие вопросы,Другое,Общие вопросы,ru,huggingface,,hf_category
749738,"[ЗАЯВИТЕЛЬ] шаруашылығы министрлігінің Жер ресурстарын басқару комитетінің төрағасы М.[ЗАЯВИТЕЛЬ] Баритұлы! «ҚазАвтоЖол» Ұлттық компаниясы» АҚ-ның 28.01.2022 жылғы №1 жауапты сақтау шартымен Қызылорда облысы, Қармақшы ауданы аумағынан өтетін «Баты",ЖКХ/Водоснабжение,ЖКХ,Водоснабжение,kk,dialog_egov,04.08.2022,query
758783,ҚР Ішкі істер министрі [ЗАЯВИТЕЛЬ] мырзаға Арыз «Жемқорлыққа жол жоқ» Республикалық қоғамдық саяси мәдени газетінің редакциясына 19 қыркүйек 2022 жылы Түркістан облысы Бәйдібек ауданы Мыңбұлақ ауылы тұрғыны [ЗАЯВИТЕЛЬ],Транспорт/Общественный транспорт,Транспорт,Общественный транспорт,kk,dialog_egov,09.11.2022,query
764044,"18.04.2023 жылы Шымкент қаласы Еңбекші ауданы Күншығыс мөлтек ауданындағы «Халыққа қызмет көрсету орталығына» шет ел азаматтарын, яғни Өзбекстан азаматтарын уақытша тіркеуге қоюға барған болатынмын. Аталған мекемедегі қызметтің жай жапсарын сұрау үшін орталықтың бастығы Байтем",ЖКХ/Отопление,ЖКХ,Отопление,kk,dialog_egov,18.04.2023,query
732495,"Здравствуйте! Обращаются к Вам жители по адресу Гончарная 11. Просим вас обратить внимание на наш дом и двор. К сожалению про нас совсем забыли. Наш дом с 1959 года постройки. Крыша дома в очень плачевном состоянии, так же сыпется дом. В критических ситуациях мы конечно производ",Освещение/Уличное освещение,Освещение,Уличное освещение,ru,dialog_egov,28.03.2022,query
hf-232-kk,Үйдегі газдың иісі шығып тұр. Газ қызметі келмей жатыр.,ЖКХ/Общие вопросы,ЖКХ,Общие вопросы,kk,huggingface,,hf_category
hf-840-kk,"Автобус жүргізушісі менің аялдамамда тоқтамай, 'мен сенің белгіңді көргенім жоқ' деді.",Транспорт/Общественный транспорт,Транспорт,Общественный транспорт,kk,huggingface,,hf_category
737225,"Обращение с регистрационным номером 737225, направленное в Блог [ЗАЯВИТЕЛЬ] РК [ЗАЯВИТЕЛЬ] отклонено ГО 11.05.2022",Дороги/Дорожное покрытие,Дороги,Дорожное покрытие,ru,dialog_egov,26.04.2022,query
hf-336-ru,В реку рядом с городом сбрасывают строительный мусор.,Благоустройство/Вывоз мусора,Благоустройство,Вывоз мусора,ru,huggingface,,hf_category
463632,"Обращение с регистрационным номером 463632, направленное в Блог [ЗАЯВИТЕЛЬ] РК [ЗАЯВИТЕЛЬ] отклонено ГО",ЖКХ/Отопление,ЖКХ,Отопление,ru,dialog_egov,10.05.2017,query
hf-716-kk,Қаланың жанындағы өзенге белгісіз компания химиялық қалдықтарды төгіп жатыр.,Благоустройство/Вывоз мусора,Благоустройство,Вывоз мусора,kk,huggingface,,hf_category
hf-626-kk,"Қаланың жанындағы өзеннің суы ластанып, жағасында өлі балықтар жатыр.",Благоустройство/Вывоз мусора,Благоустройство,Вывоз мусора,kk,huggingface,,hf_category
hf-294-kk,Балабақшадағы топтарда бала саны нормадан әлдеқайда көп.,Другое/Общие вопросы,Другое,Общие вопросы,kk,huggingface,,hf_category
hf-666-ru,Со стройплощадки у реки в воду стекает мусор.,Благоустройство/Вывоз мусора,Благоустройство,Вывоз мусора,ru,huggingface,,hf_category
748495,"Здравствуйте! Ранее я приобрёл авиабилеты по маршруту ""НурСултан-Актау-НурСултан"" на 29 июля и 01 августа 2022 г. Недавно почуствовал недомогание и сдал ПЦР-тест 20.07.2022 г., результат оказался положительным. Естественно я принял решение отменить авиаперелёт, чтобы ни",Транспорт/Общественный транспорт,Транспорт,Общественный транспорт,ru,dialog_egov,24.07.2022,query+rules
659194,"Шымкент қаласының қалалық орта сапасы және бақылау басқармасының бастығына Менің, 17.09.2020 жылғы ҚР Президентіне жазған арызыма Сізбен 30.09.2020ж. тағыда сырғытпа жауап жолданған. Яғни, 2020 жылғы 1 қантардан бастап 2023 жылғы 1 қантарға дейін шағын кәсіпкерлік субъектілері",Дороги/Дорожное покрытие,Дороги,Дорожное покрытие,kk,dialog_egov,25.12.2020,query+rules
hf-92-ru,Несовершеннолетние находятся в компьютерных клубах в ночное время. Куда смотрит полиция?,Другое/Общие вопросы,Другое,Общие вопросы,ru,huggingface,,hf_category
hf-476-ru,"Откуда исходит неприятный запах, который накрывает город по ночам?",Благоустройство/Вывоз мусора,Благоустройство,Вывоз мусора,ru,huggingface,,hf_category
766097,"Обращение с регистрационным номером 766097, направленное в Блог Председатель правления АО «Республиканская газета «[ЗАЯВИТЕЛЬ]» [ЗАЯВИТЕЛЬ] находится на рассмотрении у ГО",ЖКХ/Отопление,ЖКХ,Отопление,ru,dialog_egov,11.02.2026,query
hf-357-kk,Жәрдемақыны рәсімдеу үшін ЦОН-да бірнеше сағат кезекте тұруға тура келді.,Другое/Общие вопросы,Другое,Общие вопросы,kk,huggingface,,hf_category
hf-483-kk,Жолдың ортасындағы люк қақпағының сынуынан көлігімнің дөңгелегі жарылды.,Дороги/Дорожное покрытие,Дороги,Дорожное покрытие,kk,huggingface,,hf_category
hf-29-kk,Қоғамдық көліктерде кондиционерлерді қоспайды. Жаздың ыстығында жол жүру өте қиын.,Транспорт/Общественный транспорт,Транспорт,Общественный транспорт,kk,huggingface,,hf_category
760044,"[ЗАЯВИТЕЛЬ]Аймағанбетов мырза! 1. Мен білім саласында жалпы өтілім 24 жыл, оның ішінде техникалық және кәсіптік , орта білімнен кейінгі білім беру саласында 11 жылдан бері жұмыс жасаймын. Осы оқу жылынан бастап, айлық жоспарға тәрбие ісі жөніндегі орынбасар бір айға бірнеше (3-4",ЖКХ/Отопление,ЖКХ,Отопление,kk,dialog_egov,22.11.2022,query
hf-764-kk,"Мектептегі асханадағы тамақтардың сапасы нашар болғандықтан, баламның асқазаны ауырады.",Другое/Общие вопросы,Другое,Общие вопросы,kk,huggingface,,hf_category
hf-863-ru,"Одна из машин проехала на красный свет и сбила мою коляску, когда я переходил на зеленый.",Дороги/Дорожное покрытие,Дороги,Дорожное покрытие,ru,huggingface,,hf_category
hf-42-kk,Тұрғын үй кезегіне тұрғаныма 10 жыл болды. Кезек мүлдем жылжымайды. Қандай да бір ақпарат алу мүмкін бе?,Другое/Общие вопросы,Другое,Общие вопросы,kk,huggingface,,hf_category
hf-236-ru,Отдыхающие на берегу реки оставляют много мусора.,Благоустройство/Вывоз мусора,Благоустройство,Вывоз мусора,ru,huggingface,,hf_category
hf-605-ru,В конкурсе госзакупок могут участвовать только 'свои' компании.,Другое/Общие вопросы,Другое,Общие вопросы,ru,huggingface,,hf_category
hf-551-ru,Детские качели во дворе сломаны и представляют опасность.,ЖКХ/Общие вопросы,ЖКХ,Общие вопросы,ru,huggingface,,hf_category
hf-747-kk,"Жәрдемақы тағайындау үшін менің жұбайымның табысы туралы анықтаманы талап етті, бірақ ол шетелде.",Другое/Общие вопросы,Другое,Общие вопросы,kk,huggingface,,hf_category
hf-651-ru,Освещение на спортивной площадке во дворе не работает.,ЖКХ/Общие вопросы,ЖКХ,Общие вопросы,ru,huggingface,,hf_category
hf-157-kk,Жасым ұлғайған сайын жұмысқа орналасу қиындап барады. 45-тен асқандарға арналған бағдарламалар бар ма?,Другое/Общие вопросы,Другое,Общие вопросы,kk,huggingface,,hf_category
hf-324-kk,Мектептегі дене шынықтыру сабағында қауіпсіздік ережелері сақталмайды.,Другое/Общие вопросы,Другое,Общие вопросы,kk,huggingface,,hf_category
142467,"Доброго времени суток, уважаемый [ЗАЯВИТЕЛЬ], хотелось бы уточнить по поводу транспорта, а именно маршрутки № 109 и автобуса № 44. - Должна ли маршрутка № 109 со стороны города заезжать в военный городок (= воинская част",Транспорт/Общественный транспорт,Транспорт,Общественный транспорт,ru,dialog_egov,05.05.2012,query+rules
763014/1,"[ЗАЯВИТЕЛЬ] транспорта [ЗАЯВИТЕЛЬ] С.[ЗАЯВИТЕЛЬ] прошу Вас разобраться в данной ситуации. Находясь на остановке управление Железной дороги по маршруту автобуса № 118Э города Караганда время 18-48 час,",Транспорт/Общественный транспорт,Транспорт,Общественный транспорт,ru,dialog_egov,09.01.2023,query+rules
752485,"1. Ғимарат қыс кезінде өте суық (максималды температура + 17), сондықтан қызметкерлер сырт киімдерімен жұмыс жасауға мәжбүр. 2. Ғимаратта қауіпсіздік шаралары қабылданбаған, тексеру-өткізу пункті жоқ. Ертең «Қаңтар оқиғасы» қайталанатын болса, қызметкерлердің өміріне тікелей қауі",Транспорт/Общественный транспорт,Транспорт,Общественный транспорт,kk,dialog_egov,29.08.2022,query
hf-77-kk,'Дипломмен ауылға' бағдарламасы бойынша тиесілі көтерме жәрдемақыны ала алмай жүрмін.,Другое/Общие вопросы,Другое,Общие вопросы,kk,huggingface,,hf_category
hf-247-ru,Я не могу устроиться на работу как лицо с инвалидностью.,Другое/Общие вопросы,Другое,Общие вопросы,ru,huggingface,,hf_category
728233,"Здравствуйте. Вопрос по компании Ускемен тертип. Данная компания оказывает услуги по вывозу мусора с частного сектора в районе Защиты и др районах. Хочу обратить [ЗАЯВИТЕЛЬ], что это единственная компания которая в нашем районе ""м-рн Защита"" которая оказывает данную у",Благоустройство/Вывоз мусора,Благоустройство,Вывоз мусора,ru,dialog_egov,22.02.2022,query+rules
hf-143-kk,Жедел жәрдем дәрігері келгені үшін ақша сұрады. Бұл қаншалықты заңды?,Другое/Общие вопросы,Другое,Общие вопросы,kk,huggingface,,hf_category
hf-576-kk,Қаланың жанындағы өзенге құрылыс компаниялары бетон қалдықтарын төгеді.,Благоустройство/Вывоз мусора,Благоустройство,Вывоз мусора,kk,huggingface,,hf_category
765534,"Обращение с регистрационным номером 765534, направленное в Блог Председатель Правления АО «Казахстанский центр модернизации и развития жилищно-коммунального хозяйства» [ЗАЯВИТЕЛЬ] находится на рассмотрении у ГО",ЖКХ/Водоснабжение,ЖКХ,Водоснабжение,ru,dialog_egov,12.05.2025,query
hf-128-kk,"Көршім пәтерін жалға беріп, салық төлемейді. Бұл қаншалықты заңды?",Другое/Общие вопросы,Другое,Общие вопросы,kk,huggingface,,hf_category
hf-243-ru,Гардероб в поликлинике не работает. Приходится ходить в верхней одежде.,Другое/Общие вопросы,Другое,Общие вопросы,ru,huggingface,,hf_category
hf-521-ru,"Водосточная труба на фасаде дома сломана, вода размывает фундамент.",ЖКХ/Общие вопросы,ЖКХ,Общие вопросы,ru,huggingface,,hf_category
hf-205-ru,"Кажется, деньги, выделенные на ремонт дорог, разворовали. Качество очень плохое.",Другое/Общие вопросы,Другое,Общие вопросы,ru,huggingface,,hf_category
hf-365-kk,Жер учаскесін алу кезегіне тұру үшін таныс іздеуге тура келді.,Другое/Общие вопросы,Другое,Общие вопросы,kk,huggingface,,hf_category
hf-594-kk,Мектеп формасының бағасы тым қымбат.,Другое/Общие вопросы,Другое,Общие вопросы,kk,huggingface,,hf_category
765080,"Обращение с регистрационным номером 765080, направленное в Блог Генеральный директор РГП на ПХВ «Республиканский научно–исследовательский институт по охране труда Министерства труда и социальной защиты населения Республики Казахстан» Актаева [ЗАЯВИТЕЛЬ] отклонено ГО 03.07.2024",ЖКХ/Отопление,ЖКХ,Отопление,ru,dialog_egov,02.07.2024,query
757792,"Обращение с регистрационным номером 757792, направленное в Блог Аким Алматинской области [ЗАЯВИТЕЛЬ] отклонено ГО 27.10.2022",Освещение/Уличное освещение,Освещение,Уличное освещение,ru,dialog_egov,24.10.2022,query
613552,"Уважаемый [ЗАЯВИТЕЛЬ]! Меня зовут [ЗАЯВИТЕЛЬ], приехав в город Астана в 2009 я никого здесь не знал, только приобщившись к охоте и рыбалке у меня появилось очень много друзей и знакомых. Так я и стал выезжать с ними на природу по всей территории Акмолинской области",Благоустройство/Вывоз мусора,Благоустройство,Вывоз мусора,ru,dialog_egov,05.05.2020,query
hf-122-kk,Ауылдағы фельдшерлік-акушерлік пунктте дәрігер жиі болмайды. Жедел жағдайда кімге хабарласуға болады?,Другое/Общие вопросы,Другое,Общие вопросы,kk,huggingface,,hf_category
hf-258-ru,Соседская собака гуляет во дворе без поводка и лает на детей.,Другое/Общие вопросы,Другое,Общие вопросы,ru,huggingface,,hf_category
hf-828-ru,"Сотрудники полиции приняли мою жалобу, но перепутали ее с другим делом и закрыли.",Другое/Общие вопросы,Другое,Общие вопросы,ru,huggingface,,hf_category
hf-1048-kk,Интернет провайдері ескертусіз тарифтік жоспарды өзгертті.,Другое/Общие вопросы,Другое,Общие вопросы,kk,huggingface,,hf_category
545375,"Прошу Вас помочь жителям дома, расположенного по адресу Е49, дом 4/2 решить наши проблемы. Нами было написано коллективное письмо Директору ТОО ""[ЗАЯВИТЕЛЬ]"" [ЗАЯВИТЕЛЬ], № 02/19-50 от 08.02.2019, письмо во вложении, которое осталось без ответа. На сегодняшний день",Благоустройство/Детские площадки,Благоустройство,Детские площадки,ru,dialog_egov,15.04.2019,query
707623,"Обращение с регистрационным номером 707623, направленное в Блог Аким города Алматы [ЗАЯВИТЕЛЬ]A. находится на рассмотрении у ГО",Благоустройство/Вывоз мусора,Благоустройство,Вывоз мусора,ru,dialog_egov,29.09.2021,query
hf-287-ru,Как встать в очередь на жилье в качестве сироты?,Другое/Общие вопросы,Другое,Общие вопросы,ru,huggingface,,hf_category
hf-347-kk,Бала күтіміне байланысты жәрдемақыны алу үшін жұбайымның табысы туралы анықтама сұрайды.,Другое/Общие вопросы,Другое,Общие вопросы,kk,huggingface,,hf_category
749493,"Северо-Казахстанская область Петропавловск, 01.08.2022 На ул. Мира 119 и 121 имеется светодиодное уличное освещение. Один столб частно не работает, хотя подключен. Данный участок должен освещаться. Требуем установить данный недостаток. Материалы по ссылке: https://vk.com/wall-170",Освещение/Уличное освещение,Освещение,Уличное освещение,ru,dialog_egov,02.08.2022,query+rules
hf-234-ru,Питьевые фонтанчики в школе не работают.,Другое/Общие вопросы,Другое,Общие вопросы,ru,huggingface,,hf_category
hf-305-ru,"При сдаче экзамена на водительские права инспектор намекнул, что может 'помочь'.",Другое/Общие вопросы,Другое,Общие вопросы,ru,huggingface,,hf_category
hf-785-ru,"Выяснилось, что у победителя конкурса госзакупок нет лицензии.",Другое/Общие вопросы,Другое,Общие вопросы,ru,huggingface,,hf_category
hf-646-ru,"К тем, кто сбрасывает мусор в реку за городом, не принимают никаких мер.",Благоустройство/Вывоз мусора,Благоустройство,Вывоз мусора,ru,huggingface,,hf_category
584829,"Меня зовут Лаура, я проживаю в микрорайоне МТФ-1, поселка Рыскулов, Талгарского района. Обращаюсь к вам по поводу проблем существующих в нашем микрорайоне: 1). Отсутствие газификации. В Талгарском районе активно ведется работа по газификации всех поселков, поселок Рыскулов уже",Благоустройство/Вывоз мусора,Благоустройство,Вывоз мусора,ru,dialog_egov,10.12.2019,query
hf-334-ru,В кабинете информатики в школе нет интернета.,Другое/Общие вопросы,Другое,Общие вопросы,ru,huggingface,,hf_category
hf-23-kk,"Көшеміздегі иттер топтасып алып, балаларға шабуылдайды. Қаңғыбас иттерді аулау қызметіне хабарластым, бірақ олар келмеді.",ЖКХ/Общие вопросы,ЖКХ,Общие вопросы,kk,huggingface,,hf_category
753889,"[ЗАЯВИТЕЛЬ] жемқорлыққа қарсы Іс-қимыл агенттігінің төрағасы [ЗАЯВИТЕЛЬ]Бектеновке «Ақбұлақ» [ЗАЯВИТЕЛЬ] м/ж: Түркістан обл., Төлеби ауданы, [ЗАЯВИТЕЛЬ] е/м, [ЗАЯВИТЕЛЬ] к-сі, №н/з үй. пайдалану құқығы тоқтатылмаған мемлекеттік емес же",Освещение/Уличное освещение,Освещение,Уличное освещение,kk,dialog_egov,12.09.2022,query
hf-260-ru,"Водитель автобуса совершал опасные маневры, создавая угрозу другим машинам.",Транспорт/Общественный транспорт,Транспорт,Общественный транспорт,ru,huggingface,,hf_category
hf-273-ru,"Невозможно бесплатно записаться к стоматологу, очередь на полгода вперед.",Другое/Общие вопросы,Другое,Общие вопросы,ru,huggingface,,hf_category
hf-171-kk,"Автобус жүргізушісі жол ақысын картамен төлеуге рұқсат бермей, қолма-қол ақша талап етті.",Транспорт/Общественный транспорт,Транспорт,Общественный транспорт,kk,huggingface,,hf_category
hf-267-kk,Жалғыз басты ана ретінде маған қандай көмек көрсетіледі?,Другое/Общие вопросы,Другое,Общие вопросы,kk,huggingface,,hf_category
hf-846-kk,Қаланың жанындағы өзенге жақын жердегі демалыс орындарының қалдықтарын суға төгеді.,Благоустройство/Вывоз мусора,Благоустройство,Вывоз мусора,kk,huggingface,,hf_category
hf-714-kk,"Мектептегі асханадағы тамақтардың сапасы туралы шағымдансам, балама қысым көрсетеді.",Другое/Общие вопросы,Другое,Общие вопросы,kk,huggingface,,hf_category
hf-550-kk,"Автобустардың кейбірі ескі, іші лас және жағымсыз иісі бар.",Транспорт/Общественный транспорт,Транспорт,Общественный транспорт,kk,huggingface,,hf_category
hf-387-kk,Әлеуметтік көмек алу үшін өте көп уақыт пен жүйке жұмсауға тура келеді.,Другое/Общие вопросы,Другое,Общие вопросы,kk,huggingface,,hf_category
hf-658-ru,Сотрудники полиции не приняли мою жалобу и отправили в другое отделение.,Другое/Общие вопросы,Другое,Общие вопросы,ru,huggingface,,hf_category
hf-411-kk,"Үйдің алдындағы жолға асфальт төселмеген, батпақ.",ЖКХ/Общие вопросы,ЖКХ,Общие вопросы,kk,huggingface,,hf_category
hf-783-kk,"Жолдағы бағдаршамның жасыл түсі жанып тұрғанда, жаяу жүргіншілерге арналған бағдаршамда да жасыл жанады.",Дороги/Дорожное покрытие,Дороги,Дорожное покрытие,kk,huggingface,,hf_category
524984,"Обращение с регистрационным номером 524984, направленное в Блог [ЗАЯВИТЕЛЬ] РК [ЗАЯВИТЕЛЬ] отклонено ГО 04.12.2018",Транспорт/Общественный транспорт,Транспорт,Общественный транспорт,ru,dialog_egov,30.11.2018,query
hf-493-ru,Освещение на надземном пешеходном переходе не работает.,Дороги/Дорожное покрытие,Дороги,Дорожное покрытие,ru,huggingface,,hf_category
hf-778-kk,"Полиция қызметкерлері менің шағымымды қабылдап, бірақ оны басқа ауданға жіберген.",Другое/Общие вопросы,Другое,Общие вопросы,kk,huggingface,,hf_category
hf-504-kk,Мектептегі еңбек сабағына арналған құрал-жабдықтар ескірген.,Другое/Общие вопросы,Другое,Общие вопросы,kk,huggingface,,hf_category
hf-738-kk,"Полиция қызметкерлері менің шағымымды қабылдап, бірақ оны қараусыз қалдырды.",Другое/Общие вопросы,Другое,Общие вопросы,kk,huggingface,,hf_category
hf-287-kk,Жетім бала ретінде тұрғын үй кезегіне қалай тұруға болады?,Другое/Общие вопросы,Другое,Общие вопросы,kk,huggingface,,hf_category
hf-664-ru,В кабинете биологии в школе нет микроскопов.,Другое/Общие вопросы,Другое,Общие вопросы,ru,huggingface,,hf_category
hf-174-kk,Емханадағы тіркеу бөліміндегі қызметкерлер өте дөрекі сөйлейді.,Другое/Общие вопросы,Другое,Общие вопросы,kk,huggingface,,hf_category
hf-871-kk,"Үйдің кіреберісіндегі лифттің есігі ашық қалып, жүріп кетеді.",ЖКХ/Общие вопросы,ЖКХ,Общие вопросы,kk,huggingface,,hf_category
637740,"Обращение с регистрационным номером 637740, направленное в Блог [ЗАЯВИТЕЛЬ] РК [ЗАЯВИТЕЛЬ] отклонено ГО 08.09.2020",Транспорт/Общественный транспорт,Транспорт,Общественный транспорт,ru,dialog_egov,25.08.2020,query
hf-78-ru,Интернет-мошенники украли данные моей банковской карты и сняли деньги. Сможет ли полиция раскрыть дело?,Другое/Общие вопросы,Другое,Общие вопросы,ru,huggingface,,hf_category
764818,"Обращение с регистрационным номером 764818, направленное в Блог Директор ГКП на ПХВ «Алматинского регионального онкологического диспансера» [ЗАЯВИТЕЛЬ] находится на рассмотрении у ГО",ЖКХ/Отопление,ЖКХ,Отопление,ru,dialog_egov,11.01.2024,query
hf-571-kk,Үйдің жертөлесіндегі құбырлардан бу шығып тұр.,ЖКХ/Общие вопросы,ЖКХ,Общие вопросы,kk,huggingface,,hf_category
757816,Ассалаумағалейкум министрлік өкілдері мен [ЗАЯВИТЕЛЬ]. [ЗАЯВИТЕЛЬ] облысы Жамбыл ауданы Бектөбе аулының тұрғындары шағымы мен өтінішін білдіргім келеді. Ауылымыз Тараз қаласының орталығынан 8 шақырым жерде орналасқан. Көптеген жылдар бойы Электр тоғы қуатының тұрақсыздығынан зар,Освещение/Уличное освещение,Освещение,Уличное освещение,kk,dialog_egov,25.10.2022,query
hf-145-ru,"Процесс постановки на очередь на землю очень непрозрачный. Невозможно узнать, как движется очередь.",Другое/Общие вопросы,Другое,Общие вопросы,ru,huggingface,,hf_category
752893,"Добрый день! [ЗАЯВИТЕЛЬ] ответ на мое обращение ""750697/1"". Хотелось бы получить от Вас больше конкретики По ряду вопросов. Ваш ответ: ""В настоящее время, услугодателем по вывозу ТБО устанавливается потребность в количестве необходимых контейнеров и площадок для",Благоустройство/Вывоз мусора,Благоустройство,Вывоз мусора,ru,dialog_egov,02.09.2022,query+rules
754181,"Құрметті [ЗАЯВИТЕЛЬ]! [ЗАЯВИТЕЛЬ] облысы ,Жалағаш ауданының тұрғыны боламын (көше [ЗАЯВИТЕЛЬ] 2/2). Электр жүйесінің көп өшіп қалуына байланысты шағымым бар .Жылдың 4 мезгілінде тұрақты түрде жарық өшеді. Күз,қыс,көктем айларында ауа-райының желді болуы біздің аймаққа тән құ",Освещение/Уличное освещение,Освещение,Уличное освещение,kk,dialog_egov,14.09.2022,rules
759265/1,"Здравствуйте, [ЗАЯВИТЕЛЬ] . Я, [ЗАЯВИТЕЛЬ] [ИИН] жительница Карагандинской области, Актогайского района, станции Сарышаган, ул. 3-ыкшам аудан, 6 дом, кв.30. [ЗАЯВИТЕЛЬ] так как ранее писала акиму Карагандинской области [ЗАЯВИТЕЛЬ], пришёл ответ на м",Благоустройство/Вывоз мусора,Благоустройство,Вывоз мусора,ru,dialog_egov,17.11.2022,query
725846,Здравствуйте Город Туркестан мкр Отырар сзади 10дома не горят уличные фонари с ноября как установили .я уже сколько раз писал акимат Туркестана и 109.эти обманшики ничего не делают.толбпо нагло врут.вопрос нафига нужен 109 и Аким Турашбеков.если нету результата. Второе мкр Отыр,Освещение/Уличное освещение,Освещение,Уличное освещение,ru,dialog_egov,08.02.2022,query+rules
hf-513-kk,Жолдың үстіндегі жаяу жүргіншілер көпірінің баспалдақтары сырғанақ.,Дороги/Дорожное покрытие,Дороги,Дорожное покрытие,kk,huggingface,,hf_category
hf-418-kk,Полиция қызметкерлері түнде мас адамдарға шара қолданбайды.,Другое/Общие вопросы,Другое,Общие вопросы,kk,huggingface,,hf_category
652703,"Прошу сообщить исполнение совещания под председательством Премьер-[ЗАЯВИТЕЛЬ] Казахстан [ЗАЯВИТЕЛЬ] от 28.09.2019 года. Как следует из пункта 2 протокола, необходимо было: 1) в месячный срок определить объемы финансирования для восстановления и передачи систем энергосн",Дороги/Светофоры,Дороги,Светофоры,ru,dialog_egov,17.11.2020,query
hf-1085-ru,"Качество школьной формы очень плохое, порвалась через месяц.",Другое/Общие вопросы,Другое,Общие вопросы,ru,huggingface,,hf_category
hf-1055-kk,"Мектепке баратын жолда жаяу жүргіншілер өткелі жоқ, балалардың өміріне қауіпті.",Другое/Общие вопросы,Другое,Общие вопросы,kk,huggingface,,hf_category
750803,"Қайырлы күн. Нұр-сұлтан қаласының әкімі [ЗАЯВИТЕЛЬ] кездесуге 2022 ж 22 сәуірден бастап жазылып келемін, қабылдамайды. Алғашында eotinish порталымен екі рет жібердім. Себебі egov-та әкімнің қабылдау күні шықпады. Сосын әкімдік қызметкері eotinish порталымен жіберіңіз деге",Благоустройство/Вывоз мусора,Благоустройство,Вывоз мусора,kk,dialog_egov,15.08.2022,query
645965,"Здравствуйте. мы жильцы дома по ул. Семенченко 21, в лице старшой, хотим узнать, когда же в нашем доме появится отопление и нормальная горячая вода. По спискам подачи теплоснабжения (у нашего дома был акт и поменяли теплообменик), наш дом подключили 23.09, в тот день появилась",ЖКХ/Водоснабжение,ЖКХ,Водоснабжение,ru,dialog_egov,08.10.2020,query+rules
739800,"09 Карагандинская область, г. Караганда, 13.05.2022 по улице Cатыбалдина 5 расположена яма на дороге. Требуется устранить данный дефект. https://vk.com/zb_09?w=wall-171774447_851",Дороги/Дорожное покрытие,Дороги,Дорожное покрытие,ru,dialog_egov,17.05.2022,query+rules
hf-684-kk,Мектептегі асханадағы тамақтардың сапасын ешкім тексермейді.,Другое/Общие вопросы,Другое,Общие вопросы,kk,huggingface,,hf_category
763315,"Обращаюсь к Вам с большой просьбой поднять вопрос и унифицировать на законодательном уровне, о запрете в свободной продаже знака ""Инвалид"" (его зачастую можно купить на автобарахолках и в бутиках, где торгуют запчастями) и дальнейшего регламента по выдаче специального",Транспорт/Общественный транспорт,Транспорт,Общественный транспорт,ru,dialog_egov,11.01.2023,query
756391,"Здравствуйте, Наш дом по улице Абая №11. в непосредственной близости, в нескольких метрах от Акимата Сарыаркинского района и г. Астаны, на сегодняшний день до сих пор находится без подачи отопления. Ввиду сильного холода все жители пользуются обогревательными приборами и проводк",ЖКХ/Отопление,ЖКХ,Отопление,ru,dialog_egov,05.10.2022,query+rules
hf-898-ru,"Сотрудники полиции приняли мою жалобу, но перепутали ее с другим делом и допросили меня как свидетеля.",Другое/Общие вопросы,Другое,Общие вопросы,ru,huggingface,,hf_category
hf-228-ru,Сотрудники полиции очень долго едут на место происшествия.,Другое/Общие вопросы,Другое,Общие вопросы,ru,huggingface,,hf_category
hf-542-ru,"Врач, не выслушав моих жалоб, сразу назначил антибиотики.",Другое/Общие вопросы,Другое,Общие вопросы,ru,huggingface,,hf_category
hf-1052-kk,"Шенеунік менің өтінішімді қарауды созып, 'алғыс' күтіп отыр.",Другое/Общие вопросы,Другое,Общие вопросы,kk,huggingface,,hf_category
765917,"Обращение с регистрационным номером 765917, направленное в Блог Президент АО «Центр развития трудовых ресурсов» [ЗАЯВИТЕЛЬ] находится на рассмотрении у ГО",ЖКХ/Отопление,ЖКХ,Отопление,ru,dialog_egov,17.11.2025,query
hf-620-kk,"Автобус жүргізушісі аялдамаға тоқтамай, менің өтінішіме құлақ аспады.",Транспорт/Общественный транспорт,Транспорт,Общественный транспорт,kk,huggingface,,hf_category
hf-164-ru,Директор школы заставляет родителей сдавать деньги на ремонт.,Другое/Общие вопросы,Другое,Общие вопросы,ru,huggingface,,hf_category
542281,"Уважаемый [ЗАЯВИТЕЛЬ]! Просим Вас обратить внимание на состояние улиц Горького и Парфирьева.! В 2018 году встретили высоких гостей, хорошо. А посмотрите что творится ""за стеной"" теннисного корта. Самые крупные фирмы строительные города развернули не только круту",Благоустройство/Вывоз мусора,Благоустройство,Вывоз мусора,ru,dialog_egov,27.03.2019,query
hf-509-ru,Не мог дозвониться в колл-центр интернет-провайдера несколько часов.,Другое/Общие вопросы,Другое,Общие вопросы,ru,huggingface,,hf_category
766158,"20.07.2025 жылы менің өтінішім бойынша үй кезегіне тіркедіңіз, бірақ ешқандай санатқа жатпайтын қылып тіркеп қойған екенсіздер. Мен өтініш берген кезде әлеуметтік мәртебемді таңдап толтырған болатынмын, сонда да санат деген тарауда «Санатсыз» деп тіркеп қойғансыз, ал менде бір не",ЖКХ/Отопление,ЖКХ,Отопление,kk,dialog_egov,29.03.2026,query
hf-673-ru,"'Лежачий полицейский' на дороге слишком низкий, машины не сбрасывают скорость.",Дороги/Дорожное покрытие,Дороги,Дорожное покрытие,ru,huggingface,,hf_category
745576/1,"Уважаемый, [ЗАЯВИТЕЛЬ]! Мы, проживающие по адресу город Алматы, бостандыкский район, проспект Гагарина, дом 135Г неоднократно обращались к председателю КСК «Матай» [ЗАЯВИТЕЛЬ] по поводу отчёта финансовой деятельности по нашему дому, на что постоянно получа",ЖКХ/Водоснабжение,ЖКХ,Водоснабжение,ru,dialog_egov,30.06.2022,query
630435,"Северо-Казахстанская область Петропавловск, 21.07.2020 год., 15:39 По ул. Жабаева 169 запечатлен гос автомобиль гос.номер 013АК15, нарушил ПДД: 1) осуществление маневра без сигнала поворота. 2) Не работает левый стоп сигнал. 3) Также по ул. Жабаева 201 и [ЗАЯВИТЕЛЬ] водитель",Дороги/Светофоры,Дороги,Светофоры,ru,dialog_egov,23.07.2020,query
hf-485-kk,Мемлекеттік органға тапсырған құжаттарым жоғалып кетті.,Другое/Общие вопросы,Другое,Общие вопросы,kk,huggingface,,hf_category
hf-381-kk,Кіреберістегі шамды ауыстыру үшін КСК-ға бірнеше аптадан бері өтініш білдіріп жүрмін.,ЖКХ/Общие вопросы,ЖКХ,Общие вопросы,kk,huggingface,,hf_category
hf-116-kk,Қостанайдағы орталық саябақта қоқыс жәшіктері жетіспейді. Демалушылар қоқысты қайда тастарын білмейді.,Благоустройство/Вывоз мусора,Благоустройство,Вывоз мусора,kk,huggingface,,hf_category
hf-348-ru,"Кто-то скопировал номер моей машины, и теперь штрафы приходят мне.",Другое/Общие вопросы,Другое,Общие вопросы,ru,huggingface,,hf_category
761138,"Просим дать пояснение касательно Санитарных правил «Санитарно-эпидемиологические требования к санитарно-защитным зонам объектов, являющихся объектами воздействия на среду обитания и здоровье человека», утвержденных Приказом и.о. Министра здравоохранения Республики Казахстан от 11",ЖКХ/Водоснабжение,ЖКХ,Водоснабжение,ru,dialog_egov,06.12.2022,query
hf-364-kk,Мектеп асханасындағы тамақтың бағасы қымбат және сапасы төмен.,Другое/Общие вопросы,Другое,Общие вопросы,kk,huggingface,,hf_category
hf-310-ru,Водитель автобуса грубил и разговаривал по телефону за рулем.,Транспорт/Общественный транспорт,Транспорт,Общественный транспорт,ru,huggingface,,hf_category
763013,"ҚР Оқу-ағарту министрі [ЗАЯВИТЕЛЬ]Бейсембаевқа математик [ЗАЯВИТЕЛЬ] Жаңа жылмен бірге тағайындалған жаңа қызметіңіз құтты болсын! Еліміздегі білім беру ісін биікке көтеріп, жемісті қызмет ететініңізге сенеміз. [ЗАЯВИТЕЛЬ]Сағадиевтің министр",Дороги/Дорожное покрытие,Дороги,Дорожное покрытие,kk,dialog_egov,06.01.2023,query
760660,Gрошу Вас разъяснить и хотелось бы получить от Вас развернутый и мотивированный ответ на все заданные вопросы со ссылкой на законодательство Республики Казахстан. 1) В соответствии с требованиями действующего законодательства архитектурно- строительный контроль и надзор осущест,ЖКХ/Отопление,ЖКХ,Отопление,ru,dialog_egov,30.11.2022,query
741146,"Акиму города Нур-Султан [ЗАЯВИТЕЛЬ] от [ЗАЯВИТЕЛЬ] В период проживания в доме жильцами ЖК «Хабар», расположенного по адресу: ул. Таскескен №17Б выявлен ряд недостатков по качеству проведенных строительных работ и недочетов, требующих незамедлительного устранения.",Освещение/Уличное освещение,Освещение,Уличное освещение,ru,dialog_egov,26.05.2022,query
hf-129-kk,Ауылға баратын жолда мобильді байланыс мүлдем жоқ. Шұғыл жағдайда хабарласу мүмкін емес.,Другое/Общие вопросы,Другое,Общие вопросы,kk,huggingface,,hf_category
hf-1027-kk,"Үйдің ауласындағы балалар алаңындағы әткеншек сынып, қауіп төндіріп тұр.",ЖКХ/Общие вопросы,ЖКХ,Общие вопросы,kk,huggingface,,hf_category
hf-22-ru,"Я инвалид I группы. Не могу вовремя получить положенные мне лекарства, в поликлинике постоянно говорят, что их нет в наличии.",Другое/Общие вопросы,Другое,Общие вопросы,ru,huggingface,,hf_category
hf-923-kk,"Жаяу жүргіншілер өткелінің сызықтары өшіп, көрінбейді.",Дороги/Дорожное покрытие,Дороги,Дорожное покрытие,kk,huggingface,,hf_category
hf-66-kk,Қала сыртындағы қоқыс полигоны үнемі жанып жатыр. Түтіні қалаға дейін жетеді.,Благоустройство/Вывоз мусора,Благоустройство,Вывоз мусора,kk,huggingface,,hf_category
hf-651-kk,Үйдің ауласындағы спорт алаңының жарықтандыруы істемейді.,ЖКХ/Общие вопросы,ЖКХ,Общие вопросы,kk,huggingface,,hf_category
743090,"Обращение с регистрационным номером 743090, направленное в Блог [ЗАЯВИТЕЛЬ] РК [ЗАЯВИТЕЛЬ] отклонено ГО 23.06.2022",Дороги/Дорожное покрытие,Дороги,Дорожное покрытие,ru,dialog_egov,09.06.2022,query
hf-1001-kk,"Менің пәтерімдегі жылу батареялары әрең жылы. ПИК-ке бірнеше рет айттым, нәтиже жоқ.",ЖКХ/Общие вопросы,ЖКХ,Общие вопросы,kk,huggingface,,hf_category
727088,На основании коммерческих предложении выбрав потенциального поставщика предложившую наименьшую сумму отправили по порталу государственных закупок договор поставщику ТОО «WEST KZ-04» на оказание услуги вывоз мусора ТБО. Согласно технической спецификации 5 контейнера – 2 раза в не,Благоустройство/Вывоз мусора,Благоустройство,Вывоз мусора,ru,dialog_egov,15.02.2022,query+rules
hf-151-kk,"Жол жиегіндегі арықтар қоқысқа толып, жаңбыр суы ақпайды.",Дороги/Дорожное покрытие,Дороги,Дорожное покрытие,kk,huggingface,,hf_category
763584,"Обращение с регистрационным номером 763584, направленное в Блог Директор РГГП «Республиканского научно-практического центра «Дарын» Министерства просвещения РК [ЗАЯВИТЕЛЬ] находится на рассмотрении у ГО",ЖКХ/Отопление,ЖКХ,Отопление,ru,dialog_egov,21.01.2023,query
761729,"Добрый день, прошу Вас принять меры по обеспечению безопасности школьников школы № 73. Между школой № 73 и ЖК Браво расположен пустырь, по которому ежедневно проходят сотни школьников. На указанном пустыре имеется тротуар и установлены столбы и осветительные приборы для освещ",Освещение/Уличное освещение,Освещение,Уличное освещение,ru,dialog_egov,13.12.2022,query+rules
hf-52-kk,"Жол полициясы қызметкерлері тек қымбат көліктерді тоқтатпай, арзан көліктерді жиі тоқтатады. Бұл әділетсіздік.",Другое/Общие вопросы,Другое,Общие вопросы,kk,huggingface,,hf_category
hf-906-ru,"В реку рядом с городом сливают неизвестную жидкость, от воды исходит неприятный запах.",Благоустройство/Вывоз мусора,Благоустройство,Вывоз мусора,ru,huggingface,,hf_category
762751,"Добрый день . В 2022 году я обращался к вам по поводу незаконных и самовольных действий со стороны некоторых жителей Сайрамского района ,а также на бездействие ответственных лиц акимата на эти действия. Привожу текст данного обращения «…Прошу вас принять меры в отношении безд",Дороги/Дорожное покрытие,Дороги,Дорожное покрытие,ru,dialog_egov,02.01.2023,query
hf-249-ru,"Качество обслуживания мобильного оператора плохое, связь часто прерывается.",Другое/Общие вопросы,Другое,Общие вопросы,ru,huggingface,,hf_category
hf-98-ru,Не могу зайти в личный кабинет в интернет-банкинге. Служба технической поддержки не отвечает.,Другое/Общие вопросы,Другое,Общие вопросы,ru,huggingface,,hf_category
hf-782-ru,"Когда я пришел на прием в свое время, врач принял вместо меня ребенка своего знакомого.",Другое/Общие вопросы,Другое,Общие вопросы,ru,huggingface,,hf_category
hf-60-kk,Тендерді ұтып алған компанияның жұмысы сапасыз. Жолды жөндегеннен кейін бірден бұзылды.,Другое/Общие вопросы,Другое,Общие вопросы,kk,huggingface,,hf_category
755788,"Қайырлы күн! Ордабасы ауданы Шұбарсу елді мекені, Рауан массиві тұрғындары жарықсыз не сусыз отырғанына бүгін үшінші күн. Жарық пен су жиі өшеді. Жарық жекеменшік мекемеге тиісті дейді. Айына артық төлем шығады, яғни тұрғындардың есептегіш көрсеткішінен артық квт. Шамамен 200,0",Освещение/Уличное освещение,Освещение,Уличное освещение,kk,dialog_egov,29.09.2022,query+rules
hf-459-kk,Интернет желісіндегі ақауды жою үшін келген шеберлер жұмысы үшін ақы сұрады.,Другое/Общие вопросы,Другое,Общие вопросы,kk,huggingface,,hf_category
hf-832-ru,"Когда я пришел на прием в свое время, врач принимал представителя фармацевтической компании.",Другое/Общие вопросы,Другое,Общие вопросы,ru,huggingface,,hf_category
hf-414-ru,Заместитель директора школы грубит ученикам.,Другое/Общие вопросы,Другое,Общие вопросы,ru,huggingface,,hf_category
hf-891-kk,Үйдің кіреберісіндегі лифттің есігі сықырлайды.,ЖКХ/Общие вопросы,ЖКХ,Общие вопросы,kk,huggingface,,hf_category
709814,"[ЗАЯВИТЕЛЬ] ИИН [ИИН] Адрес проживания: г Нур-султан, ул. Акмечеть 17, квартира 901 На блог платформу [ЗАЯВИТЕЛЬ] внутреннего государственного аудита [ЗАЯВИТЕЛЬ] 09.06.2020 года поступило обращение Номер обращения 622189 от [ЗАЯВИТЕЛЬ] ИП ""Нұрғ",Транспорт/Общественный транспорт,Транспорт,Общественный транспорт,ru,dialog_egov,14.10.2021,query
hf-662-kk,"Дәрігер қабылдау кезінде менің сұрақтарыма жауап берудің орнына, компьютеріне үңіліп отырды.",Другое/Общие вопросы,Другое,Общие вопросы,kk,huggingface,,hf_category
hf-522-ru,"Чтобы сдать верхнюю одежду в гардероб поликлиники, нужно стоять в очереди.",Другое/Общие вопросы,Другое,Общие вопросы,ru,huggingface,,hf_category
hf-338-kk,Түнде аулада көліктердің дөңгелегін жарып кетеді. Полиция ешкімді таппайды.,Другое/Общие вопросы,Другое,Общие вопросы,kk,huggingface,,hf_category
hf-920-kk,"Автобус жүргізушісі менің аялдамамда тоқтамай, 'мен сенің белгіңді көргенім жоқ, көзім нашар көреді' деді.",Транспорт/Общественный транспорт,Транспорт,Общественный транспорт,kk,huggingface,,hf_category
hf-719-ru,"Сотрудники интернет-провайдера, придя на дом, сломали мой роутер.",Другое/Общие вопросы,Другое,Общие вопросы,ru,huggingface,,hf_category
759712/1,"[ЗАЯВИТЕЛЬ] транспорта [ЗАЯВИТЕЛЬ] С.[ЗАЯВИТЕЛЬ] на остановке магазин Ануар по маршруту автобуса № 5 города Караганда время 20-16 час. В данное время был сильный ветер, температура воздуха - 7 градусов цельсия. Ожидал ав",Транспорт/Общественный транспорт,Транспорт,Общественный транспорт,ru,dialog_egov,21.11.2022,query+rules
733466/1,"Добрый день! ЖК Восточка, год Алматы, Кульджинский тракт, не работают полотенесушители с момента заселения, зимой холодно в ванной, болеют дети постоянно, приме меры, еще лифты а полуаварийном состоянии, подтоплены подвалы, течет с крыш при каждом дожде.",ЖКХ/Лифт,ЖКХ,Лифт,ru,dialog_egov,06.04.2022,query+rules
hf-146-ru,От загрязнения воздуха в центре города болит голова.,Благоустройство/Вывоз мусора,Благоустройство,Вывоз мусора,ru,huggingface,,hf_category
752528,"Обращение с регистрационным номером 752528, направленное в Блог И. о. Генерального директора РГП «Казводхоз» [ЗАЯВИТЕЛЬ] находится на рассмотрении у ГО",ЖКХ/Водоснабжение,ЖКХ,Водоснабжение,ru,dialog_egov,30.08.2022,query
hf-597-ru,"Пришлось несколько раз ходить в ЦОН для назначения пособия, так как сотрудники дают разную информацию.",Другое/Общие вопросы,Другое,Общие вопросы,ru,huggingface,,hf_category
hf-883-kk,"Жолдағы бағдаршамның жасыл түсі жанып тұрғанда, көліктердің бірі өтіп кетіп, менің сөмкемді іліп кетті.",Дороги/Дорожное покрытие,Дороги,Дорожное покрытие,kk,huggingface,,hf_category
hf-477-ru,Не могу трудоустроиться по программе 'Серебряный возраст'.,Другое/Общие вопросы,Другое,Общие вопросы,ru,huggingface,,hf_category
hf-153-ru,Аппарат УЗИ в государственной поликлинике постоянно сломан. Людей вынуждают идти в платные центры.,Другое/Общие вопросы,Другое,Общие вопросы,ru,huggingface,,hf_category
764025,"Мен, Кәжденбек [ЗАЯВИТЕЛЬ] 2023 жылдың ақпан айының басында «30/70» және «50/50» ипотекалық бағдарламалары бойынша өтініш берген болатынмын. Сол уақыттан бері менің берген өтінішімді бас тартып жатыр. Осы бағдарлама бойынша жұмыс жасайтын менеджерлерден себебін сұрасам, ол",ЖКХ/Отопление,ЖКХ,Отопление,kk,dialog_egov,12.04.2023,query
hf-521-kk,"Үйдің іргесіндегі суағар құбыр сынған, су іргетасты шайып жатыр.",ЖКХ/Общие вопросы,ЖКХ,Общие вопросы,kk,huggingface,,hf_category
743479,"Добрый день. Мы жители п.Коксай просим Вас решить проблему с прорывом канализации в п.Теректи, Алатауского района, г.Алматы. При въезде в п.Коксай постоянно прорывает канализацию, на дорогах образовываются большие ямы, постоянно вонь, отходы текут в п.Коксай. Данный участок терр",Дороги/Дорожное покрытие,Дороги,Дорожное покрытие,ru,dialog_egov,12.06.2022,query
hf-260-kk,"Автобус жүргізушісі қауіпті маневрлер жасап, басқа көліктерге қауіп төндірді.",Транспорт/Общественный транспорт,Транспорт,Общественный транспорт,kk,huggingface,,hf_category
hf-620-ru,"Водитель автобуса не остановился на остановке, проигнорировав мою просьбу.",Транспорт/Общественный транспорт,Транспорт,Общественный транспорт,ru,huggingface,,hf_category
hf-221-kk,Жол жиегіндегі жаяу жүргіншілер жолына көліктерді қойып кетеді.,Дороги/Дорожное покрытие,Дороги,Дорожное покрытие,kk,huggingface,,hf_category
751502,"ҚР Ішкі істер министрі [ЗАЯВИТЕЛЬ] Абдукаримовичтен 03.12.1972ж.т. Шымкент қаласы, 16-мөлтек аудан, 22-ші үй, 2-ші пәтер тұрғыны ЖСН-[ИИН]. Телефон:[ТЕЛЕФОН], Электронды пошта: [EMAIL] [ЗАЯВИТЕЛЬ] бірге, оның ішінде қыз",Дороги/Дорожное покрытие,Дороги,Дорожное покрытие,kk,dialog_egov,20.08.2022,query
725939,Добрый день! Уже не первый год пытаемся добиться правосудия но все без успешно так как творится беспредел в Семейском городском суде где закрывают глаза на поделку документа акта ввода в эксплуатацию «[ЗАЯВИТЕЛЬ]» по адресу [ЗАЯВИТЕЛЬ] 135 ВКО г.Семей где поделаны подпись начал,Освещение/Уличное освещение,Освещение,Уличное освещение,ru,dialog_egov,08.02.2022,query
721888,"Добрый день, [ЗАЯВИТЕЛЬ]! Обращаюсь не в первый раз в правительство, наверное я бы тоже была в строю митингующих, если бы не мои дети о которых я забочусь. Я многодетная мама, живу в Алматы, и в нашем районе нет газа, отопления, воды ни холодной ни горячей ни поливной, кан",Освещение/Уличное освещение,Освещение,Уличное освещение,ru,dialog_egov,12.01.2022,query
hf-822-kk,"Дәрігердің қабылдауына жазылған уақытымда келсем, ол менің орныма мекеме басшысын қабылдады.",Другое/Общие вопросы,Другое,Общие вопросы,kk,huggingface,,hf_category
741806,"[ЗАЯВИТЕЛЬ]! Я уже обращалась в Ваш адрес по платформе eOtinish. Проблемы остаются не решенными, более того в процессе её использования появляются очередные уязвимости. Ранее я поднимала проблемы открытия файлов в формате docx, отсутствия кнопки выхода из ЛК, поля поис",Транспорт/Общественный транспорт,Транспорт,Общественный транспорт,ru,dialog_egov,31.05.2022,query
hf-1081-kk,"Мемлекеттік мекемеге жазған өтінішіме формальды, мәнсіз жауап келді.",Другое/Общие вопросы,Другое,Общие вопросы,kk,huggingface,,hf_category
hf-888-ru,"Сотрудники полиции приняли мою жалобу, но перепутали ее с другим делом и привлекли меня к ответственности.",Другое/Общие вопросы,Другое,Общие вопросы,ru,huggingface,,hf_category
hf-214-ru,Вместо новых учебников в школе выдали старые.,Другое/Общие вопросы,Другое,Общие вопросы,ru,huggingface,,hf_category
hf-265-ru,В школьной столовой не соблюдаются санитарные нормы.,Другое/Общие вопросы,Другое,Общие вопросы,ru,huggingface,,hf_category
hf-297-kk,Көпбалалы отбасы ретінде коммуналдық қызметтерге жеңілдіктер қарастырылған ба?,Другое/Общие вопросы,Другое,Общие вопросы,kk,huggingface,,hf_category
hf-465-ru,"Чиновник прямо сказал, что ждет 'благодарность' за рассмотрение моего заявления.",Другое/Общие вопросы,Другое,Общие вопросы,ru,huggingface,,hf_category
hf-144-kk,Мектептегі бір сыныпта 40-тан астам бала оқиды. Бұл білім сапасына әсер етеді.,Другое/Общие вопросы,Другое,Общие вопросы,kk,huggingface,,hf_category
282671,"Обращение с регистрационным номером 282671, направленное в Блог [ЗАЯВИТЕЛЬ]-Министра – Министр национальной экономики Республики Казахстан [ЗАЯВИТЕЛЬ] отклонено ГО",Дороги/Дорожное покрытие,Дороги,Дорожное покрытие,ru,dialog_egov,19.07.2014,query
750726/1,"Уважаемый [ЗАЯВИТЕЛЬ]! [ЗАЯВИТЕЛЬ] делаете с нашими дворами? Их закатывают в асфальт, не жалея ни дерева, ни цветка !! Что будут видеть, выходя во двор, наши дети ? Асфальт ? И запах отвратительный ?? Прекратите этот беспредел ! Весной или осенью, вместо запаха цветения или у",Дороги/Дорожное покрытие,Дороги,Дорожное покрытие,ru,dialog_egov,15.08.2022,query+rules
hf-1042-kk,Мемлекеттік сатып алу конкурсының шарттары бір компанияға арнайы жазылған.,Другое/Общие вопросы,Другое,Общие вопросы,kk,huggingface,,hf_category
598465,"Здравствуйте. Прошу вас принять меры и посодействовать в уборке мусора, стихийно образовавшегося на перекрёстке двух улиц Енбекшинского района угол улицы [ЗАЯВИТЕЛЬ] и [ЗАЯВИТЕЛЬ].Неизвестные люди выбрасывают мусор в мешках и тем самым организовалась стихийная свалка",Благоустройство/Вывоз мусора,Благоустройство,Вывоз мусора,ru,dialog_egov,02.03.2020,query+rules
hf-770-ru,"Водитель автобуса не остановился на моей остановке, сказав, что 'здесь остановка запрещена'.",Транспорт/Общественный транспорт,Транспорт,Общественный транспорт,ru,huggingface,,hf_category
hf-601-kk,Ауладағы қоқыс жәшіктерінің қақпақтары сынған.,ЖКХ/Общие вопросы,ЖКХ,Общие вопросы,kk,huggingface,,hf_category
758509,"Уважаемый [ЗАЯВИТЕЛЬ]. Прошу обратить внимание на участок дороги по улице Назарбаева (Фурманова) и пересечения с проспектом Аль-Фараби. При движении ""вниз"" по Назарбаева на повороте налево на Аль-Фараби, часто образуется пробка ввиду неправильной работы све",Дороги/Дорожное покрытие,Дороги,Дорожное покрытие,ru,dialog_egov,04.11.2022,query+rules
hf-96-ru,"Образовалась стихийная свалка. Никто не убирает, стоит ужасный запах.",Благоустройство/Вывоз мусора,Благоустройство,Вывоз мусора,ru,huggingface,,hf_category
749340,"Қайырлы күн! [ЗАЯВИТЕЛЬ], мен [ЗАЯВИТЕЛЬ] қазіргі таңда пәтер жалдап тұратын азаматшалардың бірімін. 2020 жылы Атырау қаласы Алмалы ауылдық округ Береке селосынан жер сатып алып. Жеке үй құрылысын бастадым. Қазіргі уақытта жеке үй құрылысын аяқтай келдім. Ендігі басты кү",ЖКХ/Водоснабжение,ЖКХ,Водоснабжение,kk,dialog_egov,01.08.2022,query
hf-867-ru,"Для назначения пособия потребовали справку о доходах моего супруга, но он работает за границей.",Другое/Общие вопросы,Другое,Общие вопросы,ru,huggingface,,hf_category
748065,"Добрый день, уважаемый [ЗАЯВИТЕЛЬ].. Меня зовут [ЗАЯВИТЕЛЬ], проживаю в п. Жана-Даур, Илийского района. Хотела бы попасть к Вам на прием по вопросу асфальтирования улицы Школьная (где я и проживаю). Т.к. местная власть, судя по всему, не в силах решить данный вопрос. С",Дороги/Дорожное покрытие,Дороги,Дорожное покрытие,ru,dialog_egov,19.07.2022,query+rules
hf-1038-ru,"Интернет часто отключается, в техподдержку не дозвониться.",Другое/Общие вопросы,Другое,Общие вопросы,ru,huggingface,,hf_category
hf-660-ru,Водитель автобуса просит перевести оплату за проезд на свою карту вместо терминала.,Транспорт/Общественный транспорт,Транспорт,Общественный транспорт,ru,huggingface,,hf_category
744043,"Здраствуйте уважаемый Аким города Алматы! Пишу вам с просьбой, и мольбой, откройте нам русскоязычную школу в районе Алматы Арена, это Алатауский район, мкр Акбулак. Алматы Арена это новый мкр, здесь живет очень много населения, многоэтажные дома, но школы русскоязычной нет, дети",Транспорт/Общественный транспорт,Транспорт,Общественный транспорт,ru,dialog_egov,16.06.2022,query
141855,"Обращение с регистрационным номером 141855, направленное в Блог Министр труда и социальной защиты населения РК [ЗАЯВИТЕЛЬ] отклонено ГО",ЖКХ/Водоснабжение,ЖКХ,Водоснабжение,ru,dialog_egov,03.05.2012,query
648592,"Комитет труда, социальной за-щиты и миграции Министер-ства труда и социальной защи-ты населения [ЗАЯВИТЕЛЬ] на незаконные действия ГУ «Управление государственной инспекции тру-да Мангистауской области» В соответствии со ст. 198 [ЗАЯВИТЕЛЬ]: В случае нарушения прав и законн",Транспорт/Общественный транспорт,Транспорт,Общественный транспорт,ru,dialog_egov,23.10.2020,query
hf-69-kk,Автобус жүргізушілері жолда бір-бірімен жарысады. Бұл жолаушылардың өміріне қауіп төндіреді.,Транспорт/Общественный транспорт,Транспорт,Общественный транспорт,kk,huggingface,,hf_category
hf-71-ru,Фундамент дома проседает. Трещин на стенах становится больше. Дом нужно признать аварийным.,ЖКХ/Общие вопросы,ЖКХ,Общие вопросы,ru,huggingface,,hf_category
hf-45-ru,Ремонт в школе моего ребенка начали посреди учебного года. Это мешает учебному процессу.,Другое/Общие вопросы,Другое,Общие вопросы,ru,huggingface,,hf_category
hf-302-kk,Бір аптадан бері ыстық су жоқ. Авариялық қызмет себебін түсіндірмейді.,ЖКХ/Общие вопросы,ЖКХ,Общие вопросы,kk,huggingface,,hf_category
hf-470-kk,"Автобус жүргізушісі жолда телефонмен сөйлесіп, ойын ойнап отырды.",Транспорт/Общественный транспорт,Транспорт,Общественный транспорт,kk,huggingface,,hf_category
hf-650-ru,Водитель автобуса проехал мою остановку.,Транспорт/Общественный транспорт,Транспорт,Общественный транспорт,ru,huggingface,,hf_category
699737,"Обращение с регистрационным номером 699737, направленное в Блог Аким города Алматы [ЗАЯВИТЕЛЬ]A. находится на рассмотрении у ГО",Освещение/Уличное освещение,Освещение,Уличное освещение,ru,dialog_egov,09.08.2021,query
hf-680-kk,Автобус жүргізушісі менің жеңілдік картама күмәнмен қарады.,Транспорт/Общественный транспорт,Транспорт,Общественный транспорт,kk,huggingface,,hf_category
142139/1,Сарыағаш ауданы Капланбек ауыл округі Қанағат елді мекені [ЗАЯВИТЕЛЬ] &nbs [ЗАЯВИТЕЛЬ] Здравоохранение 04.05.2012 142139/1 450 Подробнее,ЖКХ/Лифт,ЖКХ,Лифт,kk,dialog_egov,04.05.2012,query
132721,"Здравствуйте! Прошу дать ответ на следующий вопрос. Я член инициативной группы КСК. В нашем доме сломался лифт. Встал вопрос оплаты. Жители 1 и 2 этажей отказываются вносить необходимую сумму, мотивируя это тем, что они лифтом не пользуются. Вместе с тем, согласно Закону ""О жи",ЖКХ/Лифт,ЖКХ,Лифт,ru,dialog_egov,17.03.2012,query+rules
hf-82-ru,В магазинах возле школы продают сигареты школьникам. Никто не обращает на это внимания.,Другое/Общие вопросы,Другое,Общие вопросы,ru,huggingface,,hf_category
hf-54-kk,Аула ішіндегі жолдарға жасанды кедергілерді (лежачий полицейский) орнатып беруіңізді сұраймыз. Көліктер қатты жүреді.,Дороги/Дорожное покрытие,Дороги,Дорожное покрытие,kk,huggingface,,hf_category
hf-1031-kk,Дәрігердің қабылдауына жазылу үшін бірнеше апта кезекте тұру керек.,Другое/Общие вопросы,Другое,Общие вопросы,kk,huggingface,,hf_category
hf-1014-kk,Балабақшадағы тәрбиеші менің балама қол көтерді.,Другое/Общие вопросы,Другое,Общие вопросы,kk,huggingface,,hf_category
hf-650-kk,Автобус жүргізушісі менің аялдамамнан өткізіп жіберді.,Транспорт/Общественный транспорт,Транспорт,Общественный транспорт,kk,huggingface,,hf_category
hf-1064-ru,Сотрудники дорожной полиции не принимают мер к нарушителям ПДД.,Другое/Общие вопросы,Другое,Общие вопросы,ru,huggingface,,hf_category
hf-822-ru,"Когда я пришел на прием в свое время, врач принял вместо меня руководителя учреждения.",Другое/Общие вопросы,Другое,Общие вопросы,ru,huggingface,,hf_category
hf-841-kk,Үйдің кіреберісіндегі лифттің есігі қисайып қалған.,ЖКХ/Общие вопросы,ЖКХ,Общие вопросы,kk,huggingface,,hf_category
hf-629-kk,"Интернет провайдерінің қызметіне шағымдансам, интернетті сөндіріп тастаймыз деп қорқытады.",Другое/Общие вопросы,Другое,Общие вопросы,kk,huggingface,,hf_category
hf-342-kk,"Подъездегі электр щиті ашық тұр, бұл балалар үшін қауіпті.",ЖКХ/Общие вопросы,ЖКХ,Общие вопросы,kk,huggingface,,hf_category
hf-633-ru,"Зеленый сигнал светофора на дороге горит слишком недолго, не успеваем перейти.",Дороги/Дорожное покрытие,Дороги,Дорожное покрытие,ru,huggingface,,hf_category
750517,"Добрый день, уже не однократно обращалась по вопросу освещения и озеленения по адресу Лободы дом 46,согласно ответа на обращение номер ""740156"", до 1го августа должны были произвести работы, но как двор был тёмным, так и остался. Аварийные деревья так же стоят нетронут",Освещение/Уличное освещение,Освещение,Уличное освещение,ru,dialog_egov,11.08.2022,query+rules
hf-484-ru,В меню школьной столовой нет информации об аллергенах в блюдах.,Другое/Общие вопросы,Другое,Общие вопросы,ru,huggingface,,hf_category
hf-1016-kk,Қаланың ауа сапасы туралы нақты ақпаратты қайдан алуға болады?,Благоустройство/Вывоз мусора,Благоустройство,Вывоз мусора,kk,huggingface,,hf_category
hf-181-ru,Водитель автобуса разговаривал по телефону и нарушал правила дорожного движения.,Транспорт/Общественный транспорт,Транспорт,Общественный транспорт,ru,huggingface,,hf_category
hf-1005-ru,Инспектор дорожной полиции остановил без причины и вымогал деньги.,Другое/Общие вопросы,Другое,Общие вопросы,ru,huggingface,,hf_category
hf-616-kk,"Қаланың жанындағы орман алқабында ағаштарды кесіп, орнына коттедждер салып жатыр.",Благоустройство/Вывоз мусора,Благоустройство,Вывоз мусора,kk,huggingface,,hf_category
hf-472-kk,"Дәрігер менің ауру тарихыммен таныспай, ем тағайындады.",Другое/Общие вопросы,Другое,Общие вопросы,kk,huggingface,,hf_category
764819,"Обращение с регистрационным номером 764819, направленное в Блог Директор ГКП на ПХВ Областная многопрофильная клиника ГУ Управление [ЗАЯВИТЕЛЬ] области [ЗАЯВИТЕЛЬ] находится на рассмотрении у ГО",ЖКХ/Отопление,ЖКХ,Отопление,ru,dialog_egov,11.01.2024,query
650687,"Обращение с регистрационным номером 650687, направленное в Блог [ЗАЯВИТЕЛЬ] РК [ЗАЯВИТЕЛЬ] отклонено ГО 19.11.2020",Дороги/Дорожное покрытие,Дороги,Дорожное покрытие,ru,dialog_egov,05.11.2020,query
hf-411-ru,"Дорога перед домом не заасфальтирована, сплошная грязь.",ЖКХ/Общие вопросы,ЖКХ,Общие вопросы,ru,huggingface,,hf_category
758904/1,"Добрый день! Согласно подпункту 1) пункта 3 [ЗАЯВИТЕЛЬ] национальной экономики РК от 20.03.2015 г. № 235 «Об утверждении Типовых правил содержания и защиты зеленых насаждений, правил благоустройства территорий городов и населенных пунктов», благоустройство – это совокупност",ЖКХ/Водоснабжение,ЖКХ,Водоснабжение,ru,dialog_egov,11.11.2022,query
hf-659-kk,Интернет провайдерінің қызметкерлері жұмыс уақытынан тыс уақытта хабарласады.,Другое/Общие вопросы,Другое,Общие вопросы,kk,huggingface,,hf_category
hf-291-kk,"Жолдың үстіндегі жаяу жүргіншілер көпірінің жағдайы нашар, жүруге қорқынышты.",Дороги/Дорожное покрытие,Дороги,Дорожное покрытие,kk,huggingface,,hf_category
hf-479-kk,Интернет провайдерінің қызмет көрсету сапасы туралы шағымды қайда жазуға болады?,Другое/Общие вопросы,Другое,Общие вопросы,kk,huggingface,,hf_category
hf-185-ru,"Ремонт в школе сделали некачественно. Краска облупилась, штукатурка сыпется.",Другое/Общие вопросы,Другое,Общие вопросы,ru,huggingface,,hf_category
hf-180-kk,Үйге қосылған интернеттің жылдамдығы кешке қарай күрт төмендейді.,Другое/Общие вопросы,Другое,Общие вопросы,kk,huggingface,,hf_category
hf-868-kk,"Полиция қызметкерлері менің шағымымды қабылдап, бірақ оны басқа бөлімшеге жіберіп, содан бері жоғалтып алды.",Другое/Общие вопросы,Другое,Общие вопросы,kk,huggingface,,hf_category
hf-874-ru,Из-за плохого качества еды в школьной столовой мой ребенок невнимателен на уроках.,Другое/Общие вопросы,Другое,Общие вопросы,ru,huggingface,,hf_category
hf-781-kk,Үйдің кіреберісіндегі лифттің айнасы сынған.,ЖКХ/Общие вопросы,ЖКХ,Общие вопросы,kk,huggingface,,hf_category
hf-485-ru,"Мои документы, сданные в госорган, потерялись.",Другое/Общие вопросы,Другое,Общие вопросы,ru,huggingface,,hf_category
hf-63-ru,В колледже не хватает учебников. Студенты вынуждены искать материалы самостоятельно.,Другое/Общие вопросы,Другое,Общие вопросы,ru,huggingface,,hf_category
569561,Уважаемый [ЗАЯВИТЕЛЬ]! Прошу Вас помочь в разрешении данной проблемы. Суть ее такова. В настоящее время складывается непростая ситуация с состоянием подвала многоквартирного дома №296 ул. Жарокова (4 подъезд) и расположенных в нем коммуникаций. Два месяца назад произошл,ЖКХ/Водоснабжение,ЖКХ,Водоснабжение,ru,dialog_egov,17.09.2019,query
hf-360-ru,"Водитель автобуса проехал остановку, устроив гонки.",Транспорт/Общественный транспорт,Транспорт,Общественный транспорт,ru,huggingface,,hf_category
hf-89-ru,"Пандусы для инвалидов сделаны неправильно, слишком крутые. На коляске невозможно подняться.",Транспорт/Общественный транспорт,Транспорт,Общественный транспорт,ru,huggingface,,hf_category
hf-309-ru,"Обещали провести в село оптоволоконный интернет, но работы так и не начались.",Другое/Общие вопросы,Другое,Общие вопросы,ru,huggingface,,hf_category
759270,"Обращение с регистрационным номером 759270, направленное в Блог [ЗАЯВИТЕЛЬ] РК [ЗАЯВИТЕЛЬ] отклонено ГО 28.11.2022",Транспорт/Общественный транспорт,Транспорт,Общественный транспорт,ru,dialog_egov,15.11.2022,query
hf-56-ru,Черный дым из трубы завода накрыл город. Невозможно открыть окна.,Благоустройство/Вывоз мусора,Благоустройство,Вывоз мусора,ru,huggingface,,hf_category
749024,"Қайырлы күн ! мен зейнеткермін, мүгедектігім бар, 2021 жылы наурыз айынша Алматы облысы (жетісу) Талдықорған қаласы катежді қалашық ""береке"" 566 үйден шаңырақ бағдарламасы бойынша үй алғам, алайда 1 жыл болды жергілікті жкх, құрылыс бөлімдерінің табалдырығын тоздырдым,",ЖКХ/Водоснабжение,ЖКХ,Водоснабжение,kk,dialog_egov,28.07.2022,query
hf-685-kk,Мемлекеттік сатып алу конкурсының жеңімпазы үнемі бір компания болады.,Другое/Общие вопросы,Другое,Общие вопросы,kk,huggingface,,hf_category
hf-534-ru,Кабинет первой медицинской помощи в школе постоянно закрыт.,Другое/Общие вопросы,Другое,Общие вопросы,ru,huggingface,,hf_category
240410,"На регулярных автобусных маршрутах Алматинской области работают сотни автобусов – дикарей и тысячи таксистов-нелегалов. Так, около автовокзала г.Капчагай из-за указанных перевозчиков невозможно даже пройти. ТОО «Капчагайский автобусный парк» обслуживает ре",Транспорт/Общественный транспорт,Транспорт,Общественный транспорт,ru,dialog_egov,26.12.2013,query+rules
hf-430-ru,"Водитель автобуса проехал мимо остановки, не забрав меня.",Транспорт/Общественный транспорт,Транспорт,Общественный транспорт,ru,huggingface,,hf_category
hf-595-ru,Служебные автомобили чиновников часто нарушают ПДД.,Другое/Общие вопросы,Другое,Общие вопросы,ru,huggingface,,hf_category
686112,"[ЗАЯВИТЕЛЬ] минстрі М. [ЗАЯВИТЕЛЬ] облысы бойынша Сот сараптамалары институты орталығының директоры Ш.[ЗАЯВИТЕЛЬ] АПБ-ның бастығы Полиция подполковнигі Е.[ЗАЯВИТЕЛЬ] облысы, Қазығұрт ауданы, Жаңабазар ауылы, [ЗАЯВИТЕЛЬ] №7",Дороги/Дорожное покрытие,Дороги,Дорожное покрытие,kk,dialog_egov,20.05.2021,query
hf-73-kk,Мектептегі спорт зал қыста өте суық. Балалар сырт киіммен жаттығуға мәжбүр.,Другое/Общие вопросы,Другое,Общие вопросы,kk,huggingface,,hf_category
729957,"Добрый день, Я являюсь жителем ЖК «Central Esentai Residence», расположенный по адресу г.Алматы, мкр.Көктем-3, дом 24. Рядом с домом находится многоуровневый автомобильный паркинг Национального банка РК. В настоящее время прилегающая территория данного паркинга превратилась в сти",Благоустройство/Вывоз мусора,Благоустройство,Вывоз мусора,ru,dialog_egov,05.03.2022,query
hf-801-kk,"Ауладағы балалар алаңындағы сырғанақ тот басып, қауіпті болып тұр.",ЖКХ/Общие вопросы,ЖКХ,Общие вопросы,kk,huggingface,,hf_category
hf-633-kk,"Жолдағы бағдаршамның жасыл түсі тым қысқа жанады, өтіп үлгермейміз.",Дороги/Дорожное покрытие,Дороги,Дорожное покрытие,kk,huggingface,,hf_category
hf-458-kk,Полиция қызметкері менің көлігімді негізсіз тінтуге тырысты.,Другое/Общие вопросы,Другое,Общие вопросы,kk,huggingface,,hf_category
hf-563-kk,"Жолдағы бағдаршам жұмыс істемейді, соның кесірінен үлкен кептеліс пайда болды.",Дороги/Дорожное покрытие,Дороги,Дорожное покрытие,kk,huggingface,,hf_category
hf-262-kk,Көп қабатты үйдің жертөлесін бөгде адамдар мекендеп алған.,ЖКХ/Общие вопросы,ЖКХ,Общие вопросы,kk,huggingface,,hf_category
hf-924-kk,Мектеп асханасындағы тамақтар үнемі суық болады.,Другое/Общие вопросы,Другое,Общие вопросы,kk,huggingface,,hf_category
hf-514-ru,Школьный психолог не работает с учениками.,Другое/Общие вопросы,Другое,Общие вопросы,ru,huggingface,,hf_category
hf-526-kk,Қала ішіндегі ТЭЦ-тің түтіні ауаны ластап жатыр.,Благоустройство/Вывоз мусора,Благоустройство,Вывоз мусора,kk,huggingface,,hf_category
hf-733-kk,"Жолдағы шұңқырлардың кесірінен көлігімнің дөңгелегін жиі ауыстырамын, бұл бюджетіме әсер етеді.",Дороги/Дорожное покрытие,Дороги,Дорожное покрытие,kk,huggingface,,hf_category
hf-702-kk,Жолдағы шұңқырдың кесірінен көлігімнің дөңгелегін жарып алдым. Шығынды кім өтейді?,Дороги/Дорожное покрытие,Дороги,Дорожное покрытие,kk,huggingface,,hf_category
761156,"важаемый [ЗАЯВИТЕЛЬ]! Мы жители ЖК Фэмили парк, который находится по адресу Кабанбай батыра 75 а, обращались к Вам 03.03.2022, были неоднократно на приеме у вашего заместителя [ЗАЯВИТЕЛЬ] обращались к Вам на онлайн приеме, но до сих пор ситуация с нашим ЖК не изменилась. На",ЖКХ/Отопление,ЖКХ,Отопление,ru,dialog_egov,06.12.2022,query
hf-381-ru,Уже несколько недель прошу КСК заменить лампочку в подъезде.,ЖКХ/Общие вопросы,ЖКХ,Общие вопросы,ru,huggingface,,hf_category
hf-3-ru,"В городе Шымкент по проспекту Тауке хана мусорные контейнеры постоянно переполнены. Их не вывозят вовремя, распространяется неприятный запах. Помогите решить проблему.",ЖКХ/Общие вопросы,ЖКХ,Общие вопросы,ru,huggingface,,hf_category
753861,"Добрый день! По моему обращению №751855 от 24.08.2022 года касательно отсутствия специальной площадки для размещения контейнеров для сбора твердо-бытовых отходов в соответствии с требованиями Санитарных правил акимат направляет письмо - ответ от ТОО ""ФЕБ Групп"", о том",Благоустройство/Вывоз мусора,Благоустройство,Вывоз мусора,ru,dialog_egov,12.09.2022,query+rules
562098,"Весной этого года по адресу г. Алматы, ул. Карасай батыра 91 и ул. Масанчи 56, был произведен ремонт территории, прилегающей к нашим домам. Была демонтирована детская площадка, на ее месте поставили новую, игровую зону снабдили мягким покрытием, полностью заменили асфальтовое",Благоустройство/Вывоз мусора,Благоустройство,Вывоз мусора,ru,dialog_egov,08.08.2019,query
733338,"Уважаемый, [ЗАЯВИТЕЛЬ]! Я, Гомартели [ЗАЯВИТЕЛЬ]. Прошу Вас в помощи решения вопроса. Наш аким населенного пункта [ЗАЯВИТЕЛЬ], Карасайского района, Алматинской области - [ЗАЯВИТЕЛЬ]. Не принимает никаких мер по устранению проблем на улице Майлина",Дороги/Дорожное покрытие,Дороги,Дорожное покрытие,ru,dialog_egov,02.04.2022,query
hf-558-ru,"Когда я вызываю полицию из-за шума во дворе, к их приезду шум уже прекращается.",Другое/Общие вопросы,Другое,Общие вопросы,ru,huggingface,,hf_category
hf-329-ru,"Скорость интернета хорошая ночью, но очень медленная днем.",Другое/Общие вопросы,Другое,Общие вопросы,ru,huggingface,,hf_category
hf-351-kk,"Көшедегі люктің қақпағын біреу ұрлап кетті. Ашық жатыр, өте қауіпті.",ЖКХ/Общие вопросы,ЖКХ,Общие вопросы,kk,huggingface,,hf_category
756871/1,"От городского акимата и отдела ЖКХ г. Усть-Каменогорск ВКО на свое обращение получаем лишь формальные ответы и обещания, но никакие реальные действия не производятся! Так, в период с 2020-2022 гг. жители садоводческих товариществ «Ветеран-Инвестор», «Радуга», «Самоцветы», «Черем",Транспорт/Общественный транспорт,Транспорт,Общественный транспорт,ru,dialog_egov,11.10.2022,query
hf-289-ru,Очень сложно расторгнуть договор с интернет-провайдером.,Другое/Общие вопросы,Другое,Общие вопросы,ru,huggingface,,hf_category
hf-784-ru,Из-за плохого качества еды в школьной столовой мой ребенок не ест в школе.,Другое/Общие вопросы,Другое,Общие вопросы,ru,huggingface,,hf_category
hf-321-ru,Припаркованные на обочине машины мешают пешеходам.,Дороги/Дорожное покрытие,Дороги,Дорожное покрытие,ru,huggingface,,hf_category
hf-98-kk,Интернет-банкингтегі жеке кабинетіме кіре алмаймын. Техникалық қолдау қызметі жауап бермейді.,Другое/Общие вопросы,Другое,Общие вопросы,kk,huggingface,,hf_category
255592,"Добрый день. Помогите пожалуйста в решении проблем нашего дома. В нашем доме в 2011 году по программе модернизации ЖКХ ТОО "" Тұрғын үй жөндеу – Тараз выполнялся капитальный ремонт систем теплоснабжения, канализации и кровли крыши. И уже в 2011 году, после первых",ЖКХ/Водоснабжение,ЖКХ,Водоснабжение,kk,dialog_egov,10.03.2014,query+rules
hf-245-kk,Шенеуніктердің туыстары мемлекеттік тендерлерді жиі ұтып алады.,Другое/Общие вопросы,Другое,Общие вопросы,kk,huggingface,,hf_category
hf-290-ru,Валидаторы для приема оплаты в общественном транспорте часто не работают.,Транспорт/Общественный транспорт,Транспорт,Общественный транспорт,ru,huggingface,,hf_category
hf-552-kk,Дәрігердің қабылдауына жазылған номерімді басқа адамға беріп жіберген.,Другое/Общие вопросы,Другое,Общие вопросы,kk,huggingface,,hf_category
hf-601-ru,Крышки на мусорных контейнерах во дворе сломаны.,ЖКХ/Общие вопросы,ЖКХ,Общие вопросы,ru,huggingface,,hf_category
745971,Сәлеметсізбе мен [ЗАЯВИТЕЛЬ] қызы мен бес баланың анасымын сізге айтар арызым бар не себепті жіберілген өтініштерге дұрыс жауап қайтарылмайды. Өтінішті мәжбүр болғаедықтан жазамызғой неге жеңілдіктер жоқ жаңа үйге кіріп жатырмыз газ қостыру суға рұқсат алу тым қымбат б,ЖКХ/Водоснабжение,ЖКХ,Водоснабжение,kk,dialog_egov,30.06.2022,query
hf-876-ru,У зон отдыха у реки нет полигона для утилизации отходов.,Благоустройство/Вывоз мусора,Благоустройство,Вывоз мусора,ru,huggingface,,hf_category
hf-861-kk,Үйдің кіреберісіндегі лифттің шақыру батырмасы істемейді.,ЖКХ/Общие вопросы,ЖКХ,Общие вопросы,kk,huggingface,,hf_category
hf-420-ru,Автобусы в вечернее время ходят очень редко.,Транспорт/Общественный транспорт,Транспорт,Общественный транспорт,ru,huggingface,,hf_category
hf-870-ru,"Водитель автобуса не остановился на моей остановке, сказав, что 'он не видел моего знака, забыл очки'.",Транспорт/Общественный транспорт,Транспорт,Общественный транспорт,ru,huggingface,,hf_category
hf-717-kk,Жұмыспен қамту орталығы ұсынған жұмыс менің мамандығыма сәйкес келмейді.,Другое/Общие вопросы,Другое,Общие вопросы,kk,huggingface,,hf_category
hf-667-ru,Для назначения пособия потребовали справку о пенсии моих родителей.,Другое/Общие вопросы,Другое,Общие вопросы,ru,huggingface,,hf_category
754892,Құрметті министр ханым.менің қамқорлығымда сот шешімімен әрекетке қабілетсіз 18жастанжоғары ауырған иин [ИИН] бірінші топ мүгедек.Басқа мүгедектер сияқты бұл мүгедектерді мемлекеттен оңалтыру орталығына .санаторияларүа жіберілмейді .мемлекеттен басқа мүгедектерге тағайынд,ЖКХ/Отопление,ЖКХ,Отопление,kk,dialog_egov,21.09.2022,query
736339,"Добрый день! Меня зовут Сергей.У меня вопрос кто у нас в городе отвечает за пассажирский транспорт.А точнее за его движение и поведение водителей. У меня да и не только одного меня, несколько вопросов: 1) Почему водитель не открывает заднюю дверь сходящим и кричит из своей конуры",Транспорт/Общественный транспорт,Транспорт,Общественный транспорт,ru,dialog_egov,20.04.2022,query+rules
hf-304-kk,Бастауыш сынып оқушыларының сөмкелері өте ауыр. Электронды оқулықтарға көшу мәселесін қарастыру керек.,Другое/Общие вопросы,Другое,Общие вопросы,kk,huggingface,,hf_category
hf-559-kk,"Интернет провайдерінің қызметін тоқтатсам да, маған есеп-шот келіп тұр.",Другое/Общие вопросы,Другое,Общие вопросы,kk,huggingface,,hf_category
756788,"Подачу водоснабжения в жилые дома ЖМ [ЗАЯВИТЕЛЬ] осуществляет ТОО «Алатаукомсервис», который является субъектом естественных монополий. 02 октября 2022 года на объекте данной организации произошла аварийная ситуация, в результате которой уже несколько дней целый жилой комплекс со",ЖКХ/Водоснабжение,ЖКХ,Водоснабжение,ru,dialog_egov,08.10.2022,query+rules
hf-721-ru,Дверь лифта в подъезде не закрывается должным образом.,ЖКХ/Общие вопросы,ЖКХ,Общие вопросы,ru,huggingface,,hf_category
748473,"Сізге eotinish.kz порталы арқылы ЖТ-2022-01545628 өтініш жолдаған болатынбыз. Осыған орай мәселенің шешілмеу салдарынан: 1- Қазыргі таңда жүргізіліп жатқан газ құбырлары біздің көшені айналып өтіп жатыр, параллель жатқан екі көшеге жүргізіліп жатыр. 2- Су құбырлары көшеге жүрмег",ЖКХ/Водоснабжение,ЖКХ,Водоснабжение,kk,dialog_egov,23.07.2022,query+rules
759524,"Мы недавно переехали с ул. Пожарского в 12 микрорайон г. Актобе. В связи с чем возникла проблема у сына [ЗАЯВИТЕЛЬ], учащегося 8 класса средней школы № 26. Ему стало сложно и трудно добираться до школы и обратно домой в темное время суток. В школу он едет на автобусе 45-50",Транспорт/Общественный транспорт,Транспорт,Общественный транспорт,ru,dialog_egov,17.11.2022,query+rules
hf-357-ru,Пришлось простоять в очереди в ЦОНе несколько часов для оформления пособия.,Другое/Общие вопросы,Другое,Общие вопросы,ru,huggingface,,hf_category
hf-387-ru,"Приходится тратить очень много времени и нервов, чтобы получить социальную помощь.",Другое/Общие вопросы,Другое,Общие вопросы,ru,huggingface,,hf_category
hf-137-ru,Для получения единовременного пособия по рождению ребенка нужно собирать много документов.,Другое/Общие вопросы,Другое,Общие вопросы,ru,huggingface,,hf_category
hf-388-kk,Көшедегі төбелеске полиция бір сағаттан кейін әрең келді.,Другое/Общие вопросы,Другое,Общие вопросы,kk,huggingface,,hf_category
hf-323-kk,Дәрігердің қабылдауына жазылған уақытымнан бір сағат кеш кірдім.,Другое/Общие вопросы,Другое,Общие вопросы,kk,huggingface,,hf_category
hf-213-ru,Врач рекомендует сдавать анализы в платной лаборатории.,Другое/Общие вопросы,Другое,Общие вопросы,ru,huggingface,,hf_category
hf-24-ru,Сотрудники полиции останавливают без причины и хотят досмотреть салон автомобиля. Насколько это законно?,Другое/Общие вопросы,Другое,Общие вопросы,ru,huggingface,,hf_category
hf-431-ru,На детской площадке возле дома распивают алкогольные напитки.,ЖКХ/Общие вопросы,ЖКХ,Общие вопросы,ru,huggingface,,hf_category
hf-273-kk,"Тіс дәрігеріне тегін жазылу мүмкін емес, кезек жарты жылға созылады.",Другое/Общие вопросы,Другое,Общие вопросы,kk,huggingface,,hf_category
hf-579-ru,Интернет-провайдер требует большой штраф за расторжение договора.,Другое/Общие вопросы,Другое,Общие вопросы,ru,huggingface,,hf_category
hf-538-kk,Көлігімді эвакуациялаған кезде зақымдап тастады.,Другое/Общие вопросы,Другое,Общие вопросы,kk,huggingface,,hf_category
hf-1025-ru,"Качество еды в школьной столовой ухудшилось, а цены выросли. Дети остаются голодными.",Другое/Общие вопросы,Другое,Общие вопросы,ru,huggingface,,hf_category
751814,"23.08.2022ж. №14 [ЗАЯВИТЕЛЬ] сақтау министрі [ЗАЯВИТЕЛЬ] «Сынақ» мүмкіндігі шектеулі жандарды оңалту және әлеуметтік құқықтарын іске асыру, қорғау» ҚБ [ЗАЯВИТЕЛЬ] Абдукаримовичтен (Шымкент қ.,16м/а, 22-2,",Дороги/Дорожное покрытие,Дороги,Дорожное покрытие,kk,dialog_egov,23.08.2022,query
hf-442-ru,Многие врачи в поликлинике молодые и неопытные.,Другое/Общие вопросы,Другое,Общие вопросы,ru,huggingface,,hf_category
753840,"Комитета автомобильных дорог [ЗАЯВИТЕЛЬ] от жителей Каратауского района, микрорайон Достык, улица Кызыл кол. Уважаемый [ЗАЯВИТЕЛЬ]! [ЗАЯВИТЕЛЬ] района, микрорайона Достык, г. Шымкент, просят обратить внимание на улицу Кызыл кол. 5 лет назад, при прокладке асфальта в нашем",Освещение/Уличное освещение,Освещение,Уличное освещение,ru,dialog_egov,12.09.2022,query
486745,"Добрый день, вот уже третий день, с 26 февраля 2018г у нас на улице г Алматы, Алатауский район, ул [ЗАЯВИТЕЛЬ] уг Ачинской создалась аварийная обстановка. С земли идет вода и затопило улицу, земля осела. Мы звоним в Алматы Су уже третий день -круглосуточно принимают зво",ЖКХ/Водоснабжение,ЖКХ,Водоснабжение,ru,dialog_egov,28.02.2018,query+rules
133069,&nbsp [ЗАЯВИТЕЛЬ] Туризм 19.03.2012 133069 407 Подробнее,Транспорт/Общественный транспорт,Транспорт,Общественный транспорт,ru,dialog_egov,19.03.2012,query
hf-77-ru,Не могу получить подъемное пособие по программе 'С дипломом в село'.,Другое/Общие вопросы,Другое,Общие вопросы,ru,huggingface,,hf_category
760684,[ЗАЯВИТЕЛЬ] мырза. [ЗАЯВИТЕЛЬ] облысы Сауран ауданының Шаға ауыл әкімшілігіне қарасты Бершінтөбе елді мекенінің тұрғындары атынан. Сізге жолдап отырған халықтың көкейіндегі коптен қиналып жүрген жол мәселесі аулда көлік жүретін 1 км тас жол б,Дороги/Дорожное покрытие,Дороги,Дорожное покрытие,kk,dialog_egov,30.11.2022,query
754180,"Здравствуйте, можно как-то обратить внимание на отдел ЖКХ г.Костаная. Во дворе дома Маяковского 121 был ремонт: замена асфальта. После замены, мусорные баки перенесли в другие дворы по ул. Волынова, 8. Моя мама одна проживает по Маяковского 121 и она ограничена в физическом плане",Благоустройство/Вывоз мусора,Благоустройство,Вывоз мусора,ru,dialog_egov,14.09.2022,query
749022/2,"Обращение с регистрационным номером 749022/2, направленное в Блог Аким области Жетісу [ЗАЯВИТЕЛЬ] отклонено ГО 01.08.2022",ЖКХ/Водоснабжение,ЖКХ,Водоснабжение,ru,dialog_egov,29.07.2022,query
756720,Добрый день! ЖК Мадрид сдан был в июне. Застройщик G Park . До сих пор нету горячей воды и отопления. А также наш ЖК подключен к временной ЭС. Как мы можем перейти на постоянную ЭС. Каждый день отключается свет. Дома нет отопления. А также есть претензий к работе сотовых оператор,ЖКХ/Водоснабжение,ЖКХ,Водоснабжение,ru,dialog_egov,07.10.2022,query+rules
hf-769-kk,"Интернет провайдерінің қызметкерлері үйге келгенде, менің үй жануарларымды қорқытты.",Другое/Общие вопросы,Другое,Общие вопросы,kk,huggingface,,hf_category
hf-421-ru,Запах из мусоропровода в подъезде доходит до квартиры.,ЖКХ/Общие вопросы,ЖКХ,Общие вопросы,ru,huggingface,,hf_category
hf-779-ru,"Сотрудники интернет-провайдера, придя на дом, курили в моей квартире.",Другое/Общие вопросы,Другое,Общие вопросы,ru,huggingface,,hf_category
748228,"Шымкент қаласына кіреберіс күре жолдың бірі Алматы тас жолының ""Саяжай"" (Алматы трассасы-әл Фараби қиылысы) және ""Зафар"" (Алматы трассасы-Алимбетов қиылысы) аялдамалары аралығындағы бөлігі ондаған жыл жөндеу көрмеп еді, кейінгі 5-6 жыл созбұйдаға салынған құры",Дороги/Дорожное покрытие,Дороги,Дорожное покрытие,kk,dialog_egov,20.07.2022,query
hf-799-ru,"Сотрудники интернет-провайдера, придя на дом, нарушали порядок в моей квартире.",Другое/Общие вопросы,Другое,Общие вопросы,ru,huggingface,,hf_category
hf-439-kk,Интернет провайдері тарифтік жоспардың шарттарын біржақты өзгертті.,Другое/Общие вопросы,Другое,Общие вопросы,kk,huggingface,,hf_category
hf-875-kk,Мемлекеттік сатып алу конкурсының жеңімпазының техникасы ескі екені белгілі болды.,Другое/Общие вопросы,Другое,Общие вопросы,kk,huggingface,,hf_category
647169,"Заявление Просим Вас рассмотреть Наше обращение по ремонту и облагораживанию двора, находящегося в квадрате розыбакиева/басенова/радостовца, относящегося к домам на Басенова 29 и Розыбакиева 230. Ввиду того, что с момента ремонта нашего двора не прошло и года, а уже требуется",Освещение/Уличное освещение,Освещение,Уличное освещение,ru,dialog_egov,15.10.2020,query
hf-18-ru,Сотрудники полиции закрывают глаза на нарушения ПДД. Это ведет к увеличению количества аварий.,Другое/Общие вопросы,Другое,Общие вопросы,ru,huggingface,,hf_category
hf-503-kk,Қалааралық жолдағы 'Сергек' камерасының жылдамдықты дұрыс көрсетпейтініне күмәнім бар.,Дороги/Дорожное покрытие,Дороги,Дорожное покрытие,kk,huggingface,,hf_category
hf-656-kk,Қаланың жанындағы өзенге жақын жерде заңсыз құм карьері пайда болды.,Благоустройство/Вывоз мусора,Благоустройство,Вывоз мусора,kk,huggingface,,hf_category
hf-196-kk,"Шенеунік қабылдау кезінде менің мәселемді тыңдамай, телефонмен сөйлесті.",Другое/Общие вопросы,Другое,Общие вопросы,kk,huggingface,,hf_category
762703,"Здравствуйте, я ранее уже оставляла вам свою заявку под номером №754519 и №758568. Вы обещали, что данная яма прямо на дороге по улице Кунаева, не доезжая ул.Гоголя перед магазином Deutsche Mode будет отремонтирована. Вы обещали, что яму закроете до конца октября, потом в декаб",Дороги/Дорожное покрытие,Дороги,Дорожное покрытие,ru,dialog_egov,30.12.2022,query+rules
hf-710-ru,"Водитель автобуса не остановился на остановке и не подождал пенсионера, который шел за мной.",Транспорт/Общественный транспорт,Транспорт,Общественный транспорт,ru,huggingface,,hf_category
734601,"Жамбыл облысы Тараз қаласы 15 ші мөлтек ауданы 27 үй тұрғыны атынан хат жолдаймын. Құрметті басшы мырзалар!!! біз жаңа пәтерімізге көшіп келгелі 2 жылдан асып жатыр, 15 мөлтек ауданында 20 шы дамнан бастап соңына дейін қалалық электр жүйесіне бүгінгі күнге дейін қосылмаған, бі",Дороги/Дорожное покрытие,Дороги,Дорожное покрытие,kk,dialog_egov,11.04.2022,rules
277521,"Обращение с регистрационным номером 277521, направленное в Блог [ЗАЯВИТЕЛЬ]-Министра – Министр национальной экономики Республики Казахстан [ЗАЯВИТЕЛЬ] отклонено ГО",ЖКХ/Водоснабжение,ЖКХ,Водоснабжение,ru,dialog_egov,18.06.2014,query
749745,"Добрый день, наша компания работает на опасном производственном объекте (выполняет строительно-монтажные работы: земляные, бетонные, сварочные, монтаж металлоконструкций и оборудования, пуско-наладка и т. д.). [ЗАЯВИТЕЛЬ] по чрезвычайным ситуациям [ЗАЯВИТЕЛЬ]",Транспорт/Общественный транспорт,Транспорт,Общественный транспорт,ru,dialog_egov,04.08.2022,query
hf-145-kk,Жер кезегіне тұру процесі өте ашық емес. Кезек қалай жылжып жатқанын білу мүмкін емес.,Другое/Общие вопросы,Другое,Общие вопросы,kk,huggingface,,hf_category
hf-277-ru,Процесс получения статуса 'кандас' (оралман) очень затягивается.,Другое/Общие вопросы,Другое,Общие вопросы,ru,huggingface,,hf_category
754232,"Здравствуйте [ЗАЯВИТЕЛЬ]. Обращаются к Вам жители с. Саумалколь улицы Степная. Просим Вас посодействовать в решении нашей проблемы а именно [ЗАЯВИТЕЛЬ]. Улица была перекопана 3 года назад при строительстве водопровода, все три года к нам не хотят выезжать ни скорая, ни газ",ЖКХ/Водоснабжение,ЖКХ,Водоснабжение,ru,dialog_egov,15.09.2022,rules
737431/1,"Сәлеметсіз бе Абдуллин мырза! [ЗАЯВИТЕЛЬ] Алматы облысы, Қарасай ауданы, Іргелі ауылы, Квартал 4, 190 үйдің тұрғынымын. Біздегі мәселе жол мен жарық мәселесі. Жолда асфальт жоқ, ешқашан болмаған. Төменде фото мен видеосын қоямын. Жаяу жүргіншілерге қиын, көктем мен күзде б",Освещение/Уличное освещение,Освещение,Уличное освещение,kk,dialog_egov,28.04.2022,rules
hf-419-kk,"Интернет провайдері ескертусіз желіде жөндеу жұмыстарын жүргізіп, интернетті сөндіріп тастайды.",Другое/Общие вопросы,Другое,Общие вопросы,kk,huggingface,,hf_category
766185,"Мен, 2014 жылдан бастап мемлекеттік қызметші ретінде тұрғын үйге мұқтаж азаматтар санатына енгізіліп, тиісті кезекте тіркелгенмін. Алайда тұрғын үй бағдарламалары бойынша іріктеу тетіктерінің ашықтығы мен әділеттілігіне қатысты бірқатар сұрақтар туындауда. Атап айтқанда, 2024 жыл",ЖКХ/Отопление,ЖКХ,Отопление,kk,dialog_egov,20.04.2026,query
hf-493-kk,Жолдың үстіндегі жаяу жүргіншілер өткелінің жарықтандыруы істемейді.,Дороги/Дорожное покрытие,Дороги,Дорожное покрытие,kk,huggingface,,hf_category
hf-499-kk,Интернет провайдерінің сайтындағы жеке кабинет жұмыс істемейді.,Другое/Общие вопросы,Другое,Общие вопросы,kk,huggingface,,hf_category
hf-627-kk,Жәрдемақы алу үшін қажетті құжаттарды жинауға бірнеше апта кетеді.,Другое/Общие вопросы,Другое,Общие вопросы,kk,huggingface,,hf_category
hf-356-ru,В лесном массиве за городом идет несанкционированная охота.,Благоустройство/Вывоз мусора,Благоустройство,Вывоз мусора,ru,huggingface,,hf_category
754190,"Құрметті [ЗАЯВИТЕЛЬ]! 2022 жыл 22 тамаз айында № 751818 арыз хатына қосымша толықтырулар құжаттарына тексеріруніңізді сұраймыз, кадастрлік нөмері 03-047-292-1603 жер телімі 26.05.2014 жылы және кадастрлік нөмері 03-047-292-163 жер телімі 28.04.2017 жылы ауыл шаруашылығы",ЖКХ/Водоснабжение,ЖКХ,Водоснабжение,kk,dialog_egov,14.09.2022,query
hf-394-ru,"В школе ввели электронный дневник, но учителя его не заполняют.",Другое/Общие вопросы,Другое,Общие вопросы,ru,huggingface,,hf_category
508713,"Уважаемый [ЗАЯВИТЕЛЬ]!!! Обращаюсь к Вам за помощью.Я получил квартиру 12 декабря 2016г по адресу пос Зачаганск.мкрн Коктем ул .М , Мункеулы 107\1 кв 119.С самого начала в нашем доме проблемы .Подвал постоянно затапливается канализационными водами.буквально каждый месяц.В",ЖКХ/Водоснабжение,ЖКХ,Водоснабжение,ru,dialog_egov,23.07.2018,query+rules
734951/1,"Уважаемый [ЗАЯВИТЕЛЬ]! Прошу Вас оказать методическую помощь в части определения об отнесении к опасным техническим устройствам ионообменных колонн, применяемых в технологическом процессе переработки продуктивных урансодержащих растворов. На предприятии применяетс",ЖКХ/Лифт,ЖКХ,Лифт,ru,dialog_egov,12.04.2022,query
761450,"Добрый день! Я [ЗАЯВИТЕЛЬ], проживаю по ул. Локомотивная 4-1. Сегодня 09.12.2022г. колодец около нашего дома наполнился водой. Службы ТОО ""[ЗАЯВИТЕЛЬ]"" приехали отключили с центрального водопровода воду, откачали, проверили. Объяснили, что есть прорыв, между центр",ЖКХ/Водоснабжение,ЖКХ,Водоснабжение,ru,dialog_egov,09.12.2022,query+rules
hf-518-ru,"Мне не приходят уведомления о штрафах, а потом приходится платить с пеней.",Другое/Общие вопросы,Другое,Общие вопросы,ru,huggingface,,hf_category
hf-392-ru,"В лаборатории поликлиники отказались принимать анализы, сославшись на отсутствие реактивов.",Другое/Общие вопросы,Другое,Общие вопросы,ru,huggingface,,hf_category
hf-712-ru,Стою в очереди на УЗИ в поликлинике уже 2 месяца.,Другое/Общие вопросы,Другое,Общие вопросы,ru,huggingface,,hf_category
744857,"Обращение с регистрационным номером 744857, направленное в Блог Уполномоченный по правам человека в РК [ЗАЯВИТЕЛЬ] находится на рассмотрении у ГО",Дороги/Дорожное покрытие,Дороги,Дорожное покрытие,ru,dialog_egov,22.06.2022,query
hf-457-kk,Жәрдемақы тағайындау үшін берген құжаттарымды жоғалтып алды.,Другое/Общие вопросы,Другое,Общие вопросы,kk,huggingface,,hf_category
758515,"Здравствуйте, Меня зовут [ЗАЯВИТЕЛЬ], и в этом году я была принята на программу Management&Technology в один из лучших университетов Германии, который входит в топ-50 университетов мира - TUM([ЗАЯВИТЕЛЬ](https://www.topuniversities.com/universitie",ЖКХ/Отопление,ЖКХ,Отопление,ru,dialog_egov,04.11.2022,query
759789,"Здравствуйте, по улице Толстого 13/5, 13/3 , Турксибский район, на пересечении улиц Толстого и Молдагалиева осталась неотремонтированный кусок на дороге возле мусорки. Этот кусок лежит прямо на пересечении улиц, поэтому создает проблему для транспорта! Почему вы не завершите",Дороги/Дорожное покрытие,Дороги,Дорожное покрытие,ru,dialog_egov,21.11.2022,query+rules
764523,"Сәлеметсіз бе! Сізге шағым жазу себебім, ""Дипломмен ауылға"" бағдарламасымен үй алу үшін осы жылы қаңтар айында цон арқылы құжаттар тапсырып кезекке тұрдым, кезегім бойынша кредит мамыр айында ұсынылу керек болған, бірак сол айда кредит бөлінбеді, оған себеп Отбасы банкк",ЖКХ/Отопление,ЖКХ,Отопление,kk,dialog_egov,04.09.2023,query
748731,"Маңғыстау облысы әкімі [ЗАЯВИТЕЛЬ] мырза! [ЗАЯВИТЕЛЬ] Шетпе кентінде ата-анам,бауырларым және жұбайым ,балам Қосбұлақ-2 шағын ауданында үкіметтің салған жалдамалы үйлерінен отбасымыздың қиын жағдайына байланысты берілген үйлерінде тұрып жатырмыз.Отбасымның",Дороги/Дорожное покрытие,Дороги,Дорожное покрытие,kk,dialog_egov,26.07.2022,query
hf-1015-kk,Конкурсты ұтып алған компания жұмысты басқа субподрядчикке беріп жіберген.,Другое/Общие вопросы,Другое,Общие вопросы,kk,huggingface,,hf_category
733085,"Уважаемый [ЗАЯВИТЕЛЬ], ТОО «Lift РЭМ» успешно работает на казахстанском рынке с 2004 года. Основной вид деятельности, согласно государственной лицензии ГСЛ № 00253, выданной [ЗАЯВИТЕЛЬ] Казахстан по делам строительства и жилищно – коммунального хозяйства и у",ЖКХ/Лифт,ЖКХ,Лифт,ru,dialog_egov,31.03.2022,query
242913,"Обращение с регистрационным номером 242913, направленное в Блог [ЗАЯВИТЕЛЬ]-Министра – Министр национальной экономики Республики Казахстан [ЗАЯВИТЕЛЬ] отклонено ГО",ЖКХ/Водоснабжение,ЖКХ,Водоснабжение,ru,dialog_egov,13.01.2014,query
hf-490-kk,Автобус жүргізушісі жол ақысын төлеу үшін ұсақ ақша талап етеді.,Транспорт/Общественный транспорт,Транспорт,Общественный транспорт,kk,huggingface,,hf_category
751921,"Добрый день [ЗАЯВИТЕЛЬ]! Мы жители ИЖС 3 отделение просим Вас рассмотреть вопрос общественного транспорта и асфальтирование дороги. По одной из наших дорог был запущен маршрут №13. По не известным нам причинам маршрут не стал заезжать в 3 отделение, а стал выезжать после в",Дороги/Дорожное покрытие,Дороги,Дорожное покрытие,ru,dialog_egov,24.08.2022,query
hf-806-kk,"Қаланың жанындағы өзеннің суы азайып, батпаққа айналып барады.",Благоустройство/Вывоз мусора,Благоустройство,Вывоз мусора,kk,huggingface,,hf_category
682226,"Обращение с регистрационным номером 682226, направленное в Блог Аким города Алматы [ЗАЯВИТЕЛЬ]A. находится на рассмотрении у ГО",Освещение/Уличное освещение,Освещение,Уличное освещение,ru,dialog_egov,28.04.2021,query
hf-836-ru,"Отходы с зон отдыха у реки сжигают, загрязняя воздух.",Благоустройство/Вывоз мусора,Благоустройство,Вывоз мусора,ru,huggingface,,hf_category
765339,"Обращение с регистрационным номером 765339, направленное в Блог Председатель Правления АО «Казахстанский центр модернизации и развития жилищно-коммунального хозяйства» [ЗАЯВИТЕЛЬ] находится на рассмотрении у ГО",ЖКХ/Водоснабжение,ЖКХ,Водоснабжение,ru,dialog_egov,24.01.2025,query
hf-739-kk,"Интернет провайдерінің қызметкерлері үйге келгенде, менің жеке компьютерімді пайдаланды.",Другое/Общие вопросы,Другое,Общие вопросы,kk,huggingface,,hf_category
726347,"Добрый день! Я Есенжолова [ЗАЯВИТЕЛЬ] беременная с помощью ЭКО встала на учет 9 поликлиники дали направления на 1 скрининг 08.02.22 8,00 но меня не приняли так как я взяла не тот талон, меня на счет талона не кто не сообщил я пришла 7,30 мне санитарка спросила взяла ли",ЖКХ/Лифт,ЖКХ,Лифт,ru,dialog_egov,10.02.2022,query
hf-48-ru,Портал Egov.kz часто не работает. Стало сложно получать государственные услуги.,Другое/Общие вопросы,Другое,Общие вопросы,ru,huggingface,,hf_category
694760,ШАҒЫМ Жек сот орындаушының өз аумағындағы жерден тыс жерде отырып жұмыс жасауына және қызмет сапасына Өкінішке орай Түркістан облысының жек сот орындаушыс Ашаев [ЗАЯВИТЕЛЬ] атқарушылық азаматық істерді орындау кезінде заңдарды өрескел бұзып отыр. Бұл өз кезегінде хал,Дороги/Дорожное покрытие,Дороги,Дорожное покрытие,kk,dialog_egov,09.07.2021,query
hf-618-ru,Сотрудник полиции остановил мою машину и не объяснил причину.,Другое/Общие вопросы,Другое,Общие вопросы,ru,huggingface,,hf_category
762470,"Саламатсызба қайырлы кун! [ЗАЯВИТЕЛЬ] 1986 жылы туылғанмын. Маңғыстау обылысы Жаңаөзен қаласының тұрғынымын 2-ші топ мүгедектік анықтамам бар жұмыссызбын 2- балам бар. Мен сіздерге қайта қайта жағдайымды айтып жазып жатырмын, менің жағдайымды түсініп қарап жатқ",ЖКХ/Отопление,ЖКХ,Отопление,kk,dialog_egov,27.12.2022,query
hf-644-kk,"Мектептегі бастауыш сынып мұғалімі жиі ауырып, сабақтар өтпей қалады.",Другое/Общие вопросы,Другое,Общие вопросы,kk,huggingface,,hf_category
hf-715-ru,"Я видел, как чиновники ездят на служебных машинах в зоны отдыха.",Другое/Общие вопросы,Другое,Общие вопросы,ru,huggingface,,hf_category
hf-322-kk,"Қоқыс құбыры бітеліп қалды, КСК тазаламайды.",ЖКХ/Общие вопросы,ЖКХ,Общие вопросы,kk,huggingface,,hf_category
hf-893-ru,"Одна из машин проехала на красный свет и наехала мне на ногу, когда я переходил на зеленый.",Дороги/Дорожное покрытие,Дороги,Дорожное покрытие,ru,huggingface,,hf_category
hf-683-kk,Жолдағы шұңқырлардың кесірінен көлігімнің дөңгелегін жиі тесуге тура келеді.,Дороги/Дорожное покрытие,Дороги,Дорожное покрытие,kk,huggingface,,hf_category
hf-325-ru,"Сотрудник госучреждения некомпетентен, отправляет меня из кабинета в кабинет.",Другое/Общие вопросы,Другое,Общие вопросы,ru,huggingface,,hf_category
hf-907-kk,Көпбалалы ана ретінде балаларымды мектепке дайындауға көмек сұраймын.,Другое/Общие вопросы,Другое,Общие вопросы,kk,huggingface,,hf_category
756053,"Обращение с регистрационным номером 756053, направленное в Блог Председатель Комитета государственных услуг [ЗАЯВИТЕЛЬ] находится на рассмотрении у ГО",ЖКХ/Водоснабжение,ЖКХ,Водоснабжение,ru,dialog_egov,02.10.2022,query
hf-688-kk,"Полиция қызметкерлері менің шағымымды тіркеуден бас тартып, 'өзің шешіп ал' деді.",Другое/Общие вопросы,Другое,Общие вопросы,kk,huggingface,,hf_category
763014/1,"[ЗАЯВИТЕЛЬ] транспорта [ЗАЯВИТЕЛЬ] Уважаемый [ЗАЯВИТЕЛЬ], прошу Вас разобраться в данной ситуации. Находясь на остановке управление Железной дороги по маршруту автобуса № 118Э города Караганда время 18-48 час,",Транспорт/Общественный транспорт,Транспорт,Общественный транспорт,ru,dialog_egov,09.01.2023,query+rules
hf-355-kk,"Анықтама алу үшін мемлекеттік бажды төлесем де, менен қосымша ақы талап етті.",Другое/Общие вопросы,Другое,Общие вопросы,kk,huggingface,,hf_category
hf-607-kk,Жәрдемақы тағайындау үшін талап етілетін құжаттар тізімі тым үлкен.,Другое/Общие вопросы,Другое,Общие вопросы,kk,huggingface,,hf_category
hf-33-ru,"Неизвестные сломали оборудование на спортивной площадке во дворе. Написали заявление в полицию, но дело закрыли, никого не найдя.",Другое/Общие вопросы,Другое,Общие вопросы,ru,huggingface,,hf_category
751819,"Сіздерге арыз жазу себебім үйіміздің артқы жағында үлкен сай болатын еді, және ол жерден тау сулары жиналып арықтарға бөлінетін болатын. Ол жерлерді адамдар 2019 жылдан жылдан бастап қоқыс тастап толтырған болатын. қаншама арыз хат жазылды бұл жерге бір азамат Тимур (тел нөмері 8",Благоустройство/Вывоз мусора,Благоустройство,Вывоз мусора,kk,dialog_egov,23.08.2022,query+rules
hf-530-ru,"Водитель автобуса не остановился на остановке, оставив меня под дождем.",Транспорт/Общественный транспорт,Транспорт,Общественный транспорт,ru,huggingface,,hf_category
hf-1030-kk,Қаланың жанындағы өзенге заңсыз қоқыс төгіліп жатыр.,Благоустройство/Вывоз мусора,Благоустройство,Вывоз мусора,kk,huggingface,,hf_category
hf-152-kk,"Пәтер иелері кооперативінің (ПИК) жұмысына көңілім толмайды. Есеп бермейді, ақшаны қайда жұмсайтыны белгісіз.",ЖКХ/Общие вопросы,ЖКХ,Общие вопросы,kk,huggingface,,hf_category
hf-747-ru,"Для назначения пособия потребовали справку о доходах моего супруга, но он за границей.",Другое/Общие вопросы,Другое,Общие вопросы,ru,huggingface,,hf_category
hf-618-kk,"Полиция қызметкері менің көлігімді тоқтатып, себебін түсіндірмеді.",Другое/Общие вопросы,Другое,Общие вопросы,kk,huggingface,,hf_category
hf-274-ru,"Компьютеры в школе устарели, не поддерживают современные программы.",Другое/Общие вопросы,Другое,Общие вопросы,ru,huggingface,,hf_category
739461,"Уважаемый [ЗАЯВИТЕЛЬ], я не удовлетворен Вашим ответом на мое обращение касательно строительcтва дороги по улице Е-489. Согласно Вашему ответу в этом году вы только собираетесь начать работы по устройству инженерных сетей водопровода. Однако скажу вам как житель этого район",Дороги/Дорожное покрытие,Дороги,Дорожное покрытие,ru,dialog_egov,16.05.2022,query
hf-842-ru,"Когда я пришел на прием в свое время, врач принял вместо меня родственника другого пациента.",Другое/Общие вопросы,Другое,Общие вопросы,ru,huggingface,,hf_category
hf-453-kk,Жол бойындағы жарық шамдарының жартысы жанбайды.,Дороги/Дорожное покрытие,Дороги,Дорожное покрытие,kk,huggingface,,hf_category
hf-167-kk,Қаланың жанындағы орман алқабында ағаштарды заңсыз кесіп жатыр.,Благоустройство/Вывоз мусора,Благоустройство,Вывоз мусора,kk,huggingface,,hf_category
hf-345-kk,Мемлекеттік қызметкерлер жұмыс уақытында өз шаруаларымен айналысады.,Другое/Общие вопросы,Другое,Общие вопросы,kk,huggingface,,hf_category
hf-1173-kk,Полиция қызметкерлері түнгі уақытта мас адамдарға шара қолданбайды.,Другое/Общие вопросы,Другое,Общие вопросы,kk,huggingface,,hf_category
762535,"Обращение с регистрационным номером 762535, направленное в Блог [ЗАЯВИТЕЛЬ] РК [ЗАЯВИТЕЛЬ] отклонено ГО 05.01.2023",ЖКХ/Водоснабжение,ЖКХ,Водоснабжение,ru,dialog_egov,28.12.2022,query
hf-329-kk,"Интернеттің жылдамдығы түнде жақсы, ал күндіз өте баяу.",Другое/Общие вопросы,Другое,Общие вопросы,kk,huggingface,,hf_category
hf-322-ru,"Мусоропровод забился, КСК не прочищает.",ЖКХ/Общие вопросы,ЖКХ,Общие вопросы,ru,huggingface,,hf_category
495778,"Добрый день! Ранее мы писали о стихийной свалке в посёлке Кызылсуат. Результатов нет! Осенью жители посёлка вывозили мусор на легковых машинах, а теперь вывозят камазами. Просим срочно принять меры!",Благоустройство/Вывоз мусора,Благоустройство,Вывоз мусора,ru,dialog_egov,02.05.2018,query+rules
657303,"Акиму Западно-Казахстанской области [ЗАЯВИТЕЛЬ] От жительницы города Уральск [ЗАЯВИТЕЛЬ] Проживающей по адресу: Неусыпова 26/3 кв. 5 Сот.: [ТЕЛЕФОН] Заявление. Уважаемый [ЗАЯВИТЕЛЬ]! Просим Вас рассмотреть нашу проблему и помочь в ее решении. Я, Коняшина",ЖКХ/Отопление,ЖКХ,Отопление,ru,dialog_egov,14.12.2020,query
761773,"Добрый день, [ЗАЯВИТЕЛЬ]. Обращаюсь к Вам по поводу сообщения между городами Уральск и Атырау. Авиасообщения между двумя соседними областными центрами нет, но с 2023 года вроде бы как [ЗАЯВИТЕЛЬ] намеревается открыть с перидичностью 2 раза в неделю и сколько продлится - неиз",Транспорт/Общественный транспорт,Транспорт,Общественный транспорт,ru,dialog_egov,14.12.2022,query
hf-190-kk,Ауылдағы интернеттің жылдамдығы видеоқоңырау жасауға да жетпейді.,Другое/Общие вопросы,Другое,Общие вопросы,kk,huggingface,,hf_category
763176,"[ЗАЯВИТЕЛЬ] ! [ЗАЯВИТЕЛЬ] Түркістан облысы, Сауран ауданына қарасты [ЗАЯВИТЕЛЬ] ауылы Иканий көшесінің №16 үйдің тұрғыны, ІІІ топ мүгедектігім бар. Менің өтініш жазу себебім 02.06.2021ж күннен бастап 10.07.2021 күндері аралығында жалпы",ЖКХ/Отопление,ЖКХ,Отопление,kk,dialog_egov,09.01.2023,query
633889,"Здравствуйте . 4 февраля 2020 г я купил в Агенстве Chocotravel 3 авиабилета на сумму 625 000 тенге по маршруту ( Нур-Султан - Эркан-Левкосия (Никосия) 18 марта (Ср), Эркан-Левкосия (Никосията) - Стамбул, (Стамбул - Нур-Султан (Астана). 26 марта.). В связи с режимом ЧП мной 16",Транспорт/Общественный транспорт,Транспорт,Общественный транспорт,ru,dialog_egov,07.08.2020,query+rules
hf-712-kk,Емханадағы УДЗ аппаратына жазылу үшін 2 ай кезекте тұрмын.,Другое/Общие вопросы,Другое,Общие вопросы,kk,huggingface,,hf_category
hf-101-kk,"Сәлеметсіз бе. Орал қаласы, Еуразия даңғылындағы жаяу жүргіншілер өткелінің сызықтары өшіп қалған. Түнде өте қауіпті. Жаңартуын сұраймыз.",Дороги/Дорожное покрытие,Дороги,Дорожное покрытие,kk,huggingface,,hf_category
hf-486-ru,После купания в реке у города у моих детей начался зуд.,Благоустройство/Вывоз мусора,Благоустройство,Вывоз мусора,ru,huggingface,,hf_category
763175,"[ЗАЯВИТЕЛЬ] ! [ЗАЯВИТЕЛЬ] Түркістан облысы, Сауран ауданына қарасты [ЗАЯВИТЕЛЬ] ауылы Иканий көшесінің №16 үйдің тұрғыны, ІІІ топ мүгедектігім бар. Менің өтініш жазу себебім 02.06.2021ж күннен бастап 10.07.2021 күндері аралығында жал",ЖКХ/Отопление,ЖКХ,Отопление,kk,dialog_egov,09.01.2023,query
hf-810-ru,"Водитель автобуса не остановился на моей остановке, а потом сказал 'извини, не заметил'.",Транспорт/Общественный транспорт,Транспорт,Общественный транспорт,ru,huggingface,,hf_category
646569/2,"Обращение с регистрационным номером 646569/2, направленное в Блог Аким Карагандинской области [ЗАЯВИТЕЛЬ] отклонено ГО 14.10.2020",ЖКХ/Водоснабжение,ЖКХ,Водоснабжение,ru,dialog_egov,14.10.2020,query
hf-1052-ru,"Чиновник затягивает рассмотрение моего заявления, намекая на 'благодарность'.",Другое/Общие вопросы,Другое,Общие вопросы,ru,huggingface,,hf_category
528306,"Помогите поменять лифт до истечения срока эксплуатации в 25 лет (дом сдан в эксплуатацию в 2006 году, ЖК ""Жастар"" по Момышулы 18, подъезд 1). Он очень часто ломается и часто не работает. А поменять по программе модернизации ЖКХ не вариант, так как в подъезде живут в",ЖКХ/Лифт,ЖКХ,Лифт,ru,dialog_egov,27.12.2018,query+rules
759860,"Здравствуйте, у меня вопрос касательно натуральных норм. Согласно ст. 69 Бюджетному кодексу - Натуральные нормы представляют собой натуральные показатели потребления или использования необходимых материальных или нематериальных благ. В связи с чем, является ли ""Постановление",ЖКХ/Водоснабжение,ЖКХ,Водоснабжение,ru,dialog_egov,21.11.2022,query
753494,"Добрый день! Я ранее к Вам обращался № 736716 с вопросом о ремонте дорог в квадрате улиц Алматы (Алатауский район): Сокпакбаева - Кудерина, Райымбека - Рыскулова. В своем ответе Вы сообщили, что планируется в рамках текущего года. Наступила осень, а до холодного периода года уже",Дороги/Дорожное покрытие,Дороги,Дорожное покрытие,ru,dialog_egov,08.09.2022,query+rules
hf-15-ru,Законно ли собирать деньги с родителей на ремонт в школе? Прошу взять этот вопрос на контроль.,Другое/Общие вопросы,Другое,Общие вопросы,ru,huggingface,,hf_category
hf-401-kk,"Кіреберістегі терезе сынған, ОСИ ауыстырмайды.",ЖКХ/Общие вопросы,ЖКХ,Общие вопросы,kk,huggingface,,hf_category
hf-488-ru,Сотрудники полиции не проверяют работу ночных клубов.,Другое/Общие вопросы,Другое,Общие вопросы,ru,huggingface,,hf_category
757036,"Здравствуйте. Обращаются к вам жители нового жилого комплекса [ЗАЯВИТЕЛЬ] С, по Калдаякова 3. Сдали нам этот дом с большими проблемами. 1. Прилегающая территория со стороны дороги по Калдаякова в ужасном состоянии: нет асфальта (засыпана гравийка), колодцы торчат все наружу, нет",Дороги/Дорожное покрытие,Дороги,Дорожное покрытие,ru,dialog_egov,12.10.2022,rules
hf-217-kk,Менің баламның мүгедектігіне байланысты жәрдемақыны тоқтатып тастады.,Другое/Общие вопросы,Другое,Общие вопросы,kk,huggingface,,hf_category
hf-797-kk,"Жәрдемақы тағайындау үшін менің жұбайымның табысы туралы анықтаманы талап етті, бірақ ол басқа елдің азаматы.",Другое/Общие вопросы,Другое,Общие вопросы,kk,huggingface,,hf_category
hf-682-ru,Мое время записи на прием к врачу отдали другому человеку.,Другое/Общие вопросы,Другое,Общие вопросы,ru,huggingface,,hf_category
hf-359-kk,Интернеттің жылдамдығы төмендегені үшін қайта есептеуден бас тартты.,Другое/Общие вопросы,Другое,Общие вопросы,kk,huggingface,,hf_category
757773,"[ЗАЯВИТЕЛЬ], здравствуйте. Прошу Вас решить проблему: дать поручение ответственному органу для монтажа площадки для сбора мусора на пересечении улиц [ЗАЯВИТЕЛЬ] и [ЗАЯВИТЕЛЬ] с обустройством ограждений контейнерной площадки. Данная площадка позволить решить проблему ра",Благоустройство/Вывоз мусора,Благоустройство,Вывоз мусора,ru,dialog_egov,23.10.2022,query+rules
hf-231-kk,Жолдың ортасындағы люктің қақпағы жоқ.,Дороги/Дорожное покрытие,Дороги,Дорожное покрытие,kk,huggingface,,hf_category
743969,"Здравствуйте. В конце сентября 2021 года я написала обращение, что «Участок дороги Караганда-Павлодар между селами Алгабас-Керней-[ЗАЯВИТЕЛЬ]-Жырауского района Карагандинской области в ужасном разбитом состоянии.» Я получила ответ, что «в адрес АО НК «ҚазАвтоЖол» от 14 сентябр",Дороги/Дорожное покрытие,Дороги,Дорожное покрытие,ru,dialog_egov,15.06.2022,query+rules
hf-217-ru,Моему ребенку приостановили выплату пособия по инвалидности.,Другое/Общие вопросы,Другое,Общие вопросы,ru,huggingface,,hf_category
hf-905-ru,За получение справки в госучреждении потребовали 'вознаграждение'.,Другое/Общие вопросы,Другое,Общие вопросы,ru,huggingface,,hf_category
744889/1,"Доброго времени суток, уважаемый [ЗАЯВИТЕЛЬ]! Меня очень беспокоит вопрос отсутствия мест в новых школах Бином, учитывая тот факт, что жители рядом расположенных ЖК еще не успели заселиться и перевести своих детей в школу по месту жительства. К примеру, мы купили квартиру в",Транспорт/Общественный транспорт,Транспорт,Общественный транспорт,ru,dialog_egov,24.06.2022,query
hf-763-ru,"Машины проезжают на красный свет, когда пешеходам горит зеленый.",Дороги/Дорожное покрытие,Дороги,Дорожное покрытие,ru,huggingface,,hf_category
hf-1051-ru,"Рентген-аппарат в поликлинике старый, снимки получаются некачественные.",Другое/Общие вопросы,Другое,Общие вопросы,ru,huggingface,,hf_category
760427,ҚҰРМЕТТІ!! Ахметжанов мырза мен Шымкент қаласының тұрғынымын менің өзімнің жеке мәселем бойынша сізге хат жазып отырмын менің өтініш Daewoo Nexia авто көлігім бар осы көлігімнің жарық шамдары өте нашар осы авто көлігімнің жарық шамдарын жөндетемін деп қаншама ақшам кетті барі бір,Освещение/Уличное освещение,Освещение,Уличное освещение,kk,dialog_egov,28.11.2022,query+rules
hf-401-ru,"В подъезде разбито окно, ОСИ не меняет.",ЖКХ/Общие вопросы,ЖКХ,Общие вопросы,ru,huggingface,,hf_category
hf-423-kk,Жолдың ортасындағы шұңқырлар көбейіп кетті.,Дороги/Дорожное покрытие,Дороги,Дорожное покрытие,kk,huggingface,,hf_category
757965,"Алматы қаласында қазір неше жерүсті аспалы көпір бар? Оның нешеуінде лифт істейді және істемейді? Бірнеше ауданды кесіп өтетін Абай және Саин, Момышұлы, әл-Фараби даңғылдарындағы асфальттің бір де бірінде ерекше жандарға арналған лифт жұмыс істемейді? Олар қашан қалпына келтіріле",ЖКХ/Лифт,ЖКХ,Лифт,kk,dialog_egov,27.10.2022,query+rules
hf-635-ru,Условия конкурса госзакупок как будто специально написаны под одну компанию.,Другое/Общие вопросы,Другое,Общие вопросы,ru,huggingface,,hf_category
hf-1003-ru,Дорогу на нашей улице не ремонтировали более 20 лет.,Дороги/Дорожное покрытие,Дороги,Дорожное покрытие,ru,huggingface,,hf_category
634096,"Комитета по защите прав потребителей МТиИ РК от [ЗАЯВИТЕЛЬ] ИИН: [СЧЁТ] проживающий по адресу: г.Алматы,ул.Сатпаева, дом 32 А, кв.11 тел.[ТЕЛЕФОН], еmail:[EMAIL] Я, Сычев [ЗАЯВИТЕЛЬ], приобрел авиабилеты перевозчикам которого",Транспорт/Общественный транспорт,Транспорт,Общественный транспорт,ru,dialog_egov,08.08.2020,query
hf-548-kk,"Көршімнің пәтерінде үнемі жанжал болып, полиция шара қолданбайды.",Другое/Общие вопросы,Другое,Общие вопросы,kk,huggingface,,hf_category
hf-459-ru,"Мастера, пришедшие устранять неисправность на интернет-линии, попросили плату за свою работу.",Другое/Общие вопросы,Другое,Общие вопросы,ru,huggingface,,hf_category
754919,Мен Алматы облысы Талғар ауданы Қайнар ауылдық округіне қарасты Жалқамыс ауылында тұрамын. Аты-жөнім [ЗАЯВИТЕЛЬ]. Жалқамыс Алматы қаласынан небәрі 30 шақырым ғана қашықта жатқан үлкен ауыл. Ауыл тұрғындарының басым бөлігі қалаға қатынап жұмыс істейді. бірақ 2020 жылдан бері а,Транспорт/Общественный транспорт,Транспорт,Общественный транспорт,kk,dialog_egov,21.09.2022,query
hf-400-ru,Кондиционеры в автобусах летом не работают.,Транспорт/Общественный транспорт,Транспорт,Общественный транспорт,ru,huggingface,,hf_category
hf-532-ru,График работы врачей в поликлинике постоянно меняется.,Другое/Общие вопросы,Другое,Общие вопросы,ru,huggingface,,hf_category
hf-65-ru,Очередь на аппарат МРТ очень длинная. Бесплатную очередь нужно ждать несколько месяцев.,Другое/Общие вопросы,Другое,Общие вопросы,ru,huggingface,,hf_category
hf-1043-ru,В школе нет пандуса для моего ребенка с особыми потребностями.,Другое/Общие вопросы,Другое,Общие вопросы,ru,huggingface,,hf_category
742721,"Обращение с регистрационным номером 742721, направленное в Блог Министр экологии и природных ресурсов РК [ЗАЯВИТЕЛЬ] отклонено ГО 07.06.2022",ЖКХ/Водоснабжение,ЖКХ,Водоснабжение,ru,dialog_egov,06.06.2022,query
hf-788-kk,"Полиция қызметкерлері менің шағымымды қабылдап, бірақ оны басқа адамның ісіне тіркеп қойған.",Другое/Общие вопросы,Другое,Общие вопросы,kk,huggingface,,hf_category
hf-869-kk,"Интернет провайдерінің қызметкерлері үйге келгенде, менің үйімдегі заттарды рұқсатсыз суретке түсірді.",Другое/Общие вопросы,Другое,Общие вопросы,kk,huggingface,,hf_category
765472,Маңғыстау ауданы Ақтау қаласы мекен жайы 34-10 ТҮК «Інжутас» тұрғындары атынан 85 пәтер иесі [ЗАЯВИТЕЛЬ]:[ТЕЛЕФОН] Эл.почта: baktily.ieskaliieva.66mail.ru ӨТІНІШ Осы көрсетілген мекен-жай тұрғындары төмендегідей шағымдарымызбен өтініш жолдап отырмыз . Ақтау қаласындағ,Дороги/Дорожное покрытие,Дороги,Дорожное покрытие,kk,dialog_egov,26.03.2025,rules
758600,"Здравствуйте, [ЗАЯВИТЕЛЬ]. Хочу оставить жалобу на поликлинику №12 г.Астана Есильского Района. Я болею, умея осложнение гриппа и в этой связи записалась на прием к врачу [ЗАЯВИТЕЛЬ] в 8.00 07.11.2022 через приложение Дамумед. Приезжаю в поликлинику №12 по адрес",Транспорт/Общественный транспорт,Транспорт,Общественный транспорт,ru,dialog_egov,07.11.2022,query
211447,"Обращение с регистрационным номером 211447, направленное в Блог Министр внутренних дел РК [ЗАЯВИТЕЛЬ] отклонено ГО 21.11.2018",Благоустройство/Вывоз мусора,Благоустройство,Вывоз мусора,ru,dialog_egov,15.07.2013,query
661947/1,[ЗАЯВИТЕЛЬ] по финансовому мониторингу Министерства финансов Республики Казахстан Элиманову [ЗАЯВИТЕЛЬ]: Директора ТОО «ZALIA TRANS» [ЗАЯВИТЕЛЬ] К Вам обращается компания Товарищество с ограниченной ответственностью «ZALIA TRANS&r,Транспорт/Общественный транспорт,Транспорт,Общественный транспорт,ru,dialog_egov,15.01.2021,query
hf-385-kk,Сыбайлас жемқорлық туралы хабарлауға арналған сенім телефоны жауап бермейді.,Другое/Общие вопросы,Другое,Общие вопросы,kk,huggingface,,hf_category
762550,"Уважаемый г-н министр.Обращается к вам житель частного сектора р-на Юго-Восток г.Караганды. Многие пользуются в качестве отопления дома сжиженным газом.В зимнее время предпочтение отдаем пропану,т.к более надежно в морозы. До недавнего времени цена была 149.6 тн/кг ,до поднялась",ЖКХ/Отопление,ЖКХ,Отопление,ru,dialog_egov,28.12.2022,query+rules
hf-207-ru,"Невозможно получить грант на открытие бизнеса, слишком много бюрократии.",Другое/Общие вопросы,Другое,Общие вопросы,ru,huggingface,,hf_category
752161,"Арыз-шағым Өнімкер ауылымызда жеті күннен бері ауыз су ағыны ақпай ауыл тұрғындары қиыналып алыс көрші ауылдардан су тасып әуре сарсаң болуда. Ауыл әкіміміз ешқандай әрекет жасамай, су мекеме басшысы [ЗАЯВИТЕЛЬ] құрғақ уәделерімен уәде беріп, қондырған жаңа насос істемей қалды д",ЖКХ/Водоснабжение,ЖКХ,Водоснабжение,kk,dialog_egov,26.08.2022,query+rules
hf-402-ru,Портал для записи на прием к врачу постоянно не работает.,Другое/Общие вопросы,Другое,Общие вопросы,ru,huggingface,,hf_category
hf-358-kk,Учаскелік инспектор менің шағымыма жауап бермейді.,Другое/Общие вопросы,Другое,Общие вопросы,kk,huggingface,,hf_category
762003,"Здравствуйте!Прошу вас помочь в предоставление квартиры!Очередь не двигается!Сколько лет уже стоим в очереди!Я сирота! Сейчас уже 25 лет!Обещанные квадраты никак не получили!Необязательно в новом доме,главное отопление, вода,чтобы были нормальные условия для проживания!Прошу выда",ЖКХ/Водоснабжение,ЖКХ,Водоснабжение,ru,dialog_egov,19.12.2022,query+rules
hf-636-ru,"В реку рядом с городом сливают неизвестную жидкость, цвет воды изменился.",Благоустройство/Вывоз мусора,Благоустройство,Вывоз мусора,ru,huggingface,,hf_category
763657,"Обращение с регистрационным номером 763657, направленное в Блог Генеральный директор РГП на ПХВ «Республиканский научно–исследовательский институт по охране труда Министерства труда и социальной защиты населения Республики Казахстан» Актаева [ЗАЯВИТЕЛЬ] отклонено ГО 02.02.2023",ЖКХ/Отопление,ЖКХ,Отопление,ru,dialog_egov,01.02.2023,query
hf-88-ru,Отделение 'Казпочты' в селе работает только до обеда. Это очень неудобно.,Другое/Общие вопросы,Другое,Общие вопросы,ru,huggingface,,hf_category
hf-274-kk,"Мектептегі компьютерлер ескірген, заманауи бағдарламаларды көтермейді.",Другое/Общие вопросы,Другое,Общие вопросы,kk,huggingface,,hf_category
hf-800-kk,"Автобус жүргізушісі менің аялдамамда тоқтамай, 'мен сенің белгіңді байқамадым' деді.",Транспорт/Общественный транспорт,Транспорт,Общественный транспорт,kk,huggingface,,hf_category
548529,"Здравствуйте, уважаемый [ЗАЯВИТЕЛЬ]. Я часто гуляю с семьёй в окрестностях озера Сайран и вижу, что городские власти пытают пытаются их обустроить. Но почему-то никак не могут доделать до конца свои начинания, а те, что, всё же, делают, потом, почему-то, разламывают.",Благоустройство/Детские площадки,Благоустройство,Детские площадки,ru,dialog_egov,03.05.2019,query
hf-596-ru,"Чувствуется, что в городском воздухе много сажи.",Благоустройство/Вывоз мусора,Благоустройство,Вывоз мусора,ru,huggingface,,hf_category
hf-160-ru,"Водитель автобуса не объявляет остановки. Мы не знаем, где выходить.",Транспорт/Общественный транспорт,Транспорт,Общественный транспорт,ru,huggingface,,hf_category
hf-522-kk,Емханадағы гардеробқа сырт киімді тапсыру үшін кезекте тұру керек.,Другое/Общие вопросы,Другое,Общие вопросы,kk,huggingface,,hf_category
740590,19.04.2022 жылы №735398/2 санды өтінішіме сәйкес. Нұр-Сұлтан қаласы Төтенше жағдайлар басқармасына жолданған хаттыңыздың жауабын бүгінгі таңға дейін алғаным жоқ. Мен арызданғаным Жұмабаев көшесі №9 үй аумағындағы шлагбауын орналасқаны жөнінде ол жерде ешқандай белгі жоқ және шл,Дороги/Дорожное покрытие,Дороги,Дорожное покрытие,kk,dialog_egov,23.05.2022,rules
537328,"[ЗАЯВИТЕЛЬ] қызмет істері және сыбайлас жемқорлыққа қарсы іс-қимыл агенттігінің төрағасы [ЗАЯВИТЕЛЬ] арызым арқылы төмендегі жайды хабарлай отырып, басқарманың құзыры шегінде төменде көрсетілген мемлекеттік органға шара көруіңізді сұраймы",Освещение/Уличное освещение,Освещение,Уличное освещение,kk,dialog_egov,25.02.2019,query
755053,"Акиму Актюбинской области [ЗАЯВИТЕЛЬ] Обращение Уважаемый [ЗАЯВИТЕЛЬ] обращаются к вам жители района Москвы города Актобе для решения социально значимого вопроса. После проведения асфальтобетонных работ по ул.Арынова,люк центрального водопровода остался замурован под",Дороги/Дорожное покрытие,Дороги,Дорожное покрытие,ru,dialog_egov,22.09.2022,query
597843,В целях улучшения предпринимательского сервиса по городу Актобе в текущем году создана компания «Акула-Сервис» по предоставлению услуг потребителям (клиентам) в сфере технического обслуживания (наружные и внутренние) сетей водопровода и канализации. В этой связи ка,ЖКХ/Водоснабжение,ЖКХ,Водоснабжение,ru,dialog_egov,27.02.2020,query+rules
671248,"ИП «Турксиб-Сервис» ИИН [ИИН] [ЗАЯВИТЕЛЬ] г.Алматы, СТ Коргаушы 13 Копия для сведения: Акиму г.Алматы, [ЗАЯВИТЕЛЬ] Копия для сведения: Управления жилья г.Алматы Копия для сведения: Акиму Медеуского района г.Алматы [ЗАЯВИТЕЛЬ] г.Алматы, ул.Пушкина 72 Копия для",Освещение/Уличное освещение,Освещение,Уличное освещение,ru,dialog_egov,02.03.2021,query
hf-252-ru,"Двор многоэтажного дома не убирают, все завалено мусором.",ЖКХ/Общие вопросы,ЖКХ,Общие вопросы,ru,huggingface,,hf_category
hf-280-ru,"Автобусы ходят с опозданием, постоянно опаздываю на работу.",Транспорт/Общественный транспорт,Транспорт,Общественный транспорт,ru,huggingface,,hf_category
hf-813-kk,"Жолдағы бағдаршамның жасыл түсі жанып тұрғанда, жаяу жүргіншілерге арналған бағдаршам істемейді.",Дороги/Дорожное покрытие,Дороги,Дорожное покрытие,kk,huggingface,,hf_category
739685,"Обращение с регистрационным номером 739685, направленное в Блог [ЗАЯВИТЕЛЬ] РК [ЗАЯВИТЕЛЬ] отклонено ГО 31.05.2022",Транспорт/Общественный транспорт,Транспорт,Общественный транспорт,ru,dialog_egov,17.05.2022,query
hf-38-kk,"Университетте сабақтар жиі өткізілмейді, оқытушылар келмей қалады. Білім сапасы алаңдатады.",Другое/Общие вопросы,Другое,Общие вопросы,kk,huggingface,,hf_category
hf-225-kk,Мектептегі сабақтар қысқартылған форматта өтіп жатыр.,Другое/Общие вопросы,Другое,Общие вопросы,kk,huggingface,,hf_category
764899,"Обращение с регистрационным номером 764899, направленное в Блог Председатель Правления АО «НГК «Казгеология» [ЗАЯВИТЕЛЬ] находится на рассмотрении у ГО",ЖКХ/Отопление,ЖКХ,Отопление,ru,dialog_egov,23.02.2024,query
742657,"Обращение с регистрационным номером 742657, направленное в Блог [ЗАЯВИТЕЛЬ] РК [ЗАЯВИТЕЛЬ] отклонено ГО 21.06.2022",Освещение/Уличное освещение,Освещение,Уличное освещение,ru,dialog_egov,06.06.2022,query
575080,"Құрметті Алматы қаласының әкімі Сағынтаев [ЗАЯВИТЕЛЬ]! Мен Алматы қаласы, Алатау ауданы, Нұркент ықшам ауданының тұрғынымын. Нұркент ықшам ауданы (2 – ші кезең) 2018 жылдың қазан айының ортасынан кейін беріле бастады. Салынған үйлерге тапсырыс беруші ""Бәйтерек",ЖКХ/Лифт,ЖКХ,Лифт,kk,dialog_egov,14.10.2019,query
hf-552-ru,Мой талон на прием к врачу отдали другому человеку.,Другое/Общие вопросы,Другое,Общие вопросы,ru,huggingface,,hf_category
hf-138-ru,Ночью мотоциклисты гоняют и нарушают тишину. Полиция не принимает мер.,Другое/Общие вопросы,Другое,Общие вопросы,ru,huggingface,,hf_category
hf-472-ru,"Врач назначил лечение, не ознакомившись с моей историей болезни.",Другое/Общие вопросы,Другое,Общие вопросы,ru,huggingface,,hf_category
616364,"Обращение с регистрационным номером 616364, направленное в Блог Аким города Алматы [ЗАЯВИТЕЛЬ]A. находится на рассмотрении у ГО",Освещение/Уличное освещение,Освещение,Уличное освещение,ru,dialog_egov,15.05.2020,query
707701,"[ЗАЯВИТЕЛЬ]Куламбаев, ағымдағы жылдың 30-шы тамызында Қызылорда облыстық полиция департаменті өзіндік қызмет басқармасының (әрі қарай - [ЗАЯВИТЕЛЬ]) бастығына патрульдік полиция қызметкерлерінің үстінен арызданған болатынмын. Алайда 13.09.2021 жылы Қызылорда қаласының полиция басқармасы",Дороги/Дорожное покрытие,Дороги,Дорожное покрытие,kk,dialog_egov,30.09.2021,query
hf-408-ru,Сотрудники полиции не принимают мер к нарушителям ПДД.,Другое/Общие вопросы,Другое,Общие вопросы,ru,huggingface,,hf_category
hf-390-kk,"Автобус жүргізушісі менің орныма басқа жолаушыны отырғызып, дөрекілік танытты.",Транспорт/Общественный транспорт,Транспорт,Общественный транспорт,kk,huggingface,,hf_category
696416,"Добрый день! Я житель дома по адресу г. Нур-Султан, пр-т Женис 28. Обращаюсь к Вам с жалобой, что участились случаи когда Астана энергосбыт отключает наш дом от электроэнергии.Ранее это было в виде частых морганий света, перепада напряжений, что сказывается на работе бытового об",ЖКХ/Лифт,ЖКХ,Лифт,ru,dialog_egov,19.07.2021,query
hf-793-kk,"Жолдағы бағдаршамның жасыл түсі жанып тұрғанда, көліктердің бірі өтіп кетіп, мені қағып кете жаздады.",Дороги/Дорожное покрытие,Дороги,Дорожное покрытие,kk,huggingface,,hf_category
630367,"Обращение с регистрационным номером 630367, направленное в Блог [ЗАЯВИТЕЛЬ] РК [ЗАЯВИТЕЛЬ] отклонено ГО 03.08.2020",Благоустройство/Вывоз мусора,Благоустройство,Вывоз мусора,ru,dialog_egov,22.07.2020,query
759389,"Жанатұрмыс суықта және сусыз!!! Алматы облысы Қарасай ауданы Жаңатұрмыс поселкесінің тұрғындарынан [ЗАЯВИТЕЛЬ]-Жомарт ТОҚАЕВ пен Үкімет басшыларына петиция Дәл осы күндері Алматы қаласының тура іргесіндегі Жаңатұрмыс ауылының тұрғындары 5 күннен бері (8.112020 -12.11.2022),",Освещение/Уличное освещение,Освещение,Уличное освещение,kk,dialog_egov,16.11.2022,query
hf-847-kk,"Жәрдемақы тағайындау үшін менің жұбайымның табысы туралы анықтаманы талап етті, бірақ ол әскери қызметте.",Другое/Общие вопросы,Другое,Общие вопросы,kk,huggingface,,hf_category
745686,"Уважаемый аким нашего города Нур-Султан! У нас большая проблема с проживанием в ЖК ""Expo New LiFE 2"" в 3 очереди. Наш ЖК должен был сдаться еще весной 2020 г. но на сегоднешний день у нас нет документов на квартиру так как дом не сдан в эксплуатацию, застройщик Шанхи",Освещение/Уличное освещение,Освещение,Уличное освещение,ru,dialog_egov,29.06.2022,query
645295,"Обращение с регистрационным номером 645295, направленное в Блог Министр внутренних дел РК [ЗАЯВИТЕЛЬ] отклонено ГО 07.10.2020",Дороги/Светофоры,Дороги,Светофоры,ru,dialog_egov,05.10.2020,query
762511,[ЗАЯВИТЕЛЬ] мырза. [ЗАЯВИТЕЛЬ] облысы Сауран ауданының Шаға ауыл әкімшілігіне қарасты Бершінтөбе елді мекенінің тұрғындары атынан. Сізге жолдап отырған халықтың көкейіндегі көптен қиналып жүрген жол мәселесі аулда көлік жүретін 1 км тас жол б,Транспорт/Общественный транспорт,Транспорт,Общественный транспорт,kk,dialog_egov,27.12.2022,query+rules
hf-883-ru,"Одна из машин проехала на красный свет и зацепила мою сумку, когда я переходил на зеленый.",Дороги/Дорожное покрытие,Дороги,Дорожное покрытие,ru,huggingface,,hf_category
hf-547-ru,"Хотя я зарегистрирован как безработный, я не получаю никакого пособия.",Другое/Общие вопросы,Другое,Общие вопросы,ru,huggingface,,hf_category
742861,"Довожу до Вашего сведения, что город Туркестан, мкр.Жаңа қала, 9-ая улица, в домах 32/1 и 32/2 неисправно работают лифты, постоянно выходят из строя. Вчера произошел случай когда маленькие дети застряли в лифте на полчаса и одному ребенку от шока не хватило воздуха чтоб дышать, ч",ЖКХ/Лифт,ЖКХ,Лифт,ru,dialog_egov,07.06.2022,query+rules
hf-1048-ru,Интернет-провайдер изменил тарифный план без предупреждения.,Другое/Общие вопросы,Другое,Общие вопросы,ru,huggingface,,hf_category
hf-907-ru,Как многодетная мать прошу помощи в подготовке детей к школе.,Другое/Общие вопросы,Другое,Общие вопросы,ru,huggingface,,hf_category
hf-911-kk,Үйдің кіреберісіндегі лифт бірнеше күннен бері істемейді.,ЖКХ/Общие вопросы,ЖКХ,Общие вопросы,kk,huggingface,,hf_category
hf-452-kk,"Дәрігердің қабылдауына жазылсам да, ол мені қабылдамай қойды.",Другое/Общие вопросы,Другое,Общие вопросы,kk,huggingface,,hf_category
hf-823-ru,"Одна из машин проехала на красный свет и создала аварийную ситуацию, когда пешеходам горел зеленый.",Дороги/Дорожное покрытие,Дороги,Дорожное покрытие,ru,huggingface,,hf_category
756338,"Прошу Вас дать правовую оценку действиям ответственных лиц акимата Сайрамского района Туркестанской области и акимата самой Туркестанской области. Дело в том что, с начала 2022 года я не могу добиться адекватного , своевременного вывоза твердых бытовых отходов (ТБО), со стороны Т",Благоустройство/Вывоз мусора,Благоустройство,Вывоз мусора,ru,dialog_egov,04.10.2022,query
hf-768-ru,"Сотрудники полиции приняли мою жалобу, но переквалифицировали ее на другую статью.",Другое/Общие вопросы,Другое,Общие вопросы,ru,huggingface,,hf_category
749558,"Добрый день уважаемый Аким! Обращаюсь к Вам второй раз, первый раз Вы нам помогли с поломкой насоса водозаборной башни в мае месяца, по адресу с.Кордай ул. Отегена 126/1 (район топбазы). У нас в ночное время отсутствует уличное освещение, хотя по центральной улице и соседней улиц",Освещение/Уличное освещение,Освещение,Уличное освещение,ru,dialog_egov,02.08.2022,query+rules
hf-102-ru,"В нашем доме в городе Петропавловск часто отключают отопление. На улице мороз, а в квартире холодно. Прошу проверить систему теплоснабжения.",ЖКХ/Общие вопросы,ЖКХ,Общие вопросы,ru,huggingface,,hf_category
765077,"Обращение с регистрационным номером 765077, направленное в Блог Председатель Правления АО «Казахстанский центр модернизации и развития жилищно-коммунального хозяйства» [ЗАЯВИТЕЛЬ] находится на рассмотрении у ГО",ЖКХ/Отопление,ЖКХ,Отопление,ru,dialog_egov,27.06.2024,query
765757,"Обращение с регистрационным номером 765757, направленное в Блог [ЗАЯВИТЕЛЬ] правосудия при [ЗАЯВИТЕЛЬ] РК [ЗАЯВИТЕЛЬ] отклонено ГО 03.09.2025",ЖКХ/Отопление,ЖКХ,Отопление,ru,dialog_egov,29.08.2025,query
hf-425-kk,Мемлекеттік қызмет алу үшін заңсыз сыйақы талап етті.,Другое/Общие вопросы,Другое,Общие вопросы,kk,huggingface,,hf_category
hf-610-kk,"Автобус жүргізушісі менің 'Оңай' картамда ақша жоқ деп, түсіріп тастады.",Транспорт/Общественный транспорт,Транспорт,Общественный транспорт,kk,huggingface,,hf_category
hf-34-ru,На дороге к школе нет пешеходного перехода. Мы беспокоимся за безопасность детей.,Дороги/Дорожное покрытие,Дороги,Дорожное покрытие,ru,huggingface,,hf_category
hf-913-ru,"Одна из машин проехала на красный свет, создав аварийную ситуацию, когда горел зеленый.",Дороги/Дорожное покрытие,Дороги,Дорожное покрытие,ru,huggingface,,hf_category
hf-621-ru,Детская горка во дворе сломана.,ЖКХ/Общие вопросы,ЖКХ,Общие вопросы,ru,huggingface,,hf_category
hf-1055-ru,"На дороге в школу нет пешеходного перехода, это опасно для жизни детей.",Другое/Общие вопросы,Другое,Общие вопросы,ru,huggingface,,hf_category
hf-629-ru,"Когда я жалуюсь на услуги интернет-провайдера, мне угрожают отключением.",Другое/Общие вопросы,Другое,Общие вопросы,ru,huggingface,,hf_category
292010,"Доброе утро! Я обращаюсь к Вам,так как никому нет до нас дела. Мы жители Лесной поляны,пос.Кощи,дом 12.. Во все дома дали отопление ещё 31 сентября вечером,в наш дом отопление не дали,с 9 по 14 подъезд,уже 4 дня КСК""Динназ"" никаких мер не принимает.Скоро морозы,батар",ЖКХ/Отопление,ЖКХ,Отопление,ru,dialog_egov,03.10.2014,query+rules
hf-602-kk,Дәрігердің қабылдауына жазылу үшін call-орталыққа хабарласа алмадым.,Другое/Общие вопросы,Другое,Общие вопросы,kk,huggingface,,hf_category
745426,"Здравствуйте господин Министр. Жалоба на сотрудников дорожной полиции г. Алматы Турксибского района. 25.06.2022 года приблизительно в 13,30 меня на электро самокате сбил автобус маршрут 220 гос. номер 844 AG 02 так было написано 4 городской больницей, куда меня доставила скорая",Транспорт/Общественный транспорт,Транспорт,Общественный транспорт,ru,dialog_egov,27.06.2022,query+rules
hf-370-ru,"Автобусы стали часто не доезжать до конечной остановки, разворачиваясь на полпути.",Транспорт/Общественный транспорт,Транспорт,Общественный транспорт,ru,huggingface,,hf_category
hf-178-ru,При назначении пособия учли мой дополнительный доход и снизили размер выплаты.,Другое/Общие вопросы,Другое,Общие вопросы,ru,huggingface,,hf_category
hf-49-ru,"На автобусной остановке нет скамеек для ожидания. Приходится стоять и в дождь, и в жару.",Транспорт/Общественный транспорт,Транспорт,Общественный транспорт,ru,huggingface,,hf_category
hf-55-ru,В аптеке вместо бесплатных лекарств предлагают дорогие аналоги. Законно ли это?,Другое/Общие вопросы,Другое,Общие вопросы,ru,huggingface,,hf_category
hf-743-ru,"Красный сигнал светофора на дороге горит слишком долго, создавая пробки.",Дороги/Дорожное покрытие,Дороги,Дорожное покрытие,ru,huggingface,,hf_category
755931,"Ассалаумағалейкум! Аймағанбетов мырза. ""ШЫМКЕНТ [ЗАЯВИТЕЛЬ] БАСҚАРМАСЫНЫҢ №122 ""АҚ-КӨГЕРШІН"" БӨБЕКЖАЙ-БАҚШАСЫ"" МКҚК , Г.ШЫМКЕНТ, АБАЙСКИЙ РАЙОН, [ЗАЯВИТЕЛЬ] ҒИМАРАТ 15 (КАТО: 791110000) (орысшасы ГККП ""ЯСЛИ-САД №122 ""АҚ",Транспорт/Общественный транспорт,Транспорт,Общественный транспорт,kk,dialog_egov,30.09.2022,query
737088,"Обращение с регистрационным номером 737088, направленное в Блог Председатель Комитета среднего образования [ЗАЯВИТЕЛЬ] находится на рассмотрении у ГО",ЖКХ/Лифт,ЖКХ,Лифт,ru,dialog_egov,26.04.2022,query
hf-604-kk,Мектептегі асханадағы тамақтар үнемі майлы.,Другое/Общие вопросы,Другое,Общие вопросы,kk,huggingface,,hf_category
761835,"Добрый день уважаемый аким! обращаюсь к Вам с такой проблемой, у нас по улице Е489 дом 3 и дом 5 отсутствуют дороги... пыль, грязь отсутствие благоустройства. Во время дождей дети и взрослые люди надевают пакеты на ноги чтобы выбраться из дому. (это центре города). прошу Вас прин",Дороги/Дорожное покрытие,Дороги,Дорожное покрытие,ru,dialog_egov,15.12.2022,rules
650686,"04.11.2020ж. №45 [ЗАЯВИТЕЛЬ] сыбайлас жемқорлыққа қарсы іс-қимыл агенттігі төрағасы [ЗАЯВИТЕЛЬ] «Сынақ» мүмкіндігі шектеулі жандарды оңалту және әлеуметтік құқықтарын іске асыру, қорғау» ҚБ [ЗАЯВИТЕЛЬ] Абдукаримови",Дороги/Дорожное покрытие,Дороги,Дорожное покрытие,kk,dialog_egov,05.11.2020,query
hf-394-kk,"Мектепке электронды күнделік енгізілгенімен, мұғалімдер оны толтырмайды.",Другое/Общие вопросы,Другое,Общие вопросы,kk,huggingface,,hf_category
hf-362-ru,В зале ожидания поликлиники не хватает стульев.,Другое/Общие вопросы,Другое,Общие вопросы,ru,huggingface,,hf_category
hf-421-kk,Подъездегі қоқыс құбырының иісі пәтерге дейін кіреді.,ЖКХ/Общие вопросы,ЖКХ,Общие вопросы,kk,huggingface,,hf_category
hf-581-kk,"Ауладағы қоқыс жәшіктері жетіспейді, қоқыс айналаға шашылып жатыр.",ЖКХ/Общие вопросы,ЖКХ,Общие вопросы,kk,huggingface,,hf_category
682430,"Добрый день! Я являюсь жильцом дома, расположенного по адресу: г.Караганда, ул.Абая (бывш.Ленина), д.62, кв.8. С момента переезда и по сегодняшний день, меня очень волнует вопрос необорудованной детской площадки во дворе дома. Площадка, как таковая, имеется, однако, она наход",Благоустройство/Вывоз мусора,Благоустройство,Вывоз мусора,ru,dialog_egov,29.04.2021,query+rules
hf-557-ru,При назначении пенсии не учли несколько лет моего трудового стажа.,Другое/Общие вопросы,Другое,Общие вопросы,ru,huggingface,,hf_category
hf-462-ru,Врач во время моего приема консультировал по телефону другого пациента.,Другое/Общие вопросы,Другое,Общие вопросы,ru,huggingface,,hf_category
hf-64-ru,Очень плохое освещение на центральной улице. Вечером ходить опасно.,Дороги/Дорожное покрытие,Дороги,Дорожное покрытие,ru,huggingface,,hf_category
hf-889-ru,"Сотрудники интернет-провайдера, придя на дом, без спроса фотографировали мои вещи и отправляли друзьям.",Другое/Общие вопросы,Другое,Общие вопросы,ru,huggingface,,hf_category
446575,"Уважаемый [ЗАЯВИТЕЛЬ]!!! Благодаря мудрой и дальновидной политике Главы государства [ЗАЯВИТЕЛЬ] по всей стране ведется интенсивное строительство жилья для социально уязвимых слоев населения. И очень радует то, что Вашими усилиями в нашем городе ведется небывалое по масш",Дороги/Дорожное покрытие,Дороги,Дорожное покрытие,ru,dialog_egov,04.10.2016,query
hf-230-kk,Қоғамдық көліктерде мүгедектер арбасымен кіруге жағдай жасалмаған.,Транспорт/Общественный транспорт,Транспорт,Общественный транспорт,kk,huggingface,,hf_category
hf-250-ru,Водители автобусов не открывают пандусы для инвалидных колясок.,Транспорт/Общественный транспорт,Транспорт,Общественный транспорт,ru,huggingface,,hf_category
755009,"Құрметті [ЗАЯВИТЕЛЬ]! Сізге Алматы облысы, Талғар ауданы, Тұздыбастау ауылынан ашылған ""Elite School"" жекеменшік мектебінен хабарласып отырмын. Біздің жекеменшік мектебі 2021-22 оқу жылында ашылып, ғимаратты жалға алып, халыққа қызмет жасаған болатынбыз. Биыл &quot",Дороги/Дорожное покрытие,Дороги,Дорожное покрытие,kk,dialog_egov,21.09.2022,query
hf-763-kk,"Жолдағы бағдаршамның жасыл түсі жанып тұрғанда, көліктер тоқтамай өтіп кетеді.",Дороги/Дорожное покрытие,Дороги,Дорожное покрытие,kk,huggingface,,hf_category
hf-52-ru,"Сотрудники дорожной полиции останавливают в основном недорогие машины, а дорогие не трогают. Это несправедливо.",Другое/Общие вопросы,Другое,Общие вопросы,ru,huggingface,,hf_category
742990,Добрый день! Обращается к Вам жительница г. Актау с наболевшей проблемой города - отсутствие питьевой воды. На протяжении нескольких лет каждое лето в городе (в частности в 13 микрорайоне) отсутвует питевая вода. На данный момент нет ни горячей воды (в связи с какими-то ремонтным,ЖКХ/Водоснабжение,ЖКХ,Водоснабжение,ru,dialog_egov,08.06.2022,query+rules
hf-345-ru,Госслужащие в рабочее время занимаются своими делами.,Другое/Общие вопросы,Другое,Общие вопросы,ru,huggingface,,hf_category
hf-100-kk,"Лицензия алу процесі өте бюрократияланған. Әр кабинетке кіріп, қол жинау керек.",Другое/Общие вопросы,Другое,Общие вопросы,kk,huggingface,,hf_category
hf-894-ru,Из-за плохого качества еды в школьной столовой у моего ребенка снизился интерес к учебе.,Другое/Общие вопросы,Другое,Общие вопросы,ru,huggingface,,hf_category
hf-258-kk,Көршімнің иті аулада еркін жүреді және балаларға үреді.,Другое/Общие вопросы,Другое,Общие вопросы,kk,huggingface,,hf_category
hf-264-kk,Мектептегі жөндеу жұмыстарына бөлінген қаржыға сапасыз материалдар сатып алынған.,Другое/Общие вопросы,Другое,Общие вопросы,kk,huggingface,,hf_category
hf-663-kk,Жолдағы шұңқырлардың кесірінен көлігімнің дөңгелегін екі рет жарып алдым.,Дороги/Дорожное покрытие,Дороги,Дорожное покрытие,kk,huggingface,,hf_category
739263,"В Министерство здравоохранения Республики Казахстан от [ЗАЯВИТЕЛЬ], ИИН [ИИН] прож. по адресу: г. Нур-Султан, пр. [ЗАЯВИТЕЛЬ] 27/1, кв. 70 моб. тел.: [ТЕЛЕФОН] Обращение с жалобой за оказанные медицинские услуги Я, [ЗАЯВИТЕЛЬ]Г обращаюсь к вам с",Транспорт/Общественный транспорт,Транспорт,Общественный транспорт,ru,dialog_egov,13.05.2022,query
hf-692-ru,"Когда я пришел на прием к врачу в свое время, он ушел на обед.",Другое/Общие вопросы,Другое,Общие вопросы,ru,huggingface,,hf_category
214968,"Обращение с регистрационным номером 214968, направленное в Блог Министр внутренних дел РК [ЗАЯВИТЕЛЬ] отклонено ГО 21.11.2018",ЖКХ/Лифт,ЖКХ,Лифт,ru,dialog_egov,05.08.2013,query
756206,"Уважаемый [ЗАЯВИТЕЛЬ]! АО «Усть-Каменогорские тепловые сети» выражает Вам свое почтение и обращается по следующему вопросу. АО «[ЗАЯВИТЕЛЬ]» оказывает услуги производства тепловой энергии, передачи и распределения тепловой энергии, снабжения тепловой энергией потребителей города",ЖКХ/Водоснабжение,ЖКХ,Водоснабжение,ru,dialog_egov,04.10.2022,query
649476,"Обращение с регистрационным номером 649476, направленное в Блог Аким города Алматы [ЗАЯВИТЕЛЬ]A. находится на рассмотрении у ГО",Дороги/Светофоры,Дороги,Светофоры,ru,dialog_egov,28.10.2020,query
hf-546-ru,"Я часто вижу машины, сбрасывающие мусор в реку за городом.",Благоустройство/Вывоз мусора,Благоустройство,Вывоз мусора,ru,huggingface,,hf_category
hf-573-kk,Жолдың үстіндегі жаяу жүргіншілер көпірінің едені тесік.,Дороги/Дорожное покрытие,Дороги,Дорожное покрытие,kk,huggingface,,hf_category
hf-223-kk,Емханадағы рентген аппараты ескірген.,Другое/Общие вопросы,Другое,Общие вопросы,kk,huggingface,,hf_category
763496,"Уважаемый [ЗАЯВИТЕЛЬ]! У меня такой простой вопрос и сразу решит можно мне кажется. Вопрос: 1) Сегодня ходил налоговый мне дали расчет налога на транспорт за 2022г. сумму 403 090 тенге, почему много рассчитали я не смог понять? когда с сайта смотришь другой расчет ( Дата ввоза",Транспорт/Общественный транспорт,Транспорт,Общественный транспорт,ru,dialog_egov,13.01.2023,query
hf-444-ru,Еда в детском саду постоянно пахнет одинаково.,Другое/Общие вопросы,Другое,Общие вопросы,ru,huggingface,,hf_category
hf-728-kk,"Көршімнің пәтерінен шыққан шуға байланысты полиция шақырсам, олар келгенде көршім есікті ашпайды.",Другое/Общие вопросы,Другое,Общие вопросы,kk,huggingface,,hf_category
hf-624-ru,"Безопасность учеников в школе не обеспечена, охрана плохая.",Другое/Общие вопросы,Другое,Общие вопросы,ru,huggingface,,hf_category
hf-173-kk,Үйдің қабырғасы сөгіліп жатыр. ОСИ ешқандай шара қолданбайды.,ЖКХ/Общие вопросы,ЖКХ,Общие вопросы,kk,huggingface,,hf_category
702931,"Здравствуте,обращаемся к Вам всем двором город Темиртау ул.Байсеитовой дом 19, мы живем в двух этажках наша улица забыта не только Богом но и местными властями. По тратуару не горят фонари, людям очень дорого востанавливать дома ведь в доме всего 12 кв. А облицовка дома в ужастно",Освещение/Уличное освещение,Освещение,Уличное освещение,ru,dialog_egov,28.08.2021,query+rules
762992,"С огромным воодушевлением прочитал статью в СМИ (https://tengrinews.kz/kazakhstan_news/uhod-litsom-invalidnostyu-zaschityivatsya-trudovoy-staj-487120/) о брифинге СЦК, где было озвучено, что граждане, которые ухаживают за лицами с инвалидностью, войдут в систему социального",Транспорт/Общественный транспорт,Транспорт,Общественный транспорт,kk,dialog_egov,06.01.2023,query
hf-350-kk,"Автобус жүргізушісі аялдамаға тоқтамай, жолаушыларды жолдың ортасында түсірді.",Транспорт/Общественный транспорт,Транспорт,Общественный транспорт,kk,huggingface,,hf_category
hf-639-ru,Сотрудники интернет-провайдера сделали работу некачественно и оставили после себя мусор.,Другое/Общие вопросы,Другое,Общие вопросы,ru,huggingface,,hf_category
hf-637-ru,При назначении пособия в мой доход посчитали пенсию моих родителей.,Другое/Общие вопросы,Другое,Общие вопросы,ru,huggingface,,hf_category
hf-150-kk,"Автобус жүргізушісі темекі шегіп, жолаушыларға кедергі келтірді.",Транспорт/Общественный транспорт,Транспорт,Общественный транспорт,kk,huggingface,,hf_category
703077,"27.08.2021ж. №56 [ЗАЯВИТЕЛЬ] сыбайлас жемқорлыққа қарсы іс-қимыл агенттігі төрағасы [ЗАЯВИТЕЛЬ] Адресі: Индекс:010000, Нұр-Сұлтан қаласы, [ЗАЯВИТЕЛЬ] көшесі №37. «Сынақ» мүмкіндігі шектеулі жандарды оңалту және",Дороги/Дорожное покрытие,Дороги,Дорожное покрытие,kk,dialog_egov,30.08.2021,query
hf-676-ru,Отходы завода у реки загрязняют воду.,Благоустройство/Вывоз мусора,Благоустройство,Вывоз мусора,ru,huggingface,,hf_category
hf-1011-ru,Неприятный запах от мусорных контейнеров во дворе доходит до квартиры.,ЖКХ/Общие вопросы,ЖКХ,Общие вопросы,ru,huggingface,,hf_category
hf-677-kk,"Жәрдемақы тағайындау үшін менің жұбайымның табысы туралы анықтаманы талап етті, бірақ біз ажырасқанбыз.",Другое/Общие вопросы,Другое,Общие вопросы,kk,huggingface,,hf_category
hf-607-ru,"Список документов, требуемых для назначения пособия, слишком большой.",Другое/Общие вопросы,Другое,Общие вопросы,ru,huggingface,,hf_category
hf-619-kk,"Интернет провайдерінің қызметіне алдын ала төлем жасасам да, интернетті уақытында қоспады.",Другое/Общие вопросы,Другое,Общие вопросы,kk,huggingface,,hf_category
hf-175-kk,Мектепке психолог маманы жетіспейді. Балаларға психологиялық көмек қажет.,Другое/Общие вопросы,Другое,Общие вопросы,kk,huggingface,,hf_category
755466,"Здраствуйте! второй раз пишу Вам с жалобой о работе КСК в мкр.Орбита 3, дом 38. [ЗАЯВИТЕЛЬ] председатель КСК вообще не работает. В подъезде уже которой месяц не убирает (не моет),мусор. Отсутствует свет на каждом этаже, мы жители сами за собственный счет меняем лампы в подъезд",Благоустройство/Вывоз мусора,Благоустройство,Вывоз мусора,ru,dialog_egov,27.09.2022,query+rules
hf-843-ru,"Одна из машин проехала на красный свет и сбила мою собаку, когда я переходил на зеленый.",Дороги/Дорожное покрытие,Дороги,Дорожное покрытие,ru,huggingface,,hf_category
hf-726-ru,Музыка из зон отдыха у реки не дает спать по ночам.,Благоустройство/Вывоз мусора,Благоустройство,Вывоз мусора,ru,huggingface,,hf_category
hf-865-kk,Мемлекеттік сатып алу конкурсының жеңімпазының жұмысшыларының саны аз екені белгілі болды.,Другое/Общие вопросы,Другое,Общие вопросы,kk,huggingface,,hf_category
748116,"Здравствуйте [ЗАЯВИТЕЛЬ]! [ЗАЯВИТЕЛЬ] из с. [ЗАЯВИТЕЛЬ], Алматинской обл., Талгарского района. Пиши с просьбой о наших накопившихся проблем с водой, электроэнергией. Посёлок стремительно растёт, каждый год строится всё больше и больше домов, но к сожалению, тех ресурсов, которы",Дороги/Дорожное покрытие,Дороги,Дорожное покрытие,ru,dialog_egov,20.07.2022,query
501925,"Мен, Касетова [ЗАЯВИТЕЛЬ] Қарағанды қаласы, Қазыбек-би ауданы, Күнгей ықшам ауданы, 20 «А» квартал, 20 жер телімінің тұрғынымын. Тұрмыстамын 2 балам бар. Екінші балам бала жастан мүгедек (ДЦП). Күнгей 2 кезек ықшам ауданында 2011 жылдан бастап тұрып жатырм",Транспорт/Общественный транспорт,Транспорт,Общественный транспорт,kk,dialog_egov,08.06.2018,query
701504,"Обращение с регистрационным номером 701504, направленное в Блог Аким города Алматы [ЗАЯВИТЕЛЬ]A. находится на рассмотрении у ГО",Дороги/Дорожное покрытие,Дороги,Дорожное покрытие,ru,dialog_egov,19.08.2021,query
716631,"В РГП "" Комитет промышленной безопасности Министерства по чрезвычайным ситуациям Республики Казахстан"" ТОО «[ЗАЯВИТЕЛЬ] Казахстан» просит Вас дать разъяснение касательно аттестата, выданного на имя нашего предприятия на право проведения работ в обл",ЖКХ/Лифт,ЖКХ,Лифт,ru,dialog_egov,26.11.2021,query
hf-609-kk,Интернет провайдерінің қызметін тоқтатқаннан кейін менің атыма несие рәсімдеген.,Другое/Общие вопросы,Другое,Общие вопросы,kk,huggingface,,hf_category
hf-757-ru,"Для назначения пособия потребовали справку о доходах моего супруга, хотя он безработный.",Другое/Общие вопросы,Другое,Общие вопросы,ru,huggingface,,hf_category
538026,"день добрый.Алматы, Алатауский район, микрорайон Бурундай, на пересечении улиц Азат и Асановой есть детская площадка и футбольное поле. Но детская площадка опасна для жизни детей. 1) скамейки из металла, возможно простудиться, 2) качели разгромлены, 3) дети поднимаются на горк",Благоустройство/Вывоз мусора,Благоустройство,Вывоз мусора,ru,dialog_egov,28.02.2019,query+rules
725168,"Обращение с регистрационным номером 725168, направленное в Блог Аким Атырауской области [ЗАЯВИТЕЛЬ] отклонено ГО 07.02.2022",Благоустройство/Вывоз мусора,Благоустройство,Вывоз мусора,ru,dialog_egov,03.02.2022,query
hf-307-kk,Мүгедектік бойынша жәрдемақыны бірнеше айдан бері кешіктіріп жатыр.,Другое/Общие вопросы,Другое,Общие вопросы,kk,huggingface,,hf_category
hf-855-ru,Руководитель победителя конкурса госзакупок - друг организатора.,Другое/Общие вопросы,Другое,Общие вопросы,ru,huggingface,,hf_category
hf-574-kk,Мектептегі компьютерлердің көбісі істемейді.,Другое/Общие вопросы,Другое,Общие вопросы,kk,huggingface,,hf_category
hf-660-kk,Автобус жүргізушісі жол ақысын төлеу үшін терминалдың орнына өз картасына аударуды сұрайды.,Транспорт/Общественный транспорт,Транспорт,Общественный транспорт,kk,huggingface,,hf_category
hf-897-ru,"Для назначения пособия потребовали справку о доходах моего супруга, но он в командировке.",Другое/Общие вопросы,Другое,Общие вопросы,ru,huggingface,,hf_category
hf-569-ru,Уже несколько дней жду 'мастера' от интернет-провайдера.,Другое/Общие вопросы,Другое,Общие вопросы,ru,huggingface,,hf_category
hf-885-kk,Мемлекеттік сатып алу конкурсының жеңімпазының басшысы - ұйымдастырушының көршісі.,Другое/Общие вопросы,Другое,Общие вопросы,kk,huggingface,,hf_category
724733,"ҚР Экология, геология және табиғи ресурстар министрі [ЗАЯВИТЕЛЬ] -------------------------------------------------------------------- Нұр-Сұлтан қ., [ЗАЯВИТЕЛЬ] көшесі, 8, Министрліктер үйі, 14",Дороги/Дорожное покрытие,Дороги,Дорожное покрытие,kk,dialog_egov,01.02.2022,query
hf-825-ru,Юридический адрес победителя конкурса госзакупок оказался фиктивным.,Другое/Общие вопросы,Другое,Общие вопросы,ru,huggingface,,hf_category
hf-892-kk,"Дәрігердің қабылдауына жазылған уақытымда келсем, ол менің орныма басқа пациентпен жеке мәселелерін талқылап отырды.",Другое/Общие вопросы,Другое,Общие вопросы,kk,huggingface,,hf_category
hf-417-ru,Имею ли я право на внеочередное место в детском саду как мать-одиночка?,Другое/Общие вопросы,Другое,Общие вопросы,ru,huggingface,,hf_category
hf-378-kk,Менің арызым бойынша полиция ешқандай тергеу амалдарын жүргізбейді.,Другое/Общие вопросы,Другое,Общие вопросы,kk,huggingface,,hf_category
hf-740-kk,"Автобус жүргізушісі менің аялдамамда тоқтамай, келесі аялдамада 'менің кінәм жоқ' деді.",Транспорт/Общественный транспорт,Транспорт,Общественный транспорт,kk,huggingface,,hf_category
693383,Поводом моей жалобы послужило сфабрикованная ситуация то есть изначально запланированная наигранная сценария [ЗАЯВИТЕЛЬ] и участкового инспектора Медета против моих двух несовершеннолетних детей. 15.04.2021 г. примерно в 09:30 вечера гражданка [ЗАЯВИТЕЛЬ] находясь н,Благоустройство/Детские площадки,Благоустройство,Детские площадки,ru,dialog_egov,30.06.2021,query
748809,"Добрый день, мы жители ИЖС 3 отделение, г.Талдыкорган, Жетусуйской области , просим Вас разобраться в нашей проблеме по «Строительству сетей электроснабжения с устройством уличного освещения в ИЖС 3 отделение». На сегодняшний день у нас временная подача электроэнергии. В любых",Освещение/Уличное освещение,Освещение,Уличное освещение,ru,dialog_egov,26.07.2022,query+rules
hf-467-ru,Моему ребенку-инвалиду отказали в предоставлении личного ассистента в школе.,Другое/Общие вопросы,Другое,Общие вопросы,ru,huggingface,,hf_category
hf-374-ru,"Территория школы не убирается, везде мусор.",Другое/Общие вопросы,Другое,Общие вопросы,ru,huggingface,,hf_category
hf-491-kk,Үйдің кіреберісіндегі пошта жәшіктері сынған.,ЖКХ/Общие вопросы,ЖКХ,Общие вопросы,kk,huggingface,,hf_category
667718,"Здравствуйте, [ЗАЯВИТЕЛЬ]! Я, [ЗАЯВИТЕЛЬ], жительница города Уральска. В нашем городе с прошлого года меняют коллектор, по причине того, что трубы, которые до этого положили, не соответствовали своему назначению. Но это отдельная тема. Так вот, делали они в",Дороги/Светофоры,Дороги,Светофоры,ru,dialog_egov,12.02.2021,query
hf-720-kk,"Автобус жүргізушісі менің аялдамамда тоқтамай, 'бұл жерде тоқтауға болмайды' деді.",Транспорт/Общественный транспорт,Транспорт,Общественный транспорт,kk,huggingface,,hf_category
707080,"Обращение с регистрационным номером 707080, направленное в Блог [ЗАЯВИТЕЛЬ] РК [ЗАЯВИТЕЛЬ] отклонено ГО 08.10.2021",Благоустройство/Детские площадки,Благоустройство,Детские площадки,ru,dialog_egov,25.09.2021,query
hf-818-kk,"Полиция қызметкерлері менің шағымымды қабылдап, бірақ оны басқа бөлімшеге жіберіп, содан бері хабар жоқ.",Другое/Общие вопросы,Другое,Общие вопросы,kk,huggingface,,hf_category
734243,"Здравствуйте [ЗАЯВИТЕЛЬ]! Убедительная просьба оперативно отреагировать на сложившуюся ситуацию в нашем дворе по улице Ломова, 36, за зданием ЦРМИ. После недавних порывистых ветров одно из деревьев было сломано и накренилось на рядом стоящие деревья и есть угроза падения",Благоустройство/Детские площадки,Благоустройство,Детские площадки,ru,dialog_egov,08.04.2022,query
hf-279-kk,Интернетке қосылу үшін бірнеше апта күтуге тура келеді.,Другое/Общие вопросы,Другое,Общие вопросы,kk,huggingface,,hf_category
706115,"Здравствуйте, меня зовут [ЗАЯВИТЕЛЬ] , я проживаю в городе Косшы, Акмолинской области. Я хотела к Вам обратиться от всех жителей нашего ЖК Сиреневый сад, застройщиком которого является «Жилстрой Group» дело в том, что наш дом сдали в эксплуатацию без подключения к коммуна",ЖКХ/Лифт,ЖКХ,Лифт,ru,dialog_egov,18.09.2021,query
hf-624-kk,"Мектептегі оқушылардың қауіпсіздігі қамтамасыз етілмеген, күзет нашар.",Другое/Общие вопросы,Другое,Общие вопросы,kk,huggingface,,hf_category
hf-730-ru,Водитель автобуса взял мою льготную карту и несколько раз приложил ее к терминалу.,Транспорт/Общественный транспорт,Транспорт,Общественный транспорт,ru,huggingface,,hf_category
763551,"Обращение с регистрационным номером 763551, направленное в Блог Председатель Правления АО «Казахстанский центр модернизации и развития жилищно-коммунального хозяйства» [ЗАЯВИТЕЛЬ] находится на рассмотрении у ГО",ЖКХ/Водоснабжение,ЖКХ,Водоснабжение,ru,dialog_egov,18.01.2023,query
hf-2-ru,"Добрый день. В столовой школы №24 в Астане ухудшилось качество питания. Дети жалуются, что еда невкусная. Прошу провести проверку.",Другое/Общие вопросы,Другое,Общие вопросы,ru,huggingface,,hf_category
651435,"Добрый день. Жители города просят акимат возобновить движение экспрессов №№ 100, 102, 105, 107. Например, маршрут 100 позволял без пересадок доехать из района проспектов Жумабаева/Кошкарбаева до больницы УДП. А маршрут 107 позволял без пересадок доехать от района 67 школы до п",Транспорт/Общественный транспорт,Транспорт,Общественный транспорт,ru,dialog_egov,09.11.2020,query+rules
670217,"Добрый день! [ЗАЯВИТЕЛЬ]. Я житель ЖО Кордайского района, с. Кордай. У нас в 2020 году в конце лета провели уличное освещение, мы этому очень обрадовались, однако по сегодняшний день фонари стоят линия подсоединена но нет света. Мой сын и еще много детей с нашей улицы хо",Освещение/Уличное освещение,Освещение,Уличное освещение,ru,dialog_egov,24.02.2021,query+rules
hf-300-kk,"Автобус жүргізушісі жол ақысын төлегеніме қарамастан, билет бермеді.",Транспорт/Общественный транспорт,Транспорт,Общественный транспорт,kk,huggingface,,hf_category
hf-735-kk,Мемлекеттік сатып алу конкурсының жеңімпазы туралы ақпарат жарияланбайды.,Другое/Общие вопросы,Другое,Общие вопросы,kk,huggingface,,hf_category
hf-862-ru,"Когда я пришел на прием в свое время, врач разговаривал по телефону с другим пациентом.",Другое/Общие вопросы,Другое,Общие вопросы,ru,huggingface,,hf_category
hf-627-ru,"На сбор документов, необходимых для получения пособия, уходит несколько недель.",Другое/Общие вопросы,Другое,Общие вопросы,ru,huggingface,,hf_category
hf-803-ru,Разметка на пешеходном переходе стерлась.,Дороги/Дорожное покрытие,Дороги,Дорожное покрытие,ru,huggingface,,hf_category
445718,Саламатсыз ба? [ЗАЯВИТЕЛЬ] көшесінің №2 уйде тұрамын осы көше тұрғындары атынан хат жолдап отырмын. 1. Сұрақ; №20 мектеппен Нурдаулет дүкені аралығындағы көше мәселесі жаяу адам жүретін тротуар көшеге өте жақын орналасуына байланысты мектепке баратын балаларға жол жиегін,Транспорт/Общественный транспорт,Транспорт,Общественный транспорт,kk,dialog_egov,14.09.2016,query
hf-504-ru,Оборудование для уроков труда в школе устарело.,Другое/Общие вопросы,Другое,Общие вопросы,ru,huggingface,,hf_category
584582,"Я обращаюсь к Вам с просьбой решить проблему отопления в жилом доме г. [ЗАЯВИТЕЛЬ] области, по адресу, ул. Мырзашева , 86 ( по старому 98). . Моя мать, одиноко проживающая пенсионерка, Ременская [ЗАЯВИТЕЛЬ], 1943 года рождения ,проживает в этом доме в квартире №2. П",ЖКХ/Отопление,ЖКХ,Отопление,ru,dialog_egov,09.12.2019,query+rules
758945,"Саламатсыз ба мен І-топ мүгедекпін, сирек кездесетін «Арқа бұлшық ет атрофиясымен ауырамын. 2021 жылдың 9-сәуір күні Мырзакент ауруханасына «Спинараза»дәрісін алу мақсатында құжаттарымды рәсімдеп,Түркістан облыстық денсаулық сақтау басқармасына тапсырдым. 2022 жылдың 07-қараша кү",ЖКХ/Отопление,ЖКХ,Отопление,kk,dialog_egov,11.11.2022,query
hf-347-ru,Для получения пособия по уходу за ребенком требуют справку о доходах супруга.,Другое/Общие вопросы,Другое,Общие вопросы,ru,huggingface,,hf_category
hf-18-kk,Полиция қызметкерлері жол ережесін бұзғандарға көз жұма қарайды. Бұл жол-көлік оқиғаларының көбеюіне әкеледі.,Другое/Общие вопросы,Другое,Общие вопросы,kk,huggingface,,hf_category
hf-756-kk,Қаланың жанындағы өзенге жақын жердегі демалыс орындарының қоқысы суға түсіп жатыр.,Благоустройство/Вывоз мусора,Благоустройство,Вывоз мусора,kk,huggingface,,hf_category
hf-235-ru,"Качество дома, построенного по госпрограмме, очень низкое.",Другое/Общие вопросы,Другое,Общие вопросы,ru,huggingface,,hf_category
760621,"Добрый день , я человек проживающий в 10 микрарайоне , 3 доме. Хотел узнать у нас тоже ТЭЦ взорвался что ли ? В одном стояке есть отопление в другом нет ... звоню в 109 , Таразэнергоцентр там грубо говоря футболят туда сюда ... Пишу по почте используя нашу цифровизацию нету ответ",ЖКХ/Водоснабжение,ЖКХ,Водоснабжение,ru,dialog_egov,29.11.2022,query+rules
hf-441-kk,"Үйдің қабырғасы ылғалданып, көгеріп кетті.",ЖКХ/Общие вопросы,ЖКХ,Общие вопросы,kk,huggingface,,hf_category
hf-729-ru,"Сотрудники интернет-провайдера, придя на дом, пользовались моими личными вещами без спроса.",Другое/Общие вопросы,Другое,Общие вопросы,ru,huggingface,,hf_category
758429/1,"Уважаемый, [ЗАЯВИТЕЛЬ]. Обращаюсь к Вам как житель ЖК Времена года Лето 3 (г. Астана, ул. Сауран, 15/4) с проблемой возникшей с лифтами. При продаже застройщиком (BI Group) упоминались, что в нашем ЖК будут установлены лифты Корейского производства, аналогично соседним до",ЖКХ/Лифт,ЖКХ,Лифт,ru,dialog_egov,04.11.2022,query+rules
758653,"Я житель дома №55 микрорайона №4 города Актау, прошу Вас посодействовать мне и жителям дома, в разъяснении вопроса о законности строительства, на территории, прилегающей к нашему дому. На свободном участке перед домом, усаженным зелёными насаждениями, начинается строительство об",Освещение/Уличное освещение,Освещение,Уличное освещение,ru,dialog_egov,08.11.2022,query
hf-447-kk,"Жәрдемақы тағайындау кезінде менің мүлкімді ескеріп, бас тартты.",Другое/Общие вопросы,Другое,Общие вопросы,kk,huggingface,,hf_category
hf-866-kk,Қаланың жанындағы өзенге жақын жердегі демалыс орындарының қалдықтарын суға ағызады.,Благоустройство/Вывоз мусора,Благоустройство,Вывоз мусора,kk,huggingface,,hf_category
752479,"Северо-Казахстанская область Петропавловск, 26.08.2022 На ул. Жабаева 137 имеется светодиодное уличное освещение. Один столб не работает, хотя подключен. Данный участок должен освещаться. Требуем установить данный недостаток. Материалы по ссылке: https://vk.com/wall-170724219_145",Освещение/Уличное освещение,Освещение,Уличное освещение,ru,dialog_egov,29.08.2022,query+rules
hf-926-kk,Қаланың жанындағы өзенге заңсыз құм карьері пайда болды.,Благоустройство/Вывоз мусора,Благоустройство,Вывоз мусора,kk,huggingface,,hf_category
hf-57-ru,Для оформления пособия требуют очень много справок. Большинство из них ведь можно получить из электронных баз.,Другое/Общие вопросы,Другое,Общие вопросы,ru,huggingface,,hf_category
hf-372-ru,"Чтобы записаться к врачу, нужно занимать очередь с раннего утра.",Другое/Общие вопросы,Другое,Общие вопросы,ru,huggingface,,hf_category
hf-766-kk,Қаланың жанындағы өзенге жақын жердегі демалыс орындарының дәретханалары суға ағызылады.,Благоустройство/Вывоз мусора,Благоустройство,Вывоз мусора,kk,huggingface,,hf_category
hf-1018-ru,"Я вызвал полицию на уличную драку, но они не приехали, сказав, что 'все успокоилось'.",Другое/Общие вопросы,Другое,Общие вопросы,ru,huggingface,,hf_category
744100,"Обращение с регистрационным номером 744100, направленное в Блог [ЗАЯВИТЕЛЬ] РК [ЗАЯВИТЕЛЬ] отклонено ГО 05.07.2022",Благоустройство/Вывоз мусора,Благоустройство,Вывоз мусора,ru,dialog_egov,16.06.2022,query
753582,"Шағым /лауазымды тұлға [ЗАЯВИТЕЛЬ] заңсыз іс әрекеттері туралы/ Менің шағым беру себебім, Ақмола облысының денсаулық сақтау басқармасы мемлекеттік мекемесінің басшысы [ЗАЯВИТЕЛЬ] заңсыз әрекеттері үшін менің құқықтарыммен мүдделерім бұзылуда. Атап айтқанда, білім мекемес",Дороги/Дорожное покрытие,Дороги,Дорожное покрытие,kk,dialog_egov,09.09.2022,query
750457,"На мои неоднократные обращения к Вам по поводу не рабочих светофоров на оживлённом перекрёстке рядом с ресторанным комплексом ""Zaman"" по адресу микрорайон Голубые пруды 18а, Вы даёте мне ответы с реальными сроками когда работы будут выполнены. Но светофоры до сих пор та",Дороги/Светофоры,Дороги,Светофоры,ru,dialog_egov,11.08.2022,query+rules
761843,"Здравствуйте! Я,[ЗАЯВИТЕЛЬ],ветеран труда,пишу из города Тараз. Написать к Вам письмо заставило такое обстоятельство.Мой сын [ЗАЯВИТЕЛЬ],военнослужащий РК получил в 2016г в Таразе в качестве арендного жилья квартиру по адресу Атшабар 17/1,кв52 .Начиная с этого",ЖКХ/Водоснабжение,ЖКХ,Водоснабжение,ru,dialog_egov,15.12.2022,query
hf-1043-kk,Менің баламның ерекше қажеттіліктеріне байланысты мектепте пандус жоқ.,Другое/Общие вопросы,Другое,Общие вопросы,kk,huggingface,,hf_category
674861,"Добрый день! Прошу сообщить, по какой причине практически новый (ему нет и 2 лет) и единственный светофор в селе [ЗАЯВИТЕЛЬ] района не работает уже более 1 месяца. На установку данного светофора на пересечении улиц Абая и Азербаева были потрачены средства из государственног",Дороги/Светофоры,Дороги,Светофоры,ru,dialog_egov,22.03.2021,query+rules
hf-525-kk,Шенеуніктің қабылдауына жазылу үшін бірнеше апта күту керек.,Другое/Общие вопросы,Другое,Общие вопросы,kk,huggingface,,hf_category
hf-501-kk,"Үйдің кіреберісіндегі жарық шамдары үнемі жанып-сөнеді. Электрик шақыртсақ та, мәселе шешілмеді.",ЖКХ/Общие вопросы,ЖКХ,Общие вопросы,kk,huggingface,,hf_category
hf-574-ru,Большинство компьютеров в школе не работает.,Другое/Общие вопросы,Другое,Общие вопросы,ru,huggingface,,hf_category
hf-1006-kk,Жақын маңдағы өнеркәсіптік аймақтан шыққан түтіннен дем алу қиын.,Благоустройство/Вывоз мусора,Благоустройство,Вывоз мусора,kk,huggingface,,hf_category
hf-1054-kk,Жол жөндеу жұмыстарынан кейін жолдың сапасы бұрынғыдан да нашарлап кетті.,Дороги/Дорожное покрытие,Дороги,Дорожное покрытие,kk,huggingface,,hf_category
hf-505-ru,При оформлении земельного участка чиновники намеренно затягивают процесс.,Другое/Общие вопросы,Другое,Общие вопросы,ru,huggingface,,hf_category
762155,"Обращение с регистрационным номером 762155, направленное в Блог [ЗАЯВИТЕЛЬ] РК [ЗАЯВИТЕЛЬ] отклонено ГО 28.12.2022",ЖКХ/Отопление,ЖКХ,Отопление,ru,dialog_egov,21.12.2022,query
763345/1,"[ЗАЯВИТЕЛЬ] транспорта [ЗАЯВИТЕЛЬ] С.[ЗАЯВИТЕЛЬ] прошу Вас разобраться в данной ситуации. Находясь на остановке управление Железной дороги по маршруту автобуса № 118Э города Караганда время 18-36 час, 9 я",Транспорт/Общественный транспорт,Транспорт,Общественный транспорт,ru,dialog_egov,12.01.2023,query+rules
hf-194-ru,Для прикрепления к поликлинике требуют городскую прописку. Законно ли это?,Другое/Общие вопросы,Другое,Общие вопросы,ru,huggingface,,hf_category
hf-547-kk,"Жұмыссыз ретінде тіркелсем де, ешқандай жәрдемақы алмаймын.",Другое/Общие вопросы,Другое,Общие вопросы,kk,huggingface,,hf_category
745508,"Добрый день! Прежде всего хочу поблагодарить, что прошлый мой запрос относительно санитарной обрезки деревьев в роще им.Баума был обработан очень оперативно! У меня сей час три вопроса: 1. Возле дома Райымбека 174 ""Г"" растет старый урюк. Половина сухая и когда выпадае",Благоустройство/Вывоз мусора,Благоустройство,Вывоз мусора,ru,dialog_egov,28.06.2022,query
hf-588-kk,"Көршімнің иті үнемі үріп, тыныштық бермейді.",Другое/Общие вопросы,Другое,Общие вопросы,kk,huggingface,,hf_category
hf-346-ru,Заброшенные промышленные здания в черте города представляют опасность.,Благоустройство/Вывоз мусора,Благоустройство,Вывоз мусора,ru,huggingface,,hf_category
hf-235-kk,Мемлекеттік бағдарлама бойынша салынған үйдің сапасы өте төмен.,Другое/Общие вопросы,Другое,Общие вопросы,kk,huggingface,,hf_category
hf-645-ru,Существуют 'особые' парковки для служебных автомобилей чиновников.,Другое/Общие вопросы,Другое,Общие вопросы,ru,huggingface,,hf_category
hf-689-kk,Интернет провайдерінің қызметкерлері үйге келгенде жұмыс құралдары толық болмайды.,Другое/Общие вопросы,Другое,Общие вопросы,kk,huggingface,,hf_category
754182,"Добрый день уважаемый Аким области! Обращаются жители Кордайского района, село Кордай ул.Отегена 126/1 касательно уличного освещения в ночное время суток. При первом обращении к Вам, на место по вышеуказанному адресу выехал зам.акима и инспектор (имена не помню)и на месте определ",Освещение/Уличное освещение,Освещение,Уличное освещение,ru,dialog_egov,14.09.2022,query+rules
hf-1092-kk,"Жәрдемақы тағайындау кезінде менің жұбайымның табысы туралы анықтаманы талап етті, бірақ біз ажырасқанбыз.",Другое/Общие вопросы,Другое,Общие вопросы,kk,huggingface,,hf_category
hf-704-ru,"Пол в школьном спортзале изношен, высокий риск получения травмы.",Другое/Общие вопросы,Другое,Общие вопросы,ru,huggingface,,hf_category
hf-426-kk,Қаланың экологиялық картасын қайдан көруге болады?,Благоустройство/Вывоз мусора,Благоустройство,Вывоз мусора,kk,huggingface,,hf_category
hf-671-ru,"Краска на скамейках во дворе облупилась, они выглядят старыми.",ЖКХ/Общие вопросы,ЖКХ,Общие вопросы,ru,huggingface,,hf_category
748385,"Уважаемая [ЗАЯВИТЕЛЬ]! Поводом для обращения к Вам послужили факты вопиющего нарушения норм [ЗАЯВИТЕЛЬ] РК, принятых эпидемиологических норм и правил содержания животных в селе [ЗАЯВИТЕЛЬ] области. Жители села Умирзак неоднократно обращались в местные",Освещение/Уличное освещение,Освещение,Уличное освещение,ru,dialog_egov,22.07.2022,query
hf-250-kk,Автобустар мүгедектер арбасына арналған пандустарды ашпайды.,Транспорт/Общественный транспорт,Транспорт,Общественный транспорт,kk,huggingface,,hf_category
hf-461-kk,Үйдің кіреберісіндегі есік дұрыс жабылмайды.,ЖКХ/Общие вопросы,ЖКХ,Общие вопросы,kk,huggingface,,hf_category
hf-102-kk,"Петропавл қаласындағы үйімізде жылу жиі сөніп қалады. Сыртта аяз, ал пәтерде суық. Жылу беру жүйесін тексеруіңізді өтінемін.",ЖКХ/Общие вопросы,ЖКХ,Общие вопросы,kk,huggingface,,hf_category
726810,"Здравствуйте, хотела бы решить проблему, которая не разрешается долгое время. Объясню ситуацию: в городе Талдыкорган на Абая 254А (задний двор гостиницы ""Алатау""), постоянно валяется мусор и никто не вывозит его, так как еще бегают собаки, то они разрывают мусорные па",Благоустройство/Вывоз мусора,Благоустройство,Вывоз мусора,ru,dialog_egov,14.02.2022,query+rules
hf-602-ru,"Не смог дозвониться в call-центр, чтобы записаться на прием к врачу.",Другое/Общие вопросы,Другое,Общие вопросы,ru,huggingface,,hf_category
hf-51-kk,Көп қабатты үйдің шатырынан су ағып жатыр. Пәтерімізді су алып кетті. КСК ештеңе істемейді.,ЖКХ/Общие вопросы,ЖКХ,Общие вопросы,kk,huggingface,,hf_category
hf-20-kk,Астанадағы жаңа құрылыс алаңының жанындағы жолдарды ауыр техникалар бүлдіріп жатыр. Құрылыс аяқталған соң жолды кім қалпына келтіреді?,Дороги/Дорожное покрытие,Дороги,Дорожное покрытие,kk,huggingface,,hf_category
hf-5-ru,"Невозможно записаться на прием в поликлинику №5 в Караганде. Телефоны не отвечают, а через egov нет свободных талонов. Как попасть к врачу?",Другое/Общие вопросы,Другое,Общие вопросы,ru,huggingface,,hf_category
hf-792-kk,"Дәрігердің қабылдауына жазылған уақытымда келсем, ол менің орныма досын қабылдады.",Другое/Общие вопросы,Другое,Общие вопросы,kk,huggingface,,hf_category
760180,"Уважаемый [ЗАЯВИТЕЛЬ]. Обращаюсь к вам по вопросу общественного транспорта по г Астана. Автобусы по маршруту № 40 переполнены, интервал между автобусами большой до 30 минут. Также теплая остановка по ул [ЗАЯВИТЕЛЬ] ( ориентировочно 3), в сторону левого берега. остановка назыв",ЖКХ/Отопление,ЖКХ,Отопление,ru,dialog_egov,24.11.2022,query
hf-190-ru,Скорости интернета в селе не хватает даже для видеозвонка.,Другое/Общие вопросы,Другое,Общие вопросы,ru,huggingface,,hf_category
hf-575-ru,"Мою жалобу перенаправляют в другое ведомство, уходя от ответственности.",Другое/Общие вопросы,Другое,Общие вопросы,ru,huggingface,,hf_category
hf-36-ru,Возле нового моста вырубили деревья. Законно ли это?,Благоустройство/Вывоз мусора,Благоустройство,Вывоз мусора,ru,huggingface,,hf_category
hf-630-ru,"Водитель автобуса обругал меня, хотя я оплатил проезд.",Транспорт/Общественный транспорт,Транспорт,Общественный транспорт,ru,huggingface,,hf_category
hf-365-ru,"Пришлось искать знакомых, чтобы встать в очередь на земельный участок.",Другое/Общие вопросы,Другое,Общие вопросы,ru,huggingface,,hf_category
706462/1,"Добрый день уважаемый Председатель Комитета автомобильных дорог [ЗАЯВИТЕЛЬ] По данному вопросу я раннее, т.е. 05.10.2019 уже обращался, обращение № 573684. Повторно хочу поднять этот вопрос о необходимости строительства моста через ж. д. пути на выезде со ст. Сороковой. По сей день п",Дороги/Дорожное покрытие,Дороги,Дорожное покрытие,ru,dialog_egov,22.09.2021,query+rules
hf-195-kk,Мектепке баратын жол жарықтандырылмаған. Балалар қараңғыда жүреді.,Другое/Общие вопросы,Другое,Общие вопросы,kk,huggingface,,hf_category
765511,"Обращение с регистрационным номером 765511, направленное в Блог Генеральный директор РГП на ПХВ «Республиканский научно–исследовательский институт по охране труда Министерства труда и социальной защиты населения Республики Казахстан» Актаева [ЗАЯВИТЕЛЬ] отклонено ГО 30.04.2025",ЖКХ/Отопление,ЖКХ,Отопление,ru,dialog_egov,23.04.2025,query
700958,"Уважаемы [ЗАЯВИТЕЛЬ], здравствуйте. Прошу разъяснить следующий вопрос. Компанией получена лицензия второй категории на строительно-монтажные работы в 2011 году на все подвиды деятельности, для осуществления которых требуется наличие лицензии, согласно разделу 6 Приложения",ЖКХ/Лифт,ЖКХ,Лифт,ru,dialog_egov,16.08.2021,query
hf-346-kk,Қаланың ішіндегі қараусыз қалған өндірістік ғимараттар қауіп төндіреді.,Благоустройство/Вывоз мусора,Благоустройство,Вывоз мусора,kk,huggingface,,hf_category
hf-302-ru,Уже неделю нет горячей воды. Аварийная служба не объясняет причин.,ЖКХ/Общие вопросы,ЖКХ,Общие вопросы,ru,huggingface,,hf_category
761843,"Здравствуйте! Я,Аманбеков [ЗАЯВИТЕЛЬ],ветеран труда,пишу из города Тараз. Написать к Вам письмо заставило такое обстоятельство.Мой сын [ЗАЯВИТЕЛЬ],военнослужащий РК получил в 2016г в Таразе в качестве арендного жилья квартиру по адресу Атшабар 17/1,кв52 .Начиная с этого",ЖКХ/Отопление,ЖКХ,Отопление,ru,dialog_egov,15.12.2022,query
605000,"Обращение с регистрационным номером 605000, направленное в Блог Аким города Алматы [ЗАЯВИТЕЛЬ]A. находится на рассмотрении у ГО",ЖКХ/Водоснабжение,ЖКХ,Водоснабжение,ru,dialog_egov,07.04.2020,query
hf-860-ru,"Водитель автобуса не остановился на моей остановке, сказав, что 'он не видел моего знака, не смотрел в зеркало'.",Транспорт/Общественный транспорт,Транспорт,Общественный транспорт,ru,huggingface,,hf_category
747913,"Алматы облысының әкімі М.Е Cұлтанғазиев мырзаға Алматы облысы Карасай ауданы, Қырғауылды ауылы тұрғыны [ЗАЯВИТЕЛЬ] және Алматы облысы Карасай ауданы Қырғауылды ауылы тұрғындарынан Сот тел [ТЕЛЕФОН] Арыз хат Сізге арыз жазу себебім, біз Кыргауылды ауылында турамыз, біздің кө",Благоустройство/Вывоз мусора,Благоустройство,Вывоз мусора,kk,dialog_egov,18.07.2022,query
hf-1017-ru,"У моего ребенка особые потребности, но в школе для него не созданы условия.",Другое/Общие вопросы,Другое,Общие вопросы,ru,huggingface,,hf_category
763345/1,"[ЗАЯВИТЕЛЬ] транспорта [ЗАЯВИТЕЛЬ] Уважаемый [ЗАЯВИТЕЛЬ], прошу Вас разобраться в данной ситуации. Находясь на остановке управление Железной дороги по маршруту автобуса № 118Э города Караганда время 18-36 час, 9 я",Транспорт/Общественный транспорт,Транспорт,Общественный транспорт,ru,dialog_egov,12.01.2023,query+rules
hf-184-kk,Емханадағы зертхана анализдердің нәтижесін үнемі кешіктіріп береді.,Другое/Общие вопросы,Другое,Общие вопросы,kk,huggingface,,hf_category
755404,"Акиму города Астана г-ну [ЗАЯВИТЕЛЬ] Уважаемый [ЗАЯВИТЕЛЬ]! Я, [ЗАЯВИТЕЛЬ] и моя многодетная семья, живем в частном доме на пересечение улиц Караоткель и [ЗАЯВИТЕЛЬ], в микрорайоне ""Чубары"" Есильского района города Астана. В непосредс",Благоустройство/Вывоз мусора,Благоустройство,Вывоз мусора,ru,dialog_egov,26.09.2022,query
hf-753-ru,Таймер на светофоре не работает должным образом.,Дороги/Дорожное покрытие,Дороги,Дорожное покрытие,ru,huggingface,,hf_category
hf-398-ru,Сотрудники полиции отказались регистрировать мое заявление.,Другое/Общие вопросы,Другое,Общие вопросы,ru,huggingface,,hf_category
hf-180-ru,Скорость домашнего интернета резко падает по вечерам.,Другое/Общие вопросы,Другое,Общие вопросы,ru,huggingface,,hf_category
hf-354-kk,"Мектептегі ағылшын тілі оқулықтары ескірген, жаңа бағдарламаға сай емес.",Другое/Общие вопросы,Другое,Общие вопросы,kk,huggingface,,hf_category
hf-533-ru,"'Лежачий полицейский' на дороге слишком высокий, бьюсь днищем машины.",Дороги/Дорожное покрытие,Дороги,Дорожное покрытие,ru,huggingface,,hf_category
hf-815-ru,"Выяснилось, что у победителя конкурса госзакупок нет сайта.",Другое/Общие вопросы,Другое,Общие вопросы,ru,huggingface,,hf_category
hf-142-ru,Домофон в подъезде не работает уже несколько месяцев. Обслуживающая компания не реагирует на жалобы.,ЖКХ/Общие вопросы,ЖКХ,Общие вопросы,ru,huggingface,,hf_category
hf-561-ru,"Лифт часто ломается, а ремонтники приходят только через несколько дней.",ЖКХ/Общие вопросы,ЖКХ,Общие вопросы,ru,huggingface,,hf_category
753667,"Обращение с регистрационным номером 753667, направленное в Блог [ЗАЯВИТЕЛЬ] РК [ЗАЯВИТЕЛЬ] отклонено ГО 30.09.2022",Дороги/Дорожное покрытие,Дороги,Дорожное покрытие,ru,dialog_egov,09.09.2022,query
hf-105-ru,Сотрудник дорожной полиции за мелкое нарушение предложил 'решить вопрос на месте'. Это создает условия для коррупции. Необходимо провести проверку.,Другое/Общие вопросы,Другое,Общие вопросы,ru,huggingface,,hf_category
hf-410-kk,Автобус жүргізушісі аялдамада күтіп тұрған жолаушыларды алмай кетіп қалды.,Транспорт/Общественный транспорт,Транспорт,Общественный транспорт,kk,huggingface,,hf_category
hf-396-kk,Қала ішіндегі көлдің жағасы тазаланбайды.,Благоустройство/Вывоз мусора,Благоустройство,Вывоз мусора,kk,huggingface,,hf_category
682431,"Обращение с регистрационным номером 682431, направленное в Блог Аким Карагандинской области [ЗАЯВИТЕЛЬ] отклонено ГО 29.04.2021",Благоустройство/Детские площадки,Благоустройство,Детские площадки,ru,dialog_egov,29.04.2021,query
hf-106-kk,"Көкшетау қаласының маңындағы орманға құрылыс қалдықтарын тастап кеткен. Бұл экологияға үлкен зиян. Кінәлілерді тауып, жазалауды сұраймын.",Благоустройство/Вывоз мусора,Благоустройство,Вывоз мусора,kk,huggingface,,hf_category
hf-902-ru,"Не мог дозвониться в call-центр несколько часов, чтобы записаться на прием к врачу.",Другое/Общие вопросы,Другое,Общие вопросы,ru,huggingface,,hf_category
692228,"Обращение с регистрационным номером 692228, направленное в Блог Аким Туркестанской области [ЗАЯВИТЕЛЬ] отклонено ГО 23.06.2021",Освещение/Уличное освещение,Освещение,Уличное освещение,ru,dialog_egov,23.06.2021,query
683693,"ҚМ [ЗАЯВИТЕЛЬ]Тоқаевқа! ҚР ІІМинистрі [ЗАЯВИТЕЛЬ]! ҚР Қылмыстық Кодексi 145-бап. Адамның және азаматтың тең құқықтылығын бұзу 1. Адамның (азаматтың) құқықтары мен бостандықтарын тегiне, әлеуметтiк, лауазымдық немесе мүлiктiк жағдайына, жынысына, нәсiліне, ұлтына, тiліне, дiн",Дороги/Дорожное покрытие,Дороги,Дорожное покрытие,kk,dialog_egov,08.05.2021,query
470967,"Я, [ЗАЯВИТЕЛЬ], житель 86-ой квартиры, дома №5, расположенный в Авангарде 2-ой мкрн. На данный момент для меня и жителей этого дома сложилась сложная ситуация. Подвал нашего подъезда всегда заполнена грязной сточной водой, из за чего образуется неблагоприятный запах в подъ",ЖКХ/Водоснабжение,ЖКХ,Водоснабжение,ru,dialog_egov,17.08.2017,query+rules
hf-210-kk,"Автобус жүргізушісі аялдамаға жетпей тоқтап, жолаушыларды түсірді.",Транспорт/Общественный транспорт,Транспорт,Общественный транспорт,kk,huggingface,,hf_category
hf-796-ru,Мусор с зон отдыха у реки стекает в воду.,Благоустройство/Вывоз мусора,Благоустройство,Вывоз мусора,ru,huggingface,,hf_category
735398/2,"2022 жылы 22 наурыз күні сағат 21:45 шамасында Жұмабаева көшесі №9 түрғын үй алдында автокөлікпен артқа қарай жүріп келе жатып шлакбаунга көлігім арты тигендей болды, себебі ол шлакбауын тұрғаны жөнінде ешқандай белгіде, жарық шамыда жоқ болатын. Сосын мен көлігімнен түсіп қарад",Освещение/Уличное освещение,Освещение,Уличное освещение,kk,dialog_egov,19.04.2022,rules
759754,"Обращение с регистрационным номером 759754, направленное в Блог Аким области [ЗАЯВИТЕЛЬ] Берік находится на рассмотрении у ГО",Дороги/Дорожное покрытие,Дороги,Дорожное покрытие,ru,dialog_egov,20.11.2022,query
hf-515-ru,Законно ли использование чиновниками служебных автомобилей в выходные дни?,Другое/Общие вопросы,Другое,Общие вопросы,ru,huggingface,,hf_category
hf-281-ru,Моя машина попала колесом в открытый люк посреди дороги. Кто возместит ущерб?,Дороги/Дорожное покрытие,Дороги,Дорожное покрытие,ru,huggingface,,hf_category
hf-458-ru,Сотрудник полиции пытался необоснованно обыскать мою машину.,Другое/Общие вопросы,Другое,Общие вопросы,ru,huggingface,,hf_category
hf-586-kk,"Қаланың жанындағы өзеннің суы көгеріп, сасып кетті.",Благоустройство/Вывоз мусора,Благоустройство,Вывоз мусора,kk,huggingface,,hf_category
hf-135-ru,Как вы относитесь к использованию служебных автомобилей чиновниками в личных целях?,Другое/Общие вопросы,Другое,Общие вопросы,ru,huggingface,,hf_category
hf-649-ru,"У сотрудников интернет-провайдера, приходящих на вызов, нет с собой запчастей.",Другое/Общие вопросы,Другое,Общие вопросы,ru,huggingface,,hf_category
hf-1020-ru,Вечером автобусы ходят редко и с опозданием от графика.,Транспорт/Общественный транспорт,Транспорт,Общественный транспорт,ru,huggingface,,hf_category
hf-688-ru,"Сотрудники полиции отказались регистрировать мою жалобу, сказав 'решай сам'.",Другое/Общие вопросы,Другое,Общие вопросы,ru,huggingface,,hf_category
hf-175-ru,В школе не хватает психологов. Детям нужна психологическая помощь.,Другое/Общие вопросы,Другое,Общие вопросы,ru,huggingface,,hf_category
hf-647-ru,"Чтобы зарегистрироваться в качестве безработного, нужно собрать много справок.",Другое/Общие вопросы,Другое,Общие вопросы,ru,huggingface,,hf_category
744838/1,"Сәлеметсізбе, мен Мәдиев [ЗАЯВИТЕЛЬ] Түркістан облысы Бәйдібек ауданы Шалдар аулының тұрғыны боламын. Менің өтінішім келесідей біздің ауылға қателеспесем 2015-2016 жылдары ауыз су жүргізілді щған алғысымыз шексіз алайда 2020 жылдан бастап ауылдағы құдықшалардың шойын қақп",ЖКХ/Водоснабжение,ЖКХ,Водоснабжение,kk,dialog_egov,23.06.2022,query
hf-724-ru,Охранник в школе грубит ученикам.,Другое/Общие вопросы,Другое,Общие вопросы,ru,huggingface,,hf_category
756612,"Уважаемая [ЗАЯВИТЕЛЬ], прошу предоставить полновесный и корректный ответ по санитарно эпидемиологическим правилам. Ранее я направляла запросы, которые так и не прояснили «узкие» места в этом направлении. В частности предусматривается ли в НПА требования о наличии туалетной бумаг",Благоустройство/Вывоз мусора,Благоустройство,Вывоз мусора,ru,dialog_egov,07.10.2022,query
hf-787-ru,"Для назначения пособия потребовали справку о доходах моего супруга, но он живет в другом городе.",Другое/Общие вопросы,Другое,Общие вопросы,ru,huggingface,,hf_category
hf-556-kk,Қаланың жанындағы өзенге ағызылған сарқынды сулардың кесірінен балықтар қырылып жатыр.,Благоустройство/Вывоз мусора,Благоустройство,Вывоз мусора,kk,huggingface,,hf_category
hf-450-ru,"Салон автобуса заклеен рекламными листовками, которые закрывают окна.",Транспорт/Общественный транспорт,Транспорт,Общественный транспорт,ru,huggingface,,hf_category
hf-909-ru,"Сотрудники интернет-провайдера, придя на дом, нарушили порядок и оставили мусор.",Другое/Общие вопросы,Другое,Общие вопросы,ru,huggingface,,hf_category
hf-127-ru,Процесс получения социальной выплаты по потере работы очень сложный.,Другое/Общие вопросы,Другое,Общие вопросы,ru,huggingface,,hf_category
709815,"Обращение с регистрационным номером 709815, направленное в Блог [ЗАЯВИТЕЛЬ] РК [ЗАЯВИТЕЛЬ] отклонено ГО 28.10.2021",Транспорт/Общественный транспорт,Транспорт,Общественный транспорт,ru,dialog_egov,14.10.2021,query
hf-864-ru,Из-за плохого качества еды в школьной столовой мой ребенок потерял интерес к учебе.,Другое/Общие вопросы,Другое,Общие вопросы,ru,huggingface,,hf_category
763211/1,"""ҚазақстанРеспубликасы [ЗАЯВИТЕЛЬ]"" мемлекеттік мекемесі ""[ЗАЯВИТЕЛЬ] жемқорлыққа қарсы іс-қимыл агенттігі (Сыбайлас жемқорлыққа қарсы қызмет)"" мемлекетті",Дороги/Дорожное покрытие,Дороги,Дорожное покрытие,kk,dialog_egov,10.01.2023,query
696947,"Уважаемый [ЗАЯВИТЕЛЬ]! Прошу Вас посодействовать в решение вопросов жильцов ЖК ""Сарайшык"", находящийся в 35 микрорайоне 17 дома города Актау. 1. Лифтовое хозяйство. На сегодняшний день лифтовое хозяйство обслуживает не какая компания. При этом, что бы использов",ЖКХ/Лифт,ЖКХ,Лифт,ru,dialog_egov,23.07.2021,query+rules
hf-904-kk,Мектептегі асханадағы тамақтың сапасы нашарлап кетті.,Другое/Общие вопросы,Другое,Общие вопросы,kk,huggingface,,hf_category
hf-303-ru,"Не могу записаться к эндокринологу уже несколько месяцев. В поликлинике говорят, что такого специалиста нет.",Другое/Общие вопросы,Другое,Общие вопросы,ru,huggingface,,hf_category
750100/2,"Обращение с регистрационным номером 750100/2, направленное в Блог [ЗАЯВИТЕЛЬ] РК [ЗАЯВИТЕЛЬ] отклонено ГО 25.08.2022",Дороги/Дорожное покрытие,Дороги,Дорожное покрытие,ru,dialog_egov,12.08.2022,query
704829,"Уважаемый Досмухамбетов [ЗАЯВИТЕЛЬ]! Просим вас обратить внимание на ухудшающее состояние тротуаров и детских площадок находящихся в Ретро-парке. На данный момент, плитки тротуара проваливаются из-за отсутствия водоотвода и сорняки вырастают прямо на плитках, мешая",Благоустройство/Детские площадки,Благоустройство,Детские площадки,ru,dialog_egov,09.09.2021,query
757817,"Ассалаумағалейкум. [ЗАЯВИТЕЛЬ] облысы Жамбыл ауданы Бектөбе аулының тұрғындары шағымы мен өтінішін білдіргім келеді. Ауылымыз Тараз қаласының орталығынан 8 шақырым жерде орналасқан. Көптеген жылдар бойы Электр тоғы қуатының тұрақсыздығынан зардап шегіп келеміз, Ауылымыз толық орта",Освещение/Уличное освещение,Освещение,Уличное освещение,kk,dialog_egov,25.10.2022,query
hf-803-kk,Жолдағы жаяу жүргіншілер өткелінің сызықтары өшіп қалған.,Дороги/Дорожное покрытие,Дороги,Дорожное покрытие,kk,huggingface,,hf_category
719943,Здравствуйте. Меня как и всех остальных обманутых дольщиков ЖК Шыгыс группы 2А (8 подъезд) интересует вопрос ужасающих признаков коррупции и закатанных в бетон бюджетных средств выделенных государством на завершение строительства проблемных объектов. В октябре месяце 2021 года на,ЖКХ/Лифт,ЖКХ,Лифт,ru,dialog_egov,21.12.2021,query
hf-353-kk,Республикалық маңызы бар жолдың бойындағы қоқыс жиналмайды.,Дороги/Дорожное покрытие,Дороги,Дорожное покрытие,kk,huggingface,,hf_category
hf-681-ru,"Свет в подъезде горит постоянно, днем его не выключают.",ЖКХ/Общие вопросы,ЖКХ,Общие вопросы,ru,huggingface,,hf_category
hf-637-kk,Жәрдемақы тағайындау кезінде менің қосымша табысым ретінде ата-анамның зейнетақысын есептеп жіберді.,Другое/Общие вопросы,Другое,Общие вопросы,kk,huggingface,,hf_category
763242,"Меня зовут [ЗАЯВИТЕЛЬ], я живу по адресу Пр. Мира д.49 кв. 38, имею жалобы на работу Актобе суэнерджи так как уже 3 месяц ко мне приходят квитанции с 0 показателем, хотя в электронном виде указывается сумма оплаты, имею подозрения что мои показания неправильно счи",ЖКХ/Водоснабжение,ЖКХ,Водоснабжение,ru,dialog_egov,10.01.2023,query
741230,"Согласно ответу на мое обращение 738770 вы пишите ""Строительный мусор (ветки, деревья, бытовая техника, листья) образовавшийся по вышеуказанному адресу ТОО «Коммунхоз Петропавловск» осуществляет за отдельную плату."" Прошу мне пояснить кто и с кого будет и должен собира",Благоустройство/Вывоз мусора,Благоустройство,Вывоз мусора,ru,dialog_egov,26.05.2022,query+rules
hf-224-kk,Балабақша меңгерушісі 'демеушілік көмек' сұрайды.,Другое/Общие вопросы,Другое,Общие вопросы,kk,huggingface,,hf_category
448381,"Заявление Я [ЗАЯВИТЕЛЬ] прошу Вас разобраться в моем деле . номер моего заявления зарегистрирован под №18878 , который находится в РОВД Ауезовского района, в отношений группы лиц по факту статьи хулиганство. Дело в том что я 01.09.2016г около 13:50 ехал на а/м Мерседес г/н 47",Дороги/Дорожное покрытие,Дороги,Дорожное покрытие,ru,dialog_egov,07.11.2016,query
764857,"Қайырлы күн, Ляззат ханым! [ЗАЯВИТЕЛЬ] 2022жылы денсаулығыма байланысты, 2 топтағы мүгедектігім бар кезде тұрғын үйге кезекке тұрған болатынмын! 2023 жылы комиссиядан өту барысында, 3 топ мүгедекке ауыстырған болатын. Ендігі мәселе, Отбасы банкте жыл сайын бол",ЖКХ/Отопление,ЖКХ,Отопление,kk,dialog_egov,02.02.2024,query
hf-50-ru,"К участковому врачу нужно записываться за месяц. А как попасть на прием, если случай срочный?",Другое/Общие вопросы,Другое,Общие вопросы,ru,huggingface,,hf_category
683229,"Уважаемый [ЗАЯВИТЕЛЬ]! Обращается к Вам житель города Актобе – Исламов [ЗАЯВИТЕЛЬ]. Хочу обратить Ваше внимание на одну из острейших проблем города, а именно, на состояние дороги по улице [ЗАЯВИТЕЛЬ] от улицы [ЗАЯВИТЕЛЬ] до проспекта [ЗАЯВИТЕЛЬ] и на",Дороги/Дорожное покрытие,Дороги,Дорожное покрытие,ru,dialog_egov,05.05.2021,query+rules
hf-798-kk,"Полиция қызметкерлері менің шағымымды қабылдап, бірақ оны басқа іспен шатастырып алған.",Другое/Общие вопросы,Другое,Общие вопросы,kk,huggingface,,hf_category
hf-132-kk,Үйдің қасындағы саябақта жарықтандыру жоқ. Кешке серуендеу қауіпті.,ЖКХ/Общие вопросы,ЖКХ,Общие вопросы,kk,huggingface,,hf_category
718980/1,"Пишу от имени жильцов дома г. Алматы, ул Жургенева 38 кв 1. Из - за того, что подвальные помещения залиты водой, которая попадает на трубы отопления, образуется пар. Он проникает в жилые помещения, все отсыревает и нет возможности жить нормально. Т.к. осыпается штукатурка",ЖКХ/Водоснабжение,ЖКХ,Водоснабжение,ru,dialog_egov,13.12.2021,query+rules
hf-674-kk,Мектептегі асханадағы тамақтың порциясы өте кішкентай.,Другое/Общие вопросы,Другое,Общие вопросы,kk,huggingface,,hf_category
hf-333-kk,"Емхананың дәретханалары лас, санитарлық талаптарға сай емес.",Другое/Общие вопросы,Другое,Общие вопросы,kk,huggingface,,hf_category
hf-240-ru,Водитель автобуса потребовал за проезд в два раза больше положенного.,Транспорт/Общественный транспорт,Транспорт,Общественный транспорт,ru,huggingface,,hf_category
hf-874-kk,"Мектептегі асханадағы тамақтардың сапасы нашар болғандықтан, баламның сабаққа зейіні жоқ.",Другое/Общие вопросы,Другое,Общие вопросы,kk,huggingface,,hf_category
760113,"Здравствуйте, уважаемый [ЗАЯВИТЕЛЬ], ранее нижеприведенный запрос 03.11.22г., был направлен нами в Министерство индустрии и инфраструктурного развития РК, 23.11.22 г. ответили, что данный вопрос относится к Вашему министерству (ответ прилагается). В связи с тем, что законом",ЖКХ/Отопление,ЖКХ,Отопление,ru,dialog_egov,23.11.2022,query
hf-625-kk,Мемлекеттік мекемеге кіру үшін кезекте бірнеше сағат тұру керек.,Другое/Общие вопросы,Другое,Общие вопросы,kk,huggingface,,hf_category
hf-450-kk,"Автобустардың салонында жарнама қағаздары жабыстырылып, терезені жауып тастаған.",Транспорт/Общественный транспорт,Транспорт,Общественный транспорт,kk,huggingface,,hf_category
hf-1065-kk,"Мектептегі компьютерлер ескі, интернет баяу істейді.",Другое/Общие вопросы,Другое,Общие вопросы,kk,huggingface,,hf_category
hf-427-ru,Не могу получить реабилитационные средства для моего ребенка с инвалидностью.,Другое/Общие вопросы,Другое,Общие вопросы,ru,huggingface,,hf_category
hf-186-ru,Для оказания государственной услуги требуют лишние документы.,Другое/Общие вопросы,Другое,Общие вопросы,ru,huggingface,,hf_category
hf-262-ru,В подвале многоэтажного дома поселились посторонние лица.,ЖКХ/Общие вопросы,ЖКХ,Общие вопросы,ru,huggingface,,hf_category
hf-168-kk,"Несие тарихым жақсы болса да, банктер несие бермейді.",Другое/Общие вопросы,Другое,Общие вопросы,kk,huggingface,,hf_category
750071,Добрый день. Прошу не давать банальную отписку а хотя бы по рекомендовать как решить проблему. В 2019 году я и десятки водителей работали со своими автобусами работали по договору аренды у ТОО Хэппибас. По итогу учебного года ТОО нам не заплатило и обмануло сотни родителей которы,Транспорт/Общественный транспорт,Транспорт,Общественный транспорт,ru,dialog_egov,08.08.2022,query+rules
hf-344-ru,Мой ребенок отравился школьной едой.,Другое/Общие вопросы,Другое,Общие вопросы,ru,huggingface,,hf_category
721907,"Добрый день, [ЗАЯВИТЕЛЬ]! Обращаюсь не в первый раз в правительство, наверное я бы тоже была в строю митингующих, если бы не мои дети о которых я забочусь. Я многодетная мама, живу в Алматы, и в нашем районе нет газа, отопления, воды ни холодной ни горячей ни поливной, канали",Освещение/Уличное освещение,Освещение,Уличное освещение,ru,dialog_egov,12.01.2022,query
hf-887-ru,"Для назначения пособия потребовали справку о доходах моего супруга, но он лежит в больнице.",Другое/Общие вопросы,Другое,Общие вопросы,ru,huggingface,,hf_category
hf-179-kk,"Көлігімді эвакуатор алып кетті, бірақ мен ереже бұзған жоқпын.",Другое/Общие вопросы,Другое,Общие вопросы,kk,huggingface,,hf_category
hf-614-kk,Мектептегі география кабинетінде карталар мен глобустар жоқ.,Другое/Общие вопросы,Другое,Общие вопросы,kk,huggingface,,hf_category
760050,[ЗАЯВИТЕЛЬ] Казахстан Г-ну Касым – [ЗАЯВИТЕЛЬ]. Председател,Транспорт/Общественный транспорт,Транспорт,Общественный транспорт,ru,dialog_egov,22.11.2022,query
hf-906-kk,"Қаланың жанындағы өзенге белгісіз сұйықтық төгіліп жатыр, судан жағымсыз иіс шығады.",Благоустройство/Вывоз мусора,Благоустройство,Вывоз мусора,kk,huggingface,,hf_category
hf-864-kk,"Мектептегі асханадағы тамақтардың сапасы нашар болғандықтан, баламның оқуға деген ынтасы жоғалды.",Другое/Общие вопросы,Другое,Общие вопросы,kk,huggingface,,hf_category
747767,"Обращение с регистрационным номером 747767, направленное в Блог [ЗАЯВИТЕЛЬ] РК [ЗАЯВИТЕЛЬ] отклонено ГО 29.07.2022",Дороги/Дорожное покрытие,Дороги,Дорожное покрытие,ru,dialog_egov,15.07.2022,query
hf-330-ru,"Павильон автобусной остановки сломан, не защищает от дождя.",Транспорт/Общественный транспорт,Транспорт,Общественный транспорт,ru,huggingface,,hf_category
727469,"Ув. [ЗАЯВИТЕЛЬ] Мною 18.01.2022г было направлена жалоба на имя [ЗАЯВИТЕЛЬ] районного отдела ""ЖКХ ПТ и АД"" [ЗАЯВИТЕЛЬ], Суть жалобы, несвоевременное уборка снега по городу, в следствие чего произошло ДТП в г.[ЗАЯВИТЕЛЬ] был опубликован на Фейсбу",Дороги/Светофоры,Дороги,Светофоры,ru,dialog_egov,17.02.2022,query
737227,"Обращение с регистрационным номером 737227, направленное в Блог [ЗАЯВИТЕЛЬ] РК [ЗАЯВИТЕЛЬ] отклонено ГО 11.05.2022",Дороги/Дорожное покрытие,Дороги,Дорожное покрытие,ru,dialog_egov,26.04.2022,query
751510,"Просим Вас, провести расследование относительно строительства трассы Алматы-Оскемен , внутри с. [ЗАЯВИТЕЛЬ] области, Ескельдинского района. Наши претензии к [ЗАЯВИТЕЛЬ] и [ЗАЯВИТЕЛЬ] района. Как вы знаете в течении 10 ти лет нам трижды вручались уведомлен",Дороги/Дорожное покрытие,Дороги,Дорожное покрытие,ru,dialog_egov,21.08.2022,query
hf-657-ru,Для назначения пособия проверяют мою кредитную историю.,Другое/Общие вопросы,Другое,Общие вопросы,ru,huggingface,,hf_category
762765,"Обращение с регистрационным номером 762765, направленное в Блог [ЗАЯВИТЕЛЬ] РК [ЗАЯВИТЕЛЬ] отклонено ГО 12.01.2023",Транспорт/Общественный транспорт,Транспорт,Общественный транспорт,ru,dialog_egov,03.01.2023,query
hf-1003-kk,Біздің көшедегі жолға 20 жылдан астам уақыт жөндеу жүргізілмеген.,Дороги/Дорожное покрытие,Дороги,Дорожное покрытие,kk,huggingface,,hf_category
hf-570-kk,Автобустардың ішіндегі ақпараттық таблолар жұмыс істемейді.,Транспорт/Общественный транспорт,Транспорт,Общественный транспорт,kk,huggingface,,hf_category
hf-519-ru,Сотрудники интернет-провайдера очень грубо разговаривают.,Другое/Общие вопросы,Другое,Общие вопросы,ru,huggingface,,hf_category
hf-230-ru,В общественном транспорте не созданы условия для заезда на инвалидной коляске.,Транспорт/Общественный транспорт,Транспорт,Общественный транспорт,ru,huggingface,,hf_category
762667,"Обращение с регистрационным номером 762667, направленное в Блог [ЗАЯВИТЕЛЬ] РК [ЗАЯВИТЕЛЬ] отклонено ГО 25.01.2023",Освещение/Уличное освещение,Освещение,Уличное освещение,ru,dialog_egov,29.12.2022,query
hf-371-kk,"Үйдегі жылу батареяларының бірі жылымайды. КСК-ға айтсам, нәтиже жоқ.",ЖКХ/Общие вопросы,ЖКХ,Общие вопросы,kk,huggingface,,hf_category
710426,"здравствуйте обращаюсь к вам с ТОО ''АКТОБЕ ЛИФТ 04'' структурное подразделение Турецкой фирмы RADIKAL ASANSOR.[ЗАЯВИТЕЛЬ] граждане,занимаемся монтажом,ремонтом и техническим обслуживанием лифтов.Хотим получить Казахстанский аттестат,чтобы работать в Казахстанской республике,но У",ЖКХ/Лифт,ЖКХ,Лифт,ru,dialog_egov,19.10.2021,query+rules
hf-321-kk,Жол жиегіне қойылған көліктер жаяу жүргіншілерге кедергі келтіреді.,Дороги/Дорожное покрытие,Дороги,Дорожное покрытие,kk,huggingface,,hf_category
hf-379-ru,"Мастера, пришедшие для подключения интернета, сделали работу некачественно и попросили доплату.",Другое/Общие вопросы,Другое,Общие вопросы,ru,huggingface,,hf_category
736112,"Қайырлы күн. [ЗАЯВИТЕЛЬ] облысы, Целиноград ауданы, Қараөткел ауылының тұрғынымын. [ЗАЯВИТЕЛЬ]-Сұлтан қаласының Есіл ауданымен шектесіп жатыр. [ЗАЯВИТЕЛЬ]-Сұлтан қаласының 12 емханасына қараймыз, жедел-жәрдем Нұр-Сұлтан қаласынан келеді. Қар еріп, күн жылығалы ауылымыздың жағдайы",Благоустройство/Вывоз мусора,Благоустройство,Вывоз мусора,kk,dialog_egov,19.04.2022,query
747769,Министру внутренних дел Республики Казахстан г -ну [ЗАЯВИТЕЛЬ] Адрес: город Нурсултан проспект Тауелсиздик 1 Генеральному прокурору Республики Казахстан г-ну [ЗАЯВИТЕЛЬ] Адрес: город Нурсултан улица [ЗАЯВИТЕЛЬ] 14 [ЗАЯВИТЕЛЬ] области г-ну Абдир,Дороги/Дорожное покрытие,Дороги,Дорожное покрытие,ru,dialog_egov,16.07.2022,query
732751,Тараз қаласы ПБ 2-[ЗАЯВИТЕЛЬ]-ның аға тергеушісі полиция капитаны [ЗАЯВИТЕЛЬ] 23.07.2020 жылы СДТБТ-не ҚК-тің 190-бабы 4-бөлігі 2-тармағымен тіркелген күдікті [ЗАЯВИТЕЛЬ] қатысты №203110031001055 қылмыстық іс Тараз қаласы ПБ 1-[ЗАЯВИТЕЛЬ]-на тергеулік ретімен 04.09.2020 жылы жолданған.,Дороги/Дорожное покрытие,Дороги,Дорожное покрытие,kk,dialog_egov,30.03.2022,query+rules
hf-143-ru,Врач скорой помощи попросил денег за приезд. Насколько это законно?,Другое/Общие вопросы,Другое,Общие вопросы,ru,huggingface,,hf_category
hf-22-kk,"Мен I топ мүгедегімін. Маған тиесілі дәрі-дәрмекті уақытында ала алмай жүрмін, емханада үнемі жоқ дейді.",Другое/Общие вопросы,Другое,Общие вопросы,kk,huggingface,,hf_category
742724,"Россия бұлай айтып отырғанда біздікілер неге үндемей отыр? Как выживают люди на территориях, загрязненных гептилом [ЗАЯВИТЕЛЬ]: При определении качества жизни учитывается не только благосостояние граждан, но и климат, географическое положение и многое другое. Однако, согла",ЖКХ/Водоснабжение,ЖКХ,Водоснабжение,kk,dialog_egov,06.06.2022,query
hf-537-ru,Меня заставляют по несколько раз пересдавать документы для получения пособия.,Другое/Общие вопросы,Другое,Общие вопросы,ru,huggingface,,hf_category
hf-100-ru,Процесс получения лицензии очень бюрократизирован. Нужно обходить каждый кабинет и собирать подписи.,Другое/Общие вопросы,Другое,Общие вопросы,ru,huggingface,,hf_category
713760,"Добрый вечер уважаемый Аким Карагандинской области [ЗАЯВИТЕЛЬ] Обращаюсь на официальный блог впервые! Прошу Вас понять и помочь нам жителям м-на ВОСТОК- 3, п. Сахалин, ул. [ЗАЯВИТЕЛЬ] д.3, частично п.Берлин (майкудук). Спасибо, что благоустраиваете наш район, тротуары, освещение,а",Транспорт/Общественный транспорт,Транспорт,Общественный транспорт,ru,dialog_egov,09.11.2021,query
761455,753897/1 13/09/2022 менің хатыма қашан жауап қайтарасыз??? Алматы облысы Іле ауданы Ащыбұлақ округі Төле би ауылы Бөлек батыр к-сі №4 үй тұрғыны Қоғамдық кеңес төрайымы [ЗАЯВИТЕЛЬ] Байланыс телефон: + 7 701 295 06 74 ЖСН [ИИН] Ашық хат Ащыбұлақ ок,Транспорт/Общественный транспорт,Транспорт,Общественный транспорт,kk,dialog_egov,09.12.2022,query
hf-608-ru,"Мой сосед делает ремонт в выходные дни, нарушая тишину.",Другое/Общие вопросы,Другое,Общие вопросы,ru,huggingface,,hf_category
hf-386-ru,У меня обострилась аллергия из-за заводского дыма.,Благоустройство/Вывоз мусора,Благоустройство,Вывоз мусора,ru,huggingface,,hf_category
hf-560-kk,Автобус жүргізушісі жол ақысын төлеу үшін 'Каспи' аударымын талап етеді.,Транспорт/Общественный транспорт,Транспорт,Общественный транспорт,kk,huggingface,,hf_category
292652,"Увааемая [ЗАЯВИТЕЛЬ]! Прошу разобраться в следующей ситуации: 1. На ж/д вокзале Алматы-1 нет парковки для инвалидов. Лифты для инвалидов не работают или сломаны. 2. Возле зданий УАП (бывшее горГАИ) (Тимирязева-Байтурсынова), гор. поликлиники №15 (пос. Дружба, ул. Ильич",ЖКХ/Лифт,ЖКХ,Лифт,ru,dialog_egov,12.11.2014,query+rules
hf-815-kk,Мемлекеттік сатып алу конкурсының жеңімпазының сайты жоқ екені белгілі болды.,Другое/Общие вопросы,Другое,Общие вопросы,kk,huggingface,,hf_category
hf-166-kk,"Қала ішінде жүк көліктері жүріп, жолды бүлдіріп жатыр.",Дороги/Дорожное покрытие,Дороги,Дорожное покрытие,kk,huggingface,,hf_category
hf-112-kk,"Біздің ауладағы балалар алаңы ескірген. Әткеншектер сынып, сырғанақтар қауіпті болып тұр. Жаңасын орнатып беруіңізді сұраймыз.",ЖКХ/Общие вопросы,ЖКХ,Общие вопросы,kk,huggingface,,hf_category
hf-873-ru,"Одна из машин проехала на красный свет и вырвала у меня сумку, когда я переходил на зеленый.",Дороги/Дорожное покрытие,Дороги,Дорожное покрытие,ru,huggingface,,hf_category
hf-492-ru,Медсестры в поликлинике делают уколы очень больно.,Другое/Общие вопросы,Другое,Общие вопросы,ru,huggingface,,hf_category
hf-655-kk,Мемлекеттік мекемеге кіру үшін жеке куәлікті кепілге қалдыруды талап етеді.,Другое/Общие вопросы,Другое,Общие вопросы,kk,huggingface,,hf_category
hf-771-ru,Кнопки в лифте в подъезде не работают.,ЖКХ/Общие вопросы,ЖКХ,Общие вопросы,ru,huggingface,,hf_category
hf-427-kk,Мүгедектігі бар балама арналған оңалту құралдарын ала алмай жүрмін.,Другое/Общие вопросы,Другое,Общие вопросы,kk,huggingface,,hf_category
733671,"Обращение с регистрационным номером 733671, направленное в Блог Директор ТОО «Центр по управлению пассажирскими перевозками» [ЗАЯВИТЕЛЬ] находится на рассмотрении у ГО",Транспорт/Общественный транспорт,Транспорт,Общественный транспорт,ru,dialog_egov,04.04.2022,query
660805,"Добрый день, Я Турмаганбетова [ЗАЯВИТЕЛЬ], проживаю по адресу г Нур-Султан, ул Иле 30/2, кв 18, в арендуемом доме выданной для социально-уязвимого слоя населения. К сожалению с первого дня (в течении 1,5года) этот дом в место радости приносит одни расстройства. В данно",ЖКХ/Отопление,ЖКХ,Отопление,ru,dialog_egov,08.01.2021,query
hf-893-kk,"Жолдағы бағдаршамның жасыл түсі жанып тұрғанда, көліктердің бірі өтіп кетіп, менің аяғымды басып кетті.",Дороги/Дорожное покрытие,Дороги,Дорожное покрытие,kk,huggingface,,hf_category
hf-708-ru,"Сотрудники полиции не приняли мою жалобу, сказав, что дело неважное.",Другое/Общие вопросы,Другое,Общие вопросы,ru,huggingface,,hf_category
hf-510-ru,"Водитель автобуса берет плату за проезд, но не выдает билет.",Транспорт/Общественный транспорт,Транспорт,Общественный транспорт,ru,huggingface,,hf_category
hf-564-kk,"Мектептегі оқулықтар жетіспейді, бір оқулықты екі-үш оқушы пайдаланады.",Другое/Общие вопросы,Другое,Общие вопросы,kk,huggingface,,hf_category
763213,"""ҚазақстанРеспубликасы [ЗАЯВИТЕЛЬ]"" мемлекеттік мекемесі ""[ЗАЯВИТЕЛЬ] жемқорлыққа қарсы іс-қимыл агенттігі (Сыбайлас жемқорлыққа қарсы қызмет)"" мемлекеттік мекемесі ""[ЗАЯВИТЕЛЬ] және жоғары білім мини",Дороги/Дорожное покрытие,Дороги,Дорожное покрытие,kk,dialog_egov,10.01.2023,query
763638,"[ЗАЯВИТЕЛЬ] САЛУ «Ақпаратқа қол жеткізу туралы» [ЗАЯВИТЕЛЬ] 2015 жылғы 16 қарашадағы Заңының 11-бабына сәйкес, Сізден келесі ақпаратты беруіңізді өтінемін: Мен, Шымқала тұрғыны және көпбалалы жас ана ретінде Сізден мына өтінішке жауап алғым келеді. Мемлеке",ЖКХ/Отопление,ЖКХ,Отопление,kk,dialog_egov,30.01.2023,query
713336,"Обращение с регистрационным номером 713336, направленное в Блог [ЗАЯВИТЕЛЬ] РК [ЗАЯВИТЕЛЬ] отклонено ГО 18.11.2021",Благоустройство/Детские площадки,Благоустройство,Детские площадки,ru,dialog_egov,06.11.2021,query
hf-508-ru,"Собака соседа справляет нужду на детской площадке, а на замечания он грубит.",Другое/Общие вопросы,Другое,Общие вопросы,ru,huggingface,,hf_category
743092,"Обращение с регистрационным номером 743092, направленное в Блог Уполномоченный по правам человека в РК [ЗАЯВИТЕЛЬ] находится на рассмотрении у ГО",Дороги/Дорожное покрытие,Дороги,Дорожное покрытие,ru,dialog_egov,09.06.2022,query
137370,"<p class=""MsoNormal"" align=""center"" style=""text-align:center""><b style=""mso-bidi-font-weight:&#xa;normal""><span style=""font-size:14.0pt;line-height:115%;font-family:&quot;Times New Roman&quot;,&quot;se",ЖКХ/Отопление,ЖКХ,Отопление,ru,dialog_egov,10.04.2012,query
hf-229-kk,Мобильді оператор менің рұқсатымсыз ақылы қызметтерді қосып қойған.,Другое/Общие вопросы,Другое,Общие вопросы,kk,huggingface,,hf_category
hf-339-ru,Интернет-линия часто выходит из строя. Приходится вызывать ремонтников по несколько раз в месяц.,Другое/Общие вопросы,Другое,Общие вопросы,ru,huggingface,,hf_category
hf-689-ru,"У сотрудников интернет-провайдера, приходящих на дом, неполный набор инструментов.",Другое/Общие вопросы,Другое,Общие вопросы,ru,huggingface,,hf_category
hf-751-ru,Лампочки в подъезде постоянно перегорают.,ЖКХ/Общие вопросы,ЖКХ,Общие вопросы,ru,huggingface,,hf_category
hf-192-ru,"Придорожные бордюры сломаны, трудно заехать во двор.",Дороги/Дорожное покрытие,Дороги,Дорожное покрытие,ru,huggingface,,hf_category
754093,"Уважаемый господин Председатель, уважаемые дамы и господа, благодарим за Ваше письмо от 20.07.2022 №ЖТ-2022-02047534! Просим о повторном рассмотрении нашего заявления от 16.07.2022 о переводе, учитывая один-единственный факт: здоровье нашего брата, которое нас очень беспоко",Транспорт/Общественный транспорт,Транспорт,Общественный транспорт,ru,dialog_egov,13.09.2022,query
267952,"Уважаемый [ЗАЯВИТЕЛЬ]! Обращаюсь к Вам от имени других родителей по поводу качества образования в средних школах Астаны, в частности по школе-лицей № 59. Во многих докладах звучало и звучит, что у нас не должно быть трёхсменных школ. Мы понимаем, что нет возможности сию",Транспорт/Общественный транспорт,Транспорт,Общественный транспорт,ru,dialog_egov,05.05.2014,query
hf-512-kk,Дәрігердің қабылдауына кіру үшін бірнеше сағат күтуге тура келеді.,Другое/Общие вопросы,Другое,Общие вопросы,kk,huggingface,,hf_category
753958/1,"[ЗАЯВИТЕЛЬ]! [ЗАЯВИТЕЛЬ] қаласының тұрғыны, «№36 ЖББМ» КММ көркем еңбек пәнің мұғалімі [ЗАЯВИТЕЛЬ]. Сізге айтатын шағымым бар еді, алдын-ала кешірім сұраймын! Осы мамандығым бойынша оқушыларым халықаралық, республикалық облыстық дәрежеде көптеген жетіс",Освещение/Уличное освещение,Освещение,Уличное освещение,kk,dialog_egov,13.09.2022,query
744679,"Добрый вечер! 1. Прошу привести в соответствие сети во дворе дома по ул. Ауэзова 173, так как они находятся в ужасном состоянии, не изолированы, верхний слой торчит об который накануне споткнулась и упала моя мама, тем самым повредила свою руку! Прошу принять меры и взять на ко",Благоустройство/Вывоз мусора,Благоустройство,Вывоз мусора,ru,dialog_egov,21.06.2022,query
172381/1,"Обращение с регистрационным номером 172381/1, направленное в Блог Министр внутренних дел РК [ЗАЯВИТЕЛЬ] отклонено ГО 22.11.2018",ЖКХ/Отопление,ЖКХ,Отопление,ru,dialog_egov,05.11.2012,query
hf-525-ru,"Чтобы попасть на прием к чиновнику, нужно ждать несколько недель.",Другое/Общие вопросы,Другое,Общие вопросы,ru,huggingface,,hf_category
hf-765-kk,Мемлекеттік сатып алу конкурсының жеңімпазының техникасы жоқ екені белгілі болды.,Другое/Общие вопросы,Другое,Общие вопросы,kk,huggingface,,hf_category
hf-692-kk,"Дәрігердің қабылдауына жазылған уақытымда келсем, ол түскі асқа кетіп қалыпты.",Другое/Общие вопросы,Другое,Общие вопросы,kk,huggingface,,hf_category
hf-335-kk,Құжаттарды рәсімдеу кезінде әр қызметкер 'сыйақы' күтетінін білдіреді.,Другое/Общие вопросы,Другое,Общие вопросы,kk,huggingface,,hf_category
hf-644-ru,"Учитель начальных классов в школе часто болеет, уроки пропадают.",Другое/Общие вопросы,Другое,Общие вопросы,ru,huggingface,,hf_category
hf-612-kk,"Дәрігердің қабылдауына келсем, ол орнында болмай шықты.",Другое/Общие вопросы,Другое,Общие вопросы,kk,huggingface,,hf_category
763039,"[ЗАЯВИТЕЛЬ] мырза, [ЗАЯВИТЕЛЬ]! Мен, [ЗАЯВИТЕЛЬ], Шымкент қаласының тұрғынымын. Менің, Сіздің атыңызға жазып отырған осы өтінішім мен шағымым Астана қаласы [ЗАЯВИТЕЛЬ] Басқармасының, оның ішінде аға тергеушісі [ЗАЯВИТЕЛЬ] қабылдаған заңсыз шешімі",Дороги/Дорожное покрытие,Дороги,Дорожное покрытие,kk,dialog_egov,07.01.2023,query
752800,"Уважаемый Аким, меня зовут [ЗАЯВИТЕЛЬ] , город Алматы мкр Думан 1 Казыгурт 48, наша улица центральная и у нас до сих пор не функционирует нормально освещение перед домом уже 3 месяца фонари не горят. Обещали сделать до августа, пришло письмо что все работы выполнены , н",Освещение/Уличное освещение,Освещение,Уличное освещение,ru,dialog_egov,02.09.2022,query+rules
hf-43-ru,Открытые люки на улице представляют опасность. Особенно беспокоимся за детей.,ЖКХ/Общие вопросы,ЖКХ,Общие вопросы,ru,huggingface,,hf_category
hf-520-kk,Автобус жүргізушісі музыканы өте қатты қояды.,Транспорт/Общественный транспорт,Транспорт,Общественный транспорт,kk,huggingface,,hf_category
hf-869-ru,"Сотрудники интернет-провайдера, придя на дом, без спроса фотографировали мои вещи.",Другое/Общие вопросы,Другое,Общие вопросы,ru,huggingface,,hf_category
hf-865-ru,"Выяснилось, что у победителя конкурса госзакупок мало работников.",Другое/Общие вопросы,Другое,Общие вопросы,ru,huggingface,,hf_category
hf-215-kk,Мемлекеттік органға берген өтінішіме 15 күннен бері жауап жоқ.,Другое/Общие вопросы,Другое,Общие вопросы,kk,huggingface,,hf_category
hf-816-ru,Отходы зон отдыха у реки загрязняют воду.,Благоустройство/Вывоз мусора,Благоустройство,Вывоз мусора,ru,huggingface,,hf_category
763304,"[ЗАЯВИТЕЛЬ]! Мен, [ЗАЯВИТЕЛЬ], Облыстық қоғамдық кеңес мүшесі ретінде және облысымыздағы созылмалы бүйрек жетіспеушілігі бар науқастардың атынан 2020 жылдың қазан айында сол уақытта облыс әкімі болған [ЗАЯВИТЕЛЬ] жеке қабылдауын",Дороги/Дорожное покрытие,Дороги,Дорожное покрытие,kk,dialog_egov,11.01.2023,query
757110,"[ЗАЯВИТЕЛЬ] мырза. [ЗАЯВИТЕЛЬ] облысы Сауран ауданының Шаға ауыл әкімшілігіне қарасты Бершінтөбе елді мекенінің тұрғындары атынан арыз шағымымызды сізге жеткізе отырып, төмендегілерді көріп шығуыңызды сұраймыз. Ауылда егемендік алғалы бері",ЖКХ/Водоснабжение,ЖКХ,Водоснабжение,kk,dialog_egov,13.10.2022,query
hf-1-ru,"Здравствуйте! В городе Алматы, во дворе дома №50 по улице Абая, дороги в ужасном состоянии. Появилось много ям, на машине проехать невозможно. Просим провести ремонтные работы.",Дороги/Дорожное покрытие,Дороги,Дорожное покрытие,ru,huggingface,,hf_category
hf-542-kk,"Дәрігер менің шағымымды тыңдамай, бірден антибиотик жазып берді.",Другое/Общие вопросы,Другое,Общие вопросы,kk,huggingface,,hf_category
hf-373-ru,Машины паркуют на тротуаре.,Дороги/Дорожное покрытие,Дороги,Дорожное покрытие,ru,huggingface,,hf_category
hf-908-ru,"Собака соседа пугает детей во дворе, на замечания он не реагирует.",Другое/Общие вопросы,Другое,Общие вопросы,ru,huggingface,,hf_category
702976,[ЗАЯВИТЕЛЬ] директора ТОО «ЖАСА 4» [ЗАЯВИТЕЛЬ]Р Пово,Благоустройство/Вывоз мусора,Благоустройство,Вывоз мусора,ru,dialog_egov,29.08.2021,query
750100/1,Министру внутренних дел Республики Казахстан г -ну [ЗАЯВИТЕЛЬ] Адрес: город Нурсултан проспект Тауелсиздик 1 Генеральному прокурору Республики Казахстан г-ну [ЗАЯВИТЕЛЬ] Адрес: город Нурсултан улица [ЗАЯВИТЕЛЬ] 14 [ЗАЯВИТЕЛЬ] по противодействи,Дороги/Дорожное покрытие,Дороги,Дорожное покрытие,ru,dialog_egov,11.08.2022,query
295824,"Обращение с регистрационным номером 295824, направленное в Блог Министр внутренних дел РК [ЗАЯВИТЕЛЬ] отклонено ГО 11.02.2019",ЖКХ/Водоснабжение,ЖКХ,Водоснабжение,ru,dialog_egov,31.03.2015,query
757296,"[ЗАЯВИТЕЛЬ] по факту неправомерных действий работников ТОО «BeyAzh Trans», ГКП «Таусамалы, также в связи с потребностью в инициации проверки на предмет хищения денежных средств потребителей и укрытие доходов, в связи с пропажей счетчиков и в последствии обнуление",ЖКХ/Водоснабжение,ЖКХ,Водоснабжение,ru,dialog_egov,16.10.2022,query
761998/1,"Здравствуйте!не знаю к кому именно обращаться!Можно узнать на счет очередности квартир?я сирота,хотела бы узнать почему очередь не двигается!кто новый впереди появляется,мы на том же месте стоим!Мы уже давно стоим на очереди,сначало мама стояла по потери кормильца,потом как она у",ЖКХ/Отопление,ЖКХ,Отопление,ru,dialog_egov,20.12.2022,query
hf-467-kk,Менің баламның мүгедектігіне байланысты оған мектепте жеке көмекші тағайындаудан бас тартты.,Другое/Общие вопросы,Другое,Общие вопросы,kk,huggingface,,hf_category
hf-8-ru,"Я многодетная мать. Подала документы на получение социального пособия, но ответа нет уже долгое время. Можно ли ускорить процесс?",Другое/Общие вопросы,Другое,Общие вопросы,ru,huggingface,,hf_category
759179/1,"Обращение с регистрационным номером 759179/1, направленное в Блог [ЗАЯВИТЕЛЬ] РК [ЗАЯВИТЕЛЬ] отклонено ГО 02.12.2022",ЖКХ/Отопление,ЖКХ,Отопление,ru,dialog_egov,17.11.2022,query
hf-905-kk,Мемлекеттік мекемеде анықтама алу үшін 'сыйақы' сұрады.,Другое/Общие вопросы,Другое,Общие вопросы,kk,huggingface,,hf_category
hf-856-ru,У зон отдыха у реки нет места для утилизации отходов.,Благоустройство/Вывоз мусора,Благоустройство,Вывоз мусора,ru,huggingface,,hf_category
hf-671-kk,"Үйдің ауласындағы орындықтардың бояуы өшіп, ескіріп кеткен.",ЖКХ/Общие вопросы,ЖКХ,Общие вопросы,kk,huggingface,,hf_category
766175,"Обращение с регистрационным номером 766175, направленное в Блог Генеральный директор РГП на ПХВ «Республиканский научно–исследовательский институт по охране труда Министерства труда и социальной защиты населения Республики Казахстан» [ЗАЯВИТЕЛЬ] отклонено ГО 13.04.2026",ЖКХ/Отопление,ЖКХ,Отопление,ru,dialog_egov,08.04.2026,query
hf-1036-kk,"Көршім түнде қатты музыка қойып, тыныштықты бұзады. Полиция шара қолданбайды.",Другое/Общие вопросы,Другое,Общие вопросы,kk,huggingface,,hf_category
hf-682-kk,Дәрігердің қабылдауына жазылған уақытымды басқа адамға беріп жіберген.,Другое/Общие вопросы,Другое,Общие вопросы,kk,huggingface,,hf_category
762952,"Здравствуйте. Вопрос по государственным закупкам. Мы являемся РГКП. Произошла аварийная ситуация с трубами холодной воды, прорвало трубу под землей из-за чего вся улица затоплена, архив соседней церкви затоплен и подвал соседнего ЖК тоже затопило. Так как необходимо в срочном пор",ЖКХ/Водоснабжение,ЖКХ,Водоснабжение,ru,dialog_egov,06.01.2023,query+rules
765659,"«Отбасы банк» АҚ Басқарма төрайымы [ЗАЯВИТЕЛЬ] Ибрагимова ханымға [ЗАЯВИТЕЛЬ] ханым! Мен – [ЗАЯВИТЕЛЬ] азаматы, жас анамын. Қазіргі таңда жолдасым және екі баламмен бірге тұрып жатырмын. Жолдасым – қарапайым жұмысшы, отбасымызды адал еңбек",ЖКХ/Отопление,ЖКХ,Отопление,kk,dialog_egov,06.07.2025,query
756060,"Обращение с регистрационным номером 756060, направленное в Блог Аким Карагандинской области [ЗАЯВИТЕЛЬ] отклонено ГО 03.10.2022",Освещение/Уличное освещение,Освещение,Уличное освещение,ru,dialog_egov,02.10.2022,query
hf-111-ru,В городе Атырау по улице Сатпаева провели некачественный ремонт дороги. Спустя несколько месяцев ямы появились снова.,Дороги/Дорожное покрытие,Дороги,Дорожное покрытие,ru,huggingface,,hf_category
hf-79-ru,Терминалы для приема платежных карт в автобусах часто не работают. Заставляют платить наличными.,Транспорт/Общественный транспорт,Транспорт,Общественный транспорт,ru,huggingface,,hf_category
737058/1,Премьер-министру Республики Казахстан [ЗАЯВИТЕЛЬ] РК по противодействию коррупции [ЗАЯВИТЕЛЬ] президента РК [ЗАЯВИТЕЛЬ] Генеральному прокурору РК [ЗАЯВИТЕЛЬ] РК [ЗАЯВИТЕЛЬ] Министру индус,Благоустройство/Вывоз мусора,Благоустройство,Вывоз мусора,ru,dialog_egov,27.04.2022,query
hf-349-ru,"В договоре с интернет-провайдером есть дополнительные условия, написанные очень мелким шрифтом.",Другое/Общие вопросы,Другое,Общие вопросы,ru,huggingface,,hf_category
hf-628-kk,Полиция қызметкерлері менің шағымымды тіркеу үшін ақы сұрады.,Другое/Общие вопросы,Другое,Общие вопросы,kk,huggingface,,hf_category
762249,"Вечер добрый. Ответом на обращение №761369 не удовлетворён. Обращение было связанно не с подземным переходом, а о другом. Дублирую еще раз. ""Вечер добрый. Прошу Акимат г. Алматы и соответствующие службы города провести служебную проверку юго-восточной части (от центральног",Благоустройство/Вывоз мусора,Благоустройство,Вывоз мусора,ru,dialog_egov,22.12.2022,query
hf-786-ru,Мусор с зон отдыха у реки разносится ветром.,Благоустройство/Вывоз мусора,Благоустройство,Вывоз мусора,ru,huggingface,,hf_category
hf-922-ru,Врач во время приема разговаривал по телефону и не уделил мне внимания.,Другое/Общие вопросы,Другое,Общие вопросы,ru,huggingface,,hf_category
hf-1033-kk,Жәрдемақы тағайындаудан негізсіз бас тартты.,Другое/Общие вопросы,Другое,Общие вопросы,kk,huggingface,,hf_category
hf-429-ru,"Мастера, пришедшие подключать интернет, не сняли обувь в доме.",Другое/Общие вопросы,Другое,Общие вопросы,ru,huggingface,,hf_category
754914,"Добрый день! Я проживаю в Аль-Фарабийском районе (Старый город), по улице Милицеская , у нас уже как 3 недели не вывозят мусор, в начале все хранили мусор во дворе, потом уже начали выносить на улицу, горы мусора состоящих из домашних отходов, неприятный запах и крысы вот с чем п",Благоустройство/Вывоз мусора,Благоустройство,Вывоз мусора,ru,dialog_egov,21.09.2022,query+rules
655484,[ЗАЯВИТЕЛЬ] государственных доходов Министерства финансов Республики Казахстан г-ну [ЗАЯВИТЕЛЬ] Копия: Председателю Правления Национальной палаты предпринимателей РК «Атамекен» г-ну [ЗАЯВИТЕЛЬ] К Вам обращается транспортная компания ТОО &laqu,Транспорт/Общественный транспорт,Транспорт,Общественный транспорт,ru,dialog_egov,04.12.2020,query
hf-572-ru,"Я потратил несколько часов, чтобы получить справку о том, что был на приеме у врача.",Другое/Общие вопросы,Другое,Общие вопросы,ru,huggingface,,hf_category
721519,"Здравствуйте! Обращаюсь к акиму Каратауского района, но так как его нет в списке блогов, то обращаюсь к вам. Мы проживаем в ж/м Тассай, на улице Аксумбе, дом 32. 1. У нас в мусорном баке скопился мусор с прошлого года, его почему-то не убрали, рядом стоит 2 мешка с мусором, это",Благоустройство/Вывоз мусора,Благоустройство,Вывоз мусора,ru,dialog_egov,05.01.2022,query+rules
276656,"Менің жолдасым ІІІ-топ мүгедегі (сол аяғы жоқ), сол себепті кезекке тұрып 3 бөлмелі (55,1 ш.м.) 3-ші қабаттан пәтер берілген болатын. Жанұямызда 6 адамбыз, 4 балам бар, 5-не жүктімін, жұмыс істемеймін. Жолдасым да денсаулығына байланысты жұмыс істемейді. Үйіміз угловой болғ",ЖКХ/Отопление,ЖКХ,Отопление,kk,dialog_egov,12.06.2014,query
hf-308-ru,Мои соседи сильно шумят по ночам. Участковый не принимает никаких мер.,Другое/Общие вопросы,Другое,Общие вопросы,ru,huggingface,,hf_category
hf-404-kk,Балабақшадағы тәрбиеші балама дұрыс қарамағаны үшін қосымша ақы сұрайды.,Другое/Общие вопросы,Другое,Общие вопросы,kk,huggingface,,hf_category
574462,"В поселке [ЗАЯВИТЕЛЬ] района, по улице Ерлепесова не горит ни один фонарь. Так же кроме данной улицы, необходимо уличное освещение по улице Алмалы. Просьба решить данную проблему!",Освещение/Уличное освещение,Освещение,Уличное освещение,ru,dialog_egov,09.10.2019,query+rules
hf-879-ru,"Сотрудники интернет-провайдера, придя на дом, без спроса передвинули и сломали мои вещи.",Другое/Общие вопросы,Другое,Общие вопросы,ru,huggingface,,hf_category
hf-1065-ru,"Компьютеры в школе старые, интернет работает медленно.",Другое/Общие вопросы,Другое,Общие вопросы,ru,huggingface,,hf_category
754845,Добрый день! С мая 2020 по январь 2021 я работала в ТОО Дедов и ТОО Торговый дом Гринвич. 1. Я до сих пор не получила компенсацию при увольнении. 2. ТОО Торговый дом Гринвич не внесло мои данные в единый реестр трудовых договоров. 3. До сих пор НЕ перечислены налоги и платежи,Благоустройство/Вывоз мусора,Благоустройство,Вывоз мусора,ru,dialog_egov,20.09.2022,query
hf-872-ru,"Когда я пришел на прием в свое время, врач рассматривал рентгеновские снимки другого пациента.",Другое/Общие вопросы,Другое,Общие вопросы,ru,huggingface,,hf_category
703075,"Обращение с регистрационным номером 703075, направленное в Блог [ЗАЯВИТЕЛЬ] РК [ЗАЯВИТЕЛЬ] отклонено ГО 13.09.2021",Дороги/Дорожное покрытие,Дороги,Дорожное покрытие,ru,dialog_egov,30.08.2021,query
hf-448-kk,Көршімнің пәтерінен есірткінің иісі шығады.,Другое/Общие вопросы,Другое,Общие вопросы,kk,huggingface,,hf_category
660904,"Обращение с регистрационным номером 660904, направленное в Блог Аким города Алматы [ЗАЯВИТЕЛЬ]A. находится на рассмотрении у ГО",Освещение/Уличное освещение,Освещение,Уличное освещение,ru,dialog_egov,08.01.2021,query
hf-474-ru,Учитель начальной военной подготовки в школе грубит ученикам.,Другое/Общие вопросы,Другое,Общие вопросы,ru,huggingface,,hf_category
733614,"Мен 2012 жылдаң бері Шымкент қаласы, Асар 2 ықшамауданы, кадастрлық нөмері (19-309-202-1452) жерім бар еді. АПС алайын десем қызыл сызыққа түсіп тұр. Менің әлі күнге дейін басымда баспана жоқ. Бірақ менің жерімде мемелекет су, жарық, газ, тас жол төсеп қойды. көршілерім үй соғып",Освещение/Уличное освещение,Освещение,Уличное освещение,kk,dialog_egov,04.04.2022,rules
748222,"Добрый день! Прошу Вас в поселке [ЗАЯВИТЕЛЬ] области Талгарского района по улице [ЗАЯВИТЕЛЬ] со стороны улице Валиханова провести фонари уличного освещения, мы не раз писали уже писали об этом. Надеемся на реагирование данного обращения.",Освещение/Уличное освещение,Освещение,Уличное освещение,ru,dialog_egov,20.07.2022,query+rules
hf-40-kk,Автобус жүргізушісі аялдамаға тоқтамай өтіп кетті. Мен жұмысқа кешіктім.,Транспорт/Общественный транспорт,Транспорт,Общественный транспорт,kk,huggingface,,hf_category
hf-881-kk,"Үйдің кіреберісіндегі лифттің есігі қисайып, ашылмай қалады.",ЖКХ/Общие вопросы,ЖКХ,Общие вопросы,kk,huggingface,,hf_category
hf-902-kk,Дәрігердің қабылдауына жазылу үшін бірнеше сағат бойы call-орталыққа хабарласа алмадым.,Другое/Общие вопросы,Другое,Общие вопросы,kk,huggingface,,hf_category
646336,"здравствуйте! адрес майры 27/2 кв 131 нет тепла. хотя соседям тепло дали еще 24 сентября. говорим кск чтобы они подали заявку в энергоснабжающиую организацию и жилищную инспекцию для того чтобы составить акт о том что в квартире нет тепла, батареи холодные, но кск ""отфутб",ЖКХ/Отопление,ЖКХ,Отопление,ru,dialog_egov,12.10.2020,query+rules
hf-871-ru,Лифт в подъезде уезжает с открытой дверью.,ЖКХ/Общие вопросы,ЖКХ,Общие вопросы,ru,huggingface,,hf_category
hf-1042-ru,Условия конкурса госзакупок написаны специально под одну компанию.,Другое/Общие вопросы,Другое,Общие вопросы,ru,huggingface,,hf_category
162922,"Здрвствуйте! Я ранее написала письмо в Ваш адрес с просьбой разобраться с беспорядком, творящимся в коммунальной системе города Кызылорды. А именно, я приобрела квартиру в г. Кызылорда, по ул. Амангельды 101. Проблема состоит в том, что в указанном доме н",ЖКХ/Водоснабжение,ЖКХ,Водоснабжение,ru,dialog_egov,23.08.2012,query
761496,Здравствуйте! В подземном переходе пр Райымбека угол ул Момышулы нет освещение! Надо заменить ливнивые решётки!,Освещение/Уличное освещение,Освещение,Уличное освещение,ru,dialog_egov,10.12.2022,query+rules
759154,"Доброго времени суток ко мне пришел штраф за разметку, Предписание 227588230845049 – я с ним не согласен и вот почему: Я двигался в южном направлении по улице Сейфуллина от улицы Иркутской в сторону Радищева расстояние 384 метра, на этом промежутке дороги нету светофором и автобу",Дороги/Светофоры,Дороги,Светофоры,ru,dialog_egov,14.11.2022,query+rules
751540,"сбыт готовой молочной продукции). Но это очень упрощенная картина, и на практике имеет место целый ряд взаимосвязей, а также проблем, характерных для каждого сегмента отрасли. Если проанализировать политику государства по отношению ко всей этой отрасли, а также информационную с",Благоустройство/Вывоз мусора,Благоустройство,Вывоз мусора,ru,dialog_egov,22.08.2022,query
hf-300-ru,"Водитель автобуса не выдал билет, хотя я оплатил проезд.",Транспорт/Общественный транспорт,Транспорт,Общественный транспорт,ru,huggingface,,hf_category
701553,"Уважаемый [ЗАЯВИТЕЛЬ], жители 18 микрорайона домов с 1 по 6, 39б (14 квартир) г.Капшагай обрашаемся с большой просьбой по укладке асфальта, так как неоднократные обращения (письменные и явочно) в акимат г. Капшагай не дают положительного результата. Последнее явоч",Дороги/Дорожное покрытие,Дороги,Дорожное покрытие,ru,dialog_egov,19.08.2021,query+rules
756613,Құрметті қала әкімі 05 казан 2022жылгы жеке қабылдауға 85талонмен тіркелдім алайда кіре алмадым.құрметті қала әкімі мен бірінші топ мүгедек сіңіліммен Қаратау ауданы әкімі ұйымдастыруымен аптасына бір рет жәрменкеде жұмыс істеймін. Сатып тұрған тауарымды шокалад кампот печеньені,ЖКХ/Отопление,ЖКХ,Отопление,kk,dialog_egov,07.10.2022,query
759937,"Здравствуйте уважаемый аким г.Астаны. В целях улучшения потока транспортной системы автодорог столицы предлагаю рассмотреть мое предложение по уменьшению загрузки проспекта Туран от района спортивного комплекса Астана Арена до проспекта Сыганак. А именно, проанализировав поток тр",Дороги/Дорожное покрытие,Дороги,Дорожное покрытие,ru,dialog_egov,22.11.2022,query+rules
hf-41-kk,Жер учаскесін рәсімдеу үшін құжаттарды бірнеше айдан бері қарайды. Процесті қасақана созып жатқан сияқты.,Другое/Общие вопросы,Другое,Общие вопросы,kk,huggingface,,hf_category
hf-244-kk,Мектепке жақын жерде алкоголь өнімдерін сататын дүкен бар.,Другое/Общие вопросы,Другое,Общие вопросы,kk,huggingface,,hf_category
447517,"Дата : 23.10.2016 Заявление Я [ЗАЯВИТЕЛЬ] прошу Вас разобраться в моем деле номер моего заявления зарегистрирован под №18878 , который находится в РОВД г. Алматы Ауезовского района, в отношений группы лиц по факту статьи хулиганство. Дело в том что я 01.09.2016г около 13:50 е",Дороги/Дорожное покрытие,Дороги,Дорожное покрытие,ru,dialog_egov,23.10.2016,query
hf-363-ru,Ветки деревьев вдоль дороги не обрезаны и закрывают дорожные знаки.,Дороги/Дорожное покрытие,Дороги,Дорожное покрытие,ru,huggingface,,hf_category
hf-176-ru,"На меня оказывают давление за то, что я сообщил о коррупции.",Другое/Общие вопросы,Другое,Общие вопросы,ru,huggingface,,hf_category
696998,"Обращение с регистрационным номером 696998, направленное в Блог Аким города Алматы [ЗАЯВИТЕЛЬ]A. находится на рассмотрении у ГО",Дороги/Дорожное покрытие,Дороги,Дорожное покрытие,ru,dialog_egov,23.07.2021,query
hf-89-kk,"Мүгедектерге арналған пандустар дұрыс жасалмаған, тым тік. Арбамен көтерілу мүмкін емес.",Транспорт/Общественный транспорт,Транспорт,Общественный транспорт,kk,huggingface,,hf_category
hf-568-kk,Полиция қызметкерлері құжаттарды тексеру кезінде бейнежетонды қоспайды.,Другое/Общие вопросы,Другое,Общие вопросы,kk,huggingface,,hf_category
hf-564-ru,"В школе не хватает учебников, одним учебником пользуются два-три ученика.",Другое/Общие вопросы,Другое,Общие вопросы,ru,huggingface,,hf_category
hf-28-kk,"Үйдегі интернеттің жылдамдығы келісім-шартта көрсетілгеннен әлдеқайда төмен. Провайдерге шағымдансам, ештеңе өзгермейді.",Другое/Общие вопросы,Другое,Общие вопросы,kk,huggingface,,hf_category
736844,"Уважаемая [ЗАЯВИТЕЛЬ], прошу предоставить комментарии, в том числе по разъяснениям руководителя [ЗАЯВИТЕЛЬ] и его сотрудников, которые являются госслужащими? Дабы не превратилась это мероприятие на уровне кампанейщины:100 вопросов - 100 отписок в рамках комплексной ре",ЖКХ/Лифт,ЖКХ,Лифт,ru,dialog_egov,24.04.2022,query
651579,"Добрый день, уважаемый [ЗАЯВИТЕЛЬ] ! 05 февраля 2020 г. нами, [ЗАЯВИТЕЛЬ] и [ЗАЯВИТЕЛЬ] были приобретены авиабилеты № 555-6368697810 и № 555-63686997811 компании «Аэрофлот» по направлению Алматы – Москва – Амстердам на 13 мая 2",Транспорт/Общественный транспорт,Транспорт,Общественный транспорт,ru,dialog_egov,10.11.2020,query
hf-593-ru,Фонари освещения на дороге отключаются по ночам.,Дороги/Дорожное покрытие,Дороги,Дорожное покрытие,ru,huggingface,,hf_category
761457/2,"Министер мырза менің № 753897/1 13/09/2022 хатыма қашан жауап қайтарасыздар??? Алматы облысының әкім 13 қазанда жауап берем деген, содан бері міне 2 айдың жүзі болды. Мен 1 аптаның ішінде жауап берілмесе сотқа жүгінуіме тура келеді.....! Алматы облысы Іле ауданы Ащыбұлақ окру",Транспорт/Общественный транспорт,Транспорт,Общественный транспорт,kk,dialog_egov,12.12.2022,query
687273,"Обращаюсь повторно с жалобой на застройщика (АО ""Samruk Kazyna Constraction""), продавшего нам квартиры в ЖК по адресу пр.[ЗАЯВИТЕЛЬ] 17 и 17-1. Качество возведенного жилья очень низкое (вероятно были использованы стройматериалы не соответствующие технической спецификации),",ЖКХ/Лифт,ЖКХ,Лифт,ru,dialog_egov,26.05.2021,query
729737,"Обращение с регистрационным номером 729737, направленное в Блог [ЗАЯВИТЕЛЬ] РК [ЗАЯВИТЕЛЬ] отклонено ГО 18.03.2022",Благоустройство/Вывоз мусора,Благоустройство,Вывоз мусора,ru,dialog_egov,04.03.2022,query
665198,"Обращение с регистрационным номером 665198, направленное в Блог [ЗАЯВИТЕЛЬ] РК [ЗАЯВИТЕЛЬ] отклонено ГО 15.02.2021",Дороги/Дорожное покрытие,Дороги,Дорожное покрытие,ru,dialog_egov,01.02.2021,query
hf-507-kk,Көпбалалы отбасы ретінде мектепке қажетті құрал-жабдықтарды алуға көмек сұраймын.,Другое/Общие вопросы,Другое,Общие вопросы,kk,huggingface,,hf_category
hf-125-ru,"Считаю, что конкурс государственных закупок прошел несправедливо. У компании-победителя мало опыта.",Другое/Общие вопросы,Другое,Общие вопросы,ru,huggingface,,hf_category
hf-528-kk,Көшедегі қараусыз иттер адамдарға шабуылдайды.,Другое/Общие вопросы,Другое,Общие вопросы,kk,huggingface,,hf_category
hf-428-kk,Полиция қызметкерлері жұмыс уақытында қызметтік көлікпен жеке шаруаларымен жүреді.,Другое/Общие вопросы,Другое,Общие вопросы,kk,huggingface,,hf_category
hf-722-ru,"Время моей записи на прием к врачу изменили, не предупредив меня.",Другое/Общие вопросы,Другое,Общие вопросы,ru,huggingface,,hf_category
711305,"Обращение с регистрационным номером 711305, направленное в Блог [ЗАЯВИТЕЛЬ] РК [ЗАЯВИТЕЛЬ] отклонено ГО 08.11.2021",Благоустройство/Детские площадки,Благоустройство,Детские площадки,ru,dialog_egov,25.10.2021,query
hf-61-kk,Лифт бірнеше аптадан бері істемейді. Қарт адамдарға жоғары қабатқа көтерілу қиын.,ЖКХ/Общие вопросы,ЖКХ,Общие вопросы,kk,huggingface,,hf_category
hf-737-kk,Жәрдемақы алу үшін қажетті анықтаманы алуға ақы сұрады.,Другое/Общие вопросы,Другое,Общие вопросы,kk,huggingface,,hf_category
707510/1,"Обращение с регистрационным номером 707510/1, направленное в Блог Аким Атырауской области [ЗАЯВИТЕЛЬ] отклонено ГО 13.10.2021",ЖКХ/Отопление,ЖКХ,Отопление,ru,dialog_egov,29.09.2021,query
hf-857-kk,"Жәрдемақы тағайындау үшін менің жұбайымның табысы туралы анықтаманы талап етті, бірақ ол студент.",Другое/Общие вопросы,Другое,Общие вопросы,kk,huggingface,,hf_category
hf-199-kk,Ауылдағы таксофондар жұмыс істемейді. Байланыстың жалғыз жолы еді.,Другое/Общие вопросы,Другое,Общие вопросы,kk,huggingface,,hf_category
hf-423-ru,На дороге стало очень много ям.,Дороги/Дорожное покрытие,Дороги,Дорожное покрытие,ru,huggingface,,hf_category
hf-859-kk,"Интернет провайдерінің қызметкерлері үйге келгенде, менің үйімдегі заттарды рұқсатсыз жылжытты.",Другое/Общие вопросы,Другое,Общие вопросы,kk,huggingface,,hf_category
hf-64-kk,Орталық көшедегі жарықтандыру өте нашар. Кешкісін жүру қауіпті.,Дороги/Дорожное покрытие,Дороги,Дорожное покрытие,kk,huggingface,,hf_category
hf-605-kk,Мемлекеттік сатып алу конкурсына тек 'өз' компаниялары қатыса алады.,Другое/Общие вопросы,Другое,Общие вопросы,kk,huggingface,,hf_category
hf-1026-ru,Сотрудник дорожной полиции остановил без причины и грубо разговаривал.,Другое/Общие вопросы,Другое,Общие вопросы,ru,huggingface,,hf_category
747559,"Прошу дать ответ по номеру обращения 739536 Необходимо к кратчайшие сроки решить проблему с забитой канализацией в Карасайском районе, п. Алмалыбак по улице Алмалы. [ЗАЯВИТЕЛЬ] лично проконтролировать ход работ. Так же дать ответ по освещению улица Алмалы. Выделить бюджетные ср",Освещение/Уличное освещение,Освещение,Уличное освещение,ru,dialog_egov,14.07.2022,query
177086,"Обращение с регистрационным номером 177086, направленное в Блог Министр внутренних дел РК [ЗАЯВИТЕЛЬ] отклонено ГО 16.11.2018",Дороги/Дорожное покрытие,Дороги,Дорожное покрытие,ru,dialog_egov,03.12.2012,query
hf-478-kk,"Полиция қызметкерлері менің шағымымды елемей, істі жауып тастады.",Другое/Общие вопросы,Другое,Общие вопросы,kk,huggingface,,hf_category
hf-436-kk,Қаланың жанындағы өзенге жуынғаннан кейін терімде бөртпе пайда болды.,Благоустройство/Вывоз мусора,Благоустройство,Вывоз мусора,kk,huggingface,,hf_category
hf-754-ru,"Комиссия, проверявшая качество еды в школьной столовой, ничего не нашла.",Другое/Общие вопросы,Другое,Общие вопросы,ru,huggingface,,hf_category
hf-613-ru,Из-за ям на дороге у моей машины сломался амортизатор.,Дороги/Дорожное покрытие,Дороги,Дорожное покрытие,ru,huggingface,,hf_category
hf-750-ru,"Водитель автобуса не остановился на моей остановке, сказав, что 'у него график'.",Транспорт/Общественный транспорт,Транспорт,Общественный транспорт,ru,huggingface,,hf_category
hf-795-kk,Мемлекеттік сатып алу конкурсының жеңімпазының кеңсесі жоқ екені белгілі болды.,Другое/Общие вопросы,Другое,Общие вопросы,kk,huggingface,,hf_category
721893/1,"Добрый день, [ЗАЯВИТЕЛЬ]! Обращаюсь не в первый раз в правительство, наверное я бы тоже была в строю митингующих, если бы не мои дети о которых я забочусь. Я многодетная мама, живу в Алматы, и в нашем районе нет газа,топлю углем, засоряем планету, нет отопления, воды ни",Освещение/Уличное освещение,Освещение,Уличное освещение,ru,dialog_egov,12.01.2022,query
hf-749-kk,"Интернет провайдерінің қызметкерлері үйге келгенде, менің жеке өміріме қатысты сұрақтар қойды.",Другое/Общие вопросы,Другое,Общие вопросы,kk,huggingface,,hf_category
762976,"Ө Т І Н І Ш Мен, Ильясова [ЗАЯВИТЕЛЬ] 1966 жылы 6 мамырда Қызылорда облысында тудым. 1984-1989 жж. С.[ЗАЯВИТЕЛЬ] атындағы ҚазМУ-дың (қазіргі әл-Фараби атындағы ҚазҰУ) Тарих, археология және этнология факультетін бітірдім. Мамандығым тарихшы, қоғамтану пәнінің оқытушысы.",ЖКХ/Отопление,ЖКХ,Отопление,kk,dialog_egov,06.01.2023,query
hf-835-kk,Мемлекеттік сатып алу конкурсының жеңімпазының басшысы - ұйымдастырушының туысы.,Другое/Общие вопросы,Другое,Общие вопросы,kk,huggingface,,hf_category
757544,"Уважаемый, [ЗАЯВИТЕЛЬ]. Обращаюсь к вам с наболевшим вопросом. Я проживаю в Уалихановском районе с. Кишкенеколь в 5 этажном доме ""Коктем"". Живу 12 лет, с момента реставрации. За эти годы мы никак не можем добиться тепла в наших квартирах. Котельная и вся от",ЖКХ/Отопление,ЖКХ,Отопление,ru,dialog_egov,19.10.2022,query+rules
hf-438-kk,"Полиция қызметкері менімен дөрекі сөйлесіп, қорқытты.",Другое/Общие вопросы,Другое,Общие вопросы,kk,huggingface,,hf_category
682548,"Обращение с регистрационным номером 682548, направленное в Блог Аким Карагандинской области [ЗАЯВИТЕЛЬ] отклонено ГО 30.04.2021",Благоустройство/Детские площадки,Благоустройство,Детские площадки,ru,dialog_egov,30.04.2021,query
hf-1025-kk,"Мектеп асханасындағы тамақтардың сапасы нашарлап, бағасы көтерілді. Балалар аш қалуда.",Другое/Общие вопросы,Другое,Общие вопросы,kk,huggingface,,hf_category
hf-396-ru,Берег городского озера не убирают.,Благоустройство/Вывоз мусора,Благоустройство,Вывоз мусора,ru,huggingface,,hf_category
hf-858-kk,"Полиция қызметкерлері менің шағымымды қабылдап, бірақ оны басқа іспен шатастырып, мені куәгер ретінде шақырды.",Другое/Общие вопросы,Другое,Общие вопросы,kk,huggingface,,hf_category
hf-876-kk,Қаланың жанындағы өзенге жақын жердегі демалыс орындарының қалдықтарын көмуге арналған полигон жоқ.,Благоустройство/Вывоз мусора,Благоустройство,Вывоз мусора,kk,huggingface,,hf_category
hf-725-kk,Мемлекеттік мекеменің қызметкерлері жұмыс уақытында компьютерде ойын ойнап отырады.,Другое/Общие вопросы,Другое,Общие вопросы,kk,huggingface,,hf_category
504909,"Уважаемый [ЗАЯВИТЕЛЬ]! Я в ваш блог дважды подавал обращение о том, что возле гаражей по ул. Курмангазы 192,194, 192/1 (детский садик), 196 и ул. [ЗАЯВИТЕЛЬ] 181, 183, 185 19.06.18 г. разбросан повсеместно мусор. И 19.06.18 г. от вашего имени пришел ответ на мой запрос под",Благоустройство/Вывоз мусора,Благоустройство,Вывоз мусора,ru,dialog_egov,24.06.2018,query+rules
hf-578-kk,"Көршім пәтерін тәулікке жалға беріп, тыныштығымызды бұзады.",Другое/Общие вопросы,Другое,Общие вопросы,kk,huggingface,,hf_category
hf-560-ru,Водитель автобуса требует оплату проезда переводом на 'Каспи'.,Транспорт/Общественный транспорт,Транспорт,Общественный транспорт,ru,huggingface,,hf_category
hf-761-kk,Үйдің кіреберісіндегі лифттің ішіндегі шам жанбайды.,ЖКХ/Общие вопросы,ЖКХ,Общие вопросы,kk,huggingface,,hf_category
756605,"[ЗАЯВИТЕЛЬ] істер [ЗАЯВИТЕЛЬ]-атқару жүйесі Комитетінің төрағасы [ЗАЯВИТЕЛЬ] -жайы: Маңғыстау облысы Ақтау қаласы, 13-шағынаудан, 5 «Б» үй, 37 пәтер Тел.: [ТЕЛЕФОН] Өтініш",ЖКХ/Водоснабжение,ЖКХ,Водоснабжение,kk,dialog_egov,07.10.2022,query
hf-154-kk,"Балабақшаға қосымша ақы төлемесек, балама дұрыс қарамайтынын меңзеді.",Другое/Общие вопросы,Другое,Общие вопросы,kk,huggingface,,hf_category
hf-232-ru,В доме пахнет газом. Газовая служба не едет.,ЖКХ/Общие вопросы,ЖКХ,Общие вопросы,ru,huggingface,,hf_category
hf-668-ru,"Сотрудники полиции приняли мою жалобу, но не дали никакого номера регистрации.",Другое/Общие вопросы,Другое,Общие вопросы,ru,huggingface,,hf_category
hf-903-ru,Пробил колесо из-за ямы на дороге. Кто возместит этот ущерб?,Дороги/Дорожное покрытие,Дороги,Дорожное покрытие,ru,huggingface,,hf_category
638678,"Обращение с регистрационным номером 638678, направленное в Блог [ЗАЯВИТЕЛЬ] РК [ЗАЯВИТЕЛЬ] отклонено ГО 14.09.2020",Дороги/Светофоры,Дороги,Светофоры,ru,dialog_egov,31.08.2020,query
hf-839-ru,"Сотрудники интернет-провайдера, придя на дом, украли мои вещи.",Другое/Общие вопросы,Другое,Общие вопросы,ru,huggingface,,hf_category
449432,"Добрый день, уважаемый [ЗАЯВИТЕЛЬ]. Обращаюсь к Вам с просьбой решить проблему . Дело в том, что у нас в поселке Панфилова бывшем [ЗАЯВИТЕЛЬ] как был беспорядок так и продолжается. Вчера возвращаясь вечером с работы проходя мимо нашего базара я заметил звук сильного п",ЖКХ/Водоснабжение,ЖКХ,Водоснабжение,ru,dialog_egov,27.11.2016,query
hf-780-ru,"Водитель автобуса не остановился на моей остановке, сказав, что 'он не видел моего знака'.",Транспорт/Общественный транспорт,Транспорт,Общественный транспорт,ru,huggingface,,hf_category
hf-713-ru,Над тротуаром вдоль дороги нависают ветки деревьев.,Дороги/Дорожное покрытие,Дороги,Дорожное покрытие,ru,huggingface,,hf_category
hf-489-ru,Интернет-провайдер без предупреждения переключал каналы и отключил интернет на несколько часов.,Другое/Общие вопросы,Другое,Общие вопросы,ru,huggingface,,hf_category
hf-358-ru,Участковый инспектор не реагирует на мою жалобу.,Другое/Общие вопросы,Другое,Общие вопросы,ru,huggingface,,hf_category
hf-243-kk,Емханадағы гардероб жұмыс істемейді. Сырт киіммен жүруге тура келеді.,Другое/Общие вопросы,Другое,Общие вопросы,kk,huggingface,,hf_category
758727,"Здравствуйте. Я [ЗАЯВИТЕЛЬ] житель города Жанаозен, гражданин с ограниченными возможностями 1й группы. Дело в том что с 2019- 20 года обращался в акимат, и лично к акиму города, тогда еще г-ну Ибагарову по поводу дорог по месту проживания Арай 1. ул [ЗАЯВИТЕЛЬ], а именно съе",Дороги/Дорожное покрытие,Дороги,Дорожное покрытие,ru,dialog_egov,08.11.2022,query+rules
hf-90-ru,Законен ли сбор денег с родителей на ремонт класса?,Другое/Общие вопросы,Другое,Общие вопросы,ru,huggingface,,hf_category
hf-398-kk,Полиция қызметкерлері менің шағымымды тіркеуден бас тартты.,Другое/Общие вопросы,Другое,Общие вопросы,kk,huggingface,,hf_category
hf-67-ru,Очень сложно пройти комиссию для подтверждения инвалидности. Врачи намеренно создают препятствия.,Другое/Общие вопросы,Другое,Общие вопросы,ru,huggingface,,hf_category
hf-156-kk,Қала сыртындағы карьерден шыққан шаң ауылды басып жатыр.,Благоустройство/Вывоз мусора,Благоустройство,Вывоз мусора,kk,huggingface,,hf_category
211446,"Здравствуйте. Настоятельно просим вас обратить внимание на антисанитарное состояние территории и мусорной площадки в ЖК [ЗАЯВИТЕЛЬ] (г. Алматы, ул. Навои, уг. ул. Джандосова), управляющие компании ТОО «Дом Сервис&Клининг» и КСК «ЖК [ЗАЯВИТЕЛЬ]» Оплата за вывоз ТБО в нашем компле",Благоустройство/Вывоз мусора,Благоустройство,Вывоз мусора,ru,dialog_egov,15.07.2013,query+rules
764392,"Обращение с регистрационным номером 764392, направленное в Блог Генеральный директор РГП на ПХВ «Республиканский центр электронного здравоохранения» [ЗАЯВИТЕЛЬ] отклонено ГО 10.04.2024",ЖКХ/Отопление,ЖКХ,Отопление,ru,dialog_egov,27.07.2023,query
hf-718-kk,Полиция қызметкерлері менің шағымымды тіркеу кезінде менің жеке деректерімді жария етті.,Другое/Общие вопросы,Другое,Общие вопросы,kk,huggingface,,hf_category
hf-122-ru,В сельском фельдшерско-акушерском пункте часто нет врача. К кому обращаться в экстренном случае?,Другое/Общие вопросы,Другое,Общие вопросы,ru,huggingface,,hf_category
hf-1040-ru,"Качество воздуха в центре города очень плохое, трудно дышать.",Благоустройство/Вывоз мусора,Благоустройство,Вывоз мусора,ru,huggingface,,hf_category
hf-424-ru,"В школе часто меняются учителя, что негативно сказывается на качестве образования.",Другое/Общие вопросы,Другое,Общие вопросы,ru,huggingface,,hf_category
hf-540-ru,Водитель автобуса путает названия остановок.,Транспорт/Общественный транспорт,Транспорт,Общественный транспорт,ru,huggingface,,hf_category
hf-121-kk,"Сәлеметсіз бе. Астана қаласы, 'Жағалау-3' тұрғын үй кешеніндегі судың сапасы өте нашар. Тот басқан, жағымсыз иісі бар. СЭС тексерісін жіберуіңізді сұраймын.",ЖКХ/Общие вопросы,ЖКХ,Общие вопросы,kk,huggingface,,hf_category
687448,"Обращение с регистрационным номером 687448, направленное в Блог Аким города Алматы [ЗАЯВИТЕЛЬ]A. находится на рассмотрении у ГО",ЖКХ/Водоснабжение,ЖКХ,Водоснабжение,ru,dialog_egov,27.05.2021,query
766134,"Менің өтініш беру себебім, жұбайым [ЗАЯВИТЕЛЬ] (ЖСН:[ИИН]) [ЗАЯВИТЕЛЬ] ауданы бойынша тұрғын үй кезегіне «4 және одан да көп кәмелетке толмаған балалары бар көп балалы отбасылар» санатымен 2019 жылы 26 сәуірде тіркелген. Жұбайым 2020 жылы 31 желтоқсанда қайтыс",ЖКХ/Отопление,ЖКХ,Отопление,kk,dialog_egov,10.03.2026,query
hf-770-kk,"Автобус жүргізушісі менің аялдамамда тоқтамай, 'бұл жерде тоқтауға рұқсат жоқ' деді.",Транспорт/Общественный транспорт,Транспорт,Общественный транспорт,kk,huggingface,,hf_category
hf-760-kk,"Автобус жүргізушісі менің аялдамамда тоқтамай, 'мен сені көрмедім' деді.",Транспорт/Общественный транспорт,Транспорт,Общественный транспорт,kk,huggingface,,hf_category
hf-337-kk,Жәрдемақы алу үшін қажетті анықтамалардың жарамдылық мерзімі өте қысқа.,Другое/Общие вопросы,Другое,Общие вопросы,kk,huggingface,,hf_category
hf-523-kk,"Жолдағы бағдаршамның сары түсі жанбайды, бұл апатты жағдай туғызады.",Дороги/Дорожное покрытие,Дороги,Дорожное покрытие,kk,huggingface,,hf_category
hf-837-kk,"Жәрдемақы тағайындау үшін менің жұбайымның табысы туралы анықтаманы талап етті, бірақ ол іздеуде.",Другое/Общие вопросы,Другое,Общие вопросы,kk,huggingface,,hf_category
hf-548-ru,"В квартире моего соседа постоянно происходят скандалы, а полиция не принимает мер.",Другое/Общие вопросы,Другое,Общие вопросы,ru,huggingface,,hf_category
hf-583-kk,Жол бойындағы шұңқырлардың кесірінен көлігімнің дискісі майысып қалды.,Дороги/Дорожное покрытие,Дороги,Дорожное покрытие,kk,huggingface,,hf_category
689710,"Уважаемый [ЗАЯВИТЕЛЬ], я [ЗАЯВИТЕЛЬ], инвалид 3 группы с детства, как сирота получил из государственного жилищного фонда однокомнатную квартиру по адресу: 5-ый микрорайон ([ЗАЯВИТЕЛЬ]), дом 1, квартира 153, на 9 этаже на основании постановления акимата г. Уральск. Инв",ЖКХ/Лифт,ЖКХ,Лифт,ru,dialog_egov,09.06.2021,query
hf-104-kk,Семей қаласындағы №15 мектептің спорт алаңы жоқ. Дене шынықтыру сабақтарын өткізуге жағдай жасалмаған. Осы мәселеге назар аударуыңызды сұраймын.,Другое/Общие вопросы,Другое,Общие вопросы,kk,huggingface,,hf_category
hf-303-kk,Эндокринолог дәрігерге бірнеше айдан бері жазыла алмаймын. Емханада мұндай маман жоқ дейді.,Другое/Общие вопросы,Другое,Общие вопросы,kk,huggingface,,hf_category
hf-784-kk,"Мектептегі асханадағы тамақтардың сапасы нашар болғандықтан, балам мектепте тамақ ішпейді.",Другое/Общие вопросы,Другое,Общие вопросы,kk,huggingface,,hf_category
hf-878-kk,"Полиция қызметкерлері менің шағымымды қабылдап, бірақ оны басқа іспен шатастырып, маған ескерту жасады.",Другое/Общие вопросы,Другое,Общие вопросы,kk,huggingface,,hf_category
708855,"Обращение с регистрационным номером 708855, направленное в Блог Аким города Алматы [ЗАЯВИТЕЛЬ]A. находится на рассмотрении у ГО",ЖКХ/Отопление,ЖКХ,Отопление,ru,dialog_egov,07.10.2021,query
758877,"Уважаемый [ЗАЯВИТЕЛЬ]! Пишет вам Житель посёлка Аксу от имени многочисленного большинства наших жителей! К сожалению не могу выразить Вам свою признательность ( как многие обращающиеся) а только призрение, так как считаю, что своим игнорированием и равнодушием в про",ЖКХ/Водоснабжение,ЖКХ,Водоснабжение,ru,dialog_egov,10.11.2022,query
hf-817-kk,"Жәрдемақы тағайындау үшін менің жұбайымның табысы туралы анықтаманы талап етті, бірақ ол із-түзсіз жоғалған.",Другое/Общие вопросы,Другое,Общие вопросы,kk,huggingface,,hf_category
hf-430-kk,"Автобус жүргізушісі аялдамаға тоқтамай, мені өткізіп кетті.",Транспорт/Общественный транспорт,Транспорт,Общественный транспорт,kk,huggingface,,hf_category
hf-882-kk,"Дәрігердің қабылдауына жазылған уақытымда келсем, ол менің орныма басқа пациенттің туысымен сөйлесіп отырды.",Другое/Общие вопросы,Другое,Общие вопросы,kk,huggingface,,hf_category
hf-298-kk,"Ауладағы көліктердің сигнализациясы түнде жиі қосылып, ұйқы бермейді.",Другое/Общие вопросы,Другое,Общие вопросы,kk,huggingface,,hf_category
523566,"Министру сельского хозяйства Републики Казахстан, Первому заместителю Премьер министра РК г-ну [ЗАЯВИТЕЛЬ] Генеральному прокурору Республики Казахстан г-ну [ЗАЯВИТЕЛЬ] Казахстан по делам государственной службы и противодействию коррупции",Благоустройство/Детские площадки,Благоустройство,Детские площадки,ru,dialog_egov,20.11.2018,query
hf-680-ru,Водитель автобуса с сомнением отнесся к моей льготной карте.,Транспорт/Общественный транспорт,Транспорт,Общественный транспорт,ru,huggingface,,hf_category
736736,"ТОО с целью исполнения [ЗАЯВИТЕЛЬ] Казахстан от 31 мая 2019 года № 360: «Об утверждении Государственной программы развития туристской отрасли Республики Казахстан на 2019-2025 годы», просит Вас рассмотреть возможность выкупа права временного возмездног",Благоустройство/Вывоз мусора,Благоустройство,Вывоз мусора,ru,dialog_egov,22.04.2022,query
584913,"Прошу проверить, почему больше месяца не горят наземные (нижние) фонари на аллее между домами №92 и №94 в микрорайоне Айнабулак 3 города Алматы и принять необходимые меры. [ЗАЯВИТЕЛЬ] 10.декабря 2019 г.",Освещение/Уличное освещение,Освещение,Уличное освещение,ru,dialog_egov,10.12.2019,query+rules
581795,"Құрметті [ЗАЯВИТЕЛЬ]! Мен, Калауова [ЗАЯВИТЕЛЬ], ""Күміс алқа"" иегері, Сайрам ауданына қарасты Таскешу ауылы [ЗАЯВИТЕЛЬ] көшесі 12-үй тұрғынымын. Біз тұратын Таскешу ауылы Сайрам ауданының ең шеткі аумағы саналғанымен, Шымкент қаласымен шекараласпыз. Яғни",Транспорт/Общественный транспорт,Транспорт,Общественный транспорт,kk,dialog_egov,21.11.2019,query
703379/1,"27.08.2021ж. №60 [ЗАЯВИТЕЛЬ] қызмет істері агенттігінің төрайымы А.[ЗАЯВИТЕЛЬ] «Сынақ» мүмкіндігі шектеулі жандарды оңалту және әлеуметтік құқықтарын іске асыру, қорғау» ҚБ Төрағасы Ж",Дороги/Дорожное покрытие,Дороги,Дорожное покрытие,kk,dialog_egov,03.09.2021,query
751350,"[ЗАЯВИТЕЛЬ] мырза! Қызметіңіз құтты болсын! Халыққа жақын боларсыз деген үмітпен жазып отырмын. Сіз басшылық жасайтын облыстың шеңберінде Қайнар ауылы бар. Қайнар ауылдық округіне, Талғар ауданына қарайды. Кіші-гірім ауыл. Бірақ шешілмеген мәселелері өте көп. Оның ішін",Благоустройство/Вывоз мусора,Благоустройство,Вывоз мусора,kk,dialog_egov,19.08.2022,query
hf-11-ru,Состояние дорог в Медеуском районе города Алматы не выдерживает критики. Водить автомобиль становится опасно.,Дороги/Дорожное покрытие,Дороги,Дорожное покрытие,ru,huggingface,,hf_category
756170,"ҚР Ғылым және жоғары білім министрі [ЗАЯВИТЕЛЬ] мырзаға АРЫЗ [ЗАЯВИТЕЛЬ] ЖСН:[ИИН]. Мен 2016 жылдың тамыз айында [ЗАЯВИТЕЛЬ] атындағы Павлодар [ЗАЯВИТЕЛЬ] (ПМУ), «Энергетика» факультетіне аталмыш бағдарламамен оқуға қабылдандым. Осы ж",ЖКХ/Отопление,ЖКХ,Отопление,kk,dialog_egov,03.10.2022,query
hf-1011-kk,Ауладағы қоқыс жәшіктерінен шыққан сасық иіс пәтерге дейін жетеді.,ЖКХ/Общие вопросы,ЖКХ,Общие вопросы,kk,huggingface,,hf_category
hf-477-kk,'Күміс жас' бағдарламасы бойынша жұмысқа орналаса алмай жүрмін.,Другое/Общие вопросы,Другое,Общие вопросы,kk,huggingface,,hf_category
hf-434-kk,Мектептегі күзетші өз орнында болмайды.,Другое/Общие вопросы,Другое,Общие вопросы,kk,huggingface,,hf_category
hf-634-ru,"Качество еды в школе ухудшилось, дети остаются голодными.",Другое/Общие вопросы,Другое,Общие вопросы,ru,huggingface,,hf_category
755516,"Акиму г. Алматы [ЗАЯВИТЕЛЬ] Уважаемый, [ЗАЯВИТЕЛЬ]! Мы, жители Боралдайского сельского округа, направляем Вам письмо с требованием решить ряд вопросов нашего населенного пункта, который вплотную граничит с территорией Алатауского района города Алматы. Вопрос касате",Дороги/Дорожное покрытие,Дороги,Дорожное покрытие,ru,dialog_egov,27.09.2022,query
hf-534-kk,Мектептегі алғашқы медициналық көмек көрсету кабинеті үнемі жабық тұрады.,Другое/Общие вопросы,Другое,Общие вопросы,kk,huggingface,,hf_category
518166,"[ЗАЯВИТЕЛЬ] Республики Казахстан г-ну [ЗАЯВИТЕЛЬ] от [ЗАЯВИТЕЛЬ], 27.10.1974 г.р., прож. г.Астана, ул.Иманова д.44 кв.152, м.т. [ТЕЛЕФОН] ЖАЛОБА на неправомерные действия сотрудников полиции 30 сентября 2018 года в после обеденное время я",Транспорт/Общественный транспорт,Транспорт,Общественный транспорт,ru,dialog_egov,08.10.2018,query
hf-804-ru,Учитель английского языка в школе на уроках сидит в своем телефоне.,Другое/Общие вопросы,Другое,Общие вопросы,ru,huggingface,,hf_category
hf-654-kk,Мектептегі асханадағы тамақтар үнемі суық болады.,Другое/Общие вопросы,Другое,Общие вопросы,kk,huggingface,,hf_category
hf-104-ru,В школе №15 города Семей отсутствует спортивная площадка. Нет условий для проведения уроков физкультуры. Прошу обратить внимание на данный вопрос.,Другое/Общие вопросы,Другое,Общие вопросы,ru,huggingface,,hf_category
hf-193-kk,Пәтердегі жылу батареялары әрең жылы. Пәтер суық.,ЖКХ/Общие вопросы,ЖКХ,Общие вопросы,kk,huggingface,,hf_category
hf-141-ru,"Не прошло и года после ремонта нашей улицы, как асфальт провалился.",Дороги/Дорожное покрытие,Дороги,Дорожное покрытие,ru,huggingface,,hf_category
hf-636-kk,"Қаланың жанындағы өзенге белгісіз сұйықтық төгіп жатыр, судың түсі өзгерді.",Благоустройство/Вывоз мусора,Благоустройство,Вывоз мусора,kk,huggingface,,hf_category
737419,"Құрметті [ЗАЯВИТЕЛЬ]! Астанамыздың көптеген ірі мекемелері EXPO аумағында орналасқан. “[ЗАЯВИТЕЛЬ]” мұражайының келушілерін қоспағанда, мұндағы павильондарға күніне мыңдаған адам жұмысқа келеді. Алайда, EXPO аумағына келетін тікелей қоғамдық көлік жоқ. Ең жақын аялдамалар Қабан",Транспорт/Общественный транспорт,Транспорт,Общественный транспорт,kk,dialog_egov,27.04.2022,query+rules
631265,"Обращение с регистрационным номером 631265, направленное в Блог [ЗАЯВИТЕЛЬ] РК [ЗАЯВИТЕЛЬ] отклонено ГО 06.08.2020",Дороги/Дорожное покрытие,Дороги,Дорожное покрытие,ru,dialog_egov,27.07.2020,query
754097,"Уважаемый аким! Ваши подчиненные при рассмотрении конкретных вопросов занимаются отписками. Если не будут приняты конкретные меры по очистке и благоустройству территории, прилегающей к дому 15-а в микрорайоне 10 (номер обращения 752471 от 29.08.2022) вынужден подать жалобу на вас",Благоустройство/Вывоз мусора,Благоустройство,Вывоз мусора,ru,dialog_egov,14.09.2022,rules
hf-738-ru,"Сотрудники полиции приняли мою жалобу, но оставили ее без рассмотрения.",Другое/Общие вопросы,Другое,Общие вопросы,ru,huggingface,,hf_category
hf-340-ru,"Водитель автобуса курил на остановке, и весь дым пошел в салон.",Транспорт/Общественный транспорт,Транспорт,Общественный транспорт,ru,huggingface,,hf_category
hf-921-ru,"Дверь лифта скрипит, кажется, ее нужно смазать.",ЖКХ/Общие вопросы,ЖКХ,Общие вопросы,ru,huggingface,,hf_category
759886,"Добрый день, Прошу обратить внимание органов, обеспечивающих безопасность на автодорогах города [ЗАЯВИТЕЛЬ] области. На пересечении улиц Кошек батыра и Байжарасова с пугающей периодичностью и систематичностью происходят аварии (более 5 аварий за полгода), возможно связа",Дороги/Дорожное покрытие,Дороги,Дорожное покрытие,ru,dialog_egov,21.11.2022,query+rules
667925,"Обращение с регистрационным номером 667925, направленное в Блог [ЗАЯВИТЕЛЬ] РК [ЗАЯВИТЕЛЬ] отклонено ГО 26.02.2021",Дороги/Светофоры,Дороги,Светофоры,ru,dialog_egov,14.02.2021,query
hf-126-kk,Қала ішіндегі өзенге қоқыс тастайды. Экологиялық полицияның жұмысын күшейту керек.,Благоустройство/Вывоз мусора,Благоустройство,Вывоз мусора,kk,huggingface,,hf_category
hf-568-ru,Сотрудники полиции при проверке документов не включают видеожетон.,Другое/Общие вопросы,Другое,Общие вопросы,ru,huggingface,,hf_category
hf-529-ru,В договоре на подключение к интернету есть скрытые платежи.,Другое/Общие вопросы,Другое,Общие вопросы,ru,huggingface,,hf_category
hf-425-ru,За получение госуслуги потребовали незаконное вознаграждение.,Другое/Общие вопросы,Другое,Общие вопросы,ru,huggingface,,hf_category
hf-304-ru,Портфели учеников начальных классов слишком тяжелые. Нужно рассмотреть вопрос перехода на электронные учебники.,Другое/Общие вопросы,Другое,Общие вопросы,ru,huggingface,,hf_category
706466,"Добрый день уважаемый и.о. председателя Комитета административной полиции [ЗАЯВИТЕЛЬ]. По данному вопросу я раннее, т.е. 05.10.2019 уже обращался, обращение № 573684. Повторно хочу поднять этот вопрос о необходимости строительства моста через ж. д. пути на выезде со ст. Сороковой. По",Дороги/Светофоры,Дороги,Светофоры,ru,dialog_egov,21.09.2021,query
hf-606-ru,В реку рядом с городом сбрасывают отходы от забоя скота.,Благоустройство/Вывоз мусора,Благоустройство,Вывоз мусора,ru,huggingface,,hf_category
hf-284-ru,"Игрушки в детском саду старые, не предназначенные для развития детей.",Другое/Общие вопросы,Другое,Общие вопросы,ru,huggingface,,hf_category
757751,"Обращение с регистрационным номером 757751, направленное в Блог Аким Алматинской области Аринов [ЗАЯВИТЕЛЬ] отклонено ГО 27.10.2022",Транспорт/Общественный транспорт,Транспорт,Общественный транспорт,ru,dialog_egov,22.10.2022,query
hf-350-ru,"Водитель автобуса не остановился на остановке, а высадил пассажиров посреди дороги.",Транспорт/Общественный транспорт,Транспорт,Общественный транспорт,ru,huggingface,,hf_category
725936,"Обращение с регистрационным номером 725936, направленное в Блог [ЗАЯВИТЕЛЬ] РК [ЗАЯВИТЕЛЬ] отклонено ГО 22.02.2022",Освещение/Уличное освещение,Освещение,Уличное освещение,ru,dialog_egov,08.02.2022,query
hf-546-kk,Қаланың жанындағы өзенге қоқыс төгетін көліктерді жиі көремін.,Благоустройство/Вывоз мусора,Благоустройство,Вывоз мусора,kk,huggingface,,hf_category
hf-721-kk,Үйдің кіреберісіндегі лифттің есігі дұрыс жабылмайды.,ЖКХ/Общие вопросы,ЖКХ,Общие вопросы,kk,huggingface,,hf_category
hf-40-ru,"Водитель автобуса проехал мимо остановки, не остановившись. Я опоздал на работу.",Транспорт/Общественный транспорт,Транспорт,Общественный транспорт,ru,huggingface,,hf_category
hf-700-ru,"Водитель автобуса не остановился на моей остановке, а высадил на следующей.",Транспорт/Общественный транспорт,Транспорт,Общественный транспорт,ru,huggingface,,hf_category
763362,"Уважаемый [ЗАЯВИТЕЛЬ]! вынуждена вновь обратится к Вам. В нашем дворе осенью 2022 года был произведен капитальный ремонт двора, после чего во дворе нашего дома и на вдоль сквозного проезда нам отключили свет. Живем в кромешной тьме. Рядом заброшенный детский сад, место",Освещение/Уличное освещение,Освещение,Уличное освещение,ru,dialog_egov,12.01.2023,query
756242,"[ЗАЯВИТЕЛЬ] мырза! [ЗАЯВИТЕЛЬ] Жаналыулы Тараз қаласы, Целиноград көшесі 2/2 үйдің тұрғынымын. Целиноград көшелерінің 1,2,3,4 бұрылыстарына 2020 жылы жол түсу керек болған. Бірақ 2021 жылы әкімдікке барғанда 2021дің желтоқсан айынан дейін салынатыны хабарланды. 2022 ші",Освещение/Уличное освещение,Освещение,Уличное освещение,kk,dialog_egov,04.10.2022,query
hf-811-ru,Лифт в подъезде часто застревает вместе с людьми внутри.,ЖКХ/Общие вопросы,ЖКХ,Общие вопросы,ru,huggingface,,hf_category
hf-835-ru,Руководитель победителя конкурса госзакупок - родственник организатора.,Другое/Общие вопросы,Другое,Общие вопросы,ru,huggingface,,hf_category
hf-139-kk,Ауылдағы интернеттің жылдамдығымен онлайн сабақ оқу мүмкін емес.,Другое/Общие вопросы,Другое,Общие вопросы,kk,huggingface,,hf_category
763013,"ҚР Оқу-ағарту министрі Ғ.[ЗАЯВИТЕЛЬ] математик [ЗАЯВИТЕЛЬ] Жаңа жылмен бірге тағайындалған жаңа қызметіңіз құтты болсын! Еліміздегі білім беру ісін биікке көтеріп, жемісті қызмет ететініңізге сенеміз. [ЗАЯВИТЕЛЬ]Сағадиевтің министр",ЖКХ/Отопление,ЖКХ,Отопление,kk,dialog_egov,06.01.2023,query
hf-323-ru,Попал на прием к врачу на час позже назначенного времени.,Другое/Общие вопросы,Другое,Общие вопросы,ru,huggingface,,hf_category
hf-603-kk,Жолдағы 'жатқан полицейдің' алдында ескерту белгісі жоқ.,Дороги/Дорожное покрытие,Дороги,Дорожное покрытие,kk,huggingface,,hf_category
hf-625-ru,"Чтобы попасть в госучреждение, нужно стоять в очереди несколько часов.",Другое/Общие вопросы,Другое,Общие вопросы,ru,huggingface,,hf_category
763074,"[ЗАЯВИТЕЛЬ] . Я Ахунова [ЗАЯВИТЕЛЬ] проживаю в пос.Кзыл-Кайрат А-Атинской обл. Талгарского р/н. В начале декабря 22г.обротилась в местную амбулаторию т.к. у меня сильно болели ноги ,где Мне заявили что бы прошла узи, сказали что на этот год квоты закончились прихо",Транспорт/Общественный транспорт,Транспорт,Общественный транспорт,ru,dialog_egov,08.01.2023,query
hf-565-kk,Мемлекеттік қызметкерлердің туыстарына арналған 'жеке' кезек бар сияқты.,Другое/Общие вопросы,Другое,Общие вопросы,kk,huggingface,,hf_category
hf-473-ru,Ветки дерева у пешеходного перехода закрывают светофор.,Дороги/Дорожное покрытие,Дороги,Дорожное покрытие,ru,huggingface,,hf_category
hf-134-kk,Мектептегі алғашқы медициналық көмек кабинеті жабдықталмаған.,Другое/Общие вопросы,Другое,Общие вопросы,kk,huggingface,,hf_category
762490,"Здравствуйте. Сложилась следующая ситуация, буду краток. В 2013 году, в г. Талдыкорган, на тот момент Алматинской области. Мною, [ЗАЯВИТЕЛЬ], соучредителем и директором ТОО ""ЖетысуСтрой-Град"", при обращении в городской отдел строительства, руководит",ЖКХ/Водоснабжение,ЖКХ,Водоснабжение,ru,dialog_egov,27.12.2022,query
hf-320-kk,"Автобустың ішінде жарнама өте қатты айқайлап, мазаны алады.",Транспорт/Общественный транспорт,Транспорт,Общественный транспорт,kk,huggingface,,hf_category
728220,"Обращение с регистрационным номером 728220, направленное в Блог [ЗАЯВИТЕЛЬ] РК [ЗАЯВИТЕЛЬ] отклонено ГО 04.03.2022",Дороги/Дорожное покрытие,Дороги,Дорожное покрытие,ru,dialog_egov,22.02.2022,query
hf-95-ru,Врач во время приема разговаривал по телефону и не уделил мне должного внимания.,Другое/Общие вопросы,Другое,Общие вопросы,ru,huggingface,,hf_category
749482,"Уважаемый [ЗАЯВИТЕЛЬ]! Я жительница микрорайона Тастыбулак, Наурызбайского района города Алматы. Обращаюсь к Вам за разъяснениями по ситуации с холодной водой в нашем микрорайоне. Я проживаю в жилом доме, участок очень маленький и практически весь занят строением, в дом",ЖКХ/Водоснабжение,ЖКХ,Водоснабжение,ru,dialog_egov,02.08.2022,query+rules
765964,"Обращение с регистрационным номером 765964, направленное в Блог Председатель Правления АО «Казахстанский центр модернизации и развития жилищно-коммунального хозяйства» [ЗАЯВИТЕЛЬ] находится на рассмотрении у ГО",ЖКХ/Отопление,ЖКХ,Отопление,ru,dialog_egov,12.12.2025,query
hf-373-kk,Жолдың жаяу жүргіншілерге арналған бөлігіне көліктерді қойып кетеді.,Дороги/Дорожное покрытие,Дороги,Дорожное покрытие,kk,huggingface,,hf_category
hf-569-kk,Интернет провайдерінің 'шеберін' бірнеше күннен бері күтіп отырмын.,Другое/Общие вопросы,Другое,Общие вопросы,kk,huggingface,,hf_category
hf-437-ru,"Список документов, необходимых для получения пособия, постоянно меняется.",Другое/Общие вопросы,Другое,Общие вопросы,ru,huggingface,,hf_category
713252,"Обращение с регистрационным номером 713252, направленное в Блог [ЗАЯВИТЕЛЬ] РК [ЗАЯВИТЕЛЬ] отклонено ГО 18.11.2021",ЖКХ/Отопление,ЖКХ,Отопление,ru,dialog_egov,05.11.2021,query
hf-352-kk,"Дәрігерім еңбекке жарамсыздық парағын ашудан бас тартты, бірақ менің температурам жоғары.",Другое/Общие вопросы,Другое,Общие вопросы,kk,huggingface,,hf_category
725165,"Акиму Атырауской области , акиму города Атырау от гражданина [ЗАЯВИТЕЛЬ]С ИНН: [ИИН] Контактный телефон: [ТЕЛЕФОН] Адрес: г. Атырау, ул. Монкеулы, д.4 ЗАЯВЛЕНИЕ Я, полковник запаса, [ЗАЯВИТЕЛЬ], ветеран войны (закон РК «О ветеранах», от 6 мая, 2020 года N322-Vl ЗРК),",Благоустройство/Вывоз мусора,Благоустройство,Вывоз мусора,ru,dialog_egov,03.02.2022,query
hf-814-kk,"Мектептегі асханадағы тамақтардың сапасы нашар болғандықтан, баламның денсаулығына зиян келуде.",Другое/Общие вопросы,Другое,Общие вопросы,kk,huggingface,,hf_category
hf-500-kk,Автобус жүргізушісі салонда темекі шекті.,Транспорт/Общественный транспорт,Транспорт,Общественный транспорт,kk,huggingface,,hf_category
hf-577-kk,Жәрдемақы тағайындау кезінде менің қосымша табысым ретінде балаларымның жәрдемақысын есептеп жіберді.,Другое/Общие вопросы,Другое,Общие вопросы,kk,huggingface,,hf_category
hf-772-kk,"Дәрігердің қабылдауына жазылған уақытымда келсем, ол менің орныма туысын қабылдады.",Другое/Общие вопросы,Другое,Общие вопросы,kk,huggingface,,hf_category
hf-753-kk,Жолдағы бағдаршамның таймері дұрыс істемейді.,Дороги/Дорожное покрытие,Дороги,Дорожное покрытие,kk,huggingface,,hf_category
hf-600-ru,Водитель автобуса проехал остановку на большой скорости.,Транспорт/Общественный транспорт,Транспорт,Общественный транспорт,ru,huggingface,,hf_category
hf-495-kk,Шенеуніктердің декларацияда көрсетілген табысы олардың өмір сүру деңгейіне сәйкес келмейді.,Другое/Общие вопросы,Другое,Общие вопросы,kk,huggingface,,hf_category
637736,"Обращение с регистрационным номером 637736, направленное в Блог [ЗАЯВИТЕЛЬ] РК [ЗАЯВИТЕЛЬ] отклонено ГО 08.09.2020",Транспорт/Общественный транспорт,Транспорт,Общественный транспорт,ru,dialog_egov,25.08.2020,query
hf-821-kk,Үйдің кіреберісіндегі лифттің есігі ашылмай қалады.,ЖКХ/Общие вопросы,ЖКХ,Общие вопросы,kk,huggingface,,hf_category
759017,"[ЗАЯВИТЕЛЬ] просвещения Республики Казахстан г-ну [ЗАЯВИТЕЛЬ] Уважаемый [ЗАЯВИТЕЛЬ]! [ЗАЯВИТЕЛЬ] “International Robotics Academy”, которая открылась и ведет свою деятельность в городе Алматы, обращается к Вам с",ЖКХ/Отопление,ЖКХ,Отопление,ru,dialog_egov,13.11.2022,query
698688/1,"Здравствуйте, уважаемый министр! Обращается к вам житель г.Косшы, Ж/М Лесная поляна, дом 21. Обращаюсь по поводу обустройства контейнерных площадок возле жилого дома. Около нашего дома собираются ставить дополнительные мусорные контейнеры в количестве 5-6 штук, помимо них уже сто",Благоустройство/Вывоз мусора,Благоустройство,Вывоз мусора,ru,dialog_egov,04.08.2021,query+rules
hf-711-kk,"Ауладағы қоқыс жәшіктері үнемі толы, қоқыс шығару кестесі сақталмайды.",ЖКХ/Общие вопросы,ЖКХ,Общие вопросы,kk,huggingface,,hf_category
hf-913-kk,"Жолдағы бағдаршамның жасыл түсі жанып тұрғанда, көліктердің бірі өтіп кетіп, апаттық жағдай туғызды.",Дороги/Дорожное покрытие,Дороги,Дорожное покрытие,kk,huggingface,,hf_category
hf-642-kk,"Дәрігер менің сұрақтарыма жауап бермей, басқа дәрігерге сілтеді.",Другое/Общие вопросы,Другое,Общие вопросы,kk,huggingface,,hf_category
hf-231-ru,Посреди дороги нет крышки люка.,Дороги/Дорожное покрытие,Дороги,Дорожное покрытие,ru,huggingface,,hf_category
hf-844-kk,"Мектептегі асханадағы тамақтардың сапасы нашар болғандықтан, баламның сабақ үлгерімі төмендеп кетті.",Другое/Общие вопросы,Другое,Общие вопросы,kk,huggingface,,hf_category
hf-166-ru,По городу ездят грузовые машины и портят дороги.,Дороги/Дорожное покрытие,Дороги,Дорожное покрытие,ru,huggingface,,hf_category
hf-20-ru,Дороги возле новой стройки в Астане портят тяжелой техникой. Кто восстановит дорогу после завершения строительства?,Дороги/Дорожное покрытие,Дороги,Дорожное покрытие,ru,huggingface,,hf_category
hf-131-ru,Новый асфальт раскопали для ремонта водопровода. Разве нет координации работ?,Дороги/Дорожное покрытие,Дороги,Дорожное покрытие,ru,huggingface,,hf_category
692595,"Уважаемый [ЗАЯВИТЕЛЬ]. Обращаемся к вам от имени жителей мкр. Алгабас, Теректы и г. Алматы, чьи родственники покоятся на кладбище, находящемся рядом с мкр. Алгабас на пересечении ул. [ЗАЯВИТЕЛЬ] и ул. Монкеби. Кладбище было основано в довоенные годы и служило для захор",Благоустройство/Вывоз мусора,Благоустройство,Вывоз мусора,ru,dialog_egov,24.06.2021,query
283983,"Обращение с регистрационным номером 283983, направленное в Блог [ЗАЯВИТЕЛЬ]-Министра – Министр национальной экономики Республики Казахстан [ЗАЯВИТЕЛЬ] отклонено ГО",ЖКХ/Водоснабжение,ЖКХ,Водоснабжение,ru,dialog_egov,28.07.2014,query
hf-1049-ru,"Автобусы в вечернее время ходят очень редко, трудно добираться с работы.",Транспорт/Общественный транспорт,Транспорт,Общественный транспорт,ru,huggingface,,hf_category
759748,"Уважаемый г-н [ЗАЯВИТЕЛЬ]Е Мы жители села [ЗАЯВИТЕЛЬ] района Обращаемся с надеждой, что Вы поможете нам решить следующие вопросы 1. [ЗАЯВИТЕЛЬ] по ул Жибек жолы Нет абсолютно никакого освещения Протяжённость улицы всего 200-300 метров Вечером очень опасно",Дороги/Дорожное покрытие,Дороги,Дорожное покрытие,ru,dialog_egov,20.11.2022,query
hf-648-ru,"Хотя полиция и зарегистрировала мое заявление, никаких результатов нет.",Другое/Общие вопросы,Другое,Общие вопросы,ru,huggingface,,hf_category
hf-239-kk,Интернетке қосылу үшін провайдерден қосымша жабдық сатып алуға мәжбүрлейді.,Другое/Общие вопросы,Другое,Общие вопросы,kk,huggingface,,hf_category
hf-500-ru,Водитель автобуса курил в салоне.,Транспорт/Общественный транспорт,Транспорт,Общественный транспорт,ru,huggingface,,hf_category
748146,"Здравствуйте.Согласно Правил субсидирования за счет бюджетных средств убытков перевозчиков, связанных с осуществлением социально-значимых перевозок пассажиров после признания их социально-значимыми за счет бюджетных средств необходимо осуществлять выплату субсидий перевозчику. П",Транспорт/Общественный транспорт,Транспорт,Общественный транспорт,ru,dialog_egov,20.07.2022,query
hf-827-kk,"Жәрдемақы тағайындау үшін менің жұбайымның табысы туралы анықтаманы талап етті, бірақ ол бас бостандығынан айыру орындарында.",Другое/Общие вопросы,Другое,Общие вопросы,kk,huggingface,,hf_category
hf-437-kk,Жәрдемақы алу үшін қажетті құжаттар тізімі үнемі өзгеріп отырады.,Другое/Общие вопросы,Другое,Общие вопросы,kk,huggingface,,hf_category
hf-201-ru,Яму посреди дороги не ремонтируют уже несколько месяцев.,Дороги/Дорожное покрытие,Дороги,Дорожное покрытие,ru,huggingface,,hf_category
hf-789-ru,"Сотрудники интернет-провайдера, придя на дом, фотографировали вещи в моей квартире.",Другое/Общие вопросы,Другое,Общие вопросы,ru,huggingface,,hf_category
hf-732-ru,"Когда я пришел на прием в свое время, врач принимал другого пациента.",Другое/Общие вопросы,Другое,Общие вопросы,ru,huggingface,,hf_category
hf-1004-ru,Директор школы требует от родителей сдавать деньги на ремонт.,Другое/Общие вопросы,Другое,Общие вопросы,ru,huggingface,,hf_category
hf-527-kk,Жәрдемақы тағайындау кезінде менің банктік шотымдағы ақшаны табыс ретінде есептеп жіберді.,Другое/Общие вопросы,Другое,Общие вопросы,kk,huggingface,,hf_category
hf-782-kk,"Дәрігердің қабылдауына жазылған уақытымда келсем, ол менің орныма танысының баласын қабылдады.",Другое/Общие вопросы,Другое,Общие вопросы,kk,huggingface,,hf_category
hf-148-ru,Откуда рекламные агентства берут мои личные данные (номер телефона)?,Другое/Общие вопросы,Другое,Общие вопросы,ru,huggingface,,hf_category
hf-912-ru,"Когда я пришел на прием в свое время, врач принял другого пациента, заставив меня ждать.",Другое/Общие вопросы,Другое,Общие вопросы,ru,huggingface,,hf_category
hf-838-ru,"Сотрудники полиции приняли мою жалобу, передали в другое отделение и там закрыли.",Другое/Общие вопросы,Другое,Общие вопросы,ru,huggingface,,hf_category
hf-103-kk,Ақтау қаласындағы №3 емханада балаларға арналған вакцина тапшы. Бірнеше аптадан бері екпе ала алмай жүрміз. Мәселені шешуге көмектесіңіз.,Другое/Общие вопросы,Другое,Общие вопросы,kk,huggingface,,hf_category
hf-611-kk,Үйдің кіреберісіндегі шамды ауыстыру үшін ақы сұрайды.,ЖКХ/Общие вопросы,ЖКХ,Общие вопросы,kk,huggingface,,hf_category
hf-210-ru,"Водитель автобуса остановился, не доезжая до остановки, и высадил пассажиров.",Транспорт/Общественный транспорт,Транспорт,Общественный транспорт,ru,huggingface,,hf_category
hf-280-kk,"Автобустар кестеден кешігіп жүреді, жұмысқа үнемі кешігемін.",Транспорт/Общественный транспорт,Транспорт,Общественный транспорт,kk,huggingface,,hf_category
hf-593-kk,Жолдағы жарықтандыру шамдары түнде өшіп қалады.,Дороги/Дорожное покрытие,Дороги,Дорожное покрытие,kk,huggingface,,hf_category
754534,"1. [ЗАЯВИТЕЛЬ] Қасым- [ЗАЯВИТЕЛЬ] Тоқаевқа жеке өзіне. 2. [ЗАЯВИТЕЛЬ] Бас прокуратурасы қылмыстық қудалау органы [ЗАЯВИТЕЛЬ] іс жүргізу,",Транспорт/Общественный транспорт,Транспорт,Общественный транспорт,kk,dialog_egov,17.09.2022,query
hf-281-kk,Жолдың ортасындағы ашық люкке көлігімнің дөңгелегі түсіп кетті. Шығынды кім өтейді?,Дороги/Дорожное покрытие,Дороги,Дорожное покрытие,kk,huggingface,,hf_category
hf-838-kk,"Полиция қызметкерлері менің шағымымды қабылдап, бірақ оны басқа бөлімшеге жіберіп, жауып тастады.",Другое/Общие вопросы,Другое,Общие вопросы,kk,huggingface,,hf_category
766297,"Обращение с регистрационным номером 766297, направленное в Блог Генеральный директор РГП на ПХВ «Республиканский научно–исследовательский институт по охране труда Министерства труда и социальной защиты населения Республики Казахстан» [ЗАЯВИТЕЛЬ] отклонено ГО 25.08.2026",ЖКХ/Отопление,ЖКХ,Отопление,ru,dialog_egov,12.08.2026,query
765451,"Обращение с регистрационным номером 765451, направленное в Блог Председатель Правления АО «Казахстанский центр модернизации и развития жилищно-коммунального хозяйства» [ЗАЯВИТЕЛЬ] находится на рассмотрении у ГО",ЖКХ/Водоснабжение,ЖКХ,Водоснабжение,ru,dialog_egov,14.03.2025,query
hf-1004-kk,Мектеп директоры жөндеу жұмыстарына ата-аналардан ақша жинауды талап етеді.,Другое/Общие вопросы,Другое,Общие вопросы,kk,huggingface,,hf_category
hf-377-ru,"Мне кажется, что размер моей пенсии рассчитан неправильно.",Другое/Общие вопросы,Другое,Общие вопросы,ru,huggingface,,hf_category
hf-197-ru,На канализационном колодце нет крышки. Дети могут упасть.,ЖКХ/Общие вопросы,ЖКХ,Общие вопросы,ru,huggingface,,hf_category
619149,"Я [ЗАЯВИТЕЛЬ] являюсь пенсионером и инвалидом группы и собственником квартиры, расположенной в многоквартирном пятиэтажном жилом доме, построенном 50 лет назад. В Соответствии с п.47 ст.2 Закона РК ""О жилищных отношениях"" к обще домовым инженерным системам отнес",ЖКХ/Отопление,ЖКХ,Отопление,ru,dialog_egov,26.05.2020,query
hf-669-kk,"Интернет провайдерінің қызметкерлері үйге келгенде жұмысты асығыс істеп, кетіп қалады.",Другое/Общие вопросы,Другое,Общие вопросы,kk,huggingface,,hf_category
hf-479-ru,Куда можно написать жалобу на качество услуг интернет-провайдера?,Другое/Общие вопросы,Другое,Общие вопросы,ru,huggingface,,hf_category
759027/3,"К Вам обращаются жители садоводческого товарищества «Гранит», расположенного на территории КазЦИКовского с/о. Единственная дорога соединяющая нас с поселком КазЦИК, микрорайон Водник и Ащибулак проходит вдоль озер по дамбам и находиться в ужасном плачевном состоянии,",Транспорт/Общественный транспорт,Транспорт,Общественный транспорт,ru,dialog_egov,16.11.2022,query
hf-551-kk,"Ауладағы балалар әткеншегі сынып, қауіп төндіріп тұр.",ЖКХ/Общие вопросы,ЖКХ,Общие вопросы,kk,huggingface,,hf_category
764322,"Обращение с регистрационным номером 764322, направленное в Блог Генеральный директор РГП на ПХВ ""Национальный научный центр развития сферы социальной защиты"" [ЗАЯВИТЕЛЬ] отклонено ГО 10.07.2023",ЖКХ/Отопление,ЖКХ,Отопление,ru,dialog_egov,10.07.2023,query
757501,"Северо-Казахстанская область Петропавловск, 18.10.2022 На ул. Алтынсарина 200), имеется светодиодное уличное освещение. Один столб не работает, хотя подключен. Данный участок должен освещаться так как здесь более увеличенный дорожный трафик. Материалы по ссылке: https://vk.com/wa",Освещение/Уличное освещение,Освещение,Уличное освещение,ru,dialog_egov,19.10.2022,query+rules
761447,"Доброго времени суток! Я житель города Актобе ЖМ Каргалы ул. Байтерек- у меня к Вам интересный вопрос живу здесь на протяжении долгого времени на нашей улице нет элементарного освещения. Улица Байтерек расположена вдоль Орской трассы у лесополосы, года 4 назад были установлены на",Освещение/Уличное освещение,Освещение,Уличное освещение,ru,dialog_egov,09.12.2022,query+rules
hf-308-kk,Көршілерім түнде қатты шулайды. Учаскелік полиция ешқандай шара қолданбайды.,Другое/Общие вопросы,Другое,Общие вопросы,kk,huggingface,,hf_category
hf-833-kk,"Жолдағы бағдаршамның жасыл түсі жанып тұрғанда, көліктердің бірі өтіп кетіп, менің баламды қағып кете жаздады.",Дороги/Дорожное покрытие,Дороги,Дорожное покрытие,kk,huggingface,,hf_category
724952,[ЗАЯВИТЕЛЬ] ОП г.Усть-Каменогорска подполковнику полиции,Благоустройство/Вывоз мусора,Благоустройство,Вывоз мусора,ru,dialog_egov,02.02.2022,query
703214,"27.08.2021ж. №58 [ЗАЯВИТЕЛЬ] Iшкi iстер министрі Е.[ЗАЯВИТЕЛЬ] «Сынақ» мүмкіндігі шектеулі жандарды оңалту және әлеуметтік құқықтарын іске асыру, қорғау» ҚБ [ЗАЯВИТЕЛЬ] Абдукаримовичтен (Шымкент қ",Дороги/Дорожное покрытие,Дороги,Дорожное покрытие,kk,dialog_egov,31.08.2021,query
762551,"Осенью текущего года проводился капительный ремонт дворовой территории силами подрядной организации ТОО «KazIntelGroup». В процессе ремонта было демонтировано дворовое освещение и освещение аллеи. По прошествии 4-х месяцев свет не подключен, при этом мы единственный двор без све",Освещение/Уличное освещение,Освещение,Уличное освещение,ru,dialog_egov,28.12.2022,query+rules
hf-469-ru,Уже несколько дней не могу добиться перерасчета за неисправность на интернет-линии.,Другое/Общие вопросы,Другое,Общие вопросы,ru,huggingface,,hf_category
689114/1,"Я проживаю по ул. Мустафина, д. 7. Наш дом в 5 этажей, имеет 8 подъездов и 119 квартир. К сожалению на дворовую территорию нашего дома очень длительное время органы местной исполнительной власти не обращают внимание. В результате дворовая территория постепенно приходит в упадок",Благоустройство/Детские площадки,Благоустройство,Детские площадки,ru,dialog_egov,09.06.2021,query
756117,"Приветствую и обращаюсь от имени жителей дома №31 мкр. Аксай 1А с просьбой прояснить ситуацию с установкой новых арыков (параллельно улицы Толе би) согласно программе благоустройства Алматинские дворы. Мы неоднократно писали в прошлые годы, что наш двор топит при каждом дожде, та",Благоустройство/Вывоз мусора,Благоустройство,Вывоз мусора,ru,dialog_egov,03.10.2022,rules
hf-884-kk,"Мектептегі асханадағы тамақтардың сапасы нашар болғандықтан, баламның тәбеті жоғалды.",Другое/Общие вопросы,Другое,Общие вопросы,kk,huggingface,,hf_category
124056/1,"Ассалаумағалейкум!Премьер-министр мырза.Менің аты-жөнім [ЗАЯВИТЕЛЬ].Мен Астана қаласының Тай-төбе ауылында тұрамын.Біздің көршілес ауылымыз Қосшы.Қосшы ауылына автобус жүреді,ал Тай-төбеге жүрмейді.Менің өтінішім бізге Қосшыға дейін 4км жол салып беріңізші. &nbs",Транспорт/Общественный транспорт,Транспорт,Общественный транспорт,kk,dialog_egov,14.02.2012,query+rules
745573,"Обращение с регистрационным номером 745573, направленное в Блог [ЗАЯВИТЕЛЬ] РК [ЗАЯВИТЕЛЬ] отклонено ГО 11.07.2022",ЖКХ/Водоснабжение,ЖКХ,Водоснабжение,ru,dialog_egov,28.06.2022,query
hf-463-kk,Жол жиегіндегі суағар торлары сынған.,Дороги/Дорожное покрытие,Дороги,Дорожное покрытие,kk,huggingface,,hf_category
hf-1020-kk,"Автобустар кешкісін кестеден кешігіп, сирек жүреді.",Транспорт/Общественный транспорт,Транспорт,Общественный транспорт,kk,huggingface,,hf_category
hf-825-kk,Мемлекеттік сатып алу конкурсының жеңімпазының мекен-жайы жалған болып шықты.,Другое/Общие вопросы,Другое,Общие вопросы,kk,huggingface,,hf_category
hf-742-ru,"Когда я пришел на прием в свое время, врач принял вместо меня другого человека.",Другое/Общие вопросы,Другое,Общие вопросы,ru,huggingface,,hf_category
763730,"Наша организация планируется строительство нижеследующих сооружений для обслуживания административно-бытового корпуса: 1)подземный водопровод, 2)подземные сети канализации, 3)очистные сооружения, 4)подземные линии связи. В связи с этим просим ответить на cследующие вопросы: 1)ука",ЖКХ/Водоснабжение,ЖКХ,Водоснабжение,ru,dialog_egov,14.02.2023,query+rules
524002,"Уважаемый [ЗАЯВИТЕЛЬ], ранее обращался к Вам по поводу отсутствия методики расчета выбросов вредных веществ при сжигании бытовых отходов, но пришлось довольствоваться уклончивым ответом с цифрами из отчета департамента Кызылординской области по мерам к нарушителям эко",Благоустройство/Вывоз мусора,Благоустройство,Вывоз мусора,ru,dialog_egov,22.11.2018,query
hf-646-kk,Қаланың жанындағы өзенге қоқыс төгетіндерге ешқандай шара қолданылмайды.,Благоустройство/Вывоз мусора,Благоустройство,Вывоз мусора,kk,huggingface,,hf_category
hf-49-kk,Автобус аялдамасында күтуге арналған орындықтар жоқ. Жаңбырда және ыстықта тұруға тура келеді.,Транспорт/Общественный транспорт,Транспорт,Общественный транспорт,kk,huggingface,,hf_category
hf-1019-ru,Мобильный интернет в селе совсем не работает.,Другое/Общие вопросы,Другое,Общие вопросы,ru,huggingface,,hf_category
