id,text,category,subcategory,source,query_label,rule_label,search_query,date,portal_category
765064,"Здравствуйте, наши уважаемые чиновники и уважаемый Министр туризма и спорта [ЗАЯВИТЕЛЬ] В прошлом году мы с коллегами выезжали в Туркестанскую область совершить хадж по святым местам на туристическом автобусе. Были в мавзолеях Арстан-баба, [ЗАЯВИТЕЛЬ], Домалак-Ана",Транспорт,Общественный транспорт,both,Транспорт/Общественный транспорт,Транспорт/Общественный транспорт,автобус,14.06.2024,Туризм
763954,"Уважаемые господа! просьба проверить и устранить завышенные платежи за эл энергию, Мы все время платили по 5-7 тыс тенге, но с декабря нам приходят по 20 тыс! В январе мы включали на пару дней эл отопление, но это должно быть только на 3-5 тыс больше (парокапельные батареи), н",ЖКХ,Отопление,both,ЖКХ/Отопление,ЖКХ/Отопление,отопление,29.03.2023,О работе государственных органов (госуслуги)
763582,"Уважаемый [ЗАЯВИТЕЛЬ]! Я [ЗАЯВИТЕЛЬ], проживающая в городе Экибастуз, была вчера у Вас на личном приёме, поднимала вопросы отопления в квартире и горячего водоснабжения. Хочу выразить Вам",ЖКХ,Водоснабжение,both,ЖКХ/Водоснабжение,ЖКХ/Водоснабжение,водоснабжение,21.01.2023,О работе государственных органов (госуслуги)
763730,"Наша организация планируется строительство нижеследующих сооружений для обслуживания административно-бытового корпуса: 1)подземный водопровод, 2)подземные сети канализации, 3)очистные сооружения, 4)подземные линии связи. В связи с этим просим ответить на cследующие вопросы: 1)ука",ЖКХ,Водоснабжение,both,ЖКХ/Водоснабжение,ЖКХ/Водоснабжение,канализация,14.02.2023,Свободная тема
763345/1,"[ЗАЯВИТЕЛЬ] транспорта [ЗАЯВИТЕЛЬ] Уважаемый [ЗАЯВИТЕЛЬ], прошу Вас разобраться в данной ситуации. Находясь на остановке управление Железной дороги по маршруту автобуса № 118Э города Караганда время 18-36 час, 9 я",Транспорт,Общественный транспорт,both,Транспорт/Общественный транспорт,Транспорт/Общественный транспорт,транспорт,12.01.2023,Транспорт
763345,"[ЗАЯВИТЕЛЬ] транспорта [ЗАЯВИТЕЛЬ] Уважаемый [ЗАЯВИТЕЛЬ], прошу Вас разобраться в данной ситуации. Находясь на остановке управление Железной дороги по маршруту автобуса № 118Э города Караганда время 18-36 час, 9 я",Транспорт,Общественный транспорт,both,Транспорт/Общественный транспорт,Транспорт/Общественный транспорт,транспорт,11.01.2023,Транспорт
763335,"[ЗАЯВИТЕЛЬ] мырза, Бүгінгі таңда Жеті жол тұрғын үй кешенінде (Тілендиев даңғ. 44а) төтенше санитарлық-эпидемиологиялық жағдай орын алды. Тұрғын үй кешенінің жертөлесі, сол маңдағы қалалық кәріз торабы бітелген себепті лас суға толды. Бітелген кәріз суының біздің үйді",Дороги,Дорожное покрытие,both,Дороги/Дорожное покрытие,Дороги/Дорожное покрытие,жол,11.01.2023,"Строительство, дольщики, жилищные проблемы"
763127,"Здравствуйте, аким! Хочу попросить вас, чтобы по всей улице [ЗАЯВИТЕЛЬ] начиная от вокзала Алматы- 1 до Абая горели все столбы в целях освещения. Почему столбы в Турксибском, Жетысуйском районах не везде горят! Освещение улиц является важной частью инфраструктуры и пр",Освещение,Уличное освещение,both,Освещение/Уличное освещение,Освещение/Уличное освещение,освещение,09.01.2023,Транспорт
763014/1,"[ЗАЯВИТЕЛЬ] транспорта [ЗАЯВИТЕЛЬ] Уважаемый [ЗАЯВИТЕЛЬ], прошу Вас разобраться в данной ситуации. Находясь на остановке управление Железной дороги по маршруту автобуса № 118Э города Караганда время 18-48 час,",Транспорт,Общественный транспорт,both,Транспорт/Общественный транспорт,Транспорт/Общественный транспорт,транспорт,09.01.2023,Транспорт
763014,"[ЗАЯВИТЕЛЬ] транспорта [ЗАЯВИТЕЛЬ] Уважаемый [ЗАЯВИТЕЛЬ], прошу Вас разобраться в данной ситуации. Находясь на остановке управление Железной дороги по маршруту автобуса № 118Э города Караганда время 18-48 час,",Транспорт,Общественный транспорт,both,Транспорт/Общественный транспорт,Транспорт/Общественный транспорт,транспорт,06.01.2023,Транспорт
762781,"Северо-Казахстанская область Петропавловск, 02.01.2023 На улице [ЗАЯВИТЕЛЬ] 227 неисправен фонарь освещения. Муниципальные службы и полиция бездействуют. Материалы по ссылке: https://vk.com/oo_dk?w=wall-170724219_16127",Освещение,Уличное освещение,both,Освещение/Уличное освещение,Освещение/Уличное освещение,освещение,03.01.2023,Свободная тема
762780,"Северо-Казахстанская область Петропавловск, 02.01.2023 На улице [ЗАЯВИТЕЛЬ] 227 неисправен фонарь освещения. Муниципальные службы и полиция бездействуют. Материалы по ссылке: https://vk.com/oo_dk?w=wall-170724219_16127",Освещение,Уличное освещение,both,Освещение/Уличное освещение,Освещение/Уличное освещение,освещение,03.01.2023,Свободная тема
760744,"Хороших людей навряд ли назовут ""мусором"", но столкнувшись с вашими ""ребятами"" несколько раз, я прекрасно понимаю людей, которые называют ваших сотрудников именно так...Вот прошло ровно 2 месяца с тех пор, как я обратилась по поводу кражи моего забора по адрес",Благоустройство,Вывоз мусора,both,Благоустройство/Вывоз мусора,Благоустройство/Вывоз мусора,мусор,30.11.2022,Правоохранительные органы
758098,"Уважаемый министр, мною Вам было отправлено обращение от 10.09.2022 № 753730, в котором отмечалось о несоблюдении санитарно-эпидемиологических норм в содержании мусорных свалок. После вашего окрика областная СЭС организовала уборку территории. Однако эта косметика не решила пробл",Благоустройство,Вывоз мусора,both,Благоустройство/Вывоз мусора,Благоустройство/Вывоз мусора,мусор,30.10.2022,Здравоохранение
755927,"[ЗАЯВИТЕЛЬ]! Вы что, насмехаетесь??? мое обращение 754434. Пожалуйста прочитайте внимательно. Устанавливать контейнеры по улице Парковая категорически нельзя, т.к. это не соответствует санитарным нормам РК!!!! Более того, я настоятельно требую чтобы огромный мусоров",Благоустройство,Вывоз мусора,both,Благоустройство/Вывоз мусора,Благоустройство/Вывоз мусора,мусор,30.09.2022,О работе государственных органов (госуслуги)
755788,"Қайырлы күн! Ордабасы ауданы Шұбарсу елді мекені, Рауан массиві тұрғындары жарықсыз не сусыз отырғанына бүгін үшінші күн. Жарық пен су жиі өшеді. Жарық жекеменшік мекемеге тиісті дейді. Айына артық төлем шығады, яғни тұрғындардың есептегіш көрсеткішінен артық квт. Шамамен 200,0",Освещение,Уличное освещение,both,Освещение/Уличное освещение,Освещение/Уличное освещение,жарық,29.09.2022,Свободная тема
755785,"Құрметті министр! Түркістан облысы , Ордабасы ауданы , Шұбарсу елді мекені Рауан массиві жарықсыз жиі қалып кетеді. Міне, үшінші күн жарықсыз отырғанымызға. Естуімше, жарық беру жекеменшік екен. 65 үйге ай сайын 200,000 теңгедей шығын артық төлем келеді. Жарық болмаған соң не",Освещение,Уличное освещение,both,Освещение/Уличное освещение,Освещение/Уличное освещение,жарық,29.09.2022,Свободная тема
752471,"Акиму города Алматы от [ЗАЯВИТЕЛЬ] ИИН [ИИН], 050035, город Алматы, микрорайон 10, дом 15-5, кВ.3; тел. 777-525-8757 e-mail [EMAIL] Ранее я неоднократно обращался о состоянии зеленого массива и благоустройства территории жилого",Благоустройство,Вывоз мусора,both,Благоустройство/Вывоз мусора,Благоустройство/Вывоз мусора,мусор,29.08.2022,"Культура, информация и экология"
762553,"Уважаемый [ЗАЯВИТЕЛЬ]! Обращается к вам житель частного сектора Юго-Восток г.Караганды. Многие жители пользуются для отопления домов сжиженным газом, в большинстве своем пропаном. Долгое время цена на пропан была 149.6 тн/кг , недавно подняли до 161.5 ,хотя цена на смесь про",ЖКХ,Отопление,both,ЖКХ/Отопление,ЖКХ/Отопление,отопление,28.12.2022,"Строительство, дольщики, жилищные проблемы"
762551,"Осенью текущего года проводился капительный ремонт дворовой территории силами подрядной организации ТОО «KazIntelGroup». В процессе ремонта было демонтировано дворовое освещение и освещение аллеи. По прошествии 4-х месяцев свет не подключен, при этом мы единственный двор без све",Освещение,Уличное освещение,both,Освещение/Уличное освещение,Освещение/Уличное освещение,освещение,28.12.2022,О работе государственных органов (госуслуги)
762550,"Уважаемый г-н министр.Обращается к вам житель частного сектора р-на Юго-Восток г.Караганды. Многие пользуются в качестве отопления дома сжиженным газом.В зимнее время предпочтение отдаем пропану,т.к более надежно в морозы. До недавнего времени цена была 149.6 тн/кг ,до поднялась",ЖКХ,Отопление,both,ЖКХ/Отопление,ЖКХ/Отопление,отопление,28.12.2022,"Строительство, дольщики, жилищные проблемы"
762547,"Осенью текущего года проводился капительный ремонт дворовой территории силами подрядной организации ТОО «KazIntelGroup». В процессе ремонта было демонтировано дворовое освещение и освещение аллеи. По прошествии 4-х месяцев свет не подключен, при этом мы единственный двор без све",Освещение,Уличное освещение,both,Освещение/Уличное освещение,Освещение/Уличное освещение,освещение,28.12.2022,О работе государственных органов (госуслуги)
760427,ҚҰРМЕТТІ!! Ахметжанов мырза мен Шымкент қаласының тұрғынымын менің өзімнің жеке мәселем бойынша сізге хат жазып отырмын менің өтініш Daewoo Nexia авто көлігім бар осы көлігімнің жарық шамдары өте нашар осы авто көлігімнің жарық шамдарын жөндетемін деп қаншама ақшам кетті барі бір,Освещение,Уличное освещение,both,Освещение/Уличное освещение,Освещение/Уличное освещение,жарық,28.11.2022,Транспорт
760402,"09 Карагандинская область г. Караганда, 24.11.2022 год Автомобиль с ГРНЗ 103 AFH 09 двигаясь со стороны ул. Сатыбалдина в сторону перекрёстка ул. Муканова 26 осуществил обгон на перекрёстке с выездом на запрещающий знак светофора, также нарушая ПДД создал аварийную обстановку, в",Дороги,Светофоры,both,Дороги/Светофоры,Дороги/Светофоры,светофор,28.11.2022,Транспорт
760401,"09 Карагандинская область г. Караганда, 24.11.2022 год Автомобиль с ГРНЗ 103 AFH 09 двигаясь со стороны ул. Сатыбалдина в сторону перекрёстка ул. Муканова 26 осуществил обгон на перекрёстке с выездом на запрещающий знак светофора, также нарушая ПДД создал аварийную обстановку, в",Дороги,Светофоры,both,Дороги/Светофоры,Дороги/Светофоры,светофор,28.11.2022,Транспорт
749109,Добрый день. Прошу обследовать участки дорог с. Кабанбай батыр светофор Мешит п.Талапкер. От платного терминала п. Коянды до мусорного полигона Астана. От платного терминала до пункта транспортного контроля по Карагандинской трассе. Возможно ли увеличение скоростного режима. Пола,Дороги,Светофоры,both,Дороги/Светофоры,Дороги/Светофоры,светофор,28.07.2022,Транспорт
762511,[ЗАЯВИТЕЛЬ] мырза. [ЗАЯВИТЕЛЬ] облысы Сауран ауданының Шаға ауыл әкімшілігіне қарасты Бершінтөбе елді мекенінің тұрғындары атынан. Сізге жолдап отырған халықтың көкейіндегі көптен қиналып жүрген жол мәселесі аулда көлік жүретін 1 км тас жол б,Транспорт,Общественный транспорт,both,Транспорт/Общественный транспорт,Транспорт/Общественный транспорт,көлік,27.12.2022,Сельское хозяйство
755466,"Здраствуйте! второй раз пишу Вам с жалобой о работе КСК в мкр.Орбита 3, дом 38. [ЗАЯВИТЕЛЬ] председатель КСК вообще не работает. В подъезде уже которой месяц не убирает (не моет),мусор. Отсутствует свет на каждом этаже, мы жители сами за собственный счет меняем лампы в подъезд",Благоустройство,Вывоз мусора,both,Благоустройство/Вывоз мусора,Благоустройство/Вывоз мусора,мусор,27.09.2022,"Строительство, дольщики, жилищные проблемы"
755454,"Добрый день! На протяжении последних 4 лет обращаюсь в Акимат Алматы по поводу установки светофоров на перекрестке Курмангазы - Жарокова, где расположены школы N 134 и N135. К сожалению на все обращения получал лишь стандартные отписки и только после личного звонка в Управление г",Дороги,Светофоры,both,Дороги/Светофоры,Дороги/Светофоры,светофор,27.09.2022,Транспорт
762416,"Добрый день. Настоящим хочу сообщить о необходимости установки светофора или пешеходного перехода для безопасного пересечения дороги, примыкающей к улице имени [ЗАЯВИТЕЛЬ]. Вблизи находятся перинатальный центр, поликлиника, больница, поэтому часто машины скорой помощи с включ",Дороги,Светофоры,both,Дороги/Светофоры,Дороги/Светофоры,светофор,26.12.2022,Транспорт
760340,"Нам жителям жк кернай кск выставляет счет на оплату за водоснабжения, водоотведения и за электроэнергию за дом который не введен в эксплуатацию. С жителями не заключены договора Астана [ЗАЯВИТЕЛЬ], с Энергосбытом так как услугодателями дом не принят на обсуждение . Согласно закона",ЖКХ,Водоснабжение,both,ЖКХ/Водоснабжение,ЖКХ/Водоснабжение,водоснабжение,25.11.2022,"Строительство, дольщики, жилищные проблемы"
752144,"Уважаемый Аким! Я от лица жителей жилых комплексов Гайд парк, [ЗАЯВИТЕЛЬ], Тан-Нуры в г.Алматы, обращаюсь к Вам со следующей просьбой. Просим установить светофор или камеры Сергек на улице Аскарова в районе детского центра Бобек. По причине того, что автомобили с огромной ск",Дороги,Светофоры,both,Дороги/Светофоры,Дороги/Светофоры,светофор,25.08.2022,Свободная тема
752143,"Уважаемый Министр! Я от лица жителей жилых комплексов Гайд парк, [ЗАЯВИТЕЛЬ], Тан-Нуры в г.Алматы, обращаюсь к Вам со следующей просьбой. Просим установить светофор или камеры Сергек на улице Аскарова в районе детского центра Бобек. По причине того, что автомобили с огромной",Дороги,Светофоры,both,Дороги/Светофоры,Дороги/Светофоры,светофор,25.08.2022,Правоохранительные органы
760181,"Уважаемый [ЗАЯВИТЕЛЬ]. В силу обстоятельств вынужден ездить каждый день по улице Розыбакиева и заметил что как поставили светофор на улице Мынбаева стала образовываться пробка так как светофор на улице Абая горит слишком долго в направлении восток запад, а в направлении",Дороги,Светофоры,both,Дороги/Светофоры,Дороги/Светофоры,светофор,24.11.2022,Транспорт
762287/1,"Добрый день. Обращаюсь к Вам с вопросом рассмотрения изменения схемы автобусного маршрута №99 г. Алматы по направлению: от Кок-Тобе до мкр. Акбулак. С декабря изменена схема движения данного направления и данное изменение стало неудобным для многих пассажиров, проживающих на нижн",Транспорт,Общественный транспорт,both,Транспорт/Общественный транспорт,Транспорт/Общественный транспорт,транспорт,23.12.2022,Транспорт
762287,"Добрый день. Обращаюсь к Вам с вопросом рассмотрения изменения схемы автобусного маршрута №99 г. Алматы по направлению: от Кок-Тобе до мкр. Акбулак. С декабря изменена схема движения данного направления и данное изменение стало неудобным для многих пассажиров, проживающих на нижн",Транспорт,Общественный транспорт,both,Транспорт/Общественный транспорт,Транспорт/Общественный транспорт,транспорт,23.12.2022,Транспорт
757773,"[ЗАЯВИТЕЛЬ], здравствуйте. Прошу Вас решить проблему: дать поручение ответственному органу для монтажа площадки для сбора мусора на пересечении улиц [ЗАЯВИТЕЛЬ] и [ЗАЯВИТЕЛЬ] с обустройством ограждений контейнерной площадки. Данная площадка позволить решить проблему ра",Благоустройство,Вывоз мусора,both,Благоустройство/Вывоз мусора,Благоустройство/Вывоз мусора,мусор,23.10.2022,"Строительство, дольщики, жилищные проблемы"
751819,"Сіздерге арыз жазу себебім үйіміздің артқы жағында үлкен сай болатын еді, және ол жерден тау сулары жиналып арықтарға бөлінетін болатын. Ол жерлерді адамдар 2019 жылдан жылдан бастап қоқыс тастап толтырған болатын. қаншама арыз хат жазылды бұл жерге бір азамат Тимур (тел нөмері 8",Благоустройство,Вывоз мусора,both,Благоустройство/Вывоз мусора,Благоустройство/Вывоз мусора,қоқыс,23.08.2022,Земельные вопросы
751818,"Сіздерге арыз жазу себебім үйіміздің артқы жағында үлкен сай болатын еді, және ол жерден тау сулары жиналып арықтарға бөлінетін болатын. Ол жерлерді адамдар 2019 жылдан жылдан бастап қоқыс тастап толтырған болатын. қаншама арыз хат жазылды бұл жерге бір азамат Тимур (тел нөмері 8",Благоустройство,Вывоз мусора,both,Благоустройство/Вывоз мусора,Благоустройство/Вывоз мусора,қоқыс,23.08.2022,Земельные вопросы
762183,"Мы жители дома №7/1 по улице [ЗАЯВИТЕЛЬ] города Астана уже в течение 8 месяцев столкнулись с проблемой ежедневного отключения водоснабжения в утреннее и вечернее время, в период, когда жители собираются утром на работу в школу и т.д., а также вечером, когда приходят с работы",ЖКХ,Водоснабжение,both,ЖКХ/Водоснабжение,ЖКХ/Водоснабжение,водоснабжение,22.12.2022,Свободная тема
759937,"Здравствуйте уважаемый аким г.Астаны. В целях улучшения потока транспортной системы автодорог столицы предлагаю рассмотреть мое предложение по уменьшению загрузки проспекта Туран от района спортивного комплекса Астана Арена до проспекта Сыганак. А именно, проанализировав поток тр",Дороги,Дорожное покрытие,both,Дороги/Светофоры,Дороги/Дорожное покрытие,светофор,22.11.2022,"Строительство, дольщики, жилищные проблемы"
759886,"Добрый день, Прошу обратить внимание органов, обеспечивающих безопасность на автодорогах города [ЗАЯВИТЕЛЬ] области. На пересечении улиц Кошек батыра и Байжарасова с пугающей периодичностью и систематичностью происходят аварии (более 5 аварий за полгода), возможно связа",Дороги,Дорожное покрытие,both,Дороги/Светофоры,Дороги/Дорожное покрытие,светофор,21.11.2022,Транспорт
754914,"Добрый день! Я проживаю в Аль-Фарабийском районе (Старый город), по улице Милицеская , у нас уже как 3 недели не вывозят мусор, в начале все хранили мусор во дворе, потом уже начали выносить на улицу, горы мусора состоящих из домашних отходов, неприятный запах и крысы вот с чем п",Благоустройство,Вывоз мусора,both,Благоустройство/Вывоз мусора,Благоустройство/Вывоз мусора,мусор,21.09.2022,"Культура, информация и экология"
762045,В настоящее время имеется проблема в ЖК “Inju City 3” по адресу ул. [ЗАЯВИТЕЛЬ] 19/1 (Застройщик ТОО “Development Building Group” БИН [ИИН]) с обеспечением горячей воды. В октябре 2022 года собственникам квартир были выданы ключи и правоустанавливающие документы. Около м,ЖКХ,Водоснабжение,both,ЖКХ/Отопление,ЖКХ/Водоснабжение,отопление,20.12.2022,"Строительство, дольщики, жилищные проблемы"
754733/1,"это местные, смотрите сколько неудобств они принесли. Мы писали много много раз в акимат, но они ничего делать не будут, ДТП пошли в верх, смерти на дорогах пошли в верх, смерти пешеходов пошли в верх, наезд на велосипедистов, убииства все это пошло на увеличение. Вам до выб",Дороги,Дорожное покрытие,both,Дороги/Светофоры,Дороги/Дорожное покрытие,светофор,20.09.2022,О работе государственных органов (госуслуги)
754733,"это местные, смотрите сколько неудобств они принесли. Мы писали много много раз в акимат, но они ничего делать не будут, ДТП пошли в верх, смерти на дорогах пошли в верх, смерти пешеходов пошли в верх, наезд на велосипедистов, убииства все это пошло на увеличение. Вам до выб",Дороги,Дорожное покрытие,both,Дороги/Светофоры,Дороги/Дорожное покрытие,светофор,20.09.2022,О работе государственных органов (госуслуги)
762003,"Здравствуйте!Прошу вас помочь в предоставление квартиры!Очередь не двигается!Сколько лет уже стоим в очереди!Я сирота! Сейчас уже 25 лет!Обещанные квадраты никак не получили!Необязательно в новом доме,главное отопление, вода,чтобы были нормальные условия для проживания!Прошу выда",ЖКХ,Водоснабжение,both,ЖКХ/Отопление,ЖКХ/Водоснабжение,отопление,19.12.2022,Социальное обеспечение
754520,"Здравствуйте, У меня просьба чтобы вы установили дополнительную секцию светофора на левый поворот на перекресте улиц Шолохова и [ЗАЯВИТЕЛЬ] , то есть при повороте с Шолохова налево на улицу [ЗАЯВИТЕЛЬ]. Это очень оживленные улицы, там рядом базар, там много машин и чтобы сделать л",Дороги,Светофоры,both,Дороги/Светофоры,Дороги/Светофоры,светофор,17.09.2022,Транспорт
754434,"Ваш ответ на мое обращение 752893 неудовлетворительный. Места для постройки мусорных площадок для населения, более чем достаточно. Во-первых их необходимо возводить на местах стихийных свалок куда люди годами возят мусор. Еще раз обращаю ваше внимание! На тот факт что ваш ответ н",Благоустройство,Вывоз мусора,both,Благоустройство/Вывоз мусора,Благоустройство/Вывоз мусора,мусор,16.09.2022,О работе государственных органов (госуслуги)
743912,"[ЗАЯВИТЕЛЬ], сізді [ЗАЯВИТЕЛЬ] 41Б тұрғын үйінің қоқыс салатын контейнерлер тұратын орнын ауыстыруыңызды сұраймыз, Қоқыс контейнерлері балаларға арналған футбол алаңына жақын орнгаласқан (2 мертден аспайды) және тұрғын үйге жақын орналасқан.",Благоустройство,Вывоз мусора,both,Благоустройство/Вывоз мусора,Благоустройство/Вывоз мусора,қоқыс,15.06.2022,"Строительство, дольщики, жилищные проблемы"
759154,"Доброго времени суток ко мне пришел штраф за разметку, Предписание 227588230845049 – я с ним не согласен и вот почему: Я двигался в южном направлении по улице Сейфуллина от улицы Иркутской в сторону Радищева расстояние 384 метра, на этом промежутке дороги нету светофором и автобу",Дороги,Светофоры,both,Дороги/Светофоры,Дороги/Светофоры,светофор,14.11.2022,Транспорт
754181,"[ЗАЯВИТЕЛЬ]! [ЗАЯВИТЕЛЬ] облысы ,Жалағаш ауданының тұрғыны боламын (көше [ЗАЯВИТЕЛЬ] 2/2). Электр жүйесінің көп өшіп қалуына байланысты шағымым бар .Жылдың 4 мезгілінде тұрақты түрде жарық өшеді. Күз,қыс,көктем айларында ауа-райының желді болуы біздің аймаққа тән құ",Освещение,Уличное освещение,both,Освещение/Уличное освещение,Освещение/Уличное освещение,жарық,14.09.2022,Свободная тема
754158,"Добрый день, Хочу сообщить о немаловажном проблеме жителей г. Атырау, мкр. Самал-1. Я живу в мкр Самал, ул. [ЗАЯВИТЕЛЬ] 44. У нас на улице нет контейнеров для мусора, чтобы вынести мусор нам приходится ездить на машине в мкр Самал-2. В свое время жители жаловались что конте",Благоустройство,Вывоз мусора,both,Благоустройство/Вывоз мусора,Благоустройство/Вывоз мусора,мусор,14.09.2022,Свободная тема
754157,"Добрый день, Хочу сообщить о немаловажном проблеме жителей г. Атырау, мкр. Самал-1. Я живу в мкр Самал, ул. [ЗАЯВИТЕЛЬ] 44. У нас на улице нет контейнеров для мусора, чтобы вынести мусор нам приходится ездить на машине в мкр Самал-2. В свое время жители жаловались что конте",Благоустройство,Вывоз мусора,both,Благоустройство/Вывоз мусора,Благоустройство/Вывоз мусора,мусор,14.09.2022,Свободная тема
761729,"Добрый день, прошу Вас принять меры по обеспечению безопасности школьников школы № 73. Между школой № 73 и ЖК Браво расположен пустырь, по которому ежедневно проходят сотни школьников. На указанном пустыре имеется тротуар и установлены столбы и осветительные приборы для освещ",Освещение,Уличное освещение,both,Освещение/Уличное освещение,Освещение/Уличное освещение,освещение,13.12.2022,О работе государственных органов (госуслуги)
761632,"Здравствуйте, абонент 298504, улица 38, дом 29, кВ.138. Я вчера получила квитанцию на оплату коммунальных услуг. Все показания передаю своевременно и посмотрите какие тарифы сейчас за свет, одн и отопление. За 167 киловатт мне выставили счёт более 6000 тг, тогда как еще в прошлом",ЖКХ,Отопление,both,ЖКХ/Отопление,ЖКХ/Отопление,отопление,13.12.2022,Свободная тема
753887,"Добрый день, Уважаемый министр! Меня зовут, Бауржан, я житель Талгарского района, Алматинской области. Я как автолюбитель каждое утро и вечер сталкиваюсь с проблемой пробки по Талгарской трассе, а именно светофор на Магнум. С недавних пор изменили перекресток, расширив его, что",Дороги,Светофоры,both,Дороги/Светофоры,Дороги/Светофоры,светофор,12.09.2022,Транспорт
753861,"Добрый день! По моему обращению №751855 от 24.08.2022 года касательно отсутствия специальной площадки для размещения контейнеров для сбора твердо-бытовых отходов в соответствии с требованиями Санитарных правил акимат направляет письмо - ответ от ТОО ""ФЕБ Групп"", о том",Благоустройство,Вывоз мусора,both,Благоустройство/Вывоз мусора,Благоустройство/Вывоз мусора,мусор,12.09.2022,"Строительство, дольщики, жилищные проблемы"
750457,"На мои неоднократные обращения к Вам по поводу не рабочих светофоров на оживлённом перекрёстке рядом с ресторанным комплексом ""Zaman"" по адресу микрорайон Голубые пруды 18а, Вы даёте мне ответы с реальными сроками когда работы будут выполнены. Но светофоры до сих пор та",Дороги,Светофоры,both,Дороги/Светофоры,Дороги/Светофоры,светофор,11.08.2022,Транспорт
761496,Здравствуйте! В подземном переходе пр Райымбека угол ул Момышулы нет освещение! Надо заменить ливнивые решётки!,Освещение,Уличное освещение,both,Освещение/Уличное освещение,Освещение/Уличное освещение,освещение,10.12.2022,Свободная тема
753730,Уважаемый министр! надеюсь здоровье населения является доминирующей задачей вашего ведомства. Санитарные требования по установке и эксплуатации мусорных контейнеров прописаны в соответствующих нормативных документах. Почему на мое обращение к акиму Западно-Казахстанской области о,Благоустройство,Вывоз мусора,both,Благоустройство/Вывоз мусора,Благоустройство/Вывоз мусора,мусор,10.09.2022,Здравоохранение
761450,"Добрый день! Я [ЗАЯВИТЕЛЬ], проживаю по ул. Локомотивная 4-1. Сегодня 09.12.2022г. колодец около нашего дома наполнился водой. Службы ТОО ""[ЗАЯВИТЕЛЬ]"" приехали отключили с центрального водопровода воду, откачали, проверили. Объяснили, что есть прорыв, между центр",ЖКХ,Водоснабжение,both,ЖКХ/Водоснабжение,ЖКХ/Водоснабжение,водоснабжение,09.12.2022,"Строительство, дольщики, жилищные проблемы"
761447,"Доброго времени суток! Я житель города Актобе ЖМ Каргалы ул. Байтерек- у меня к Вам интересный вопрос живу здесь на протяжении долгого времени на нашей улице нет элементарного освещения. Улица Байтерек расположена вдоль Орской трассы у лесополосы, года 4 назад были установлены на",Освещение,Уличное освещение,both,Освещение/Уличное освещение,Освещение/Уличное освещение,освещение,09.12.2022,Свободная тема
761340,"""1. Стоп линия и боковая сплошная разметка 1.1 между полосами перед светофором имеют равноценную силу! То есть при передвижение транспортных средств на зеленый цвет светофора стоп линия теряет силу, а боковая разметка не теряет? (я считаю это противоречит КоАП). На основа",Дороги,Светофоры,both,Дороги/Светофоры,Дороги/Светофоры,светофор,08.12.2022,Транспорт
758695,"Здравствуйте. Прошу пояснить следующее. ВНТП 3-85 «Нормы технологического проектирования объектов сбора, транспорта, подготовки нефти, газа и воды нефтяных месторождений», Особые требования к сооружениям и водоводам системы заводнения, в п. 3.70. сказано – «При аварии допускает",ЖКХ,Водоснабжение,both,ЖКХ/Водоснабжение,ЖКХ/Водоснабжение,канализация,08.11.2022,Свободная тема
758693,"Уважаемый Аким! прошу реализовать вышеуказанные меры для обеспечения безопасности населения. Уважаемый Министр! Я от лица жителей жилых комплексов Гайд парк, [ЗАЯВИТЕЛЬ], Тан-Нуры в г.Алматы, обращаюсь к Вам со следующей просьбой. Просим установить светофор или камеры Се",Дороги,Светофоры,both,Дороги/Светофоры,Дороги/Светофоры,светофор,08.11.2022,Транспорт
758687,"Уважаемый [ЗАЯВИТЕЛЬ]! Жители города Косшы, выражают Вам свое почтение и желают всяческих успехов в Вашей не легкой работе. По адресу Акмолинская область, г. Косшы, ул. [ЗАЯВИТЕЛЬ] регулярно проблемы с канализацией. О данных проблемах было неоднократно в устной форме сообще",ЖКХ,Водоснабжение,both,ЖКХ/Водоснабжение,ЖКХ/Водоснабжение,канализация,08.11.2022,"Строительство, дольщики, жилищные проблемы"
758671,"Доброго времени суток Ко мне пришел штраф за разметку, Предписание 227588230845049 – я с ним не согласен и вот почему: Я двигался в южном направлении по улице Сейфуллина от улицы Иркутской в сторону Радищева расстояние 384 метра, на этом промежутке дороги нету светофором и а",Дороги,Светофоры,both,Дороги/Светофоры,Дороги/Светофоры,светофор,08.11.2022,Транспорт
753370,"Уважаемые господа! Просьба обратить внимание и разобраться с подключенным светофором в Турксибском районе по Илийскому тракту в районе 70-го разъезда Очень большие пробки в сторону города Алматы в часы пик по утрам С пос.Отеген батыр (ГРЭС) стало невозможно ездить, часами стои",Дороги,Светофоры,both,Дороги/Светофоры,Дороги/Светофоры,светофор,07.09.2022,Транспорт
761141,"Добрый день , я человек проживающий в 10 микрорайоне , 3 доме , 3 подъезде. Хотел узнать у нас тоже по городу трубы взрываются ли ? Так как тепло не доходит до моей квартиры. Можете ли посодействовать что бы ГКП ""Таразтрансэнерго"" сделала проверку и выписала акт что до",ЖКХ,Водоснабжение,both,ЖКХ/Отопление,ЖКХ/Водоснабжение,отопление,06.12.2022,Земельные вопросы
761135,"Добрый день, акимат г. Алматы. [ЗАЯВИТЕЛЬ] района Нижняя пятилетка просят Вас провести проверку работы сотрудников Турксибского акимата. В 2021 году в районе Нижняя пятилетка начались работы по реконструкции инфраструктуры водопровода и канализации, демонтировано дорожное",ЖКХ,Водоснабжение,both,ЖКХ/Водоснабжение,ЖКХ/Водоснабжение,канализация,06.12.2022,Социальное обеспечение
753021,Уважаемый [ЗАЯВИТЕЛЬ] ! Просим Вас от жителей города помочь в вопросе для установки светофора возле школы № 31 на пересечении улиц Кенесары - Иманбаевой ! В данный момент там пешеходная дорожка опасно для жизни детей и жителей города Нур-Султан !!!,Дороги,Светофоры,both,Дороги/Светофоры,Дороги/Светофоры,светофор,05.09.2022,О работе государственных органов (госуслуги)
758509,"Уважаемый [ЗАЯВИТЕЛЬ]. Прошу обратить внимание на участок дороги по улице Назарбаева (Фурманова) и пересечения с проспектом Аль-Фараби. При движении ""вниз"" по Назарбаева на повороте налево на Аль-Фараби, часто образуется пробка ввиду неправильной работы све",Дороги,Дорожное покрытие,both,Дороги/Светофоры,Дороги/Дорожное покрытие,светофор,04.11.2022,Транспорт
752936,Уважаемый Сатыбалды [ЗАЯВИТЕЛЬ]! Было обращение бывшему акиму Шукеева.[ЗАЯВИТЕЛЬ] 24.08.2022г было ликвидирована мусор и твердые отходы. Но закрылся не законная полигон.День не прошел она образуется полигон. Обращение было о закрытие полигона она до сих работает. Обращаемся,Благоустройство,Вывоз мусора,both,Благоустройство/Вывоз мусора,Благоустройство/Вывоз мусора,мусор,03.09.2022,"Культура, информация и экология"
758310,"Прошу Вас установить личность водителя,или инструктора,допустившего грубое нарушение [ЗАЯВИТЕЛЬ],проезд на запрещающий сигнал светофора,и привлечь его к административной ответственности.В случаи управления т/с инструктора по вождению авто школы лишить его лицензии на право представлен",Дороги,Светофоры,both,Дороги/Светофоры,Дороги/Светофоры,светофор,02.11.2022,Правоохранительные органы
758309,"Прошу Вас установить личность водителя,или инструктора,допустившего грубое нарушение [ЗАЯВИТЕЛЬ],проезд на запрещающий сигнал светофора,и привлечь его к административной ответственности.В случаи управления т/с инструктора по вождению авто школы лишить его лицензии на право представлен",Дороги,Светофоры,both,Дороги/Светофоры,Дороги/Светофоры,светофор,02.11.2022,Правоохранительные органы
752893,"Добрый день! [ЗАЯВИТЕЛЬ] ответ на мое обращение ""750697/1"". Хотелось бы получить от Вас больше конкретики По ряду вопросов. Ваш ответ: ""В настоящее время, услугодателем по вывозу ТБО устанавливается потребность в количестве необходимых контейнеров и площадок для",Благоустройство,Вывоз мусора,both,Благоустройство/Вывоз мусора,Благоустройство/Вывоз мусора,мусор,02.09.2022,О работе государственных органов (госуслуги)
760814,"Добрый день [ЗАЯВИТЕЛЬ]! В районе остановки""Березка"", не работает светофор (вырвана кнопка - вызвать зеленый свет), через эту дорогу, как спускаться с моста, по маршруту Автобуса №1, машины и автобусы , летят с завышенной скоростью. На другой стороне дороги находит",Дороги,Светофоры,both,Дороги/Светофоры,Дороги/Светофоры,светофор,01.12.2022,О работе государственных органов (госуслуги)
760781,"Недавно поставили новый светофор по улице нажимеденова и из-за него образуются скопления машин, которые поворачивают налево или разворачиваются. Когда едешь по улице нажимеденова в сторону ул. Аманжолова и пытаешься развернуться на новом светофоре который появился на нажимеденова",Дороги,Светофоры,both,Дороги/Светофоры,Дороги/Светофоры,светофор,01.12.2022,Транспорт
752689,"[ЗАЯВИТЕЛЬ] собственников имущества «МЖД 33-19» (далее – ОСИ), просит Вас рассмотреть возможность замены мусорных контейнеров, в целях экологической чистоты нашего микрорайона. На сегодняшний день мусорные контейнеры (далее - мусорные баки) имеют не только вид изношен",Благоустройство,Вывоз мусора,both,Благоустройство/Вывоз мусора,Благоустройство/Вывоз мусора,мусор,01.09.2022,Свободная тема
764189,"Здравствуйте [ЗАЯВИТЕЛЬ]! Обращается к вам инвалид колясочник 1 группы с детства. Мне 20 лет. Меня зовут Ерасыл. Окончил колледж Туран по специальности Переводческое дело. 2 месяц как ищу работу, во многих местах нет пандусов, лифта и туалета. Я откликнулся на вакансию Отбасы",ЖКХ,Лифт,both,ЖКХ/Лифт,ЖКХ/Лифт,не работает лифт,30.05.2023,Занятость населения
764504,"Атырау облысы, Индер аудандық тұрғын үй-коммуналдық шаруашылығы, жолаушылар көлігі, автомобильдер жолдары және тұрғын үй инспекциясы бөлімі, 2020 жылы №[ИИН]/200031/00 нөмірмен «Атырау облысының Индер ауданы Өрлік ауылындағы ауыл ішіндегі автомобиль жолы және жаяу жолдың 1",Дороги,Дорожное покрытие,both,Дороги/Дорожное покрытие,Дороги/Дорожное покрытие,жол жөндеу,28.08.2023,Финансы
764247,"Здравствуйте [ЗАЯВИТЕЛЬ]! Обращается к вам инвалид колясочник 1 группы с детства. Мне 20 лет. Меня зовут Ерасыл. Окончил колледж Туран по специальности Переводческое дело. Дело в том, что уже 3 месяц как ищу работу, во многих местах нет пандусов, лифта и туалета, а некоторые",ЖКХ,Лифт,both,ЖКХ/Лифт,ЖКХ/Лифт,не работает лифт,16.06.2023,Занятость населения
763423/1,"Здраствуйте хочу пожаловаться на акима города [ЗАЯВИТЕЛЬ] умеет только красиво отписываться что тепло в штатном режиме, какой может быть штатный режим, т.к. в домах холодно, лично в наших домах батареи еле теплые, стены плесенью покрываются, наш дом находится на энерге",ЖКХ,Отопление,both,ЖКХ/Отопление,ЖКХ/Отопление,холодные батареи,16.01.2023,Регионы
763888,"Салематсыз ба, Атырау облысы, Индер аудандық тұрғын үй-коммуналдық шаруашылығы, жолаушылар көлігі, автомобильдер жолдары және тұрғын үй инспекциясы бөлімі, 2022 жылы «Атырау облысының Индер ауданы Өрлік ауылындағы ауыл ішіндегі автомобиль жолы және жаяу жолдың 10,8 км күрделі жөн",Дороги,Дорожное покрытие,both,Дороги/Дорожное покрытие,Дороги/Дорожное покрытие,жол жөндеу,15.03.2023,Финансы
763423,"Здраствуйте хочу пожаловаться на акима города [ЗАЯВИТЕЛЬ] умеет только красиво отписываться что тепло в штатном режиме, какой может быть штатный режим, т.к. в домах холодно, лично в наших домах батареи еле теплые, стены плесенью покрываются, наш дом находится на энерге",ЖКХ,Отопление,both,ЖКХ/Отопление,ЖКХ/Отопление,холодные батареи,13.01.2023,Регионы
763238/1,"Здравствуйте меня зовут Буканова [ЗАЯВИТЕЛЬ] я проживаю в г. Актобу по адресу Пр.Мира д. 49 кв. 38, за последние три месяца заметила, что квитанции за горячую и холодную воду мне приходят в бумажном виде мне приходят по 0 показателям, а приложении каспи с суммой 7-8 тыс те",ЖКХ,Водоснабжение,both,ЖКХ/Водоснабжение,ЖКХ/Водоснабжение,нет холодной воды,11.01.2023,О работе государственных органов (госуслуги)
763243,Сәлеметсізбе.Жәйрем кенті Халыққа қызмет көрсету орталығында компьютерлер дұрыс жұмыс жасамайды.Басшысы орнында отырмайды. Қызметкерлері еден жуады. Өз қызметін асыра пайдаланып отыр.10.01.2022 жылы сағ 17-05 те камерадан карасаңыз. Жоғары білімі жоқ. Батарей краскілейді.Басшыс,ЖКХ,Отопление,both,ЖКХ/Отопление,ЖКХ/Отопление,жылу жоқ,10.01.2023,О работе государственных органов (госуслуги)
763238,"Здравствуйте меня зовут Буканова [ЗАЯВИТЕЛЬ] я проживаю в г. Актобу по адресу Пр.Мира д. 49 кв. 38, за последние три месяца заметила, что квитанции за горячую и холодную воду мне приходят в бумажном виде мне приходят по 0 показателям, а приложении каспи с суммой 7-8 тыс те",ЖКХ,Водоснабжение,both,ЖКХ/Водоснабжение,ЖКХ/Водоснабжение,нет холодной воды,10.01.2023,О работе государственных органов (госуслуги)
763010,"Обращаюсь с тем, чтобы школы, колледжи предоставляли компенсацию на проживания для учителей . К примеру, городские школы, расположенные в 10-20 км от фактического проживания учителя -это далеко ,в городе неудобно добираться, мало маршрутов. Хотелось бы чтоб каждая школа и колледж",Транспорт,Общественный транспорт,both,Транспорт/Общественный транспорт,Транспорт/Общественный транспорт,автобус не ходит,06.01.2023,Образование
762952,"Здравствуйте. Вопрос по государственным закупкам. Мы являемся РГКП. Произошла аварийная ситуация с трубами холодной воды, прорвало трубу под землей из-за чего вся улица затоплена, архив соседней церкви затоплен и подвал соседнего ЖК тоже затопило. Так как необходимо в срочном пор",ЖКХ,Водоснабжение,both,ЖКХ/Водоснабжение,ЖКХ/Водоснабжение,прорвало трубу,06.01.2023,Финансы
733034,"Добрый день. Просим Вас решить вопрос по освещению дворов многоквартирных домов № 33,34,35,37,42 микрорайона «Мушелтой» в городе Талдыкорган, освещение отсутствует с июля 2021 г. по вине подрядной организация ТОО «Golden City DS» которая осуществляет строительно-монтажные работы",Освещение,Уличное освещение,both,Освещение/Уличное освещение,Освещение/Уличное освещение,нет освещения во дворе,31.03.2022,"Строительство, дольщики, жилищные проблемы"
762704,"Здравствуйте, я ранее уже оставляла в акимат Алматы (акиму Досаеву) свою заявку под номером №754519 и №758568 в отношении дороги /ремонт ямы по ул.Кунаева в г.Алматы. Они обещали, что данная яма прямо на дороге по улице Кунаева, не доезжая ул.Гоголя перед магазином Deutsche Mode",Дороги,Дорожное покрытие,both,Дороги/Дорожное покрытие,Дороги/Дорожное покрытие,яма на дороге,30.12.2022,Транспорт
762703,"Здравствуйте, я ранее уже оставляла вам свою заявку под номером №754519 и №758568. Вы обещали, что данная яма прямо на дороге по улице Кунаева, не доезжая ул.Гоголя перед магазином Deutsche Mode будет отремонтирована. Вы обещали, что яму закроете до конца октября, потом в декаб",Дороги,Дорожное покрытие,both,Дороги/Дорожное покрытие,Дороги/Дорожное покрытие,яма на дороге,30.12.2022,Транспорт
755986,"Прошу рассмотреть мое обращение, по поводу отопительного сезона в городе Темиртау, Карагандинской области. В начале мая начат ремонт тепломагистрали № 2 и № 3. До сих пор ремонт не завершен, трасса разобрана. Отопление в городе запустили, только по магистрали № 1 и старый город",ЖКХ,Отопление,both,ЖКХ/Водоснабжение,ЖКХ/Отопление,нет холодной воды,30.09.2022,Регионы
732751,Тараз қаласы ПБ 2-[ЗАЯВИТЕЛЬ]-ның аға тергеушісі полиция капитаны [ЗАЯВИТЕЛЬ] 23.07.2020 жылы СДТБТ-не ҚК-тің 190-бабы 4-бөлігі 2-тармағымен тіркелген күдікті [ЗАЯВИТЕЛЬ] қатысты №203110031001055 қылмыстық іс Тараз қаласы ПБ 1-[ЗАЯВИТЕЛЬ]-на тергеулік ретімен 04.09.2020 жылы жолданған.,Дороги,Дорожное покрытие,both,Дороги/Дорожное покрытие,Дороги/Дорожное покрытие,жол бұзылған,30.03.2022,Правоохранительные органы
760621,"Добрый день , я человек проживающий в 10 микрарайоне , 3 доме. Хотел узнать у нас тоже ТЭЦ взорвался что ли ? В одном стояке есть отопление в другом нет ... звоню в 109 , Таразэнергоцентр там грубо говоря футболят туда сюда ... Пишу по почте используя нашу цифровизацию нету ответ",ЖКХ,Водоснабжение,both,ЖКХ/Отопление,ЖКХ/Водоснабжение,нет отопления,29.11.2022,Свободная тема
752481,"Северо-Казахстанская область Петропавловск, 26.08.2022 На ул. Жабаева 161 имеется светодиодное уличное освещение. Один столб не работает, хотя подключен. Данный участок должен освещаться. Требуем установить данный недостаток. Материалы по ссылке: https://vk.com/wall-170724219_145",Освещение,Уличное освещение,both,Освещение/Уличное освещение,Освещение/Уличное освещение,уличное освещение,29.08.2022,Свободная тема
752480,"Северо-Казахстанская область Петропавловск, 26.08.2022 На ул. Жабаева 161 имеется светодиодное уличное освещение. Один столб не работает, хотя подключен. Данный участок должен освещаться. Требуем установить данный недостаток. Материалы по ссылке: https://vk.com/wall-170724219_145",Освещение,Уличное освещение,both,Освещение/Уличное освещение,Освещение/Уличное освещение,уличное освещение,29.08.2022,Свободная тема
752479,"Северо-Казахстанская область Петропавловск, 26.08.2022 На ул. Жабаева 137 имеется светодиодное уличное освещение. Один столб не работает, хотя подключен. Данный участок должен освещаться. Требуем установить данный недостаток. Материалы по ссылке: https://vk.com/wall-170724219_145",Освещение,Уличное освещение,both,Освещение/Уличное освещение,Освещение/Уличное освещение,уличное освещение,29.08.2022,Свободная тема
752478,"Северо-Казахстанская область Петропавловск, 26.08.2022 На ул. Жабаева 137 имеется светодиодное уличное освещение. Один столб не работает, хотя подключен. Данный участок должен освещаться. Требуем установить данный недостаток. Материалы по ссылке: https://vk.com/wall-170724219_145",Освещение,Уличное освещение,both,Освещение/Уличное освещение,Освещение/Уличное освещение,уличное освещение,29.08.2022,"Строительство, дольщики, жилищные проблемы"
749198,Уважаемый [ЗАЯВИТЕЛЬ]. обращаюсь к Вам по вопросу отсутствия электрического освещения двора по адресу г. Караганда пр. Шахтеров д. 5 и д.7 дело в том что в 2017 году в данном дворе застелили асфальт. и поставили 4 опоры освещения которые до сих пор не горят. Также во дворе д,Освещение,Уличное освещение,both,Освещение/Уличное освещение,Освещение/Уличное освещение,нет освещения во дворе,29.07.2022,"Строительство, дольщики, жилищные проблемы"
737633,"Добрый день! Хочу обратить Ваше внимание на проблему в ГКП на ПХВ ""Городская поликлиника №10"" г. Нур-Султан. В данной поликлинике не работает ни один лифт. Я понимаю, если бы не работал один лифт, но они все в неисправном состоянии. У моего ребенка была травма колена и",ЖКХ,Лифт,both,ЖКХ/Лифт,ЖКХ/Лифт,не работает лифт,29.04.2022,Здравоохранение
760461,здравствуйте я житель дома по ул Гагарина 30 у нас совсем нету отопления батареи чуть теплые мы замерзаем,ЖКХ,Отопление,both,ЖКХ/Отопление,ЖКХ/Отопление,нет отопления,28.11.2022,"Строительство, дольщики, жилищные проблемы"
749009,"Уважаемый аким г. Алматы, [ЗАЯВИТЕЛЬ]! Мы жители Алатауского района, что ниже мкр.Томирис (Трудовик), улиц [ЗАЯВИТЕЛЬ], ул. Османова, ул. Аршын, ул. Асанова, ул. Меруерт, хотели бы спросить, когда в нашем районе планируется укладка дорог? Дело в том, что некоторые из нас, про",Дороги,Дорожное покрытие,both,Дороги/Дорожное покрытие,Дороги/Дорожное покрытие,нет асфальта,28.07.2022,Свободная тема
748799/1,Добрый день. Помогите решить вопрос с дворовым освещением по адресу г. Караганда проспект Республики 14-16. В 2020 году провели ремонт двора( который так и не закончили полноценно) с заменой опор освещения. После проведенных работ освещение во дворе есть периодически от 2-3 дней,Освещение,Уличное освещение,both,Освещение/Уличное освещение,Освещение/Уличное освещение,нет освещения во дворе,28.07.2022,"Строительство, дольщики, жилищные проблемы"
741453,"Здравствуйте уважаемый Аким ! Я проживаю в Алматинской области ,п. Туймебава.М (бывший Ащибулак) Суть проблемы: У нас построили новую школу лет 5 назад, номер 43,сразу же построили новую дорогу до школы с центра поселка. Так вот незадача какая, рядом стоит дачный массив ПКСТ Алма",Дороги,Дорожное покрытие,both,Дороги/Дорожное покрытие,Дороги/Дорожное покрытие,яма на дороге,28.05.2022,"Строительство, дольщики, жилищные проблемы"
737453,"В квартале по улицам Мирзояна-Октябрьская-Исаева-Советская не горят некоторые фонари, прошу устранить проблему",Освещение,Уличное освещение,both,Освещение/Уличное освещение,Освещение/Уличное освещение,не горят фонари,28.04.2022,"Строительство, дольщики, жилищные проблемы"
729026,"Добрый день! В бостандыкском районе в мкр. Коктем-1, во дворах домов 41, 42, 43, 44, 45, 46 летом 2020 года демонтировали гаражи. Сейчас на этом месте уже более полутора лет грязь, мусор, периодически возникают стихийные свалки, ночуют люди без определённого места жительства. В",Благоустройство,Вывоз мусора,both,Благоустройство/Вывоз мусора,Благоустройство/Вывоз мусора,стихийная свалка,28.02.2022,Свободная тема
757965,"Алматы қаласында қазір неше жерүсті аспалы көпір бар? Оның нешеуінде лифт істейді және істемейді? Бірнеше ауданды кесіп өтетін Абай және Саин, Момышұлы, әл-Фараби даңғылдарындағы асфальттің бір де бірінде ерекше жандарға арналған лифт жұмыс істемейді? Олар қашан қалпына келтіріле",ЖКХ,Лифт,both,ЖКХ/Лифт,ЖКХ/Лифт,лифт жұмыс істемейді,27.10.2022,"Строительство, дольщики, жилищные проблемы"
755501,"Вынужден к вам обратиться, т.к. нет иного выхода в сложившейся ситуации. Дело в том, что в доме № 26 по улице Елебекова в Медеуском районе г. Алматы возле забора вдоль дороги расположен туалет со сливной ямой, т.е. возле проезжей части по которой ежеминутно проходят люди и проез",Дороги,Дорожное покрытие,both,Дороги/Дорожное покрытие,Дороги/Дорожное покрытие,яма на дороге,27.09.2022,Земельные вопросы
752390,"Здравствуйте уважаемый председатель комитета автомобильных дорог [ЗАЯВИТЕЛЬ] Прошу вашего вмешательство в разрешение проблемы автодорог в [ЗАЯВИТЕЛЬ], Жанадауир, Коянкус в [ЗАЯВИТЕЛЬ] области, Байсеркинский округ. Никто уже не помнит когда была укладка д",Дороги,Дорожное покрытие,both,Дороги/Дорожное покрытие,Дороги/Дорожное покрытие,нет асфальта,27.08.2022,Транспорт
748908/1,"Добрый день, мы жители ИЖС 3 отделение, г.Талдыкорган, Жетусуйской области , просим Вас разобраться в нашей проблеме по «Строительству сетей электроснабжения с устройством уличного освещения в ИЖС 3 отделение». На сегодняшний день у нас временная подача электроэнергии. В любых по",Освещение,Уличное освещение,both,Освещение/Уличное освещение,Освещение/Уличное освещение,уличное освещение,27.07.2022,О работе государственных органов (госуслуги)
748908,"Добрый день, мы жители ИЖС 3 отделение, г.Талдыкорган, Жетусуйской области , просим Вас разобраться в нашей проблеме по «Строительству сетей электроснабжения с устройством уличного освещения в ИЖС 3 отделение». На сегодняшний день у нас временная подача электроэнергии. В любых по",Освещение,Уличное освещение,both,Освещение/Уличное освещение,Освещение/Уличное освещение,уличное освещение,27.07.2022,О работе государственных органов (госуслуги)
745426,"Здравствуйте господин Министр. Жалоба на сотрудников дорожной полиции г. Алматы Турксибского района. 25.06.2022 года приблизительно в 13,30 меня на электро самокате сбил автобус маршрут 220 гос. номер 844 AG 02 так было написано 4 городской больницей, куда меня доставила скорая",Транспорт,Общественный транспорт,both,Транспорт/Общественный транспорт,Транспорт/Общественный транспорт,водитель автобуса,27.06.2022,О работе государственных органов (госуслуги)
745343,"У меня к Вам вопрос касательно проблем по коммуникации, благоустройства и асфальтирование микро районов города Алматы. Когда проведете холодную воду, канализацию и асфальт по адресу г. Алматы, микрорайон Теректи, улица Талсуат. Также не покрашен газопровод вдоль дорог. Я живу в",ЖКХ,Водоснабжение,both,ЖКХ/Водоснабжение,ЖКХ/Водоснабжение,нет холодной воды,27.06.2022,Регионы
737419,"Құрметті [ЗАЯВИТЕЛЬ]! Астанамыздың көптеген ірі мекемелері EXPO аумағында орналасқан. “[ЗАЯВИТЕЛЬ]” мұражайының келушілерін қоспағанда, мұндағы павильондарға күніне мыңдаған адам жұмысқа келеді. Алайда, EXPO аумағына келетін тікелей қоғамдық көлік жоқ. Ең жақын аялдамалар Қабан",Транспорт,Общественный транспорт,both,Транспорт/Общественный транспорт,Транспорт/Общественный транспорт,қоғамдық көлік,27.04.2022,Транспорт
760355,"Прошу разобраться с монополистами предоставления услуг распределения природного газа в г. Астана «КазТрансГазАймак». Уже второй сезон не устраняется проблема с поставкой газа до конечного потребителя. Периодически происходит замерзание воды в трубе с природным газом, где воды ил",ЖКХ,Водоснабжение,both,ЖКХ/Отопление,ЖКХ/Водоснабжение,нет отопления,26.11.2022,Нацкомпании
752161,"Арыз-шағым Өнімкер ауылымызда жеті күннен бері ауыз су ағыны ақпай ауыл тұрғындары қиыналып алыс көрші ауылдардан су тасып әуре сарсаң болуда. Ауыл әкіміміз ешқандай әрекет жасамай, су мекеме басшысы [ЗАЯВИТЕЛЬ] құрғақ уәделерімен уәде беріп, қондырған жаңа насос істемей қалды д",ЖКХ,Водоснабжение,both,ЖКХ/Водоснабжение,ЖКХ/Водоснабжение,су жоқ,26.08.2022,"Строительство, дольщики, жилищные проблемы"
748809,"Добрый день, мы жители ИЖС 3 отделение, г.Талдыкорган, Жетусуйской области , просим Вас разобраться в нашей проблеме по «Строительству сетей электроснабжения с устройством уличного освещения в ИЖС 3 отделение». На сегодняшний день у нас временная подача электроэнергии. В любых",Освещение,Уличное освещение,both,Освещение/Уличное освещение,Освещение/Уличное освещение,уличное освещение,26.07.2022,О работе государственных органов (госуслуги)
748799,Добрый день. Помогите решить вопрос с дворовым освещением по адресу г. Караганда проспект Республики 14-16. В 2020 году провели ремонт двора( который так и не закончили полноценно) с заменой опор освещения. После проведенных работ освещение во дворе есть периодически от 2-3 дней,Освещение,Уличное освещение,both,Освещение/Уличное освещение,Освещение/Уличное освещение,нет освещения во дворе,26.07.2022,"Строительство, дольщики, жилищные проблемы"
741230,"Согласно ответу на мое обращение 738770 вы пишите ""Строительный мусор (ветки, деревья, бытовая техника, листья) образовавшийся по вышеуказанному адресу ТОО «Коммунхоз Петропавловск» осуществляет за отдельную плату."" Прошу мне пояснить кто и с кого будет и должен собира",Благоустройство,Вывоз мусора,both,Благоустройство/Вывоз мусора,Благоустройство/Вывоз мусора,не вывозят мусор,26.05.2022,"Строительство, дольщики, жилищные проблемы"
737228,"Сізге өтініш жазуға төмендегі мән-жайлар себеп болып отыр. 2022 жылдың 30 наурызында «Жетіқара ауданы әкімдігінің тұрғын үй-коммуналдық, шаруашылық, жолаушылар көлігі, автомобиль жолдары және тұрғын үй инспекциясы бөлімі» мемлекеттік мекемесі (әрі қарай – Тапсырыс беруші) мен «Б",Дороги,Дорожное покрытие,both,Дороги/Дорожное покрытие,Дороги/Дорожное покрытие,жол бұзылған,26.04.2022,О работе государственных органов (госуслуги)
760288,"Добрый день! С 1 сентября 2022 года не можем получить документы (тех паспорт) квартиры ЖК Satay, застройщик Высотник, по адресу Алматы, Жетысуский район, ул. Боткина ,14, 3 подъезд, 11 квартира. К дому не проведены коммуникации, нет света , воды, отопления и газа! Вокруг дома вс",ЖКХ,Водоснабжение,both,ЖКХ/Отопление,ЖКХ/Водоснабжение,нет отопления,25.11.2022,"Строительство, дольщики, жилищные проблемы"
752133,"Доброго времени суток! В г. Степногорск ужасные проблемы с подачей воды На данный момент горячей воды нет до конца августа, но даже и холодная вода не соответствует требованиям. То нет необходимого давления, то вода желто-коричневого цвета Эта проблема действует уже, как миним",ЖКХ,Водоснабжение,both,ЖКХ/Водоснабжение,ЖКХ/Водоснабжение,нет холодной воды,25.08.2022,"Строительство, дольщики, жилищные проблемы"
745212,Ассалаумалейккм акім мырза мен Ақай ауылында тұрамын бізде жаз айларында ауыз судан проблема ол кешке мүлдем болмайды ал 24 25 июньде мүлем жок болды жаздың аптабында су жок.Су болған жағдайда оның давлениесі жоқ өйткені суды қаладан аламыз Ақайда су алатын өзінің кіші водоканалы,ЖКХ,Водоснабжение,both,ЖКХ/Водоснабжение,ЖКХ/Водоснабжение,су жоқ,25.06.2022,О работе государственных органов (госуслуги)
740951,"09 Карагандинская область, г. Караганда, 12.05.2022 по улице Космонавтов машина с ГРНЗ 983 AX KZ и обозначением на кузове ПО ""CПЕЦТЕХНИКА"" поливает подготовленные срезы ям битумом, при том, что данный участок никак ни закрыт и не огорожен. В связи с этим битум раскатыва",Дороги,Дорожное покрытие,both,Дороги/Дорожное покрытие,Дороги/Дорожное покрытие,яма на дороге,25.05.2022,Земельные вопросы
740950,"09 Карагандинская область, г. Караганда, 12.05.2022 по улице Космонавтов машина с ГРНЗ 983 AX KZ и обозначением на кузове ПО ""CПЕЦТЕХНИКА"" поливает подготовленные срезы ям битумом, при том, что данный участок никак ни закрыт и не огорожен. В связи с этим битум раскатыва",Дороги,Дорожное покрытие,both,Дороги/Дорожное покрытие,Дороги/Дорожное покрытие,яма на дороге,25.05.2022,Транспорт
736945,"Уважаемый [ЗАЯВИТЕЛЬ] !Дачники города Рудного не могут начать дачный сезон (поехать на автобусах маршрут 17). Так как водители автобусов требуют оплаты 200тенге за проезд в одну сторону! Многие дачники это пенсионеры, у них нет машин, у них минимальная пенсия, летом они е",Транспорт,Общественный транспорт,both,Транспорт/Общественный транспорт,Транспорт/Общественный транспорт,водитель автобуса,25.04.2022,Занятость населения
723657,"Здравствуйте! Я [ЗАЯВИТЕЛЬ], проживаю по адресу: Раймбека 481/1, ЖК Акниет. Хотелось бы обратить Ваше внимание на близлежащую территорию данного ЖК, непосредственно территория сбора и вывоза мусора. Думаю, в связи с тем, что данная территория не является крытой, мусор",Благоустройство,Вывоз мусора,both,Благоустройство/Вывоз мусора,Благоустройство/Вывоз мусора,не вывозят мусор,25.01.2022,Свободная тема
760204/1,"Добрый день! Обращаюсь к вам по решению вопроса по общественному транспорту по г. Астана. По своему вопросу многократно обращалась в службу 109. Исполнения не было. 1) Автобус маршрут № 40, № 61 очень плохо ходит, интервал более 15-20 минут и поэтому перегруженный. Утром и веч",Транспорт,Общественный транспорт,both,Транспорт/Общественный транспорт,Транспорт/Общественный транспорт,автобус не ходит,24.11.2022,Транспорт
760204,"Добрый день! Обращаюсь к вам по решению вопроса по общественному транспорту по г. Астана. По своему вопросу многократно обращалась в службу 109. Исполнения не было. 1) Автобус маршрут № 40, № 61 очень плохо ходит, интервал более 15-20 минут и поэтому перегруженный. Утром и веч",Транспорт,Общественный транспорт,both,Транспорт/Общественный транспорт,Транспорт/Общественный транспорт,автобус не ходит,24.11.2022,Транспорт
748495,"Здравствуйте! Ранее я приобрёл авиабилеты по маршруту ""НурСултан-Актау-НурСултан"" на 29 июля и 01 августа 2022 г. Недавно почуствовал недомогание и сдал ПЦР-тест 20.07.2022 г., результат оказался положительным. Естественно я принял решение отменить авиаперелёт, чтобы ни",Транспорт,Общественный транспорт,both,Транспорт/Общественный транспорт,Транспорт/Общественный транспорт,отменили маршрут,24.07.2022,Транспорт
760159,"Акиму Карагандинской области Находясь на остановке магазин Ануар по маршруту автобуса № 5 города Караганда время 20-03 час, 23 ноября 2022 года. В данное время был сильный ветер, температура воздуха - 12 градусов цельсия. Ожидал авто",Транспорт,Общественный транспорт,both,Транспорт/Общественный транспорт,Транспорт/Общественный транспорт,водитель автобуса,23.11.2022,Транспорт
751665/1,"Добрый день ув .[ЗАЯВИТЕЛЬ], прошу дать разъяснение по поводу оплаты за проезд в общегородском транспорте нашего города. Сколько я должна оплачивать за проезд, если на руках имею двоих малолетних детей в возрасте 1,5 и 4- х лет. С меня кондукторы автобусов маршрута 1Э всег",Транспорт,Общественный транспорт,both,Транспорт/Общественный транспорт,Транспорт/Общественный транспорт,автобус не ходит,23.08.2022,Транспорт
751665,"Добрый день ув .[ЗАЯВИТЕЛЬ], прошу дать разъяснение по поводу оплаты за проезд в общегородском транспорте нашего города. Сколько я должна оплачивать за проезд, если на руках имею двоих малолетних детей в возрасте 1,5 и 4- х лет. С меня кондукторы автобусов маршрута 1Э всег",Транспорт,Общественный транспорт,both,Транспорт/Общественный транспорт,Транспорт/Общественный транспорт,автобус не ходит,23.08.2022,Транспорт
748473,"Сізге eotinish.kz порталы арқылы ЖТ-2022-01545628 өтініш жолдаған болатынбыз. Осыған орай мәселенің шешілмеу салдарынан: 1- Қазыргі таңда жүргізіліп жатқан газ құбырлары біздің көшені айналып өтіп жатыр, параллель жатқан екі көшеге жүргізіліп жатыр. 2- Су құбырлары көшеге жүрмег",ЖКХ,Водоснабжение,both,ЖКХ/Водоснабжение,ЖКХ/Водоснабжение,су жоқ,23.07.2022,Свободная тема
740687,"дорога по улице Тәуелсіздік напротив Ваниль пришла в негодность, дорогой не назовешь. То что у вас проект 8 полосной полосы не лишает обязанности содержать дорогу. Не возможно ездить, дыры и ямы. Требую привести в порядок дорогу. Строительство 8 полосной полосы начнется не отсюда",Дороги,Дорожное покрытие,both,Дороги/Дорожное покрытие,Дороги/Дорожное покрытие,яма на дороге,23.05.2022,"Строительство, дольщики, жилищные проблемы"
736802,"Сізге жазу себебіміз-біз алматы облысы , Іле ауданы, Ащыбулақ округі, Батыр саяжайында тұрамыз. Камаз центрден 13 км. қашықтықта. Қалаға қатынайтын автобустар бізге жүрмейді, жеке кәсіпкердің 2 автобусы тоқтағалы қай заман. Жергілікті әкімшілікке барсақ, жол жөнделсін деді. Жол",Транспорт,Общественный транспорт,both,Транспорт/Общественный транспорт,Транспорт/Общественный транспорт,автобус жүрмейді,23.04.2022,Транспорт
736800,"Сізге жазу себебіміз-біз алматы облысы , Іле ауданы, Ащыбулақ округі, Батыр саяжайында тұрамыз. Камаз центрден 13 км. қашықтықта. Қалаға қатынайтын автобустар бізге жүрмейді, жеке кәсіпкердің 2 автобусы тоқтағалы қай заман. Жергілікті әкімшілікке барсақ, жол жөнделсін деді. Жол",Транспорт,Общественный транспорт,both,Транспорт/Общественный транспорт,Транспорт/Общественный транспорт,автобус жүрмейді,23.04.2022,Транспорт
762137/1,"Здравствуйте, меня зовут [ЗАЯВИТЕЛЬ]. Я живу в Аксенгере, что находиться рядом с городом Алматы. У нас не ходят автобусы. До карантина ходили автобусы с Каскелена до Алматы 1. После карантина автобусы перестали ходить. Дети, подростки и взрослые вынуждены добираться до город",Транспорт,Общественный транспорт,both,Транспорт/Общественный транспорт,Транспорт/Общественный транспорт,автобус не ходит,22.12.2022,Транспорт
760039,"добрый вечер. обращаемся к вам в этом году второй раз по поводу освещения на улице Таугуль 3 сауранбаева напротив дома 40, 27 в который раз перегорает лампа уличного освещения, не смотря на то что мы обращались сотрудники гор освещения приезжают меняют лампу которая перегорает ч",Освещение,Уличное освещение,both,Освещение/Уличное освещение,Освещение/Уличное освещение,уличное освещение,22.11.2022,"Строительство, дольщики, жилищные проблемы"
740565,"09 Карагандинская область, г. Караганда, 20.05.2022 по улице проспект Шахтёров 5/2 рядом с государственным учреждением ЦОН присутствуют ямы на дороге. Требуется устранить данные дефекты https://vk.com/zb_09?w=wall-171774447_860",Дороги,Дорожное покрытие,both,Дороги/Дорожное покрытие,Дороги/Дорожное покрытие,яма на дороге,22.05.2022,Земельные вопросы
740559,"09 Карагандинская область, г. Караганда, 13.05.2022 рядом с домом по улице Cатыбалдина 4/1 расположены ямы на дороге. Требуется устранить данные дефекты. https://vk.com/zb_09?w=wall-171774447_858",Дороги,Дорожное покрытие,both,Дороги/Дорожное покрытие,Дороги/Дорожное покрытие,яма на дороге,22.05.2022,Земельные вопросы
740558,"09 Карагандинская область, г. Караганда, 13.05.2022 по улице Cатыбалдина 7/4 расположена яма на дороге. Требуется устранить данный дефект https://vk.com/zb_09?w=wall-171774447_857",Дороги,Дорожное покрытие,both,Дороги/Дорожное покрытие,Дороги/Дорожное покрытие,яма на дороге,22.05.2022,Земельные вопросы
728233,"Здравствуйте. Вопрос по компании Ускемен тертип. Данная компания оказывает услуги по вывозу мусора с частного сектора в районе Защиты и др районах. Хочу обратить [ЗАЯВИТЕЛЬ], что это единственная компания которая в нашем районе ""м-рн Защита"" которая оказывает данную у",Благоустройство,Вывоз мусора,both,Благоустройство/Вывоз мусора,Благоустройство/Вывоз мусора,не вывозят мусор,22.02.2022,Нацкомпании
762137,"Здравствуйте, меня зовут [ЗАЯВИТЕЛЬ]. Я живу в Аксенгере, что находиться рядом с городом Алматы. У нас не ходят автобусы. До карантина ходили автобусы с Каскелена до Алматы 1. После карантина автобусы перестали ходить. Дети, подростки и взрослые вынуждены добираться до город",Транспорт,Общественный транспорт,both,Транспорт/Общественный транспорт,Транспорт/Общественный транспорт,автобус не ходит,21.12.2022,Транспорт
759836,"Добрый день, [ЗАЯВИТЕЛЬ]! Пишу от жителей Наурызбайского района, [ЗАЯВИТЕЛЬ] ""Алма"".Хотим ПОБЛАГОДАРИТЬ Вас с улучшением нашего района а именно с асфальтированием центральной улицы и проведением уличного освещения! Так же просим уточнить, ког",Освещение,Уличное освещение,both,Освещение/Уличное освещение,Освещение/Уличное освещение,уличное освещение,21.11.2022,Свободная тема
759789,"Здравствуйте, по улице Толстого 13/5, 13/3 , Турксибский район, на пересечении улиц Толстого и Молдагалиева осталась неотремонтированный кусок на дороге возле мусорки. Этот кусок лежит прямо на пересечении улиц, поэтому создает проблему для транспорта! Почему вы не завершите",Дороги,Дорожное покрытие,both,Дороги/Дорожное покрытие,Дороги/Дорожное покрытие,нет асфальта,21.11.2022,Транспорт
759719/1,"[ЗАЯВИТЕЛЬ] транспорта [ЗАЯВИТЕЛЬ] С исправленным текстом. Находясь на остановке магазин Ануар по маршруту автобуса № 5 города Караганда время 20-16 час 16 ноября 2022 года. В данное время был сильный ветер, температура воз",Транспорт,Общественный транспорт,both,Транспорт/Общественный транспорт,Транспорт/Общественный транспорт,водитель автобуса,21.11.2022,Транспорт
759712/1,"[ЗАЯВИТЕЛЬ] транспорта [ЗАЯВИТЕЛЬ] С.[ЗАЯВИТЕЛЬ] на остановке магазин Ануар по маршруту автобуса № 5 города Караганда время 20-16 час. В данное время был сильный ветер, температура воздуха - 7 градусов цельсия. Ожидал ав",Транспорт,Общественный транспорт,both,Транспорт/Общественный транспорт,Транспорт/Общественный транспорт,водитель автобуса,21.11.2022,О работе государственных органов (госуслуги)
757678,Прошу предоставить сведенья планируется ли внутри поселковое асфальтирования дороги села [ЗАЯВИТЕЛЬ] района. Если не планируется прошу внести в план ремонтных работ. Второй вопрос. При въезде в г. Степняк со стороны Кенаши на дороге установлено два лежачих полицейск,Дороги,Дорожное покрытие,both,Дороги/Дорожное покрытие,Дороги/Дорожное покрытие,нет асфальта,21.10.2022,Транспорт
744602,"Добрый день. Обращаюсь к Вам от имени жильцов ЖК ""Жайна"" наход-ся по адресу: Алматинский район, ул.Кошкарбаева 56. У нас во дворе есть детская площадка, которая не видела реставрации, ремонта на протяжении 7лет. На сегодняшний день площадка в плачевном состоянии. Качели",Благоустройство,Вывоз мусора,both,Благоустройство/Детские площадки,Благоустройство/Вывоз мусора,детская площадка сломана,21.06.2022,"Строительство, дольщики, жилищные проблемы"
744542,"Добрый день.Прошу Вас посодействовать в решении вопроса относительно строительной компании SAT NS,в ЖК Браво по ул.[ЗАЯВИТЕЛЬ] 17 построенном данным застройщиком ,очень часто прорывает канализацию, в связи с чем жители очень часто сидят без горячей и холодной воды,обращения",ЖКХ,Водоснабжение,both,ЖКХ/Водоснабжение,ЖКХ/Водоснабжение,нет холодной воды,21.06.2022,"Строительство, дольщики, жилищные проблемы"
754743,"Добрый день [ЗАЯВИТЕЛЬ], пишу Вам потому что просто накипело. Общественный транспорт это конечно вечная проблема, но я хочу чтобы наказали руководителей и водителя маршрута автобуса №25 116LF02 сегодня 20 сентября 2022 года в 10 утра на остановке Манаса по улице Абая пол",Транспорт,Общественный транспорт,both,Транспорт/Общественный транспорт,Транспорт/Общественный транспорт,водитель автобуса,20.09.2022,Транспорт
748222,"Добрый день! Прошу Вас в поселке [ЗАЯВИТЕЛЬ] области Талгарского района по улице [ЗАЯВИТЕЛЬ] со стороны улице Валиханова провести фонари уличного освещения, мы не раз писали уже писали об этом. Надеемся на реагирование данного обращения.",Освещение,Уличное освещение,both,Освещение/Уличное освещение,Освещение/Уличное освещение,уличное освещение,20.07.2022,"Строительство, дольщики, жилищные проблемы"
748201,"Настоящим объединение собственников имущества 33-19 «АККУ», в целях безопасности детей 33 микрорайона 19 дома просит Вас обновить футбольную площадку, расположенную возле детской площадки данного дома. Отмечаем, что футбольная площадка, расположенная в 33 микрорайоне возле 19 до",Благоустройство,Вывоз мусора,both,Благоустройство/Детские площадки,Благоустройство/Вывоз мусора,детская площадка сломана,20.07.2022,Свободная тема
748101,"Здравствуйте. Прошу заасфальтировать внутреннюю дорогу между дворами, расположенную параллельно ул.Розыбакиева, за рестораном Грузинский двор, не относящуюся ни к одному из кондоминиумов. Большая яма мешает проезду автомашин и создаёт аварийную ситуацию . Там передвигается большо",Дороги,Дорожное покрытие,both,Дороги/Дорожное покрытие,Дороги/Дорожное покрытие,яма на дороге,20.07.2022,Свободная тема
744428,"Довожу до Вашего сведения, Карагандинская область, Майкудук. Не работают светофоры на оживлённом перекрёстке рядом с ресторанным комплексом ""Zaman"" по адресу микрорайон Голубые пруды 18а. Автомобилисты и пешеходы при проследовании данного перекрестка с нерабочими светоф",Дороги,Светофоры,both,Дороги/Светофоры,Дороги/Светофоры,не работает светофор,20.06.2022,Транспорт
744427,"Довожу до Вашего сведения, Майкудук. Не работают светофоры на оживлённом перекрёстке рядом с ресторанным комплексом ""Zaman"" по адресу микрорайон Голубые пруды 18а. Автомобилисты и пешеходы при проследовании данного перекрестка с нерабочими светофорами полагаются только",Дороги,Светофоры,both,Дороги/Светофоры,Дороги/Светофоры,не работает светофор,20.06.2022,Транспорт
744385,"Здравствуйте! Я обратилась в Местную полицейскую службу Алматинской области (п. Гулдала) с просьбой принять меры к водителю автомашины ГРНЗ kz 935 WAY 05 за нарушение п.12 [ЗАЯВИТЕЛЬ] , согласно представленным фото. Однако, был представлен ответ, что на фото отсутствует тротуар или з",Транспорт,Общественный транспорт,both,Транспорт/Общественный транспорт,Транспорт/Общественный транспорт,водитель автобуса,20.06.2022,Правоохранительные органы
740214/2,"Недавно рабочие делали ямочный ремонт дороги областного значения между селами Нысанбек и [ЗАЯВИТЕЛЬ] района Туркестанской области. При этом ямы просто засыпали гравием и утрамбовывали лопатой. Однако, ямы предательский появились после первого дождя. Подскажите пожалуйс",Дороги,Дорожное покрытие,both,Дороги/Дорожное покрытие,Дороги/Дорожное покрытие,яма на дороге,20.05.2022,Транспорт
736339,"Добрый день! Меня зовут Сергей.У меня вопрос кто у нас в городе отвечает за пассажирский транспорт.А точнее за его движение и поведение водителей. У меня да и не только одного меня, несколько вопросов: 1) Почему водитель не открывает заднюю дверь сходящим и кричит из своей конуры",Транспорт,Общественный транспорт,both,Транспорт/Общественный транспорт,Транспорт/Общественный транспорт,водитель автобуса,20.04.2022,Транспорт
736262,"Здравствуйте, в городе Караганда в районе Узенка, существуют огромные свалки. Местные органы власти почему-то не готовы вести серьезную работу по предотвращению создания свалок, а только готовы ликвидировать свалки. Устанавливать видеонаблюдение в местах свалок, не хотят, это дор",Благоустройство,Вывоз мусора,both,Благоустройство/Вывоз мусора,Благоустройство/Вывоз мусора,не вывозят мусор,20.04.2022,Свободная тема
759737,"Здравствуйте. Мы жители жилого дома по ул. Байсеитовой д 42 (Новая площадь города) вторично просим Акимат города Алматы заменить устаревшие лампы накаливания (лампы уличного желтого освещения) на современные светодиодные лампы, в целях яркости, рентабельности и экономии электро-э",Освещение,Уличное освещение,both,Освещение/Уличное освещение,Освещение/Уличное освещение,уличное освещение,19.11.2022,Свободная тема
759719,"[ЗАЯВИТЕЛЬ] транспорта [ЗАЯВИТЕЛЬ] С исправленным текстом. Находясь на остановке магазин Ануар по маршруту автобуса № 5 города Караганда время 20-16 час 16 ноября 2022 года. В данное время был сильный ветер, температура воз",Транспорт,Общественный транспорт,both,Транспорт/Общественный транспорт,Транспорт/Общественный транспорт,водитель автобуса,19.11.2022,Транспорт
759712,"[ЗАЯВИТЕЛЬ] транспорта [ЗАЯВИТЕЛЬ] С.[ЗАЯВИТЕЛЬ] на остановке магазин Ануар по маршруту автобуса № 5 города Караганда время 20-16 час. В данное время был сильный ветер, температура воздуха - 7 градусов цельсия. Ожидал ав",Транспорт,Общественный транспорт,both,Транспорт/Общественный транспорт,Транспорт/Общественный транспорт,водитель автобуса,19.11.2022,О работе государственных органов (госуслуги)
757544,"Уважаемый, [ЗАЯВИТЕЛЬ]. Обращаюсь к вам с наболевшим вопросом. Я проживаю в Уалихановском районе с. Кишкенеколь в 5 этажном доме ""Коктем"". Живу 12 лет, с момента реставрации. За эти годы мы никак не можем добиться тепла в наших квартирах. Котельная и вся от",ЖКХ,Отопление,both,ЖКХ/Водоснабжение,ЖКХ/Отопление,нет холодной воды,19.10.2022,"Строительство, дольщики, жилищные проблемы"
757501,"Северо-Казахстанская область Петропавловск, 18.10.2022 На ул. Алтынсарина 200), имеется светодиодное уличное освещение. Один столб не работает, хотя подключен. Данный участок должен освещаться так как здесь более увеличенный дорожный трафик. Материалы по ссылке: https://vk.com/wa",Освещение,Уличное освещение,both,Освещение/Уличное освещение,Освещение/Уличное освещение,уличное освещение,19.10.2022,Свободная тема
757500,"Северо-Казахстанская область Петропавловск, 18.10.2022 На ул. Алтынсарина 200), имеется светодиодное уличное освещение. Один столб не работает, хотя подключен. Данный участок должен освещаться так как здесь более увеличенный дорожный трафик. Материалы по ссылке: https://vk.com/",Освещение,Уличное освещение,both,Освещение/Уличное освещение,Освещение/Уличное освещение,уличное освещение,19.10.2022,Свободная тема
748065,"Добрый день, уважаемый [ЗАЯВИТЕЛЬ].. Меня зовут [ЗАЯВИТЕЛЬ], проживаю в п. Жана-Даур, Илийского района. Хотела бы попасть к Вам на прием по вопросу асфальтирования улицы Школьная (где я и проживаю). Т.к. местная власть, судя по всему, не в силах решить данный вопрос. С",Дороги,Дорожное покрытие,both,Дороги/Дорожное покрытие,Дороги/Дорожное покрытие,яма на дороге,19.07.2022,Земельные вопросы
740214/1,"Недавно рабочие делали ямочный ремонт дороги областного значения между селами Нысанбек и [ЗАЯВИТЕЛЬ] района Туркестанской области. При этом ямы просто засыпали гравием и утрамбовывали лопатой. Однако, ямы предательский появились после первого дождя. Подскажите пожалуйс",Дороги,Дорожное покрытие,both,Дороги/Дорожное покрытие,Дороги/Дорожное покрытие,яма на дороге,19.05.2022,Транспорт
740214,"Недавно рабочие делали ямочный ремонт дороги областного значения между селами Нысанбек и [ЗАЯВИТЕЛЬ] района Туркестанской области. При этом ямы просто засыпали гравием и утрамбовывали лопатой. Однако, ямы предательский появились после первого дождя. Подскажите пожалуйс",Дороги,Дорожное покрытие,both,Дороги/Дорожное покрытие,Дороги/Дорожное покрытие,яма на дороге,19.05.2022,Транспорт
740209,"Уважаемый [ЗАЯВИТЕЛЬ]! Недавно рабочие делали ямочный ремонт дороги областного значения между селами Нысанбек и [ЗАЯВИТЕЛЬ] района. При этом ямы просто засыпали гравием и утрамбовывали лопатой. Однако, ямы предательский появились после первого дождя. Подскажите по",Дороги,Дорожное покрытие,both,Дороги/Дорожное покрытие,Дороги/Дорожное покрытие,яма на дороге,19.05.2022,Транспорт
740156,Добрый день. Вновь обращаюсь к вам по вопросам двора находящегося по адресу Город Караганда д.46 Ранее обращение было в 2021 году Номер обращения 699214. 1. Освещение двора 2. Подрезка деревьев 3. Благоустройство детской площадки Если по третьему пункту нас поставили в очере,Освещение,Уличное освещение,both,Освещение/Уличное освещение,Освещение/Уличное освещение,нет освещения во дворе,19.05.2022,Свободная тема
735944,"Уважаемый Алтай ага! Прошу вас обратить внимание на состояние дороги по улице [ЗАЯВИТЕЛЬ] на участке от ул. Орынбор до [ЗАЯВИТЕЛЬ], уже три года никак не доходит очередь до этого участка. Эта параллельная дорога к улице [ЗАЯВИТЕЛЬ], очень большие перегрузки испытывает в часы пик. Дор",Дороги,Дорожное покрытие,both,Дороги/Дорожное покрытие,Дороги/Дорожное покрытие,разбитая дорога,19.04.2022,Транспорт
759179/4,"В городе [ЗАЯВИТЕЛЬ] области в феврале 2022 года проведен тендер по замене 6 километров труб тепломагистрали ТМ№3, ТМ2, о капитальном ремонте ТМ № 3. Данный тендер выиграл ТОО ""АП-ИМПЭКС"" (город Тараз). В мае 2022 года между заказчиком ГУ «Акимат города Т",ЖКХ,Водоснабжение,both,ЖКХ/Отопление,ЖКХ/Водоснабжение,нет отопления,18.11.2022,О работе государственных органов (госуслуги)
757476,Мы живем в новом мкр Еламан где 90% уже залит асфальт но именно наша улица расположена в тупике и скорее всего про эту улицу забыли так как уже живём более 10 лет а асфальт даже и не думают заливать мы живём в городе а не в ауле ито даже в пулах уже в основном везде есть асфальт,Дороги,Дорожное покрытие,both,Дороги/Дорожное покрытие,Дороги/Дорожное покрытие,нет асфальта,18.10.2022,"Строительство, дольщики, жилищные проблемы"
757409,"Вчера ездил на границу с РФ с СКО. Участок дороги международного значения от Мамлютки до поста Петухова 20 км ремонт дороги, которое никто давно годами не делает и не собирается делать. Ужас, позор, перед гражданами другой страны, издевательство над местными гражданами. На пово",Дороги,Дорожное покрытие,both,Дороги/Дорожное покрытие,Дороги/Дорожное покрытие,яма на дороге,18.10.2022,Транспорт
739934,"Добрый день! Прошу Вас помочь с решением проблемы пассажирских перевозок. Жители района Юго-Восток в ауле Бесколь просят Вас решить вопрос с продлением маршрута 101 ""Петропавловск-Бесколь"" до района Юго-Восток. В данное время автобус ходит маршрут 101 ""А"" с пе",Транспорт,Общественный транспорт,both,Транспорт/Общественный транспорт,Транспорт/Общественный транспорт,автобус не ходит,18.05.2022,Транспорт
739888,"Повторно и неоднократно уже обращались,не только я, но и другие владельцы дачных участков, расположенных по адресу: Алматинская область, Жамбылский район, Турарские дачи по вопросу решения вопроса и ликвидации стихийной помойки вдоль дороги. Мои обращения я направлял в прошлом и",Дороги,Дорожное покрытие,both,Дороги/Дорожное покрытие,Дороги/Дорожное покрытие,яма на дороге,18.05.2022,Социальное обеспечение
739798/1,"09 Карагандинская область, г. Караганда, 13.05.2022 по улице Cатыбалдина 5 расположена яма на дороге представляющая опасность для участников дорожного движения, а также наносит материальный вред ТС. https://vk.com/zb_09?w=wall-171774447_850",Дороги,Дорожное покрытие,both,Дороги/Дорожное покрытие,Дороги/Дорожное покрытие,яма на дороге,18.05.2022,Транспорт
731634,"Уважаемый [ЗАЯВИТЕЛЬ]! Меня зовут [ЗАЯВИТЕЛЬ], я жительница г.Костанай, мкр.Юбилейный 21-146, от лица жителей нашего дома хотела бы обратиться к Вам за помощью! Уже более недели назад подвал нашего дома затопило канализационными стоками, каждый день объем стоков",ЖКХ,Водоснабжение,both,ЖКХ/Водоснабжение,ЖКХ/Водоснабжение,затопило подвал,18.03.2022,О работе государственных органов (госуслуги)
722459/1,"Құрметті [ЗАЯВИТЕЛЬ] Көлік комитетінің төрағасы-Гилимов [ЗАЯВИТЕЛЬ]!!! Сізге жазу себебіміз-біз алматы облысы , Іле ауданы, Ащыбулақ округі, Батыр саяжайында тұрамыз. Камаз центрден 13 км. қашықтықта. Қалаға қатынайтын автобустар бізге жүрмейді, жеке кәсіпкердің 2 автобусы тоқ",Транспорт,Общественный транспорт,both,Транспорт/Общественный транспорт,Транспорт/Общественный транспорт,автобус жүрмейді,18.01.2022,Транспорт
759524,"Мы недавно переехали с ул. Пожарского в 12 микрорайон г. Актобе. В связи с чем возникла проблема у сына [ЗАЯВИТЕЛЬ], учащегося 8 класса средней школы № 26. Ему стало сложно и трудно добираться до школы и обратно домой в темное время суток. В школу он едет на автобусе 45-50",Транспорт,Общественный транспорт,both,Транспорт/Общественный транспорт,Транспорт/Общественный транспорт,автобус не ходит,17.11.2022,Образование
759179/3,"В городе [ЗАЯВИТЕЛЬ] области в феврале 2022 года проведен тендер по замене 6 километров труб тепломагистрали ТМ№3, ТМ2, о капитальном ремонте ТМ № 3. Данный тендер выиграл ТОО ""АП-ИМПЭКС"" (город Тараз). В мае 2022 года между заказчиком ГУ «Акимат города Т",ЖКХ,Водоснабжение,both,ЖКХ/Отопление,ЖКХ/Водоснабжение,нет отопления,17.11.2022,О работе государственных органов (госуслуги)
759179/2,"В городе [ЗАЯВИТЕЛЬ] области в феврале 2022 года проведен тендер по замене 6 километров труб тепломагистрали ТМ№3, ТМ2, о капитальном ремонте ТМ № 3. Данный тендер выиграл ТОО ""АП-ИМПЭКС"" (город Тараз). В мае 2022 года между заказчиком ГУ «Акимат города Т",ЖКХ,Водоснабжение,both,ЖКХ/Отопление,ЖКХ/Водоснабжение,нет отопления,17.11.2022,О работе государственных органов (госуслуги)
757343,"Я, Бекишева [ЗАЯВИТЕЛЬ], обращаюсь к вам с просьбой, разобраться с случаем произошедшее со мной в мае месяца 2022 года. 16 мая 2022года прибыв на аэропорт г.Бишкека имея билет на руках по маршруту ""Бишкек-Алматы-Нур-Султан"" и имея паспорт вакцинации в прил",Транспорт,Общественный транспорт,both,Транспорт/Общественный транспорт,Транспорт/Общественный транспорт,отменили маршрут,17.10.2022,Транспорт
757317,"[ЗАЯВИТЕЛЬ] мырза, 2 апта үй іші өте салқын. Бұрын орталық жылыту 15 ші қазаннан кеш берілмейтін. Бүгін 17 ші қазан, үй іші өте суық. Екі пата бойы әлектр жылуты құрылғыларын эр бөлмаге қйып бір бөлмегі жылытып, қабат қабат киім киіп әрең шыдап жүрміз. Суықтан шыдау өте қ",ЖКХ,Отопление,both,ЖКХ/Отопление,ЖКХ/Отопление,пәтер суық,17.10.2022,Свободная тема
754519,"Здравствуйте, У меня очень важный запрос в отношении улицы Кунаева (пересечение ул.Гоголя) возле магазина одежды Deutsche Mode. Там по улице Кунаева на дороге есть огромная яма, которая находится прямо на полосе проезжей части. Чтобы не провалиться одним колесом в эту большу",Дороги,Дорожное покрытие,both,Дороги/Дорожное покрытие,Дороги/Дорожное покрытие,яма на дороге,17.09.2022,Транспорт
744198,"09 Карагандинская область, г. Караганда, 12.05.2022 по улице Космонавтов машина с ГРНЗ 983 AX KZ и обозначением на кузове ПО ""CПЕЦТЕХНИКА"" поливает подготовленные срезы ям битумом, при том, что данный участок никак ни закрыт и не огорожен. В связи с этим битум раскатыва",Дороги,Дорожное покрытие,both,Дороги/Дорожное покрытие,Дороги/Дорожное покрытие,яма на дороге,17.06.2022,Транспорт
739800,"09 Карагандинская область, г. Караганда, 13.05.2022 по улице Cатыбалдина 5 расположена яма на дороге. Требуется устранить данный дефект. https://vk.com/zb_09?w=wall-171774447_851",Дороги,Дорожное покрытие,both,Дороги/Дорожное покрытие,Дороги/Дорожное покрытие,яма на дороге,17.05.2022,Транспорт
739799,"09 Карагандинская область, г. Караганда, 13.05.2022 по улице Cатыбалдина 5 расположена яма на дороге представляющая опасность для участников дорожного движения, а также наносит материальный вред ТС. https://vk.com/zb_09?w=wall-171774447_850",Дороги,Дорожное покрытие,both,Дороги/Дорожное покрытие,Дороги/Дорожное покрытие,яма на дороге,17.05.2022,Транспорт
739798,"09 Карагандинская область, г. Караганда, 13.05.2022 по улице Cатыбалдина 5 расположена яма на дороге представляющая опасность для участников дорожного движения, а также наносит материальный вред ТС. https://vk.com/zb_09?w=wall-171774447_850",Дороги,Дорожное покрытие,both,Дороги/Дорожное покрытие,Дороги/Дорожное покрытие,яма на дороге,17.05.2022,Транспорт
739688/1,"Данное обращение вызвано проблемами, с которыми сталкивается крупнейший перевозчик г.Караганды - ТОО «Автобусный парк №3», в условиях постоянного дефицита водительских кадров. При заключении трудовых договоров ТОО «Автобусный парк №3» требует от водителей автобусов представить д",Транспорт,Общественный транспорт,both,Транспорт/Общественный транспорт,Транспорт/Общественный транспорт,водитель автобуса,17.05.2022,Транспорт
739688,"Данное обращение вызвано проблемами, с которыми сталкивается крупнейший перевозчик г.Караганды - ТОО «Автобусный парк №3», в условиях постоянного дефицита водительских кадров. При заключении трудовых договоров ТОО «Автобусный парк №3» требует от водителей автобусов представить д",Транспорт,Общественный транспорт,both,Транспорт/Общественный транспорт,Транспорт/Общественный транспорт,водитель автобуса,17.05.2022,Транспорт
739686,"Данное обращение вызвано проблемами, с которыми сталкивается крупнейший перевозчик г.Караганды - ТОО «Автобусный парк №3», в условиях постоянного дефицита водительских кадров. При заключении трудовых договоров ТОО «Автобусный парк №3» требует от водителей автобусов представить д",Транспорт,Общественный транспорт,both,Транспорт/Общественный транспорт,Транспорт/Общественный транспорт,водитель автобуса,17.05.2022,Транспорт
722459,"Құрметті [ЗАЯВИТЕЛЬ] Көлік комитетінің төрағасы-Гилимов [ЗАЯВИТЕЛЬ]!!! Сізге жазу себебіміз-біз алматы облысы , Іле ауданы, Ащыбулақ округі, Батыр саяжайында тұрамыз. Камаз центрден 13 км. қашықтықта. Қалаға қатынайтын автобустар бізге жүрмейді, жеке кәсіпкердің 2 автобусы тоқ",Транспорт,Общественный транспорт,both,Транспорт/Общественный транспорт,Транспорт/Общественный транспорт,автобус жүрмейді,17.01.2022,Транспорт
759416,"Мы с мужем приобрели недвижимость в ЖК ""Кок жайляу"" по адресу: Казыбек би 9/1 от застройщика ""Sensata group"". На протяжении всего отопительного сезона батареи чуть теплые. Дома очень холодно по этой причине. Мы с соседями направили этот вопрос управляющей комп",ЖКХ,Отопление,both,ЖКХ/Отопление,ЖКХ/Отопление,холодные батареи,16.11.2022,"Строительство, дольщики, жилищные проблемы"
759379,"Копия письма в «Акиму города Астана» Просим Вас помочь в вопросе жилого дома по ул. Пушкина дом 13, наш дом не подготовлен обслуживающей организацией «[ЗАЯВИТЕЛЬ]» к отопительному сезону 2022 году, в тепловом узле не произвели опрессовку и промывку системы отопления, также не про",ЖКХ,Отопление,both,ЖКХ/Водоснабжение,ЖКХ/Отопление,нет горячей воды,16.11.2022,О работе государственных органов (госуслуги)
759181/1,"В городе [ЗАЯВИТЕЛЬ] области в феврале 2022 года проведен тендер по замене 6 километров труб тепломагистрали ТМ№3, ТМ2, о капитальном ремонте ТМ № 3. Данный тендер выиграл ТОО ""АП-ИМПЭКС"" (город Тараз). В мае 2022 года между заказчиком ГУ «Акимат города Т",ЖКХ,Водоснабжение,both,ЖКХ/Отопление,ЖКХ/Водоснабжение,нет отопления,16.11.2022,О работе государственных органов (госуслуги)
754462,"Добрый день. Ранее было моё обращения с номером ""750517"" . Вопрос о спиле аварийных деревьях и освещении двора по адресу г Караганда, Лободы 46 и самой улицы Лободы. Сегодня приезжали по первому вопросу, но работа не доведена до конца. Основная часть деревьев ( сухостое",Освещение,Уличное освещение,both,Освещение/Уличное освещение,Освещение/Уличное освещение,нет освещения во дворе,16.09.2022,Свободная тема
750906,"Добрый день ув. [ЗАЯВИТЕЛЬ], прошу дать разъяснение по поводу оплаты за проезд в общегородском транспорте нашего города. Сколько я должна оплачивать за проезд, если на руках имею двоих малолетних детей в возрасте 1,5 и 4- х лет. С меня кондукторы автобусов маршрута 1Э в",Транспорт,Общественный транспорт,both,Транспорт/Общественный транспорт,Транспорт/Общественный транспорт,автобус не ходит,16.08.2022,Транспорт
750784/2,"Құрметті [ЗАЯВИТЕЛЬ]! «[ЗАЯВИТЕЛЬ]» ЖШС-гі қызмет көрсететін «Шымкент-Бадам-Шымкент» шағын автобус бағытына түзілген келісім шарттың мерзімі аяқталуға жақын. Аталған тасымалдаушы «Шымкент-Бадам-Шымкент» ША бағытына қызмет көрсетуден бас тартуда. Бұл ретте, Бадам елді м",Транспорт,Общественный транспорт,both,Транспорт/Общественный транспорт,Транспорт/Общественный транспорт,қоғамдық көлік,16.08.2022,Транспорт
750784/1,"Құрметті [ЗАЯВИТЕЛЬ]! «[ЗАЯВИТЕЛЬ]» ЖШС-гі қызмет көрсететін «Шымкент-Бадам-Шымкент» шағын автобус бағытына түзілген келісім шарттың мерзімі аяқталуға жақын. Аталған тасымалдаушы «Шымкент-Бадам-Шымкент» ША бағытына қызмет көрсетуден бас тартуда. Бұл ретте, Бадам елді м",Транспорт,Общественный транспорт,both,Транспорт/Общественный транспорт,Транспорт/Общественный транспорт,қоғамдық көлік,16.08.2022,Транспорт
747782,"Северо-Казахстанская область Петропавловск, 06.07.2022 На ул. Мира 119 и 121 имеется светодиодное уличное освещение. Один столб не работает, хотя подключен. Данный участок должен освещаться. Требуем установить данный недостаток. Материалы по ссылке: https://vk.com/wall-170724219_",Освещение,Уличное освещение,both,Освещение/Уличное освещение,Освещение/Уличное освещение,уличное освещение,16.07.2022,Свободная тема
744069,Добрый день. Я живу в г. Петропавловск. У нас на данный момент мусор с контейнеров расположенных около моего дома не вывозиться с апреля месяца. Мои просьбы и жалобы в акимат и айкомек и другие службы не дают никакого результата. Согласно Санитарно-эпидемиологические правила и но,Благоустройство,Вывоз мусора,both,Благоустройство/Вывоз мусора,Благоустройство/Вывоз мусора,не вывозят мусор,16.06.2022,"Строительство, дольщики, жилищные проблемы"
744068/1,Добрый день. Я живу в г. Петропавловск. У нас на данный момент мусор с контейнеров расположенных около моего дома не вывозиться с апреля месяца. Мои просьбы и жалобы в акимат и айкомек и другие службы не дают никакого результата. Согласно Санитарно-эпидемиологические правила и но,Благоустройство,Вывоз мусора,both,Благоустройство/Вывоз мусора,Благоустройство/Вывоз мусора,не вывозят мусор,16.06.2022,"Строительство, дольщики, жилищные проблемы"
744068,Добрый день. Я живу в г. Петропавловск. У нас на данный момент мусор с контейнеров расположенных около моего дома не вывозиться с апреля месяца. Мои просьбы и жалобы в акимат и айкомек и другие службы не дают никакого результата. Согласно Санитарно-эпидемиологические правила и но,Благоустройство,Вывоз мусора,both,Благоустройство/Вывоз мусора,Благоустройство/Вывоз мусора,не вывозят мусор,16.06.2022,"Строительство, дольщики, жилищные проблемы"
744067,"Ранее я писала письма 738770 и 741230 Но вы меня или не понимаете или не хотите понимать. Еще раз поясняю, я не бросала строительный мусор или ветки около мусорного бака находящегося у моего дома. Кто это сделал я не знаю. Вы даете однотипные ответы, а я спрашиваю кто и когда с",Благоустройство,Вывоз мусора,both,Благоустройство/Вывоз мусора,Благоустройство/Вывоз мусора,не вывозят мусор,16.06.2022,"Строительство, дольщики, жилищные проблемы"
739449,"Добрый день [ЗАЯВИТЕЛЬ]! Прошу дать указания на решение вопроса о состоянии дороги: по адресу: г. Талдыкорган, с.Отенай, ул. Шевченко, после проведенного ремонта (осенью 2021 года было постелено асфальтовое полотно дороги по указанному адресу), в промежутке между домам",Дороги,Дорожное покрытие,both,Дороги/Дорожное покрытие,Дороги/Дорожное покрытие,яма на дороге,16.05.2022,Транспорт
759276,"Саламатсызба, әкім мырза [ЗАЯВИТЕЛЬ] ауданы, Шығырлы ауылының тұрғынымын. Біздің ауылда таза ауыз су жоқ, су құбыры тартылды, бірақ әлі ауыз судың қызығын көрген жоқпыз. Енді қашан пайдалануға беріледі?",ЖКХ,Водоснабжение,both,ЖКХ/Водоснабжение,ЖКХ/Водоснабжение,су жоқ,15.11.2022,Земельные вопросы
757274,"Здравствуйте! Прошу Вас оказать содействие в решении проблемы с водоснабжением дома в Бостандыкском районе г Алматы. Дом - Жарокова 281А. Всё лето 2022 года имеются перебои с водоснабжением квартир, с обоих кранов идёт или холодная или горячая вода. Обращались в АлматыСу, ПКС",ЖКХ,Водоснабжение,both,ЖКХ/Водоснабжение,ЖКХ/Водоснабжение,нет холодной воды,15.10.2022,"Строительство, дольщики, жилищные проблемы"
750889,"09 Карагандинская область, г. Караганда, 12.08.2022 по проспекту Строителей дорожное рабочее ТС с ГРНЗ M026AWD нарушает правила содержание дорог, а именно поднимает пыль с дороги. Асфальт предварительно не был увлажнён. Вся пыль летит в автомобиль и пешеходов. Требуется привлечь",Дороги,Дорожное покрытие,both,Дороги/Дорожное покрытие,Дороги/Дорожное покрытие,нет асфальта,15.08.2022,О работе государственных органов (госуслуги)
750888,"09 Карагандинская область, г. Караганда, 12.08.2022 по проспекту Строителей дорожное рабочее ТС с ГРНЗ M026AWD нарушает правила содержание дорог, а именно поднимает пыль с дороги. Асфальт предварительно не был увлажнён. Вся пыль летит в автомобиль и пешеходов. Требуется привлечь",Дороги,Дорожное покрытие,both,Дороги/Дорожное покрытие,Дороги/Дорожное покрытие,нет асфальта,15.08.2022,Правоохранительные органы
750784,"Құрметті [ЗАЯВИТЕЛЬ]! «[ЗАЯВИТЕЛЬ]» ЖШС-гі қызмет көрсететін «Шымкент-Бадам-Шымкент» шағын автобус бағытына түзілген келісім шарттың мерзімі аяқталуға жақын. Аталған тасымалдаушы «Шымкент-Бадам-Шымкент» ША бағытына қызмет көрсетуден бас тартуда. Бұл ретте, Бадам елді м",Транспорт,Общественный транспорт,both,Транспорт/Общественный транспорт,Транспорт/Общественный транспорт,қоғамдық көлік,15.08.2022,Транспорт
750726/1,"Уважаемый [ЗАЯВИТЕЛЬ]! [ЗАЯВИТЕЛЬ] делаете с нашими дворами? Их закатывают в асфальт, не жалея ни дерева, ни цветка !! Что будут видеть, выходя во двор, наши дети ? Асфальт ? И запах отвратительный ?? Прекратите этот беспредел ! Весной или осенью, вместо запаха цветения или у",Дороги,Дорожное покрытие,both,Дороги/Дорожное покрытие,Дороги/Дорожное покрытие,нет асфальта,15.08.2022,Молодёжная политика
747678,"Добрый день. Прошу принять срочные меры в монтаже электрического кабеля от фонарей уличного освещения, которые уже несколько месяцев лежат на детской площадке по адресу:г.Алматы, ул.Желтоксан д.35.угол улицы Маметовой.",Освещение,Уличное освещение,both,Освещение/Уличное освещение,Освещение/Уличное освещение,уличное освещение,15.07.2022,Свободная тема
743993,"В г.Алматы в целом микрорайоне, а именно в мкр.Нуркент, полностью отключена подача холодной воды с 14 июня 2022 года. Согласно уведомлению от поставщика услуг ""Алматы су"" есть задолженность КСК ""Нуркент 1"" (этот КСК обслуживает наш район). То есть есть соседи,",ЖКХ,Водоснабжение,both,ЖКХ/Водоснабжение,ЖКХ/Водоснабжение,нет холодной воды,15.06.2022,О работе государственных органов (госуслуги)
743969,"Здравствуйте. В конце сентября 2021 года я написала обращение, что «Участок дороги Караганда-Павлодар между селами Алгабас-Керней-[ЗАЯВИТЕЛЬ]-Жырауского района Карагандинской области в ужасном разбитом состоянии.» Я получила ответ, что «в адрес АО НК «ҚазАвтоЖол» от 14 сентябр",Дороги,Дорожное покрытие,both,Дороги/Дорожное покрытие,Дороги/Дорожное покрытие,яма на дороге,15.06.2022,Транспорт
731000,"Уважаемый аким нашего города! Хотелось бы обратить Ваше внимание на дорогу выше проспекта Аль-Фараби в сторону Ремизовки. Вверх по дороге очень много строится ЖК, такие как Sakura, Silver hills , Remizovka и т.д. Дорога вся разбита, В районе указанных ЖК строителями заужена дорог",Дороги,Дорожное покрытие,both,Дороги/Дорожное покрытие,Дороги/Дорожное покрытие,разбитая дорога,15.03.2022,Транспорт
727088,На основании коммерческих предложении выбрав потенциального поставщика предложившую наименьшую сумму отправили по порталу государственных закупок договор поставщику ТОО «WEST KZ-04» на оказание услуги вывоз мусора ТБО. Согласно технической спецификации 5 контейнера – 2 раза в не,Благоустройство,Вывоз мусора,both,Благоустройство/Вывоз мусора,Благоустройство/Вывоз мусора,не вывозят мусор,15.02.2022,Финансы
727044,"Здравствуйте, [ЗАЯВИТЕЛЬ]! В ТОО [ЗАЯВИТЕЛЬ] неоднократно писала о том,что в достраиваемом им ЖК Жастар-4 в квартирах холодно, батареи вне зависимости от температурного режима за окном все время теплые, никогда не горячие. Обращалась к подрядчику сама, ТОО ЕКК о",ЖКХ,Отопление,both,ЖКХ/Отопление,ЖКХ/Отопление,холодные батареи,15.02.2022,"Строительство, дольщики, жилищные проблемы"
761613/1,"Адрес: г.Алматы, Ауэзовский район, ул. Таугуль, 4, подъезд 6, кв 141. Прошу рассмотреть и решить вопрос теплоснабжения: в квартирах очень холодно, постоянно включен обогреватель, и при этом холодно. Батареи слегка теплые. Оплата за тепло идет в полной мере! Почему уменьшена подач",ЖКХ,Отопление,both,ЖКХ/Отопление,ЖКХ/Отопление,холодные батареи,14.12.2022,"Строительство, дольщики, жилищные проблемы"
757242,"Добрый день! С 1 ноября 2022 года компания «Qazaq Air» отменит рейсы по маршруту Уральск — Атырау — Уральск. Как следствие, это приведет к отсутствию авиасообщения между данными двумя городами, так как ни «Flyarystan», ни «Scat» также не совершают рейсы по данному направлению",Транспорт,Общественный транспорт,both,Транспорт/Общественный транспорт,Транспорт/Общественный транспорт,отменили маршрут,14.10.2022,Транспорт
754182,"Добрый день уважаемый Аким области! Обращаются жители Кордайского района, село Кордай ул.Отегена 126/1 касательно уличного освещения в ночное время суток. При первом обращении к Вам, на место по вышеуказанному адресу выехал зам.акима и инспектор (имена не помню)и на месте определ",Освещение,Уличное освещение,both,Освещение/Уличное освещение,Освещение/Уличное освещение,уличное освещение,14.09.2022,Свободная тема
747582,Құрметті [ЗАЯВИТЕЛЬ]! 2022 жылғы 22 сәуірде кілті берілген «DISCOVERY» тұрғын үй кешенінде (мекенжайы: [ЗАЯВИТЕЛЬ] көшесі 10/2) ыстық су жоқ. Адамдар бірнеше ай ыстық сусыз отыр. Мердігер «Базис-А» ком,ЖКХ,Водоснабжение,both,ЖКХ/Водоснабжение,ЖКХ/Водоснабжение,су жоқ,14.07.2022,"Строительство, дольщики, жилищные проблемы"
739332,"Добрый день. Прошу прояснить ситуацию. Водитель автобуса (автобус для персонала компании) проходит предсменное освидетельствование до начала работы, когда он должен проходить послесменное освидетельствование, до поездки, когда предстоит везти людей домой и сам едет домой или посл",Транспорт,Общественный транспорт,both,Транспорт/Общественный транспорт,Транспорт/Общественный транспорт,водитель автобуса,14.05.2022,Свободная тема
726810,"Здравствуйте, хотела бы решить проблему, которая не разрешается долгое время. Объясню ситуацию: в городе Талдыкорган на Абая 254А (задний двор гостиницы ""Алатау""), постоянно валяется мусор и никто не вывозит его, так как еще бегают собаки, то они разрывают мусорные па",Благоустройство,Вывоз мусора,both,Благоустройство/Вывоз мусора,Благоустройство/Вывоз мусора,не вывозят мусор,14.02.2022,Свободная тема
722003/1,добрый день. Я обращаюсь к Вам с вопросом по вывозу мусора. Так как я оплачиваю и вывожу свой мусор на свалку сама. До этого у нас вывозила компания и я ей оплатила на год вперед. потом эта компания исчезла и я стала вывозить мусор самостоятельно. проходит время и мне новая комп,Благоустройство,Вывоз мусора,both,Благоустройство/Вывоз мусора,Благоустройство/Вывоз мусора,не вывозят мусор,14.01.2022,О работе государственных органов (госуслуги)
722001/1,добрый день. Я обращаюсь к Вам с вопросом по вывозу мусора. Так как я оплачиваю и вывожу свой мусор на свалку сама. До этого у нас вывозила компания и я ей оплатила на год вперед. потом эта компания исчезла и я стала вывозить мусор самостоятельно. проходит время и мне новая комп,Благоустройство,Вывоз мусора,both,Благоустройство/Вывоз мусора,Благоустройство/Вывоз мусора,не вывозят мусор,14.01.2022,Свободная тема
761638,"[ЗАЯВИТЕЛЬ] ауылында жаңа Мәдениет ошағы осындай [ЗАЯВИТЕЛЬ] және спорт министрі [ЗАЯВИТЕЛЬ]! [ЗАЯВИТЕЛЬ] облысының орталығы Орал қаласының іргесінде, яғни бар болғаны 20 шақырым жерде және күре тамыр жол болып есептелетін «Шымкент - Сама",Дороги,Дорожное покрытие,both,Дороги/Дорожное покрытие,Дороги/Дорожное покрытие,жол бұзылған,13.12.2022,Духовность и религия
759021,"Құрметті [ЗАЯВИТЕЛЬ]. [ЗАЯВИТЕЛЬ] Шымкент қаласы, Еңбекші ауданы, 15 мөлтек аудан 5 үй 45 пәтер тұрғыны, көп балалы анамын. Менің өтініш жазу себебім қазіргі тұрып жатқа үймізге жылу берілді. Бірақ қыс басталмай үйдің температурасы төмен. Үй суық. Бал",ЖКХ,Отопление,both,ЖКХ/Отопление,ЖКХ/Отопление,пәтер суық,13.11.2022,"Строительство, дольщики, жилищные проблемы"
757128,"Я, Бекишева [ЗАЯВИТЕЛЬ], обращаюсь к вам с просьбой, разобраться с случаем произошедшее со мной в мае месяца 2022 года. 16 мая 2022года прибыв на аэропорт г.Бишкека имея билет на руках по маршруту ""Бишкек-Алматы-Нур-Султан"" и имея паспорт вакцинации в прил",Транспорт,Общественный транспорт,both,Транспорт/Общественный транспорт,Транспорт/Общественный транспорт,отменили маршрут,13.10.2022,Транспорт
750726,"Уважаемый [ЗАЯВИТЕЛЬ]! [ЗАЯВИТЕЛЬ] делаете с нашими дворами? Их закатывают в асфальт, не жалея ни дерева, ни цветка !! Что будут видеть, выходя во двор, наши дети ? Асфальт ? И запах отвратительный ?? Прекратите этот беспредел ! Весной или осенью, вместо запаха цветения или у",Дороги,Дорожное покрытие,both,Дороги/Дорожное покрытие,Дороги/Дорожное покрытие,нет асфальта,13.08.2022,Молодёжная политика
735175,"К Вам обращается житель мкр. Думан-2, Медеуского района г.Алматы, с просьбой организовать вывоз ТБО на аллее в мкр. Думан-2. На сегодняшний день из-за отсутствия организации вывоза ТБО на аллее образовались свалки с мусором, что влечет за собой антисанитарию. Согласно Правил бл",Благоустройство,Вывоз мусора,both,Благоустройство/Вывоз мусора,Благоустройство/Вывоз мусора,не вывозят мусор,13.04.2022,О работе государственных органов (госуслуги)
722006,добрый день. Я обращаюсь к Вам с вопросом по вывозу мусора. Так как я оплачиваю и вывожу свой мусор на свалку сама. До этого у нас вывозила компания и я ей оплатила на год вперед. потом эта компания исчезла и я стала вывозить мусор самостоятельно. проходит время и мне новая комп,Благоустройство,Вывоз мусора,both,Благоустройство/Вывоз мусора,Благоустройство/Вывоз мусора,не вывозят мусор,13.01.2022,О работе государственных органов (госуслуги)
722003,добрый день. Я обращаюсь к Вам с вопросом по вывозу мусора. Так как я оплачиваю и вывожу свой мусор на свалку сама. До этого у нас вывозила компания и я ей оплатила на год вперед. потом эта компания исчезла и я стала вывозить мусор самостоятельно. проходит время и мне новая комп,Благоустройство,Вывоз мусора,both,Благоустройство/Вывоз мусора,Благоустройство/Вывоз мусора,не вывозят мусор,13.01.2022,О работе государственных органов (госуслуги)
722001,добрый день. Я обращаюсь к Вам с вопросом по вывозу мусора. Так как я оплачиваю и вывожу свой мусор на свалку сама. До этого у нас вывозила компания и я ей оплатила на год вперед. потом эта компания исчезла и я стала вывозить мусор самостоятельно. проходит время и мне новая комп,Благоустройство,Вывоз мусора,both,Благоустройство/Вывоз мусора,Благоустройство/Вывоз мусора,не вывозят мусор,13.01.2022,Свободная тема
761613,"Адрес: г.Алматы, Ауэзовский район, ул. Таугуль, 4, подъезд 6, кв 141. Прошу рассмотреть и решить вопрос теплоснабжения: в квартирах очень холодно, постоянно включен обогреватель, и при этом холодно. Батареи слегка теплые. Оплата за тепло идет в полной мере! Почему уменьшена подач",ЖКХ,Отопление,both,ЖКХ/Отопление,ЖКХ/Отопление,холодные батареи,12.12.2022,"Строительство, дольщики, жилищные проблемы"
761533,"Саламатсызба! Хочу отметить положительную работу по моему письменному обращению через сервис е-өтініш. По улице Туркестан, г. Астана, возле академиии хореографии длительное время находился брошенный автомобиль. Автомобиль мешал коммунальным службам в очистке дорог, автомобиль зан",Дороги,Дорожное покрытие,both,Дороги/Дорожное покрытие,Дороги/Дорожное покрытие,разбитая дорога,12.12.2022,Правоохранительные органы
753833,"Здравствуйте Аким Города Нур-Султан! Примите для сведения что, в Сары-Аркинском районе улицы Атбасарская, улицы Медеу требует капитального ремонта, асфальт с советских времен! Мы жители сколько обращались но результатов не добились! [ЗАЯВИТЕЛЬ] с коляской или пешком осенью, зимой",Дороги,Дорожное покрытие,both,Дороги/Дорожное покрытие,Дороги/Дорожное покрытие,нет асфальта,12.09.2022,"Строительство, дольщики, жилищные проблемы"
753815,"Уважаемый [ЗАЯВИТЕЛЬ]! Обращаюсь к Вам от всех жителей микрорайона Мамыр 4 Ауэзовского района. Дело в том, что на территории микрорайона отсутствует уличное освещение, ямы для столбов есть, а самих столбов нет (фото прилагаю). Мы обращались в акимат Ауэзовского района",Освещение,Уличное освещение,both,Освещение/Уличное освещение,Освещение/Уличное освещение,уличное освещение,12.09.2022,Свободная тема
756957,"Необоснованное предъявление предписания ТОО ""Алматинские тепловые сети"" от 25 марта 2022 года о том, что мы пользуемся услугами тепловой энергии и горячей воды.",ЖКХ,Водоснабжение,both,ЖКХ/Водоснабжение,ЖКХ/Водоснабжение,нет горячей воды,11.10.2022,"Строительство, дольщики, жилищные проблемы"
756926,"Настоящим письмом, дольщики ЖК «Capital Park Flowers» просят произвести замену грузовых и пассажирских лифтов ЖК Capital Park flowers 5B- 1 и 5B-2, расположенного по адресу: г. Астана, улица 38-я, дом 11 (3-4 подъезды.) и дом 11/1 (1-6 подъезды). В связи с неоднократным нарушен",ЖКХ,Лифт,both,ЖКХ/Лифт,ЖКХ/Лифт,не работает лифт,11.10.2022,"Строительство, дольщики, жилищные проблемы"
750517,"Добрый день, уже не однократно обращалась по вопросу освещения и озеленения по адресу Лободы дом 46,согласно ответа на обращение номер ""740156"", до 1го августа должны были произвести работы, но как двор был тёмным, так и остался. Аварийные деревья так же стоят нетронут",Освещение,Уличное освещение,both,Освещение/Уличное освещение,Освещение/Уличное освещение,нет освещения во дворе,11.08.2022,Свободная тема
738770,"Добрый день. У моего дома (Вознесенская, 2) стоит мусорный бак. При проводимых субботниках акиматом было заявлено, чтобы мусор выносили в бакам для мусора и впоследствии он должен быть вывезен. За два субботника в апрелке и мае нам около бака накидали кучу мусора в виде травы, ве",Благоустройство,Вывоз мусора,both,Благоустройство/Вывоз мусора,Благоустройство/Вывоз мусора,не вывозят мусор,11.05.2022,"Строительство, дольщики, жилищные проблемы"
734818,"Уважаемый [ЗАЯВИТЕЛЬ],пишут Вам потребители с города Сатпаев,Карагандинской области. Наше обращение состоит в том,что ПТВС г.Сатпаев,ссылается на температурный режим,который подается с ПТЭ г.Сатпаев. Температура подачи горячей воды и отопления в в системах не отвечает нормам.",ЖКХ,Водоснабжение,both,ЖКХ/Отопление,ЖКХ/Водоснабжение,холодные батареи,11.04.2022,Свободная тема
734626,"Здравствуйте! К меня так же вопрос по общественному транспорту города Алматы. В своем ответе [ЗАЯВИТЕЛЬ], которая оставила обращение 08.04.2022 года, Вы ответили: ""... Перевозчику было направлено поручение провести разъяснительную беседу с водительским составом д",Транспорт,Общественный транспорт,both,Транспорт/Общественный транспорт,Транспорт/Общественный транспорт,водитель автобуса,11.04.2022,Транспорт
734517/1,"Добрый День. [ЗАЯВИТЕЛЬ] с ВКО г.Семей В г.Семей по улице Терешкой в начале улицы расположены многочисленные базы, поток большегрузных авто очень большой, в связи с чем как заканчивается асфальтированная дорога и начинается проселочная , проселочная дорога вся разбита и продавлена,",Дороги,Дорожное покрытие,both,Дороги/Дорожное покрытие,Дороги/Дорожное покрытие,разбитая дорога,11.04.2022,Транспорт
721729,"Уважаемый [ЗАЯВИТЕЛЬ], обращаюсь к вам по просьбе жителей города, угла улиц Муканова и Университетской. В нашем районе расположен большой пустырь за домами по адресу Муканова 6/2 и Муканова 6/3, на данном пустыре постоянна наблюдается, стихийная свалка, вдоль теплотрассы",Благоустройство,Вывоз мусора,both,Благоустройство/Вывоз мусора,Благоустройство/Вывоз мусора,стихийная свалка,11.01.2022,Свободная тема
721643/1,"Добрый день, ранее мной был выкуплен билет на рейс Алматы - Уральск, Актобе -Алматы на сайте агентства Авиата КЗ. Однако рейс по маршруту Актобе- Алматы был отменен, возврат данного билета заранее не предоставлялось возможным из за отсутствия интернета в виду введенного чрезвычай",Транспорт,Общественный транспорт,both,Транспорт/Общественный транспорт,Транспорт/Общественный транспорт,отменили маршрут,11.01.2022,Транспорт
721643,"Добрый день, ранее мной был выкуплен билет на рейс Алматы - Уральск, Актобе -Алматы на сайте агентства Авиата КЗ. Однако рейс по маршруту Актобе- Алматы был отменен, возврат данного билета заранее не предоставлялось возможным из за отсутствия интернета в виду введенного чрезвычай",Транспорт,Общественный транспорт,both,Транспорт/Общественный транспорт,Транспорт/Общественный транспорт,отменили маршрут,11.01.2022,Транспорт
743325,"Здравствуйте, ожидается в ближайшем будущем, электрофикация железных дорог и двухпутка в Западном регионе Казахстана? Когда будет железная дорога с Уральска до Атырау??? с Атырау до Индербора уже есть дорога, неужели сложно проложить до Уральска? Этот вопрос поднимался ранее! Сей",Дороги,Дорожное покрытие,both,Дороги/Дорожное покрытие,Дороги/Дорожное покрытие,разбитая дорога,10.06.2022,Транспорт
734556,"Здравствуйте, уважаемый [ЗАЯВИТЕЛЬ]. На перекрестке улиц Рабочая и Бородина уже около недели работает только один светофор из четырех. Начали случаться аварии.",Дороги,Светофоры,both,Дороги/Светофоры,Дороги/Светофоры,не работает светофор,10.04.2022,Свободная тема
726478,"Здравствуйте уважаемый Аким. Не раз обращались в наш КСК по поводу освещения двора. В том году нам установили новое освещение, НО почему то оно не горит. В КСК нам сказали, что акимат отключает. Мы каждый месяц оплачиваем коммунальные услуги. Хочется спросить на каком основании",Освещение,Уличное освещение,both,Освещение/Уличное освещение,Освещение/Уличное освещение,нет освещения во дворе,10.02.2022,"Строительство, дольщики, жилищные проблемы"
761423,"Здравствуйте. Я являюсь жильцом ЖК ""Ақжайык"", по улице Мангилик ел 19/2. Просим Ваш помочь в решение вопроса касательно подачи тепла в нашем доме. Дело в том что, у нас в квартирах холодно, батареи слабо греют, Обслуживающая компания ссылается что город так подает тепло",ЖКХ,Отопление,both,ЖКХ/Отопление,ЖКХ/Отопление,холодные батареи,09.12.2022,Свободная тема
750144,"Добрый день! Обращаюсь повторно к Вам, касательно уличного освещения улицы Отеген 126/1 в с.Кордай. После обращения с выездом на местность по вышеуказанному адресу выехал зам.акима Кордайского сельского округа, который в свою очередь пообещал сделать уличное освещение в ближаещее",Освещение,Уличное освещение,both,Освещение/Уличное освещение,Освещение/Уличное освещение,уличное освещение,09.08.2022,Свободная тема
750112,"Прошу вас принять меры в отношении безответственного и халатного отношения к своим обязанностям ответственных лиц акимата Сайрамского района ,а также других ответственных лиц. Дело в том .что я с начала года не могу добиться стабильного , упорядоченного вывоза мусора из своего",Благоустройство,Вывоз мусора,both,Благоустройство/Вывоз мусора,Благоустройство/Вывоз мусора,не вывозят мусор,09.08.2022,О работе государственных органов (госуслуги)
747043,"Уважаемый [ЗАЯВИТЕЛЬ]! В 2020 году был отремонтирован тротуар вдоль дороги по улице Алтынсарина от ул.Кошерова до ул.Атамекен в мкр.Кайтпас-1, г.Шымкент. По непонятной причине в процессе ремонта тротуара был снят асфальт с самой дороги, шириной до метра. В результате чего",Дороги,Дорожное покрытие,both,Дороги/Дорожное покрытие,Дороги/Дорожное покрытие,яма на дороге,09.07.2022,"Строительство, дольщики, жилищные проблемы"
734518,"Добрый День. [ЗАЯВИТЕЛЬ] с ВКО г.Семей В г.Семей по улице Терешкой в начале улицы расположены многочисленные базы, поток большегрузных авто очень большой, в связи с чем как заканчивается асфальтированная дорога и начинается проселочная , проселочная дорога вся разбита и продавлена,",Дороги,Дорожное покрытие,both,Дороги/Дорожное покрытие,Дороги/Дорожное покрытие,разбитая дорога,09.04.2022,Транспорт
734517,"Добрый День. [ЗАЯВИТЕЛЬ] с ВКО г.Семей В г.Семей по улице Терешкой в начале улицы расположены многочисленные базы, поток большегрузных авто очень большой, в связи с чем как заканчивается асфальтированная дорога и начинается проселочная , проселочная дорога вся разбита и продавлена,",Дороги,Дорожное покрытие,both,Дороги/Дорожное покрытие,Дороги/Дорожное покрытие,разбитая дорога,09.04.2022,Транспорт
761341,"Доброго времени суток! Приобрели квартиру в городе Алматы на 12 этаже ([ЗАЯВИТЕЛЬ] жырау, 23). На техническом этаже расположены помещения, которые сдаются в аренду. Арендаторы работают круглосуточно, вследствие чего лифт работает без остановки 24/7. Наша квартира расположена по",ЖКХ,Лифт,both,ЖКХ/Лифт,ЖКХ/Лифт,не работает лифт,08.12.2022,"Строительство, дольщики, жилищные проблемы"
758727,"Здравствуйте. Я [ЗАЯВИТЕЛЬ] житель города Жанаозен, гражданин с ограниченными возможностями 1й группы. Дело в том что с 2019- 20 года обращался в акимат, и лично к акиму города, тогда еще г-ну Ибагарову по поводу дорог по месту проживания Арай 1. ул [ЗАЯВИТЕЛЬ], а именно съе",Дороги,Дорожное покрытие,both,Дороги/Дорожное покрытие,Дороги/Дорожное покрытие,нет асфальта,08.11.2022,О работе государственных органов (госуслуги)
756797,"Уважаемый Председатель Антикоррупционной служды [ЗАЯВИТЕЛЬ] Подачу водоснабжения в жилые дома ЖМ [ЗАЯВИТЕЛЬ] осуществляет ТОО «Алатаукомсервис», который является субъектом естественных монополий. 02 октября 2022 года на объекте данной организации произошла аварийная ситуация, в",ЖКХ,Водоснабжение,both,ЖКХ/Водоснабжение,ЖКХ/Водоснабжение,нет холодной воды,08.10.2022,"Строительство, дольщики, жилищные проблемы"
756791,"Уважаемый, аким Алматинской области [ЗАЯВИТЕЛЬ] Подачу водоснабжения в жилые дома ЖМ [ЗАЯВИТЕЛЬ] осуществляет ТОО «Алатаукомсервис», который является субъектом естественных монополий. 02 октября 2022 года на объекте данной организации произошла аварийная ситуация, в результа",ЖКХ,Водоснабжение,both,ЖКХ/Водоснабжение,ЖКХ/Водоснабжение,нет холодной воды,08.10.2022,"Строительство, дольщики, жилищные проблемы"
756788,"Подачу водоснабжения в жилые дома ЖМ [ЗАЯВИТЕЛЬ] осуществляет ТОО «Алатаукомсервис», который является субъектом естественных монополий. 02 октября 2022 года на объекте данной организации произошла аварийная ситуация, в результате которой уже несколько дней целый жилой комплекс со",ЖКХ,Водоснабжение,both,ЖКХ/Водоснабжение,ЖКХ/Водоснабжение,нет холодной воды,08.10.2022,"Строительство, дольщики, жилищные проблемы"
753494,"Добрый день! Я ранее к Вам обращался № 736716 с вопросом о ремонте дорог в квадрате улиц Алматы (Алатауский район): Сокпакбаева - Кудерина, Райымбека - Рыскулова. В своем ответе Вы сообщили, что планируется в рамках текущего года. Наступила осень, а до холодного периода года уже",Дороги,Дорожное покрытие,both,Дороги/Дорожное покрытие,Дороги/Дорожное покрытие,нет асфальта,08.09.2022,"Строительство, дольщики, жилищные проблемы"
750071,Добрый день. Прошу не давать банальную отписку а хотя бы по рекомендовать как решить проблему. В 2019 году я и десятки водителей работали со своими автобусами работали по договору аренды у ТОО Хэппибас. По итогу учебного года ТОО нам не заплатило и обмануло сотни родителей которы,Транспорт,Общественный транспорт,both,Транспорт/Общественный транспорт,Транспорт/Общественный транспорт,водитель автобуса,08.08.2022,Малый и средний бизнес
750053,"Уважаемый Аким! Прошу принять меры в отношении подрядчика и лиц технадзора, которые ведут строительство развязки на пересечении улиц Байдибек би угол ул Аргынбекова, в том что техника выезжает на асфальт дорогу общего пользования без мытья колес, в результате чего поднимается ог",Дороги,Дорожное покрытие,both,Дороги/Дорожное покрытие,Дороги/Дорожное покрытие,нет асфальта,08.08.2022,"Культура, информация и экология"
743031,"Добрый день. Спасибо за ответ № 739332. Позвольте уточнить, если водитель автобуса едет домой и везет пассажиров домой с базы нашей компании, может ли он пройти послесменное медицинское освидетельствование на базе перед отъездом домой? Его смена как бы еще не окончена, но эта пое",Транспорт,Общественный транспорт,both,Транспорт/Общественный транспорт,Транспорт/Общественный транспорт,водитель автобуса,08.06.2022,Свободная тема
742990,Добрый день! Обращается к Вам жительница г. Актау с наболевшей проблемой города - отсутствие питьевой воды. На протяжении нескольких лет каждое лето в городе (в частности в 13 микрорайоне) отсутвует питевая вода. На данный момент нет ни горячей воды (в связи с какими-то ремонтным,ЖКХ,Водоснабжение,both,ЖКХ/Водоснабжение,ЖКХ/Водоснабжение,нет холодной воды,08.06.2022,"Строительство, дольщики, жилищные проблемы"
725846,Здравствуйте Город Туркестан мкр Отырар сзади 10дома не горят уличные фонари с ноября как установили .я уже сколько раз писал акимат Туркестана и 109.эти обманшики ничего не делают.толбпо нагло врут.вопрос нафига нужен 109 и Аким Турашбеков.если нету результата. Второе мкр Отыр,Освещение,Уличное освещение,both,Освещение/Уличное освещение,Освещение/Уличное освещение,не горят фонари,08.02.2022,Социальное обеспечение
758568,"Здравствуйте, я ранее уже оставляла вам свою заявку под номером №754519. вы обещали, что данная яма на улице Кунаева, не доезжая ул.Гоголя перед магазином Deutsche Mode будет отремонтирована. Вы обещали, что яму закроете до конца октября. Сейчас уже 7 ноября, яма как была, так",Дороги,Дорожное покрытие,both,Дороги/Дорожное покрытие,Дороги/Дорожное покрытие,яма на дороге,07.11.2022,Транспорт
756720,Добрый день! ЖК Мадрид сдан был в июне. Застройщик G Park . До сих пор нету горячей воды и отопления. А также наш ЖК подключен к временной ЭС. Как мы можем перейти на постоянную ЭС. Каждый день отключается свет. Дома нет отопления. А также есть претензий к работе сотовых оператор,ЖКХ,Водоснабжение,both,ЖКХ/Водоснабжение,ЖКХ/Водоснабжение,нет горячей воды,07.10.2022,"Строительство, дольщики, жилищные проблемы"
756635,"Здравствуйте. Обращаюсь с города Темиртау, Карагандинской области. Проживаю по адресу Темиртауская улица дом 23-2. С апреля месяца отсутствует горячее водоснабжение по сей день. По графику подачи отопления 30 сентября 2022 года - срыв отопительного сезона - не подано отопление. 3",ЖКХ,Водоснабжение,both,ЖКХ/Водоснабжение,ЖКХ/Водоснабжение,нет холодной воды,07.10.2022,Свободная тема
749951,Уважаемый аким просьба уладить проблемы 8 микрорайона 33 дома сделать дороги во дворе 33 дома и починить крышу как я обращался в местный акимат и мне сказали что 8 микрорайон будут делать ремонт в июле уже начало августа и досихпор нечего не сделано в 8 микрорайоне т33 доме не да,Дороги,Дорожное покрытие,both,Дороги/Дорожное покрытие,Дороги/Дорожное покрытие,яма на дороге,07.08.2022,"Строительство, дольщики, жилищные проблемы"
742861,"Довожу до Вашего сведения, что город Туркестан, мкр.Жаңа қала, 9-ая улица, в домах 32/1 и 32/2 неисправно работают лифты, постоянно выходят из строя. Вчера произошел случай когда маленькие дети застряли в лифте на полчаса и одному ребенку от шока не хватило воздуха чтоб дышать, ч",ЖКХ,Лифт,both,ЖКХ/Лифт,ЖКХ/Лифт,не работает лифт,07.06.2022,"Строительство, дольщики, жилищные проблемы"
742651,"Пишем с надеждой,на решение нашей проблемы.2019 году по ул.Амангельды была проведена замена водопроводных труб.В тот же год начались прорывы.В этом,2022году31мая прорвало в четвёртый раз.На наше обращение,нам просто перекрыли воду,ссылаясь на то,что работу производили не «Сужүйе",ЖКХ,Водоснабжение,both,ЖКХ/Водоснабжение,ЖКХ/Водоснабжение,прорвало трубу,06.06.2022,О работе государственных органов (госуслуги)
742650,"Пишем с надеждой,на решение нашей проблемы.2019 году по ул.Амангельды была проведена замена водопроводных труб.В тот же год начались прорывы.В этом,2022году31мая прорвало в четвёртый раз.На наше обращение,нам просто перекрыли воду,ссылаясь на то,что работу производили не «Сужүйе",ЖКХ,Водоснабжение,both,ЖКХ/Водоснабжение,ЖКХ/Водоснабжение,прорвало трубу,06.06.2022,О работе государственных органов (госуслуги)
733887,"Не работает светофор [ЗАЯВИТЕЛЬ] ЧАСТО!!! В районе школы Бином-Капитал парк рядом с ЖК Саранда в районе улицы Тауелсыздык и улицы 38 постоянно не работают пешеходные светофоры. Данный участок дороги 8-ми полосный и отсутствуют камеры Сергек. Дети, перебегают дорогу рискую с",Дороги,Светофоры,both,Дороги/Светофоры,Дороги/Светофоры,не работает светофор,06.04.2022,Транспорт
733466/1,"Добрый день! ЖК Восточка, год Алматы, Кульджинский тракт, не работают полотенесушители с момента заселения, зимой холодно в ванной, болеют дети постоянно, приме меры, еще лифты а полуаварийном состоянии, подтоплены подвалы, течет с крыш при каждом дожде.",ЖКХ,Лифт,both,ЖКХ/Лифт,ЖКХ/Лифт,не работает лифт,06.04.2022,"Строительство, дольщики, жилищные проблемы"
756391,"Здравствуйте, Наш дом по улице Абая №11. в непосредственной близости, в нескольких метрах от Акимата Сарыаркинского района и г. Астаны, на сегодняшний день до сих пор находится без подачи отопления. Ввиду сильного холода все жители пользуются обогревательными приборами и проводк",ЖКХ,Отопление,both,ЖКХ/Водоснабжение,ЖКХ/Отопление,нет холодной воды,05.10.2022,Свободная тема
753019,Уважаемый [ЗАЯВИТЕЛЬ] ! Просим Вас от жителей lдома по улице Пушкина д.13 помочь в вопросе дворового освещения подъезда номер 2. С 3 августа у нас во дворе нету дворового освещения. !!! Жители дома квартиры 1 по 62 контактный номер [ТЕЛЕФОН] ..,Освещение,Уличное освещение,both,Освещение/Уличное освещение,Освещение/Уличное освещение,нет освещения во дворе,05.09.2022,О работе государственных органов (госуслуги)
749888,"От имени жителей микрорайона Акбулак , лично председателя ПКСК ""Солнышко"" , проживающей по улице [ЗАЯВИТЕЛЬ] дома 15 и 17 . Многоэтажки. Мы столкнулись с проблемой подключения к городским сетям холодной воды г. Алматы . Потому как сети проходящие по улице [ЗАЯВИТЕЛЬ]",ЖКХ,Водоснабжение,both,ЖКХ/Водоснабжение,ЖКХ/Водоснабжение,нет холодной воды,05.08.2022,Информационно-коммуникационные технологии
746560,"Северо-Казахстанская область Петропавловск, 04.07.2022 На ул. Алтынсарина и переулок Пионерской (Мира 125 район дома) имеются светодиодное уличное освещение. Два столба из которых не работают продолжительное время, хотя подключены. Данный участок должен освещаться так как здесь б",Освещение,Уличное освещение,both,Освещение/Уличное освещение,Освещение/Уличное освещение,уличное освещение,05.07.2022,Свободная тема
746558,"Северо-Казахстанская область Петропавловск, 04.07.2022 На ул. Алтынсарина и переулок Пионерской (Мира 125 район дома) имеются светодиодное уличное освещение. Два столба из которых не работают продолжительное время, хотя подключены. Данный участок должен освещаться так как здесь б",Освещение,Уличное освещение,both,Освещение/Уличное освещение,Освещение/Уличное освещение,уличное освещение,05.07.2022,Свободная тема
721519,"Здравствуйте! Обращаюсь к акиму Каратауского района, но так как его нет в списке блогов, то обращаюсь к вам. Мы проживаем в ж/м Тассай, на улице Аксумбе, дом 32. 1. У нас в мусорном баке скопился мусор с прошлого года, его почему-то не убрали, рядом стоит 2 мешка с мусором, это",Благоустройство,Вывоз мусора,both,Благоустройство/Вывоз мусора,Благоустройство/Вывоз мусора,не вывозят мусор,05.01.2022,О работе государственных органов (госуслуги)
758505,"[ЗАЯВИТЕЛЬ] ! Мен ҚР-ның азаматы Малимов [ЗАЯВИТЕЛЬ], Жамбыл облысы Тараз қаласы, массив Қарасу 36 үй, 53 пәтер тұрғынымын. Мен тұрып жатқан үйге 13.10.2022 жылдан бастап жылу беріле бастады. Үйім 3 бөлмелі, төртінші қабатта орналасқан. Жылу екі",ЖКХ,Отопление,both,ЖКХ/Отопление,ЖКХ/Отопление,пәтер суық,04.11.2022,"Строительство, дольщики, жилищные проблемы"
758471,"Обращаюсь с жалобой на ПКСК Управдом по г.Уральск. С 16 октября дали по городу отопление а в нашем доме по адресу Север-Восток-2 д.13 все ещё нет отопление. В квартире батареи холодные, дома маленькие дети постоянно болеют. Я оплачиваю за отопление полную стоимость а в итоге нагр",ЖКХ,Отопление,both,ЖКХ/Отопление,ЖКХ/Отопление,холодные батареи,04.11.2022,О работе государственных органов (госуслуги)
758429/1,"Уважаемый, [ЗАЯВИТЕЛЬ]. Обращаюсь к Вам как житель ЖК Времена года Лето 3 (г. Астана, ул. Сауран, 15/4) с проблемой возникшей с лифтами. При продаже застройщиком (BI Group) упоминались, что в нашем ЖК будут установлены лифты Корейского производства, аналогично соседним до",ЖКХ,Лифт,both,ЖКХ/Лифт,ЖКХ/Лифт,не работает лифт,04.11.2022,"Строительство, дольщики, жилищные проблемы"
756256,"Құрметті [ЗАЯВИТЕЛЬ]! Cізге өтініш жазып отырған Астана қаласы Сарыарқа даңғылы 31/2 үй, 175 пәтер иесі Аблгазинова [ЗАЯВИТЕЛЬ]. Мен осы 175 пәтерді ипотекаға алып, 17 қыркүйекте көшіп келдім. Келген кезде ыстық су болған жоқ. Себебін сұраған кезде повалдағы трубалард",ЖКХ,Водоснабжение,both,ЖКХ/Водоснабжение,ЖКХ/Водоснабжение,су жоқ,04.10.2022,"Строительство, дольщики, жилищные проблемы"
756248,"Добрый день, я подавала обращение №750797 об отсыпке разбитой дороги, так как в осенне-весенний период невозможно пройти до своего жилища, так как утопаешь в грязи и прикладывала фотографии. Мне пришел ответ, что нет инертных материалов и ремонт дороги переносится на 2023 год. Пр",Дороги,Дорожное покрытие,both,Дороги/Дорожное покрытие,Дороги/Дорожное покрытие,разбитая дорога,04.10.2022,"Строительство, дольщики, жилищные проблемы"
756058/1,"Добрый день. 10.08.2022 г. обращалась в инстаграм касательно установки освещения и видеокамеры во дворе по адресу: г.Караганда, мкр. Степной-1, д.3 (/18-28) ответ в комментариях от службы senim.109.kz (обращение СС.2022.0010996) был дан ответ, что до конца августа будет освещени",Освещение,Уличное освещение,both,Освещение/Уличное освещение,Освещение/Уличное освещение,нет освещения во дворе,04.10.2022,Информационно-коммуникационные технологии
752975,"Добрый день! Я, Туруспекова (Бакаева) [ЗАЯВИТЕЛЬ], уроженка города Конаев. Сейчас усиленными темпами ремонтируются некоторые дороги в нашем городе. Прошу обратить внимание Акима области на качество ремонта дорог и целесообразность ремонта некоторых улиц. В городе очень мно",Дороги,Дорожное покрытие,both,Дороги/Дорожное покрытие,Дороги/Дорожное покрытие,разбитая дорога,04.09.2022,Транспорт
749662,"Сәлеметсіз бе. [ЗАЯВИТЕЛЬ] ауданы Іргелі ауылы Квартал 4 тұрғынымын. Біздегі мәселе көшемізде асфальт жоқ, мүлдем болмаған, ауыл әкімі ештеңе шеше алмай отыр. Шаң жұтып, батпақ кешуден шаршадық. Осы сұрақтың шешімі болады ма?",Дороги,Дорожное покрытие,both,Дороги/Дорожное покрытие,Дороги/Дорожное покрытие,нет асфальта,04.08.2022,Регионы
746497,"Уважаемый [ЗАЯВИТЕЛЬ]! К вам обращаются жители города Алматы, проживающие по ул.Толе би 278. Нашей проблемой является услуги по подаче холодной и горячей воды, в частности: 1) напор холодной воды в течении дня очень маленький, что требует постоянно набирать запасы; 2)пер",ЖКХ,Водоснабжение,both,ЖКХ/Водоснабжение,ЖКХ/Водоснабжение,нет холодной воды,04.07.2022,"Строительство, дольщики, жилищные проблемы"
725308,Уважаемый [ЗАЯВИТЕЛЬ] Просим вас отреагировать на экологическую катастрофу вокруг пригородов столицы. К вам обращаются жители Талапкерского сельского округа Целиноградского района Акмолинской области. У нас образовались стихийные свалки в связи с отсутствием полигонов по перера,Благоустройство,Вывоз мусора,both,Благоустройство/Вывоз мусора,Благоустройство/Вывоз мусора,стихийная свалка,04.02.2022,Регионы
761006,"Здравствуйте уважаемый аким .Меня зовут Максим. Обращаюсь к вам с вопросом от моей мамы которая проживает в Алматинской области, Илийский район село Караой. Моей маме 57 лет , она еще не пенсионерка и ездит в город Алмат на работу , раньше с с.Караой ходили автобусы до автовокз",Транспорт,Общественный транспорт,both,Транспорт/Общественный транспорт,Транспорт/Общественный транспорт,автобус не ходит,03.12.2022,Транспорт
758429,"Уважаемый, [ЗАЯВИТЕЛЬ]. Обращаюсь к Вам как житель ЖК Времена года Лето 3 (г. Астана, ул. Сауран, 15/4) с проблемой возникшей с лифтами. При продаже застройщиком (BI Group) упоминались, что в нашем ЖК будут установлены лифты Корейского производства, аналогично соседним до",ЖКХ,Лифт,both,ЖКХ/Лифт,ЖКХ/Лифт,не работает лифт,03.11.2022,"Строительство, дольщики, жилищные проблемы"
756139,"25 сентября 2022 года, в 5:25 утра был задержан рейс Нур-Султан–Дубай FZ1304. Представители компании flydubai вели себя некомпетентно, невежливо в частности [ЗАЯВИТЕЛЬ]. Представители не предоставили своевременно, соответственно регламенту, воду и питание; жилье на время ожидан",ЖКХ,Водоснабжение,both,ЖКХ/Водоснабжение,ЖКХ/Водоснабжение,нет горячей воды,03.10.2022,Транспорт
756138,"25 сентября 2022 года, в 5:25 утра был задержан рейс Нур-Султан–Дубай FZ1304. Представители компании flydubai вели себя некомпетентно, невежливо в частности [ЗАЯВИТЕЛЬ]. Представители не предоставили своевременно, соответственно регламенту, воду и питание; жилье на время ожидан",ЖКХ,Водоснабжение,both,ЖКХ/Водоснабжение,ЖКХ/Водоснабжение,нет горячей воды,03.10.2022,Транспорт
742383,"Акиму города Алматы [ЗАЯВИТЕЛЬ] От: [ЗАЯВИТЕЛЬ] 01.12.1998 г.р. ИИН:[ИИН], адрес: г.Алматы, ул.Желтоксан, д.96, оф.107 моб.: 8 (776) 294 00 00, email: [EMAIL] ОБРАЩЕНИЕ 14.05.2022г. около 15ч.20м. водитель автобуса маршрута №22, бортов",Транспорт,Общественный транспорт,both,Транспорт/Общественный транспорт,Транспорт/Общественный транспорт,автобус не ходит,03.06.2022,Транспорт
737902,"Добрый день! Постоянные проблемы по Алатаускому району, Аким района не реагирует, улица [ЗАЯВИТЕЛЬ], и угол от автобазара [ЗАЯВИТЕЛЬ]. Нет тротуаров, дороги у ужасном состоянии. АО АЖК вырыли ямы для установки столбов, но прошло больше года, ничего нет. Когда дожди, все эти ямы",Дороги,Дорожное покрытие,both,Дороги/Дорожное покрытие,Дороги/Дорожное покрытие,яма на дороге,03.05.2022,"Строительство, дольщики, жилищные проблемы"
733466,"Добрый день! ЖК Восточка, год Алматы, Кульджинский тракт, не работают полотенесушители с момента заселения, зимой холодно в ванной, болеют дети постоянно, приме меры, еще лифты а полуаварийном состоянии, подтоплены подвалы, течет с крыш при каждом дожде.",ЖКХ,Лифт,both,ЖКХ/Лифт,ЖКХ/Лифт,не работает лифт,03.04.2022,"Строительство, дольщики, жилищные проблемы"
760910,"Здравствуйте!Прошу решить проблему отопления в многоквартирном доме по ул. [ЗАЯВИТЕЛЬ], дом 33.Радиаторы отопления биметаллические в квартире сверху теплые, снизу прохладные.Нагрев радиаторов 30-40% максимум.Квартира не нагревается, дома ходим тепло одетые как в 90-е годы, пр",ЖКХ,Отопление,both,ЖКХ/Отопление,ЖКХ/Отопление,нет отопления,02.12.2022,"Строительство, дольщики, жилищные проблемы"
756058,"Добрый день. 10.08.2022 г. обращалась в инстаграм касательно установки освещения и видеокамеры во дворе по адресу: г.Караганда, мкр. Степной-1, д.3 (/18-28) ответ в комментариях от службы senim.109.kz (обращение СС.2022.0010996) был дан ответ, что до конца августа будет освещени",Освещение,Уличное освещение,both,Освещение/Уличное освещение,Освещение/Уличное освещение,нет освещения во дворе,02.10.2022,Информационно-коммуникационные технологии
756057,"Добрый день. 10.08.2022 г. обращалась в инстаграм касательно установки освещения и видеокамеры во дворе по адресу: г.Караганда, мкр. Степной-1, д.3 (/18-28) ответ в комментариях от службы senim.109.kz (обращение СС.2022.0010996) был дан ответ, что до конца августа будет освещени",Освещение,Уличное освещение,both,Освещение/Уличное освещение,Освещение/Уличное освещение,нет освещения во дворе,02.10.2022,Информационно-коммуникационные технологии
752835,"Уважаемый [ЗАЯВИТЕЛЬ]! Вот перенаправляю Ваш ответ, направленный Вами же в мой адрес в начале текущего года: ""Уважаемая [ЗАЯВИТЕЛЬ] обращение, сообщаю следующее. Строительство дороги по улице Батыр баян и Сырым батыра предусмотрены проектом «Инженерн",Дороги,Дорожное покрытие,both,Дороги/Дорожное покрытие,Дороги/Дорожное покрытие,нет асфальта,02.09.2022,"Строительство, дольщики, жилищные проблемы"
752800,"Уважаемый Аким, меня зовут [ЗАЯВИТЕЛЬ] , город Алматы мкр Думан 1 Казыгурт 48, наша улица центральная и у нас до сих пор не функционирует нормально освещение перед домом уже 3 месяца фонари не горят. Обещали сделать до августа, пришло письмо что все работы выполнены , н",Освещение,Уличное освещение,both,Освещение/Уличное освещение,Освещение/Уличное освещение,не горят фонари,02.09.2022,"Строительство, дольщики, жилищные проблемы"
752480/1,"Северо-Казахстанская область Петропавловск, 26.08.2022 На ул. Жабаева 161 имеется светодиодное уличное освещение. Один столб не работает, хотя подключен. Данный участок должен освещаться. Требуем установить данный недостаток. Материалы по ссылке: https://vk.com/wall-170724219_145",Освещение,Уличное освещение,both,Освещение/Уличное освещение,Освещение/Уличное освещение,уличное освещение,02.09.2022,Свободная тема
752479/1,"Северо-Казахстанская область Петропавловск, 26.08.2022 На ул. Жабаева 137 имеется светодиодное уличное освещение. Один столб не работает, хотя подключен. Данный участок должен освещаться. Требуем установить данный недостаток. Материалы по ссылке: https://vk.com/wall-170724219_145",Освещение,Уличное освещение,both,Освещение/Уличное освещение,Освещение/Уличное освещение,уличное освещение,02.09.2022,Свободная тема
749580,"ҚР Индустрия және инфрақұрылымдық даму министріне Сұрақ-жауап «Автомобиль жолдары туралы» [ЗАЯВИТЕЛЬ] 2001 жылғы 17 шілдедегі N 245 Заңының 16-бабының 1-тармағына сәйкес, жол қызметiн лицензиялау Қазақстан",Дороги,Дорожное покрытие,both,Дороги/Дорожное покрытие,Дороги/Дорожное покрытие,жол жөндеу,02.08.2022,"Строительство, дольщики, жилищные проблемы"
749558,"Добрый день уважаемый Аким! Обращаюсь к Вам второй раз, первый раз Вы нам помогли с поломкой насоса водозаборной башни в мае месяца, по адресу с.Кордай ул. Отегена 126/1 (район топбазы). У нас в ночное время отсутствует уличное освещение, хотя по центральной улице и соседней улиц",Освещение,Уличное освещение,both,Освещение/Уличное освещение,Освещение/Уличное освещение,уличное освещение,02.08.2022,Регионы
749493,"Северо-Казахстанская область Петропавловск, 01.08.2022 На ул. Мира 119 и 121 имеется светодиодное уличное освещение. Один столб частно не работает, хотя подключен. Данный участок должен освещаться. Требуем установить данный недостаток. Материалы по ссылке: https://vk.com/wall-170",Освещение,Уличное освещение,both,Освещение/Уличное освещение,Освещение/Уличное освещение,уличное освещение,02.08.2022,"Строительство, дольщики, жилищные проблемы"
749482,"Уважаемый [ЗАЯВИТЕЛЬ]! Я жительница микрорайона Тастыбулак, Наурызбайского района города Алматы. Обращаюсь к Вам за разъяснениями по ситуации с холодной водой в нашем микрорайоне. Я проживаю в жилом доме, участок очень маленький и практически весь занят строением, в дом",ЖКХ,Водоснабжение,both,ЖКХ/Водоснабжение,ЖКХ/Водоснабжение,нет холодной воды,02.08.2022,Свободная тема
746357,"Уважаемый [ЗАЯВИТЕЛЬ] ! Просим Вас от жителей lдома по улице Пушкина д.13 помочь в вопросе дворового освещения. С 7 июня у нас во дворе нету дворового освещения, КСК и все коммунальные службы к которым мы обращались бездействуют !!! Жители дома квартиры 1 по 62 контактный н",Освещение,Уличное освещение,both,Освещение/Уличное освещение,Освещение/Уличное освещение,нет освещения во дворе,02.07.2022,"Строительство, дольщики, жилищные проблемы"
760806,"Здравствуйте. Прошу вас проверить систему отопления в 75 школе нашего города, адрес мангилик ел 28/1. В школе очень холодно. Как начались морозы дети постоянно жалуются. Четвёртая неделя пошла уже. Писала завучу и классному руководителю и завхозу даже- толку нет. Учитель по труду",ЖКХ,Отопление,both,ЖКХ/Отопление,ЖКХ/Отопление,нет отопления,01.12.2022,Образование
752722,"Добрый день. Обращаюсь к вам касательно отсутствия подъездных путей к ЖК ALTYN DALA, расположенному по адресу: г. Нур-Султан, ул. Мухамедханова, д.12/3. К нашему дому совершенно нет дороги. На сегодняшний день, мы заезжаем нарушая правила дорожного движения с ул. Мухамедханова по",Дороги,Дорожное покрытие,both,Дороги/Дорожное покрытие,Дороги/Дорожное покрытие,яма на дороге,01.09.2022,Свободная тема
752710,[ЗАЯВИТЕЛЬ] Шымкент қаласы Самал 3 мөлтек ауданында орналасқан атына заты сай болмай тұрған Мәңгілік ел көшесі бар.Осы көшенің тұрғындары өз қаржымызға асфальт төсеп алғанбыз (сіздерден қайраң болмаған соң) сол төселген асфальітмізді ағымдағы жылы кәріз құ,Дороги,Дорожное покрытие,both,Дороги/Дорожное покрытие,Дороги/Дорожное покрытие,нет асфальта,01.09.2022,Земельные вопросы
733305,"В Комитет внутреннего государственного аудита Министерства финансов Республики Казахстан Прошу Вас проверить проводимые работы АО «НК КазАвтожол» на участках дорог «Калбатау-Майкапшагай» и «Караганда-Балхаш». Так трасса республиканского значения, реконструкция которой началась тр",Дороги,Дорожное покрытие,both,Дороги/Дорожное покрытие,Дороги/Дорожное покрытие,разбитая дорога,01.04.2022,Нацкомпании
698119,"Добрый день, [ЗАЯВИТЕЛЬ]! Уже пять месяцев нас жителей дома ЖК ""Жайна"" по адресу Кошкарбаева 56 блок 1б, кормит завтраками представитель лифтовой компании ТОО [ЗАЯВИТЕЛЬ] по имени Айдын. У нас в протяжении пяти месяцев не работает грузовой лифт. дом 18 этажный. на",ЖКХ,Лифт,both,ЖКХ/Лифт,ЖКХ/Лифт,не работает лифт,30.07.2021,"Строительство, дольщики, жилищные проблемы"
720892/1,Добрый день! Компания в которой я работаю приобретает услуги у сторонней организации по техническому обслуживанию оборудования лифтового хозяйства (обслуживание лифтов в административном здании). Сторонняя организация в качестве подтверждения права ведения работ в области промышл,ЖКХ,Лифт,both,ЖКХ/Лифт,ЖКХ/Лифт,не работает лифт,29.12.2021,Нацкомпании
682430,"Добрый день! Я являюсь жильцом дома, расположенного по адресу: г.Караганда, ул.Абая (бывш.Ленина), д.62, кв.8. С момента переезда и по сегодняшний день, меня очень волнует вопрос необорудованной детской площадки во дворе дома. Площадка, как таковая, имеется, однако, она наход",Благоустройство,Вывоз мусора,both,Благоустройство/Детские площадки,Благоустройство/Вывоз мусора,детская площадка сломана,29.04.2021,"Строительство, дольщики, жилищные проблемы"
720892,Добрый день! Компания в которой я работаю приобретает услуги у сторонней организации по техническому обслуживанию оборудования лифтового хозяйства (обслуживание лифтов в административном здании). Сторонняя организация в качестве подтверждения права ведения работ в области промышл,ЖКХ,Лифт,both,ЖКХ/Лифт,ЖКХ/Лифт,не работает лифт,28.12.2021,Нацкомпании
707510,"Добрый день ,Уважаемый господин, [ЗАЯВИТЕЛЬ] К вам обращаются жильцы г.Атырау ,живущие по улице Баймуханова (СМП -163),дом 9. В этом году Акимат, дал добро на проведение модернизации нашего дома , в связи с аварийном состоянии подвала , (отопление в течение зимнего периода, п",ЖКХ,Отопление,both,ЖКХ/Отопление,ЖКХ/Отопление,холодные батареи,28.09.2021,"Строительство, дольщики, жилищные проблемы"
702931,"Здравствуте,обращаемся к Вам всем двором город Темиртау ул.Байсеитовой дом 19, мы живем в двух этажках наша улица забыта не только Богом но и местными властями. По тратуару не горят фонари, людям очень дорого востанавливать дома ведь в доме всего 12 кв. А облицовка дома в ужастно",Освещение,Уличное освещение,both,Освещение/Уличное освещение,Освещение/Уличное освещение,не горят фонари,28.08.2021,"Строительство, дольщики, жилищные проблемы"
664160,"Здравствуйте, уважаемый [ЗАЯВИТЕЛЬ]! Обращаемся к вам повторно по поводу недостаточного теплоснабжения ЖК Туркестан находящегося по адресу Кошкарбаева 34. Изза невыносимого холода, жильцы были вынуждены обратиться в службу 109, неоднократно. Хочу заметить, что служба 109",ЖКХ,Отопление,both,ЖКХ/Отопление,ЖКХ/Отопление,холодные батареи,26.01.2021,О работе государственных органов (госуслуги)
686894,Добрый день уважаемый [ЗАЯВИТЕЛЬ] ! Ранее обращался к вам на блог 02.11.2020г. обращение № 650044 по вопросу не работающего светофора на трассе в Атбасар пересечении на дорогу на Щучинск и на с. Зеренда этот светофор как его установили проработал наверное 10 дней и теперь,Дороги,Светофоры,both,Дороги/Светофоры,Дороги/Светофоры,не работает светофор,25.05.2021,Свободная тема
716228,Уважаемый [ЗАЯВИТЕЛЬ]. Ранее я обращалась подключить светофоры возле школы гимназии №74. Однако подключение светофора произошло только на перекрестках. На пешеходном переходе по улице [ЗАЯВИТЕЛЬ] возле школы светофор до сих пор не работающий. Сейчас в зимнее время очень,Дороги,Светофоры,both,Дороги/Светофоры,Дороги/Светофоры,не работает светофор,24.11.2021,Транспорт
670322,"Салеметсізбе [ЗАЯВИТЕЛЬ] ауданы,Елтай ауылы тұрғынымын 2021 жылдан бастап қоғамдық көлік жүрмейді, жүрседе 2-3 сағатта бір автобус жүреді. Біз жылдан жылға жағдай түзелема десек төмендеп барады, Қалаға қатынап жұмыс жасаймыз қоғамдық көлік жоқ, Табатын табысты",Транспорт,Общественный транспорт,both,Транспорт/Общественный транспорт,Транспорт/Общественный транспорт,автобус жүрмейді,24.02.2021,Образование
670217,"Добрый день! [ЗАЯВИТЕЛЬ]. Я житель ЖО Кордайского района, с. Кордай. У нас в 2020 году в конце лета провели уличное освещение, мы этому очень обрадовались, однако по сегодняшний день фонари стоят линия подсоединена но нет света. Мой сын и еще много детей с нашей улицы хо",Освещение,Уличное освещение,both,Освещение/Уличное освещение,Освещение/Уличное освещение,не горят фонари,24.02.2021,Свободная тема
696947,"Уважаемый [ЗАЯВИТЕЛЬ]! Прошу Вас посодействовать в решение вопросов жильцов ЖК ""Сарайшык"", находящийся в 35 микрорайоне 17 дома города Актау. 1. Лифтовое хозяйство. На сегодняшний день лифтовое хозяйство обслуживает не какая компания. При этом, что бы использов",ЖКХ,Лифт,both,ЖКХ/Лифт,ЖКХ/Лифт,не работает лифт,23.07.2021,"Строительство, дольщики, жилищные проблемы"
706462/1,"Добрый день уважаемый Председатель Комитета автомобильных дорог [ЗАЯВИТЕЛЬ] По данному вопросу я раннее, т.е. 05.10.2019 уже обращался, обращение № 573684. Повторно хочу поднять этот вопрос о необходимости строительства моста через ж. д. пути на выезде со ст. Сороковой. По сей день п",Дороги,Дорожное покрытие,both,Дороги/Светофоры,Дороги/Дорожное покрытие,не работает светофор,22.09.2021,Транспорт
696784,"Добрый день! Хотел бы к Вам обратиться по поводу состояния дорог Уалихановского района. От села Талшик до поселка Бидаик временами дороги нет вообще.Дороги страшно разбиты, в одном месте, между поселками Кондыбай и Актуесай вообще приходится ехать по полю, что вообще нонсенс в на",Дороги,Дорожное покрытие,both,Дороги/Дорожное покрытие,Дороги/Дорожное покрытие,разбитая дорога,22.07.2021,Транспорт
681148,"Здраствуйте. Ул. Бокейхана участок дороги от Бухар жырау до АЗС Гелиус вдоль дома 15, 17 разбитый участок дороги без асфальта накатанная грунтовка. Возможно ли этот участок длинной 200 метров временно разровнять грейдером 15 минут работы, пока не сделают капитальную дорогу. (Немн",Дороги,Дорожное покрытие,both,Дороги/Дорожное покрытие,Дороги/Дорожное покрытие,разбитая дорога,22.04.2021,Транспорт
674861,"Добрый день! Прошу сообщить, по какой причине практически новый (ему нет и 2 лет) и единственный светофор в селе [ЗАЯВИТЕЛЬ] района не работает уже более 1 месяца. На установку данного светофора на пересечении улиц Абая и Азербаева были потрачены средства из государственног",Дороги,Светофоры,both,Дороги/Светофоры,Дороги/Светофоры,не работает светофор,22.03.2021,Транспорт
706462,"Добрый день уважаемый Председатель Комитета автомобильных дорог [ЗАЯВИТЕЛЬ] По данному вопросу я раннее, т.е. 05.10.2019 уже обращался, обращение № 573684. Повторно хочу поднять этот вопрос о необходимости строительства моста через ж. д. пути на выезде со ст. Сороковой. По сей день п",Дороги,Дорожное покрытие,both,Дороги/Светофоры,Дороги/Дорожное покрытие,не работает светофор,21.09.2021,Транспорт
706287,"Здравствуйте. Участок дороги Караганда-Павлодар между селами Алгабас-Керней-[ЗАЯВИТЕЛЬ]-Жырауского района Карагандинской области в ужасном разбитом состоянии. Для реального понимания, Аким области и другое руководство области может выехать, чтобы увидеть все сами. Неужел",Дороги,Дорожное покрытие,both,Дороги/Дорожное покрытие,Дороги/Дорожное покрытие,разбитая дорога,20.09.2021,Транспорт
680491,"[ЗАЯВИТЕЛЬ] әкімі! Сіздердің менің №677345/1 хатыма берген жауаптарыңызда көрсетілген мәліметтермен келіспеймін. Себебі хатта көрсетілген №15,16, 20, 26, 35 бағыттағы автобустар мүлдем жоқ, аталған автобустар жолаушылар қатынасында іске қосылмаған. Мұндай жалған",Транспорт,Общественный транспорт,both,Транспорт/Общественный транспорт,Транспорт/Общественный транспорт,автобус жүрмейді,20.04.2021,Транспорт
710426,"здравствуйте обращаюсь к вам с ТОО ''АКТОБЕ ЛИФТ 04'' структурное подразделение Турецкой фирмы RADIKAL ASANSOR.[ЗАЯВИТЕЛЬ] граждане,занимаемся монтажом,ремонтом и техническим обслуживанием лифтов.Хотим получить Казахстанский аттестат,чтобы работать в Казахстанской республике,но У",ЖКХ,Лифт,both,ЖКХ/Лифт,ЖКХ/Лифт,не работает лифт,19.10.2021,Свободная тема
701553,"Уважаемый [ЗАЯВИТЕЛЬ], жители 18 микрорайона домов с 1 по 6, 39б (14 квартир) г.Капшагай обрашаемся с большой просьбой по укладке асфальта, так как неоднократные обращения (письменные и явочно) в акимат г. Капшагай не дают положительного результата. Последнее явоч",Дороги,Дорожное покрытие,both,Дороги/Дорожное покрытие,Дороги/Дорожное покрытие,разбитая дорога,19.08.2021,О работе государственных органов (госуслуги)
696444,"Касательно ДТП. Прошу дать поручение Начальнику ДВД города Алматы. Около часа назад произошло ДТП на ул Сатпаева около центральной части ТРЦ ""Алмалы"", прям на дороге. Мотоциклист сбил девушку с коляской с ребенком, подозреваю что девушка переходила дорогу в неположенно",Дороги,Дорожное покрытие,both,Дороги/Светофоры,Дороги/Дорожное покрытие,не работает светофор,19.07.2021,Свободная тема
701166,"Здравствуйте ! По улице Акмешит от улицы Улы дала до улицы Бухар жырау вообще не горят фонари,а также на данном участке не производится уборка и уход за газоном. Тёмное время суток на данном участке не безопасно ходить. Прошу Вас принять меры для безопасности жителей нашей стол",Освещение,Уличное освещение,both,Освещение/Уличное освещение,Освещение/Уличное освещение,не горят фонари,17.08.2021,"Строительство, дольщики, жилищные проблемы"
691213,"Добрый день! Я проживаю в г.Сатпаев 4х этажном доме ода комнатной квартире.Проблема у меня одна, зимой батареи толком не греют хотя их три и все новые,трубы пропилен окна пластиковые температура максимум поднимается 15-18 гр. Воды холодной уже более трёх лет нету, еле капает 5 ли",ЖКХ,Водоснабжение,both,ЖКХ/Отопление,ЖКХ/Водоснабжение,холодные батареи,17.06.2021,"Строительство, дольщики, жилищные проблемы"
695997,"Здравствуйте! Мы жители г.[ЗАЯВИТЕЛЬ] 46/1 4 подъезд 10квартир с утра 14.07.21 (3 суток) сидим без какой-либо воды, у соседей прорвало трубу, КСК- 37 в подвале перекрыли воду и дальше бездействуют.. Я звонила в Акимат оставить жалобу, но мне ответили звонить в аварийную служ",ЖКХ,Водоснабжение,both,ЖКХ/Водоснабжение,ЖКХ/Водоснабжение,прорвало трубу,16.07.2021,"Строительство, дольщики, жилищные проблемы"
705653,"день добрый, обращаюсь к вам с вопросом: ""Когда будет произведен ремонт дороги в жилом массиве Кирпичный, начиная от светофора до п.Акжар?"" . Являясь законопослушной налогоплательщицей и владея единственным автотранспортом я потратила в этом году не мало денег на ремонт",Дороги,Светофоры,both,Дороги/Дорожное покрытие,Дороги/Светофоры,разбитая дорога,15.09.2021,"Строительство, дольщики, жилищные проблемы"
709768,"Добрый День! В 2020 году по ул.Серикбаева, 23, 23/1 проводилось благоустройство двора, установили детские площадки, расширили зону проезжей части двора, установили ночные фонари. Зимой 2020 года и по сей день сталкиваемся с проблемой, которую никто из госорганов не может и не хоч",Освещение,Уличное освещение,both,Освещение/Уличное освещение,Освещение/Уличное освещение,не горят фонари,14.10.2021,"Строительство, дольщики, жилищные проблемы"
718980/1,"Пишу от имени жильцов дома г. Алматы, ул Жургенева 38 кв 1. Из - за того, что подвальные помещения залиты водой, которая попадает на трубы отопления, образуется пар. Он проникает в жилые помещения, все отсыревает и нет возможности жить нормально. Т.к. осыпается штукатурка",ЖКХ,Водоснабжение,both,ЖКХ/Водоснабжение,ЖКХ/Водоснабжение,затопило подвал,13.12.2021,Здравоохранение
718980,"Пишу от имени жильцов дома г. Алматы, ул Жургенева 38 кв 1. Из - за того, что подвальные помещения залиты водой, которая попадает на трубы отопления, образуется пар. Он проникает в жилые помещения, все отсыревает и нет возможности жить нормально. Т.к. осыпается штукатурка",ЖКХ,Водоснабжение,both,ЖКХ/Водоснабжение,ЖКХ/Водоснабжение,затопило подвал,13.12.2021,Здравоохранение
718977,"Пишу от имени жильцов дома г. Алматы, ул Жургенева 38 кв 1. Из - за того, что подвальные помещения залиты водой, которая попадает на трубы отопления, образуется пар. Он проникает в жилые помещения, все отсыревает и нет возможности жить нормально. Т.к. осыпается штукатурка",ЖКХ,Водоснабжение,both,ЖКХ/Водоснабжение,ЖКХ/Водоснабжение,затопило подвал,13.12.2021,Здравоохранение
684480,"Ассалаумағалейкум құрметті Самат мырза. [ЗАЯВИТЕЛЬ] облысы, Темір ауданы, Шұбарқұдық кентінің тұрғынымын. 2018-2019 жылдары аралығында Шұбарқұдық-Болгарка-Ақтөбе жолы жөндеуден өтті. Осының арқасында аудан тұрғындарына облыс орталығына тегіс жолмен қатынау бақыты бұйырды. Алайда",Дороги,Дорожное покрытие,both,Дороги/Дорожное покрытие,Дороги/Дорожное покрытие,жол бұзылған,13.05.2021,Транспорт
678952,"Уважаемый господин Председатель комитета! Обращаюсь к Вам по поводу состояния автодороги в Талгарском районе Алматинской области. Автодорога, соединяющая село Кызылту-1 Талгарского района с Алматинским аэропортом, находится в ужасном состоянии, вот уже 2 года никакого ремонта не",Дороги,Дорожное покрытие,both,Дороги/Дорожное покрытие,Дороги/Дорожное покрытие,разбитая дорога,13.04.2021,Регионы
714343,"Добрый день, с начала отопительного сезона в г. Экибастуз по адресу [ЗАЯВИТЕЛЬ] 30 кв 5 и в целом по дому постоянные перебои с подачей тепла в квартиры, температура в квартирах не поднимается выше 18 градусов, при плюсовой температуре воздуха на улице, температура батарей в рай",ЖКХ,Отопление,both,ЖКХ/Отопление,ЖКХ/Отопление,холодные батареи,12.11.2021,"Строительство, дольщики, жилищные проблемы"
695125,"Уважаемый [ЗАЯВИТЕЛЬ]! Помогите решить проблему стихийной свалки строительного и прочего мусора, образованной возле многоквартирного жилого дома по адресу: г. Семей, ул. Глинки, 31а. Данная свалка образована предпринимателем, который строит здание на данном участке. Многокра",Благоустройство,Вывоз мусора,both,Благоустройство/Вывоз мусора,Благоустройство/Вывоз мусора,стихийная свалка,12.07.2021,Свободная тема
709365,"Д.д! Меня не устраивает ваша отписка. Круглосуточно фонари по ул [ЗАЯВИТЕЛЬ] вот горят уже месяц, контролирует ли акимат астаны график ремонтных работ Горсвета? Кто оплачивает за электроэнергию от включенных днем фонарей во время сомнительных ремонтных работ? Почему горсвет групп н",Освещение,Уличное освещение,both,Освещение/Уличное освещение,Освещение/Уличное освещение,не горят фонари,11.10.2021,Финансы
709237,"Здравствуйте ! обращаюсь Вам по поводу освещения возле моего дома, я Саукимбеков [ЗАЯВИТЕЛЬ] пол года назад неоднократно обращался в акимат города Жезказган, насчет освещения возле моего дома адрес; (город Жезказган ,91 - квартал, улица Иманжана дом 9/1) два раза ходил в а",Освещение,Уличное освещение,both,Освещение/Уличное освещение,Освещение/Уличное освещение,не горят фонари,11.10.2021,О работе государственных органов (госуслуги)
690118,Добрый день! Прошу Вас принять меры по ликвидации стихийной свалки мусора у жилых домов по улице Малайсары 43 и 45/1 города Павлодар! На мои неоднократные обращения вами и вашими подчиненными нет никакой реакции.,Благоустройство,Вывоз мусора,both,Благоустройство/Вывоз мусора,Благоустройство/Вывоз мусора,стихийная свалка,11.06.2021,Свободная тема
718818,"Здравствуйте, обращаюсь к вам с проблемой которую решить местные исполнительные органы не в силах. Близ нашего села с разрешения акимата Целиноградского района организована свалка. Мусоровывозящая компания «[ЗАЯВИТЕЛЬ]» собирает мусор с Косшы и вывозит в степь к нам в Тайтобе.",Благоустройство,Вывоз мусора,both,Благоустройство/Вывоз мусора,Благоустройство/Вывоз мусора,не вывозят мусор,10.12.2021,О работе государственных органов (госуслуги)
683862,"Уважаемый [ЗАЯВИТЕЛЬ]! Во дворе домов ул. Курмангазы 177 и 179 полностью отсутствует уличное освещение (столбы есть а фонарей и электропроводов нет), что не положено по закону, так же во дворах ул.Курмангазы 175 и [ЗАЯВИТЕЛЬ] 64 на нескольких столбах не горит свет. Прошу дать",Освещение,Уличное освещение,both,Освещение/Уличное освещение,Освещение/Уличное освещение,не горят фонари,10.05.2021,"Строительство, дольщики, жилищные проблемы"
683748,"Я, [ЗАЯВИТЕЛЬ] владелец участка Едиль 16/1. Рядом с моим домом есть свободный участок (отмечено на гугл карте) ,который местные жители превратили в стихийную свалку, постоянно выбрасывали туда мусор. Мы очистили участок от мусора и засыпали его щебнем. Подскажит",Благоустройство,Вывоз мусора,both,Благоустройство/Вывоз мусора,Благоустройство/Вывоз мусора,стихийная свалка,09.05.2021,Земельные вопросы
672372,"В октябре 2019 г. был куплен билет № 655 2408249591(T), перевозчик авиакомпания Scat, с датой вылета 22 декабря 2019 по маршруту Нур-Султан- Москва. Билет был не возвратный, но по непредвиденной ситуации поездка была отменена, при этом позвонили для консультации оператору кол це",Транспорт,Общественный транспорт,both,Транспорт/Общественный транспорт,Транспорт/Общественный транспорт,отменили маршрут,09.03.2021,Транспорт
704473,"Уважаемый [ЗАЯВИТЕЛЬ]! Я являясь временным жителем города Нур-Султан, часто вижу достоинства и недостатки этого города. Один из недостатков города является тем что, не все улицы оборудованы рабочими светофорами, фонарями и камерами контроля улиц. По улице Орынбор, на участк",Дороги,Светофоры,both,Дороги/Светофоры,Дороги/Светофоры,не работает светофор,08.09.2021,Транспорт
694444,"Здравствуйте! У нас в доме г.Рудный, ул.ленина 153А не работает лифт уже 3ую неделю. В доме проживают много пенсионеров, дети, инвалиды. В течении последнего календарного года лифт выходил из строя 4 раза на длит.сроки. Обслуживающая компания ТОО Спутник2005 постоянно утверждае",ЖКХ,Лифт,both,ЖКХ/Лифт,ЖКХ/Лифт,не работает лифт,07.07.2021,Регионы
672302,"Уважаемый, [ЗАЯВИТЕЛЬ]! Во-первых, хочу выразить благодарность за помощь в решении проблемы, изложенной в обращении №670167. Светофор уже установили. Он еще однако не работает, но надеюсь скоро это исправят. Во-вторых хотела бы обратить ваше внимание на обращение №669733. Бу",Дороги,Светофоры,both,Дороги/Светофоры,Дороги/Светофоры,не работает светофор,07.03.2021,Свободная тема
713369,"Уважаемый, [ЗАЯВИТЕЛЬ]! Обращаюсь к Вам, с просьбой решить вопрос с теплом. Когда была подача тепла в жилые дома по г. Алматы, отопление у нас было только в двух комнатах, и то батареи бвли слегка теплые. В других двух комнатах батареи были ледяные. Соседи снизу вызвали",ЖКХ,Отопление,both,ЖКХ/Отопление,ЖКХ/Отопление,холодные батареи,06.11.2021,"Строительство, дольщики, жилищные проблемы"
683229,"Уважаемый [ЗАЯВИТЕЛЬ]! Обращается к Вам житель города Актобе – Исламов [ЗАЯВИТЕЛЬ]. Хочу обратить Ваше внимание на одну из острейших проблем города, а именно, на состояние дороги по улице [ЗАЯВИТЕЛЬ] от улицы [ЗАЯВИТЕЛЬ] до проспекта [ЗАЯВИТЕЛЬ] и на",Дороги,Дорожное покрытие,both,Дороги/Дорожное покрытие,Дороги/Дорожное покрытие,разбитая дорога,05.05.2021,Регионы
713024,день добрый устала писать о детской площадке.. может новую поставите или улучшите существующую.. там скамейки металлические . качели порваны. горки сломаны.. для галочки покрасили в этом году.. мкр Боралдай пересечение улиц Азат и Меруерт,Благоустройство,Вывоз мусора,both,Благоустройство/Детские площадки,Благоустройство/Вывоз мусора,детская площадка сломана,04.11.2021,"Строительство, дольщики, жилищные проблемы"
698688/1,"Здравствуйте, уважаемый министр! Обращается к вам житель г.Косшы, Ж/М Лесная поляна, дом 21. Обращаюсь по поводу обустройства контейнерных площадок возле жилого дома. Около нашего дома собираются ставить дополнительные мусорные контейнеры в количестве 5-6 штук, помимо них уже сто",Благоустройство,Вывоз мусора,both,Благоустройство/Вывоз мусора,Благоустройство/Вывоз мусора,стихийная свалка,04.08.2021,"Строительство, дольщики, жилищные проблемы"
698690,"Здравствуйте, уважаемый министр! Обращается к вам житель г.Косшы, Ж/М Лесная поляна, дом 21. Обращаюсь по поводу обустройства контейнерных площадок возле жилого дома. Около нашего дома собираются ставить дополнительные мусорные контейнеры в количестве 5-6 штук, помимо них уже сто",Благоустройство,Вывоз мусора,both,Благоустройство/Вывоз мусора,Благоустройство/Вывоз мусора,стихийная свалка,03.08.2021,"Строительство, дольщики, жилищные проблемы"
698688,"Здравствуйте, уважаемый министр! Обращается к вам житель г.Косшы, Ж/М Лесная поляна, дом 21. Обращаюсь по поводу обустройства контейнерных площадок возле жилого дома. Около нашего дома собираются ставить дополнительные мусорные контейнеры в количестве 5-6 штук, помимо них уже сто",Благоустройство,Вывоз мусора,both,Благоустройство/Вывоз мусора,Благоустройство/Вывоз мусора,стихийная свалка,03.08.2021,"Строительство, дольщики, жилищные проблемы"
688806,"Осы арызымды жолдай отырып сізден қазіргі таңдағы «Ақтөбе-Атырау» тас жолынын күрделі жөндеу жұмыстарының өтіп жатқанына байланысты, менің меншігімдегі кәсіпкерлік нысаным Ақтөбе-Атырау тас жол маңы Сағыз ауылдық округінде орналасқан «Алихан» Қонақ-үй/Шайхана жұмысының 2019 жылда",Дороги,Дорожное покрытие,both,Дороги/Дорожное покрытие,Дороги/Дорожное покрытие,жол бұзылған,03.06.2021,Малый и средний бизнес
717418,"Здравствуйте! Просим восстановить уличное (дворовое) освещение в микрорайоне Арай-2. После ураганного ветра который обрушился на город 17 ноября 2021 года, фонари до сих пор не горят. Прошло уже две недели. Очень просим помочь в решений данного вопроса. Спасибо!",Освещение,Уличное освещение,both,Освещение/Уличное освещение,Освещение/Уличное освещение,не горят фонари,02.12.2021,Свободная тема
708040,"Д.д! Я живу в г [ЗАЯВИТЕЛЬ] и регулярно замечаю, то по городу днем горят уличные фонари освещения в разных частях города. Тогда я звоню на 109 и оставляю заявку об этом, потому что бюджетные средства используются впустую из за халатности и бесхозяйственности работников, забывающих",Освещение,Уличное освещение,both,Освещение/Уличное освещение,Освещение/Уличное освещение,не горят фонари,02.10.2021,Свободная тема
592594,"Ранее отправлял обращение №574462 о том что в п Алмалыбак по уице Ерлепесова не горят фонари. В данный момент есть много перегоревших ламп, акимат карасайского района вообще не следит за уличным освещением. И после 00-00 (полуночи) фонари выключают. Просьба разобраться и дать",Освещение,Уличное освещение,both,Освещение/Уличное освещение,Освещение/Уличное освещение,не горят фонари,31.01.2020,Транспорт
644587,Уважаемый [ЗАЯВИТЕЛЬ]! Возле автодороги по ул. Курмангазы (с пересечения ул.Абая до Ж/Д Вокзал) на некоторых новых светодиодных фонарях уличного освещения не горит свет. Так же начиная с домов ул. Курмангазы 166 и 168 и до Ж/Ж вокзала не установлены светодиодные фонари.,Освещение,Уличное освещение,both,Освещение/Уличное освещение,Освещение/Уличное освещение,не горят фонари,30.09.2020,О работе государственных органов (госуслуги)
644361,"Предоставьте видео съёмку что 35 фонарей горят в селе Пресногорьковка. Я каждый день общаюсь ,и все жители говорят что света нет . Если хотите что был свет платите, акимат на этом деньги делает . А где законы о которых выпишите. И должны светильники быть светодиодными . Получа",Освещение,Уличное освещение,both,Освещение/Уличное освещение,Освещение/Уличное освещение,не горят фонари,29.09.2020,О работе государственных органов (госуслуги)
638567,"Уважаемый, [ЗАЯВИТЕЛЬ]! Я, Борисенко [ЗАЯВИТЕЛЬ], (ИИН [ИИН]) приобрела билеты на рейсы, выполняемые авиакомпанией SCAT по маршруту: Нур-Султан-Алматы на 1 августа 2020 г. - заказ #74TDRC, и обратные авиабилеты по маршруту: Алматы - Нур-Султан на 30 августа 2020",Транспорт,Общественный транспорт,both,Транспорт/Общественный транспорт,Транспорт/Общественный транспорт,отменили маршрут,29.08.2020,Транспорт
602607,"Добрый день! На пересечении улиц Вильямса и Тулькубасской в Жетысуйском районе образовалась стихийная свалка мусора. Организация по вывозу ТБО не происходит вывоз, мусор лежит в непосредственной близости от насосной станции. Прошу оказать содействие.",Благоустройство,Вывоз мусора,both,Благоустройство/Вывоз мусора,Благоустройство/Вывоз мусора,стихийная свалка,28.03.2020,О работе государственных органов (госуслуги)
597843,В целях улучшения предпринимательского сервиса по городу Актобе в текущем году создана компания «Акула-Сервис» по предоставлению услуг потребителям (клиентам) в сфере технического обслуживания (наружные и внутренние) сетей водопровода и канализации. В этой связи ка,ЖКХ,Водоснабжение,both,ЖКХ/Водоснабжение,ЖКХ/Водоснабжение,канализация засор,27.02.2020,Малый и средний бизнес
597516,Уважаемый [ЗАЯВИТЕЛЬ]! сообщаю что по улице Гоголя угол улицы Абдирова днем горят фонари (фото прилагаю). Прошу принять меры,Освещение,Уличное освещение,both,Освещение/Уличное освещение,Освещение/Уличное освещение,не горят фонари,26.02.2020,Свободная тема
591641,"Ассаламуалейкім [ЗАЯВИТЕЛЬ] мырза. Сізге хат жазбасыма амалым қалмады.Осы бір қиындықтың шешімі табылады деп, үміттеніп жазып отырмын. [ЗАЯВИТЕЛЬ],Жаңаөзен қаласы,Көктем ш\ауданы,21-үй,1-пәтер түрғынымын.Осы 2019-2020 жыл жылыту маусымы басталғалы менің пәтерімде және о",ЖКХ,Отопление,both,ЖКХ/Отопление,ЖКХ/Отопление,пәтер суық,26.01.2020,О работе государственных органов (госуслуги)
659194,"Шымкент қаласының қалалық орта сапасы және бақылау басқармасының бастығына Менің, 17.09.2020 жылғы ҚР Президентіне жазған арызыма Сізбен 30.09.2020ж. тағыда сырғытпа жауап жолданған. Яғни, 2020 жылғы 1 қантардан бастап 2023 жылғы 1 қантарға дейін шағын кәсіпкерлік субъектілері",Дороги,Дорожное покрытие,both,Дороги/Дорожное покрытие,Дороги/Дорожное покрытие,жол бұзылған,25.12.2020,"Строительство, дольщики, жилищные проблемы"
625392,"Здравствуйте! Я житель микрорайона Жетысу-2, дом 10. У меня вопрос почему наш двор не ремонтируется, точнее наша детская площадка, там очень опасно находиться детям, игровые горки и т. д. сломаны, торчать железки. Мне с моим ребенком, приходится ездить в парки или в другие дво",Благоустройство,Вывоз мусора,both,Благоустройство/Детские площадки,Благоустройство/Вывоз мусора,детская площадка сломана,25.06.2020,"Строительство, дольщики, жилищные проблемы"
625108,"Здравствуйте, уважаемый Кульгинов, по улице Габдуллина 9/3, с вашими акимами мы разговаривали на счёт новой детской площадки, ничего толком не делается, пока не позвонишь не накричишь, сидите в своих кабинетах и только штаны просиживание, деньги вам выделили а все оборудование",Благоустройство,Вывоз мусора,both,Благоустройство/Детские площадки,Благоустройство/Вывоз мусора,детская площадка сломана,24.06.2020,Свободная тема
643243,Добрый день. Уважаемый аким г. Нур-Султан. Недавно был на кладбище (по Карагандинской трассе между постом ГАИ и п. [ЗАЯВИТЕЛЬ]) и увидел печальную картину. Возле могил имеется стихийная свалка строительного и др. мусора. Хотел бы Вас попросить принять неотлагательные меры по ли,Благоустройство,Вывоз мусора,both,Благоустройство/Вывоз мусора,Благоустройство/Вывоз мусора,стихийная свалка,23.09.2020,Свободная тема
648323,"Уважаемый Кульгинов [ЗАЯВИТЕЛЬ]! Хочу обратиться с просьбой наладить расписание общественного транспорта, а именно городских автобусов. Дело в том, что интервалы некоторых маршрутов городских автобусов (таких как №47, №60 и т.д.) превышают 30 минут, соответственно людям п",Транспорт,Общественный транспорт,both,Транспорт/Общественный транспорт,Транспорт/Общественный транспорт,нет расписания на остановке,22.10.2020,Транспорт
590707,"Уважаемый [ЗАЯВИТЕЛЬ]! Просим вас дать поручение на подключение уличного освещения в районах между Арки Талдыкорган и 3 отделение, а также по улицам 3-отделения где есть уже фонари. Так как улица с пешеходными переходами, там есть маршрут 13 автобуса, освещения машины н",Освещение,Уличное освещение,both,Освещение/Уличное освещение,Освещение/Уличное освещение,не горят фонари,21.01.2020,"Строительство, дольщики, жилищные проблемы"
657845,"Здравствуйте, прошу Вас разобраться с возникшей ситуацией, а именно по кабанбай батыра между орынбор и бухар жырау не работает пешеходный светофор со стороны Астана арена. При нажатии кнопки ""стоп"" пешеходный зеленый сигнал не загорается до того момента пока на проти",Дороги,Светофоры,both,Дороги/Светофоры,Дороги/Светофоры,не работает светофор,20.12.2020,Свободная тема
629477,Здравствуйте [ЗАЯВИТЕЛЬ]! Прошу Вас обратиться в суд для защиты моих прав для возврата денежных средств за 3( три) неиспользованных авиабилета (В СУММЕ 625.000 тенге) приобретенных в Агенстве Chocotravel 24 февраля 2020 г. по маршруту Нур-Султан - Эркан-Левкосия (Никоси,Транспорт,Общественный транспорт,both,Транспорт/Общественный транспорт,Транспорт/Общественный транспорт,отменили маршрут,20.07.2020,Транспорт
642578,"Здравствуйте. Я Сапаев [ЗАЯВИТЕЛЬ] 12 марта 2020 года приобрел авиабилеты через сайт Tickets.kz (номер бронирования LIJRKW) авиакомпании Pegasus Airlines на дату 19.03.2020 по маршруту: Берлин- Стамбул, рейс PC-980; Стамбул - Алматы, рейс PC-100. Общая сумма билета 990",Транспорт,Общественный транспорт,both,Транспорт/Общественный транспорт,Транспорт/Общественный транспорт,отменили маршрут,19.09.2020,Транспорт
636584,"Здравствуйте! 4.08.20 написала обращение к iKomek по поводу отсутствия освещения по ул.Толстого в границах улиц Баймагамбетова-1 мая. Из 5 фонарей работает всего один. Вечером там очень темно. Из 5 фонарей, горит всего 1, улица не освещена. Один из фонарей двусторонний, которы",Освещение,Уличное освещение,both,Освещение/Уличное освещение,Освещение/Уличное освещение,не горят фонари,19.08.2020,"Строительство, дольщики, жилищные проблемы"
623939,"Здравствуйте, обращаюсь с жалобой по работе коммунальных служб. Мы живём по улице Чкалова,в нашем районе по пересечению улицы Советской и Чкалова меняют канализационные трубы,но из за замены труб страдаем мы жители улицы Чкалова д.24,11, т.к возле наших домов прорвало канализа",ЖКХ,Водоснабжение,both,ЖКХ/Водоснабжение,ЖКХ/Водоснабжение,прорвало трубу,17.06.2020,"Строительство, дольщики, жилищные проблемы"
635767,"Здравствуйте уважаемый аким г Шымкент. Я [ЗАЯВИТЕЛЬ], Пишу от имени жителей дома который находится по адресу Сарымолдаева 1 А ( бывшая гидролизная) . Наш двор превращается в свалку. Предоставляю как доказательство -прикреплённые к этому обращению фото . Мусор который долже",Благоустройство,Вывоз мусора,both,Благоустройство/Детские площадки,Благоустройство/Вывоз мусора,детская площадка сломана,16.08.2020,"Строительство, дольщики, жилищные проблемы"
647131,"Здравствуйте! Хочу обратиться с просьбой наладить освещение, светофоры, а также дорогу по ул. 38, между проспектом [ЗАЯВИТЕЛЬ] и улицой [ЗАЯВИТЕЛЬ]. Этот участок дороги граничит с большим жилищным комплексом Novа City. Есть столбы, но освещения нет, светофоры не работают. Ча",Дороги,Светофоры,both,Дороги/Светофоры,Дороги/Светофоры,не работает светофор,15.10.2020,Транспорт
646997,"Добрый вечер,[ЗАЯВИТЕЛЬ]. Меня зовут Астапков [ЗАЯВИТЕЛЬ].Я проживаю по адресу Северо-Западный мкрн 61 квартал, обращаюсь к Вам с такой проблемой, у нас между 61 и 60 кварталами в течение двух месяцев не горят уличные фонари. Трижды было обращение по телефону в отде",Освещение,Уличное освещение,both,Освещение/Уличное освещение,Освещение/Уличное освещение,не горят фонари,14.10.2020,"Строительство, дольщики, жилищные проблемы"
652220,"Здравствуйте! Прошу Вас помочь с проблемой отопления в квартире. Живу в городе Актау, в 3 микрорайоне, 43 доме 10 квартира, наш дом очень старый, ремонт в нем никогда не делался, на моей галерее скоро упадут перила, в подвале бегают мыши, прямо в окна балкона били ветки сухих",ЖКХ,Отопление,both,ЖКХ/Отопление,ЖКХ/Отопление,холодные батареи,13.11.2020,"Строительство, дольщики, жилищные проблемы"
628109,"Уважаемый [ЗАЯВИТЕЛЬ]! Обращаюсь к Вам вынужденно, так как более чем годовая переписка с [ЗАЯВИТЕЛЬ] района ни к чему не привела. Я являюсь жильцом дома № 44Б в микрорайоне Казахфильм. Между мои домом и Детским садом Кулагер находится стихийная мусорная свалк",Благоустройство,Вывоз мусора,both,Благоустройство/Вывоз мусора,Благоустройство/Вывоз мусора,стихийная свалка,13.07.2020,Свободная тема
646336,"здравствуйте! адрес майры 27/2 кв 131 нет тепла. хотя соседям тепло дали еще 24 сентября. говорим кск чтобы они подали заявку в энергоснабжающиую организацию и жилищную инспекцию для того чтобы составить акт о том что в квартире нет тепла, батареи холодные, но кск ""отфутб",ЖКХ,Отопление,both,ЖКХ/Отопление,ЖКХ/Отопление,холодные батареи,12.10.2020,"Строительство, дольщики, жилищные проблемы"
634837,"11 обращение в ваш Блог, после 6 лет обращений во все инстанции наконец то решился вопрос с дорогой. Теперь решите вопрос с освещением в п [ЗАЯВИТЕЛЬ] района, по улице Ерлепесова. Половина фонарей не горит, фонари после 00-00 уже не горят (экономия бюджетных средств",Освещение,Уличное освещение,both,Освещение/Уличное освещение,Освещение/Уличное освещение,не горят фонари,12.08.2020,Свободная тема
656596,"В прошлом году обращались в жилищную инспекцию, акиму г.Актау по решению вопроса с отоплением. Спустя некоторое время вопрос решился. В этой году опять в доме холодно, тепло до 5го этажа не доходит, батареи холодные. Кроме этого, весь год в доме не было горячей воды, тогда как",ЖКХ,Водоснабжение,both,ЖКХ/Отопление,ЖКХ/Водоснабжение,холодные батареи,10.12.2020,"Строительство, дольщики, жилищные проблемы"
634276,"Здравствуйте уважаемый аким! В микрорайоне Акбулак, уже месяц как отключили фонари на улице Еспаева и Карсакпаева. Так помпезно нам все сделали красиво ,но не долго музыка играла. Звонили в акимат, но руководитель благоустройства района сказал что не знает кто подрядчик, и что",Освещение,Уличное освещение,both,Освещение/Уличное освещение,Освещение/Уличное освещение,не горят фонари,10.08.2020,О работе государственных органов (госуслуги)
589089,"Уважаемый [ЗАЯВИТЕЛЬ], ресторан ""[ЗАЯВИТЕЛЬ]"", находящийся по адресу Кошкунова 8, на регулярной основе смывает в канализацию отходы, которые засоряют общую канализацию и не предпринимают мер по устранению засоров. От этого страдают жители близлежащих домов. П",ЖКХ,Водоснабжение,both,ЖКХ/Водоснабжение,ЖКХ/Водоснабжение,канализация засор,10.01.2020,Свободная тема
651435,"Добрый день. Жители города просят акимат возобновить движение экспрессов №№ 100, 102, 105, 107. Например, маршрут 100 позволял без пересадок доехать из района проспектов Жумабаева/Кошкарбаева до больницы УДП. А маршрут 107 позволял без пересадок доехать от района 67 школы до п",Транспорт,Общественный транспорт,both,Транспорт/Общественный транспорт,Транспорт/Общественный транспорт,отменили маршрут,09.11.2020,Транспорт
645965,"Здравствуйте. мы жильцы дома по ул. Семенченко 21, в лице старшой, хотим узнать, когда же в нашем доме появится отопление и нормальная горячая вода. По спискам подачи теплоснабжения (у нашего дома был акт и поменяли теплообменик), наш дом подключили 23.09, в тот день появилась",ЖКХ,Водоснабжение,both,ЖКХ/Водоснабжение,ЖКХ/Водоснабжение,течет стояк,08.10.2020,Свободная тема
634160,"Уважаемый, Айтенов [ЗАЯВИТЕЛЬ]. Я многодетная мать Оспанова [ЗАЯВИТЕЛЬ] живу по адресу:улица Пошанова дом 30 ,кв 44 .Которая относится к Абайскому району.У нас во дворе производиться благоустройства детской площадки.Но как выясняется именно наш дом не входить в с",Благоустройство,Вывоз мусора,both,Благоустройство/Детские площадки,Благоустройство/Вывоз мусора,детская площадка сломана,08.08.2020,Свободная тема
633889,"Здравствуйте . 4 февраля 2020 г я купил в Агенстве Chocotravel 3 авиабилета на сумму 625 000 тенге по маршруту ( Нур-Султан - Эркан-Левкосия (Никосия) 18 марта (Ср), Эркан-Левкосия (Никосията) - Стамбул, (Стамбул - Нур-Султан (Астана). 26 марта.). В связи с режимом ЧП мной 16",Транспорт,Общественный транспорт,both,Транспорт/Общественный транспорт,Транспорт/Общественный транспорт,отменили маршрут,07.08.2020,Туризм
633712,"Уважаемый аким! На новостном портале «Мой город» опубликована статья «Место стихийной свалки предложили охранять полицейским в Уральске». Наверное полицейских не хватит, чтобы охранять еще и мусорные свалки. Что у них мало дел по выполнению своих прямых",Благоустройство,Вывоз мусора,both,Благоустройство/Вывоз мусора,Благоустройство/Вывоз мусора,стихийная свалка,06.08.2020,Свободная тема
621534,"день добрый.неудобно уже писать.но ничего не изменилось.Алматы, Алатауский район, (рядом микрорайон Томирис) микрорайон Боралдай пересечение улиц [ЗАЯВИТЕЛЬ] находится ""типа"" детская площадка.просьба отремонтировать.1)сетка стена дырявая (футбольного поля).2",Благоустройство,Вывоз мусора,both,Благоустройство/Детские площадки,Благоустройство/Вывоз мусора,детская площадка сломана,05.06.2020,"Строительство, дольщики, жилищные проблемы"
655330,"здравствуйте! я пенсионер, проживаю Майры 27/2 кв 131. у нас в сентябре и октябре не было тепла. обращалась в кск (так как они только могут подать заявку в ТОО павлодарэнергосбыт о том что нет тепла). но кск игнорировало и не принимало заявку и сами кск тоже ничего не делали,",ЖКХ,Отопление,both,ЖКХ/Отопление,ЖКХ/Отопление,холодные батареи,03.12.2020,"Строительство, дольщики, жилищные проблемы"
650044,Добрый день уважаемый [ЗАЯВИТЕЛЬ] ! Ранее обращался в акимат Зерендинского района по вопросу не работающего светофора на трассе в Атбасар пересечении на дорогу на Щучинск и на с. Зеренда там светофор не работает хотя относительно недавно установлен и работал совсем не до,Дороги,Светофоры,both,Дороги/Светофоры,Дороги/Светофоры,не работает светофор,02.11.2020,Регионы
650013,"Уважаемый [ЗАЯВИТЕЛЬ]! В настоящее время завершается ремонт асфальта по улице [ЗАЯВИТЕЛЬ] (р-н рынка Сарайшык). Подрядчик под строительную площадку (для складирования грунта и отходов стройматериалов) , использует прилегающую к автодороге по улице [ЗАЯВИТЕЛЬ]",Дороги,Дорожное покрытие,both,Дороги/Дорожное покрытие,Дороги/Дорожное покрытие,тротуар разбит,02.11.2020,"Строительство, дольщики, жилищные проблемы"
644992,"Здравствуйте, уважаемый [ЗАЯВИТЕЛЬ]! Прошу Вас разобраться с проблемой отопления в доме, где я проживаю по адресу г.Костанай, 7-ой микрорайон, дом 25. На данный момент 2 октября 2020 года нам до сих пор не подключили отопление. По словам работников ПКСК ""Уют"", д",ЖКХ,Отопление,both,ЖКХ/Отопление,ЖКХ/Отопление,холодные батареи,02.10.2020,"Строительство, дольщики, жилищные проблемы"
598465,"Здравствуйте. Прошу вас принять меры и посодействовать в уборке мусора, стихийно образовавшегося на перекрёстке двух улиц Енбекшинского района угол улицы [ЗАЯВИТЕЛЬ] и [ЗАЯВИТЕЛЬ].Неизвестные люди выбрасывают мусор в мешках и тем самым организовалась стихийная свалка",Благоустройство,Вывоз мусора,both,Благоустройство/Вывоз мусора,Благоустройство/Вывоз мусора,стихийная свалка,02.03.2020,Свободная тема
538026,"день добрый.Алматы, Алатауский район, микрорайон Бурундай, на пересечении улиц Азат и Асановой есть детская площадка и футбольное поле. Но детская площадка опасна для жизни детей. 1) скамейки из металла, возможно простудиться, 2) качели разгромлены, 3) дети поднимаются на горк",Благоустройство,Вывоз мусора,both,Благоустройство/Детские площадки,Благоустройство/Вывоз мусора,детская площадка сломана,28.02.2019,"Строительство, дольщики, жилищные проблемы"
582283,"Уважаемый [ЗАЯВИТЕЛЬ], добрый день. Прошу посодействовать в решении проблемы отопления в жилом доме, находящегося по адресу мкр. Орбита 4, дом 37, кв.5. Дело в том, что который год, не решается вопрос надлежащего отопления в квартире. В прошлом году заменила батареи, та",ЖКХ,Отопление,both,ЖКХ/Отопление,ЖКХ/Отопление,холодные батареи,25.11.2019,"Строительство, дольщики, жилищные проблемы"
571294,"Проблемы с освещением! Добрый день! В связи с назначением нового акима, хотим поздравить его с назначением,пожелать удачи на новом месте! Обращаемся от имени жителей [ЗАЯВИТЕЛЬ] 75 и Ержанова 4. Уже много лет во дворах нет уличного освещения. Начался учебный год,ходят много де",Освещение,Уличное освещение,both,Освещение/Уличное освещение,Освещение/Уличное освещение,не горят фонари,24.09.2019,"Строительство, дольщики, жилищные проблемы"
546730,"Байбек, [ЗАЯВИТЕЛЬ] я житель Алатауского района адрес ул [ЗАЯВИТЕЛЬ] 86/13 кв 33 возле нашего жилого комплекса пустырь где выходит к частным домам поселка Ожет превратили в стихийную мусорную свалку. Жители комплекса ранее обращались с жалобой в Алатауский Акимат",Благоустройство,Вывоз мусора,both,Благоустройство/Вывоз мусора,Благоустройство/Вывоз мусора,стихийная свалка,23.04.2019,"Строительство, дольщики, жилищные проблемы"
581813,"Алматы қаласының әкімі Б.[ЗАЯВИТЕЛЬ] мырзаға Алматы облысы, Қарасай ауданы, Іргелі селолық округі Асыл-арман тұрғындарынан Құрметті [ЗАЯВИТЕЛЬ]! Біз Алматы облысы, Қарасай ауданы, Іргелі селолық округіне қарасты Асыл-арманның тұрғындарымыз. №16 автобус уақытымен жүрмейді",Транспорт,Общественный транспорт,both,Транспорт/Общественный транспорт,Транспорт/Общественный транспорт,автобус жүрмейді,22.11.2019,Транспорт
576286,Уважаемый [ЗАЯВИТЕЛЬ] обращаюсь к Вам по поводу освещения улицы Айбергенова (между улицами Арман и Елибаева в Калкамане -2) после наших многочисленных обращении наконец то установили фонари освещения по данной улице на что мы благодарны но фонарь на столбе перед домом у,Освещение,Уличное освещение,both,Освещение/Уличное освещение,Освещение/Уличное освещение,не горят фонари,19.10.2019,О работе государственных органов (госуслуги)
559211,"ще не заселились, а претензии есть: люди боятся заселяться в новый многоэтажный дом Уральска Июль 17, 2019, 15:5477240 Подвал многоэтажного дома по адресу Мункеулы, 108/5 топит канализационными водами уже больше недели, сообщает корреспондент портала ""Мой ГОРОД"". ￼ В",ЖКХ,Водоснабжение,both,ЖКХ/Водоснабжение,ЖКХ/Водоснабжение,затопило подвал,18.07.2019,Ипотека
580706,"Добрый день! В настоящее время обсуждается вопрос внедрения в г. Нур-Султан проекта умного города и т.д., однако в районе Сарыарка (это старый город, Целиноград, Акмола) элементарные проблемы не решены, к примеру по ул. Мынарал, Потанина установлены фонари, уже более 5 лет, од",Освещение,Уличное освещение,both,Освещение/Уличное освещение,Освещение/Уличное освещение,не горят фонари,15.11.2019,О работе государственных органов (госуслуги)
540746,"[ЗАЯВИТЕЛЬ]! Наурыз мерекесі құтты болсын! Сізге жұмысыңызға табыс тілеймиін. Сіздің халыққа жасап жатқан жұмыстарыңыз үшін сізге рахмет айтамын! Сізге қояр сұрағым, мен Асыл-арман тұрғын үй тұрғынымын. №16 автобус туралы, №16 автобус уақытымен жүрмейді, халық өте кө",Транспорт,Общественный транспорт,both,Транспорт/Общественный транспорт,Транспорт/Общественный транспорт,автобус жүрмейді,15.03.2019,Транспорт
575051,"Здравствуйте. Мы домами не раз уже обращались в разные инстанции по поводу освещения квадрата Толе би-Ауэзова-Карасай батыра-Розыбакиева. В этом квадрате находятся не один садик и не одна школа и много детей проживают и учатся в этом квадрате. Пожалуйста, проконтролируйте осве",Освещение,Уличное освещение,both,Освещение/Уличное освещение,Освещение/Уличное освещение,не горят фонари,14.10.2019,О работе государственных органов (госуслуги)
584913,"Прошу проверить, почему больше месяца не горят наземные (нижние) фонари на аллее между домами №92 и №94 в микрорайоне Айнабулак 3 города Алматы и принять необходимые меры. [ЗАЯВИТЕЛЬ] 10.декабря 2019 г.",Освещение,Уличное освещение,both,Освещение/Уличное освещение,Освещение/Уличное освещение,не горят фонари,10.12.2019,Свободная тема
584582,"Я обращаюсь к Вам с просьбой решить проблему отопления в жилом доме г. [ЗАЯВИТЕЛЬ] области, по адресу, ул. Мырзашева , 86 ( по старому 98). . Моя мать, одиноко проживающая пенсионерка, Ременская [ЗАЯВИТЕЛЬ], 1943 года рождения ,проживает в этом доме в квартире №2. П",ЖКХ,Отопление,both,ЖКХ/Отопление,ЖКХ/Отопление,холодные батареи,09.12.2019,Свободная тема
574462,"В поселке [ЗАЯВИТЕЛЬ] района, по улице Ерлепесова не горит ни один фонарь. Так же кроме данной улицы, необходимо уличное освещение по улице Алмалы. Просьба решить данную проблему!",Освещение,Уличное освещение,both,Освещение/Уличное освещение,Освещение/Уличное освещение,не горят фонари,09.10.2019,"Строительство, дольщики, жилищные проблемы"
579698,"день добрый.Алматы, Алатауский район, микрорайон Бурундай, на пересечении улиц Азат и Асановой есть детская площадка и футбольное поле. Но детская площадка опасна для жизни детей. 1) скамейки из металла, возможно простудиться, 2) качели разгромлены, 3) дети поднимаются на горк",Благоустройство,Вывоз мусора,both,Благоустройство/Детские площадки,Благоустройство/Вывоз мусора,детская площадка сломана,08.11.2019,"Строительство, дольщики, жилищные проблемы"
521169,"Уважаемый [ЗАЯВИТЕЛЬ]! В 2013 году я приобрела нежилое помещение, расположенное по адресу: ул. Шарипова, 72, помещение 32. Это часть подвального помещения жилого дома. Я сделала ремонт и поменяла все старые трубы. После этого данное помещение задействовала под бизне",ЖКХ,Водоснабжение,both,ЖКХ/Водоснабжение,ЖКХ/Водоснабжение,канализация засор,31.10.2018,"Строительство, дольщики, жилищные проблемы"
513261,Здравствуйте в Караганде рядом с Михайловским рынком по ул Челябинской 4А в прорвало водопроводную трубу в колодце Сильный поток воды затапливает три жилых дома Водоканал звонили приезжала аварийка и не чего не сделали Вода уже доходит до четвертого дома,ЖКХ,Водоснабжение,both,ЖКХ/Водоснабжение,ЖКХ/Водоснабжение,прорвало трубу,28.08.2018,О работе государственных органов (госуслуги)
486745,"Добрый день, вот уже третий день, с 26 февраля 2018г у нас на улице г Алматы, Алатауский район, ул [ЗАЯВИТЕЛЬ] уг Ачинской создалась аварийная обстановка. С земли идет вода и затопило улицу, земля осела. Мы звоним в Алматы Су уже третий день -круглосуточно принимают зво",ЖКХ,Водоснабжение,both,ЖКХ/Водоснабжение,ЖКХ/Водоснабжение,прорвало трубу,28.02.2018,Свободная тема
528306,"Помогите поменять лифт до истечения срока эксплуатации в 25 лет (дом сдан в эксплуатацию в 2006 году, ЖК ""Жастар"" по Момышулы 18, подъезд 1). Он очень часто ломается и часто не работает. А поменять по программе модернизации ЖКХ не вариант, так как в подъезде живут в",ЖКХ,Лифт,both,ЖКХ/Лифт,ЖКХ/Лифт,лифт сломан,27.12.2018,"Строительство, дольщики, жилищные проблемы"
520574,"27октября 2018 года люди занимающиеся вырубкой деревьев, сломали и изувечили заборы, ограждающие территорию ГУ СОШ № 29 города Павлодара, люди, которые срезали деревья не смотрели даже на то, что их деревья падают на детскую площадку, расположенную на территории СОШ № 29. Ужас",Благоустройство,Вывоз мусора,both,Благоустройство/Детские площадки,Благоустройство/Вывоз мусора,детская площадка сломана,27.10.2018,Регионы
520570,"бря 2018 года люди занимающиеся вырубкой деревьев, сломали и изувечили заборы, ограждающие территорию ГУ СОШ № 29 города Павлодара, люди, которые срезали деревья не смотрели даже на то, что их деревья падают на детскую площадку, расположенную на территории СОШ № 29. Ужас какой",Благоустройство,Вывоз мусора,both,Благоустройство/Детские площадки,Благоустройство/Вывоз мусора,детская площадка сломана,27.10.2018,Регионы
527968,"Добрый день, Уважаемый [ЗАЯВИТЕЛЬ]! 5 лет тому назад обещали построить спортивные и детские площадки. Для жителей мкр. Рембаза, г. Атырау. Площадки детские вдоль перекрестка поставили. Типа пусть умирают не наши дети! Вам не стыдно так заботится о своем городе и народе? С",Благоустройство,Вывоз мусора,both,Благоустройство/Детские площадки,Благоустройство/Вывоз мусора,детская площадка сломана,25.12.2018,Молодёжная политика
508973,"09 Карагандинская обл. Темиртау 20.07.2018 14:00. По проспекту Республики в районе дома 47. Местные жители устроили стихийную свалку мусора, на лавочках распивают алкогольные напитки лица без определенного места жительства. Сквер зарос травой, хотя это излюбленное место отдыха",Благоустройство,Вывоз мусора,both,Благоустройство/Вывоз мусора,Благоустройство/Вывоз мусора,стихийная свалка,24.07.2018,Регионы
508969,"09 Карагандинская обл. Темиртау 20.07.2018 14:00. По проспекту Республики в районе дома 47. Местные жители устроили стихийную свалку мусора, на лавочках распивают алкогольные напитки лица без определенного места жительства. Сквер зарос травой, хотя это излюбленное место отдыха",Благоустройство,Вывоз мусора,both,Благоустройство/Вывоз мусора,Благоустройство/Вывоз мусора,стихийная свалка,24.07.2018,Регионы
504909,"Уважаемый [ЗАЯВИТЕЛЬ]! Я в ваш блог дважды подавал обращение о том, что возле гаражей по ул. Курмангазы 192,194, 192/1 (детский садик), 196 и ул. [ЗАЯВИТЕЛЬ] 181, 183, 185 19.06.18 г. разбросан повсеместно мусор. И 19.06.18 г. от вашего имени пришел ответ на мой запрос под",Благоустройство,Вывоз мусора,both,Благоустройство/Вывоз мусора,Благоустройство/Вывоз мусора,стихийная свалка,24.06.2018,О работе государственных органов (госуслуги)
508713,"Уважаемый [ЗАЯВИТЕЛЬ]!!! Обращаюсь к Вам за помощью.Я получил квартиру 12 декабря 2016г по адресу пос Зачаганск.мкрн Коктем ул .М , Мункеулы 107\1 кв 119.С самого начала в нашем доме проблемы .Подвал постоянно затапливается канализационными водами.буквально каждый месяц.В",ЖКХ,Водоснабжение,both,ЖКХ/Водоснабжение,ЖКХ/Водоснабжение,затопило подвал,23.07.2018,"Строительство, дольщики, жилищные проблемы"
494173,"Довожу до Вашего сведения Восточно-Казахстанская область Семей, 15.04.2018 год В районе мкр. Юность находится стихийная мусорная свалка. Муниципальные власти и коммунальные службы игнорируют данную проблему. Материалы взяты по ссылке https://vk.com/zhanbotanov?w=wall-59388124_",Благоустройство,Вывоз мусора,both,Благоустройство/Вывоз мусора,Благоустройство/Вывоз мусора,стихийная свалка,23.04.2018,О работе государственных органов (госуслуги)
494172,"Довожу до Вашего сведения Восточно-Казахстанская область Семей, 15.04.2018 год В районе мкр. Юность находится стихийная мусорная свалка. Муниципальные власти и коммунальные службы игнорируют данную проблему. Материалы взяты по ссылке https://vk.com/zhanbotanov?w=wall-59388124_",Благоустройство,Вывоз мусора,both,Благоустройство/Вывоз мусора,Благоустройство/Вывоз мусора,стихийная свалка,23.04.2018,О работе государственных органов (госуслуги)
507848,"Добрый день! Я проживаю по адресу пр. Райымбека 123/103. Проулок, ведущий к нашим домам, находится параллельно улице Казакова, но на более низком уровне. В связи с этим образуется склон. Данный склон никто не убирает, он очень замусорен, образовалась стихийная свалка. Сваливаю",Благоустройство,Вывоз мусора,both,Благоустройство/Вывоз мусора,Благоустройство/Вывоз мусора,стихийная свалка,16.07.2018,О работе государственных органов (госуслуги)
487941,"Уважаемый [ЗАЯВИТЕЛЬ]. Обащаются к вам жители села Туздыбастау мкр Арман, улицы [ЗАЯВИТЕЛЬ]. В 2016 году обратились по вопросу асфальтирования нашей улицы. Но внятного ответа не получили. В Феврале прорвало трубу на улице. Водоконал вырыл яму, устранил теч трубы, а",ЖКХ,Водоснабжение,both,ЖКХ/Водоснабжение,ЖКХ/Водоснабжение,прорвало трубу,11.03.2018,О работе государственных органов (госуслуги)
518316,"Сәлеметсіз бе, [ЗАЯВИТЕЛЬ] мырза! [ЗАЯВИТЕЛЬ] Алматы Аренадан мемлекеттік бағдарламамен 13 үй, 97 пәтер, 14 қабаттан үй алдым. 4 балам бар. Үй алдым деп қуанып отырмын, бірақ осы үйді алғалы бері пәрерімізде е жылу жоқ, қыстай қатты қиналдым үй суық. Қыста терезелердің бар",ЖКХ,Отопление,both,ЖКХ/Отопление,ЖКХ/Отопление,пәтер суық,10.10.2018,"Строительство, дольщики, жилищные проблемы"
522027,"Добрый день, Уважаемый [ЗАЯВИТЕЛЬ]В Медеуском районе на ул. Шухова угол ул.Южная по середине перекрестка прорвало трубу 5 ноября 2018, из-под асфальта льется вода. В тот же день мной в ""Алматы Су"" была подана заявка (№2126) на ремонт. До сих пор проблема не решена, с",ЖКХ,Водоснабжение,both,ЖКХ/Водоснабжение,ЖКХ/Водоснабжение,прорвало трубу,07.11.2018,"Строительство, дольщики, жилищные проблемы"
522026,"Добрый день, Уважаемый [ЗАЯВИТЕЛЬ]В Медеуском районе на ул. Шухова угол ул.Южная по середине перекрестка прорвало трубу 5 ноября 2018, из-под асфальта льется вода. В тот же день мной в ""Алматы Су"" была подана заявка (№2126) на ремонт. До сих пор проблема не решена, с",ЖКХ,Водоснабжение,both,ЖКХ/Водоснабжение,ЖКХ/Водоснабжение,прорвало трубу,07.11.2018,"Строительство, дольщики, жилищные проблемы"
514171,"Акиму города Астаны [ЗАЯВИТЕЛЬ] от [ЗАЯВИТЕЛЬ], г. Астана, пр. Сарыарка, 31/2 моб. тел. [ТЕЛЕФОН] Ж А Л О Б А Уважаемый [ЗАЯВИТЕЛЬ]! Обращаюсь к Вам с настоящей жалобой по следующему поводу: 04.09.2018 года в 09 час. 12 мин. на остановке ЖМ Коктал-",Транспорт,Общественный транспорт,both,Транспорт/Общественный транспорт,Транспорт/Общественный транспорт,нет расписания на остановке,06.09.2018,Транспорт
495778,"Добрый день! Ранее мы писали о стихийной свалке в посёлке Кызылсуат. Результатов нет! Осенью жители посёлка вывозили мусор на легковых машинах, а теперь вывозят камазами. Просим срочно принять меры!",Благоустройство,Вывоз мусора,both,Благоустройство/Вывоз мусора,Благоустройство/Вывоз мусора,стихийная свалка,02.05.2018,Регионы
525065,"Добрый вечер , аким города Алматы. Я житель Наурызбайского района, мкр-н Карагайлы улица Надырова, дом 56 и соседние дома с 27 ноября 2018 года столкнулись с проблемой водоснабжения, была аварийная ситуация. На одном из срезов в водопроводе прорвало воду , наша доблестная АЛМА",ЖКХ,Водоснабжение,both,ЖКХ/Водоснабжение,ЖКХ/Водоснабжение,прорвало трубу,01.12.2018,Свободная тема
470967,"Я, [ЗАЯВИТЕЛЬ], житель 86-ой квартиры, дома №5, расположенный в Авангарде 2-ой мкрн. На данный момент для меня и жителей этого дома сложилась сложная ситуация. Подвал нашего подъезда всегда заполнена грязной сточной водой, из за чего образуется неблагоприятный запах в подъ",ЖКХ,Водоснабжение,both,ЖКХ/Водоснабжение,ЖКХ/Водоснабжение,прорвало трубу,17.08.2017,"Строительство, дольщики, жилищные проблемы"
444298,"Здравствуйте. У нас в квартире в туалете стояк холодного водоснабжения сильно покрыт ржавчиной и выделяет конденсат поверх металлической трубы. Этот конденсат спускается к соседям и оттого у них мокнет потолок. Уже имеется желтое пятно, которое увеличивается. Кроме того, эта в",ЖКХ,Водоснабжение,both,ЖКХ/Водоснабжение,ЖКХ/Водоснабжение,прорвало трубу,17.08.2016,"Строительство, дольщики, жилищные проблемы"
271434,"Здравствуйте, [ЗАЯВИТЕЛЬ] ! Наша компания, ТОО ""FeelAR Казахстан"" в г. Караганда реализовывает ряд проектов в области IT технологий. На сегодняшний день, успешно функционирует проект ""Интернет для всех WiFi - в автобусах"" а также близится к реализац",Транспорт,Общественный транспорт,both,Транспорт/Общественный транспорт,Транспорт/Общественный транспорт,нет расписания на остановке,22.05.2014,Информационно-коммуникационные технологии
251528,"В нашем доме в 2011 году по программе модернизации ЖКХ ТОО « Тұрғын үй жөндеу – Тараз» выполнялся капитальный ремонт систем теплоснабжения, канализации и кровли крыши. И уже в 2011 году, после первых осадков, кровля дала течь, а по ремонту систем теплоснаб",ЖКХ,Водоснабжение,both,ЖКХ/Водоснабжение,ЖКХ/Водоснабжение,прорвало трубу,18.02.2014,Регионы
269563,"Здравствуйте, [ЗАЯВИТЕЛЬ] ! Наша компания, ТОО ""FeelAR Казахстан"" в г. Караганда реализовывает ряд проектов в области IT технологий. На сегодняшний день, успешно функционирует проект ""Интернет для всех WiFi - в автобусах"" а также близится к реализац",Транспорт,Общественный транспорт,both,Транспорт/Общественный транспорт,Транспорт/Общественный транспорт,нет расписания на остановке,14.05.2014,Информационно-коммуникационные технологии
292652,"Увааемая [ЗАЯВИТЕЛЬ]! Прошу разобраться в следующей ситуации: 1. На ж/д вокзале Алматы-1 нет парковки для инвалидов. Лифты для инвалидов не работают или сломаны. 2. Возле зданий УАП (бывшее горГАИ) (Тимирязева-Байтурсынова), гор. поликлиники №15 (пос. Дружба, ул. Ильич",ЖКХ,Лифт,both,ЖКХ/Лифт,ЖКХ/Лифт,лифт сломан,12.11.2014,Социальное обеспечение
269015,"Здравствуйте, [ЗАЯВИТЕЛЬ] ! Наша компания, ТОО ""FeelAR Казахстан"" в г. Караганда реализовывает ряд проектов в области IT технологий. На сегодняшний день, успешно функционирует проект ""Интернет для всех WiFi - в автобусах"" а также близится к реализаци",Транспорт,Общественный транспорт,both,Транспорт/Общественный транспорт,Транспорт/Общественный транспорт,нет расписания на остановке,12.05.2014,Информационно-коммуникационные технологии
255592,"Добрый день. Помогите пожалуйста в решении проблем нашего дома. В нашем доме в 2011 году по программе модернизации ЖКХ ТОО "" Тұрғын үй жөндеу – Тараз выполнялся капитальный ремонт систем теплоснабжения, канализации и кровли крыши. И уже в 2011 году, после первых",ЖКХ,Водоснабжение,both,ЖКХ/Водоснабжение,ЖКХ/Водоснабжение,прорвало трубу,10.03.2014,"Строительство, дольщики, жилищные проблемы"
292010,"Доброе утро! Я обращаюсь к Вам,так как никому нет до нас дела. Мы жители Лесной поляны,пос.Кощи,дом 12.. Во все дома дали отопление ещё 31 сентября вечером,в наш дом отопление не дали,с 9 по 14 подъезд,уже 4 дня КСК""Динназ"" никаких мер не принимает.Скоро морозы,батар",ЖКХ,Отопление,both,ЖКХ/Водоснабжение,ЖКХ/Отопление,затопило подвал,03.10.2014,Свободная тема
286759/1,"Добрый день! являюсь жителем градостроительного микрорайона Достык, дом построенный по гос.программе (Сауран 12/1). Качество дома если честно сказать ""хромает"". Подъезды в аварийном состоянии, везде сырость и плесень, порталы лифтов давно разрушены, сам лифт ежедн",ЖКХ,Лифт,both,ЖКХ/Лифт,ЖКХ/Лифт,лифт сломан,02.09.2014,Свободная тема
240410,"На регулярных автобусных маршрутах Алматинской области работают сотни автобусов – дикарей и тысячи таксистов-нелегалов. Так, около автовокзала г.Капчагай из-за указанных перевозчиков невозможно даже пройти. ТОО «Капчагайский автобусный парк» обслуживает ре",Транспорт,Общественный транспорт,both,Транспорт/Общественный транспорт,Транспорт/Общественный транспорт,нет расписания на остановке,26.12.2013,Транспорт
228461,Құрметті [ЗАЯВИТЕЛЬ]! Мен өзім Алматы тұрғыны едім. Мына автобус мәселесін шешсеңіз екен. Айтатын болсақ мынау көлік құралдарын басқаруды автопарк жеке меншігіне немесе мемлекет меншігіне берсеңіз. Автопарк жеке меншігінің иелері жұмысшыларға белгілі бір сомманы күнде т,Транспорт,Общественный транспорт,both,Транспорт/Общественный транспорт,Транспорт/Общественный транспорт,автобус жүрмейді,24.10.2013,Транспорт
184585,"[ЗАЯВИТЕЛЬ]! Что с точки зрения Закона делать, если соседи снизу не спят по ночам, кричат в пьяной истерике не переставая по 2-3 часа? Известно, что это квартиросъемщики, молодые парни, в первые же дни проживания в нашем подъезде исчиркали свежеокраженный лифт, курят в по",ЖКХ,Лифт,both,ЖКХ/Лифт,ЖКХ/Лифт,лифт сломан,23.01.2013,Правоохранительные органы
194350,"Ассалаумағалейкүм! мен Қарағанды қаласынан жер телімін сатып алып, жеке үй салмақшы едім. Суық су құбырына қосылуға техникалық шарт алу үшін қызмет көрсететін Қарағанды су коммуналдық кәсіпорнына қажетті құжаттарымды өткізген едім. Енді кәсіпорын техникалық шарт алу үшін менің",ЖКХ,Водоснабжение,both,ЖКХ/Отопление,ЖКХ/Водоснабжение,пәтер суық,20.03.2013,Свободная тема
211446,"Здравствуйте. Настоятельно просим вас обратить внимание на антисанитарное состояние территории и мусорной площадки в ЖК [ЗАЯВИТЕЛЬ] (г. Алматы, ул. Навои, уг. ул. Джандосова), управляющие компании ТОО «Дом Сервис&Клининг» и КСК «ЖК [ЗАЯВИТЕЛЬ]» Оплата за вывоз ТБО в нашем компле",Благоустройство,Вывоз мусора,both,Благоустройство/Вывоз мусора,Благоустройство/Вывоз мусора,мусорные контейнеры переполнены,15.07.2013,"Строительство, дольщики, жилищные проблемы"
211445,"Здравствуйте. Настоятельно просим вас обратить внимание на антисанитарное состояние территории и мусорной площадки в ЖК [ЗАЯВИТЕЛЬ] (г. Алматы, ул. Навои, уг. ул. Джандосова), управляющие компании ТОО «Дом Сервис&Клининг» и КСК «ЖК [ЗАЯВИТЕЛЬ]» Оплата за вывоз ТБО в нашем компле",Благоустройство,Вывоз мусора,both,Благоустройство/Вывоз мусора,Благоустройство/Вывоз мусора,мусорные контейнеры переполнены,15.07.2013,"Строительство, дольщики, жилищные проблемы"
211444,"Здравствуйте. Настоятельно просим вас обратить внимание на антисанитарное состояние территории и мусорной площадки в ЖК [ЗАЯВИТЕЛЬ] (г. Алматы, ул. Навои, уг. ул. Джандосова), управляющие компании ТОО «Дом Сервис&Клининг» и КСК «ЖК [ЗАЯВИТЕЛЬ]» Оплата за вывоз ТБО в нашем компле",Благоустройство,Вывоз мусора,both,Благоустройство/Вывоз мусора,Благоустройство/Вывоз мусора,мусорные контейнеры переполнены,15.07.2013,Здравоохранение
211440,"Здравствуйте. Настоятельно просим вас обратить внимание на антисанитарное состояние территории и мусорной площадки в ЖК [ЗАЯВИТЕЛЬ] (г. Алматы, ул. Навои, уг. ул. Джандосова), управляющие компании ТОО «Дом Сервис&Клининг» и КСК «ЖК [ЗАЯВИТЕЛЬ]» Оплата за вывоз ТБО в нашем компле",Благоустройство,Вывоз мусора,both,Благоустройство/Вывоз мусора,Благоустройство/Вывоз мусора,мусорные контейнеры переполнены,15.07.2013,"Строительство, дольщики, жилищные проблемы"
238485,[ЗАЯВИТЕЛЬ] ! Талпкер ауылының тұрғындарының атанан [ЗАЯВИТЕЛЬ] жазып отырмын! № 126 шы шанхай-талапкер бағыты бойынша қатынайтын автобус уақытылы өз кестесімен жүрмейді. сол үшін барар жермізге көп кешігіп қаламыз. Автобус кешкі 6 дан кейін тоқтап қа,Транспорт,Общественный транспорт,both,Транспорт/Общественный транспорт,Транспорт/Общественный транспорт,автобус жүрмейді,14.12.2013,Транспорт
216156,"Здравствуйте. Хочу получить от Вас исчерпывающий ответ на вопрос по поводу выставления счетов за превышение ПДК по сточным водам. Я являюсь частным предпринимателем, содержу кафе. Все технические документы на воду и канализацию у меня в порядке. Установлен счетчик на воду. Соглас",ЖКХ,Водоснабжение,both,ЖКХ/Водоснабжение,ЖКХ/Водоснабжение,канализация засор,12.08.2013,Малый и средний бизнес
225374,"Добрый день! У нас по адресу ул. Мустафина 13/1 последние два года стоит всего три мусорных контейнера, хотя до этого было 6 штук. Неоднократные обращения к руководителям ""Астана Тазарту"" в лице [ЗАЯВИТЕЛЬ] результатов не принесли. Он каждый раз обещает, ч",Благоустройство,Вывоз мусора,both,Благоустройство/Вывоз мусора,Благоустройство/Вывоз мусора,мусорные контейнеры переполнены,07.10.2013,Свободная тема
180166,"Здравствуйте! меня зовут Альфия, я родом из Алматы, но временно живем в военном городе Приозерск, карагандинской области. Летом 2012 года собирались менять главные трубы на ул.[ЗАЯВИТЕЛЬ] 3, трубы привезли и во дворе 2 недели пролежали просто так, и нам не меняли.",ЖКХ,Водоснабжение,both,ЖКХ/Водоснабжение,ЖКХ/Водоснабжение,прорвало трубу,23.12.2012,"Строительство, дольщики, жилищные проблемы"
132721,"Здравствуйте! Прошу дать ответ на следующий вопрос. Я член инициативной группы КСК. В нашем доме сломался лифт. Встал вопрос оплаты. Жители 1 и 2 этажей отказываются вносить необходимую сумму, мотивируя это тем, что они лифтом не пользуются. Вместе с тем, согласно Закону ""О жи",ЖКХ,Лифт,both,ЖКХ/Лифт,ЖКХ/Лифт,лифт сломан,17.03.2012,"Строительство, дольщики, жилищные проблемы"
124056/1,"Ассалаумағалейкум!Премьер-министр мырза.Менің аты-жөнім [ЗАЯВИТЕЛЬ].Мен Астана қаласының Тай-төбе ауылында тұрамын.Біздің көршілес ауылымыз Қосшы.Қосшы ауылына автобус жүреді,ал Тай-төбеге жүрмейді.Менің өтінішім бізге Қосшыға дейін 4км жол салып беріңізші. &nbs",Транспорт,Общественный транспорт,both,Транспорт/Общественный транспорт,Транспорт/Общественный транспорт,автобус жүрмейді,14.02.2012,Свободная тема
161122,"Уважаемый, Серик, в нашем доме появилась проблема с которой мы не в состоянии справиться сами. Дело в следующем: в нашем доме работает незарегистрированная пекарня, из за неё у нас проблемы с канализацией, горводоканал регулярно приезжает и чистить засоры в виде теста и застыв",ЖКХ,Водоснабжение,both,ЖКХ/Водоснабжение,ЖКХ/Водоснабжение,канализация засор,11.08.2012,"Строительство, дольщики, жилищные проблемы"
154738,"Здравствуйте. На 30 маршруте г. Алматы водители курят. Сегодня, 9 июля 2012 года это был водитель маршрута с гос. номером A279DYO. Но это не единственный пример. Также, в упомянутом автобусе остановки объявлялись не все, а, только [ЗАЯВИТЕЛЬ] Культура, информация и экология 09.07.2012 154738 267 Подробнее",Транспорт,Общественный транспорт,both,Транспорт/Общественный транспорт,Транспорт/Общественный транспорт,нет расписания на остановке,09.07.2012,"Культура, информация и экология"
142467,"Доброго времени суток, уважаемый [ЗАЯВИТЕЛЬ], хотелось бы уточнить по поводу транспорта, а именно маршрутки № 109 и автобуса № 44. - Должна ли маршрутка № 109 со стороны города заезжать в военный городок (= воинская част",Транспорт,Общественный транспорт,both,Транспорт/Общественный транспорт,Транспорт/Общественный транспорт,нет расписания на остановке,05.05.2012,Транспорт
