id,text,category,date,views,search_query,url
766158,"20.07.2025 жылы менің өтінішім бойынша үй кезегіне тіркедіңіз, бірақ ешқандай санатқа жатпайтын қылып тіркеп қойған екенсіздер. Мен өтініш берген кезде әлеуметтік мәртебемді таңдап толтырған болатынмын, сонда да санат деген тарауда «Санатсыз» деп тіркеп қойғансыз, ал менде бір не","Строительство, дольщики, жилищные проблемы",29.03.2026,78,жылу,https://dialog.egov.kz/blogs/all-questions/766158
766259,"Отбасы банк Басқарма төрағасына ӨТІНІШ [ЗАЯВИТЕЛЬ] төрағасы! Мен, [ЗАЯВИТЕЛЬ], Шымкент қаласының тұрғынымын. Мен «Жұмыс істейтін жастар» бағдарламасы бойынша сатып алу құқығынсыз жалға берілетін тұрғын үйде 5 жыл тұрдым. Бағдарлама мерзімі аяқталғаннан кейін тұрғын үй","Строительство, дольщики, жилищные проблемы",24.06.2026,99,ЖКХ,https://dialog.egov.kz/blogs/all-questions/766259
766277,Саламатсыз ба! Менің есімім [ЗАЯВИТЕЛЬ]. Ағымдағы жылдың 24 шілдесінен бастап Шымкент қаласы бойынша Ақжайықтан алған 3 бөлмелі пәтерімнің төлеп графигі басталады. Бекітілген график бойынша әр айдың 24 жұлдызы күні менің төлем жұмыстарын жүргізу керекпін. Осы кестеге сәйкес мен,Ипотека,23.07.2026,186,жылу,https://dialog.egov.kz/blogs/all-questions/766277
766253,"[ЗАЯВИТЕЛЬ] «Отбасы банк» АҚ Басқарма төрағасы Л. [ЗАЯВИТЕЛЬ] облысы,Тараз қаласының тұрғыны [ЗАЯВИТЕЛЬ] ЖСН: [ИИН] Б/с нөмірім: [ТЕЛЕФОН] эл почта:[EMAIL] ӨТІНІШ Мен, Куатбекова","Строительство, дольщики, жилищные проблемы",22.06.2026,119,жылу,https://dialog.egov.kz/blogs/all-questions/766253
766188,"Уважаемая [ЗАЯВИТЕЛЬ]. Прошу Вас разъяснить мне следующее: У меня есть пенсионный аннуитет и есть не большая сумма накоплений в пенсионном фонде. Могу ли Я снять с пенсионного фонда эту сумму для улучшения жилищных условий, если да то что для этого нужно? Ваши консультанты","Строительство, дольщики, жилищные проблемы",21.04.2026,82,канализация,https://dialog.egov.kz/blogs/all-questions/766188
766185,"Мен, 2014 жылдан бастап мемлекеттік қызметші ретінде тұрғын үйге мұқтаж азаматтар санатына енгізіліп, тиісті кезекте тіркелгенмін. Алайда тұрғын үй бағдарламалары бойынша іріктеу тетіктерінің ашықтығы мен әділеттілігіне қатысты бірқатар сұрақтар туындауда. Атап айтқанда, 2024 жыл",Ипотека,20.04.2026,89,жылу,https://dialog.egov.kz/blogs/all-questions/766185
766215,"Уважаемая [ЗАЯВИТЕЛЬ]! Обращаюсь к Вам в связи с возникшей проблемой при оформлении кредитной заявки через портал «[ЗАЯВИТЕЛЬ]». 12.05.2026 года моя сестра сдала полный пакет документов в отделение АО «Отбасы банк». 13.05.2026 года мною, как созаемщиком, все необходимые д",Ипотека,18.05.2026,142,дороги,https://dialog.egov.kz/blogs/all-questions/766215
766297,"Обращение с регистрационным номером 766297, направленное в Блог Генеральный директор РГП на ПХВ «Республиканский научно–исследовательский институт по охране труда Министерства труда и социальной защиты населения Республики Казахстан» [ЗАЯВИТЕЛЬ] отклонено ГО 25.08.2026",Финансы,12.08.2026,1,жылу,
766142,"C 11.06.2016 г. моя мама [ЗАЯВИТЕЛЬ] состояла в очереди по категории ""Ветераны приравненные к ВОВ"", после ее смерти районный ЖКХ снял ее с очереди. В 2025 г. я как родная дочь решением суда восстановлена в очереди вместо умершей матери по категории ""Ветераны п","Строительство, дольщики, жилищные проблемы",12.03.2026,85,ЖКХ,https://dialog.egov.kz/blogs/all-questions/766142
766211,"[ЗАЯВИТЕЛЬ] Ермухашовна, ЖСН: , 12 тамыз 2019 жылы Балқаш аудандық тұрғын үй-коммуналдық, шаруашылық және тұрғын инспекциясы бөлімі арқылы мемлекеттен берілетін тұрғын үй кезегіне «асырауында жалпы орта, техникалық және кәсіптік, орта білімнен кейінгі, жоғары, жоғ",О работе государственных органов (госуслуги),11.05.2026,92,жылу,https://dialog.egov.kz/blogs/all-questions/766211
766266,[ЗАЯВИТЕЛЬ]! Менің L00859-0301-2021 бойынша Отбасы банк алдында ипотека бойынша несиелік міндеттемем бар. Уақытылы төлеп келе жатып 2023 жылы жыл басында жұмыстың ауысуы мен табыстың уақытша азаюына байланысты кестеден шығып қалдым бірақ кеш те болса төлеп жүрмін,Финансы,09.07.2026,102,жылу,https://dialog.egov.kz/blogs/all-questions/766266
766293,"Обращение с регистрационным номером 766293, направленное в Блог Директор РГКП «Национальный центр тестирования» Министерства науки и высшего образования Республики Казахстан Емелбаев.Р.Т находится на рассмотрении у ГО",Образование,08.08.2026,0,дороги,
766175,"Обращение с регистрационным номером 766175, направленное в Блог Генеральный директор РГП на ПХВ «Республиканский научно–исследовательский институт по охране труда Министерства труда и социальной защиты населения Республики Казахстан» [ЗАЯВИТЕЛЬ] отклонено ГО 13.04.2026",Здравоохранение,08.04.2026,0,жылу,
766163,"Қайырлы күн. Мен 25.05.2025 жылы Өркен отбасы бағдарламасы бойынша үй кезкгіне тұрып, 24.12.2025 жылы түгендеуден өткен болатынмын. 2026 жылдың наурыз айында тізімнен мені алып тастапты. Себебін 300 орталығына хабарласып сұрағанымда жауап бере алмады. Сізден қызметкерлеріңізге та",Молодёжная политика,04.04.2026,106,жылу,https://dialog.egov.kz/blogs/all-questions/766163
766229,"Мен,[ЗАЯВИТЕЛЬ] жалғызбасты анамын.1983 жылы Механический заводтың жатақханасынан бір бөлме-19 кв.м алып,жекешелендіріп,осы уақытқа дейін тұрып жатырмыз. 2006 жылдан бастап «толық емес отбасы» санаты бойынша ""Орал қаласының тұрғын үй-коммуналдық шаруашылығы, жолаушылар к",Социальное обеспечение,02.06.2026,87,жылу,https://dialog.egov.kz/blogs/all-questions/766229
766002,"Обращаюсь к вам как действующий заёмщик банка, являющийся созаемщиком своей супруги [ЗАЯВИТЕЛЬ] В 2020 году в связи с пандемией COVID‑19 была оформлена отсрочка платежей согласно действующим на тот момент государственным программам поддержки заёмщиков. На текущий момент все о","Строительство, дольщики, жилищные проблемы",30.12.2025,35,дороги,https://dialog.egov.kz/blogs/all-questions/766002
766000,"Обращение с регистрационным номером 766000, направленное в Блог Председатель Правления АО «Казахстанский центр модернизации и развития жилищно-коммунального хозяйства» [ЗАЯВИТЕЛЬ] находится на рассмотрении у ГО",О работе государственных органов (госуслуги),30.12.2025,5,ЖКХ,
765472,Маңғыстау ауданы Ақтау қаласы мекен жайы 34-10 ТҮК «Інжутас» тұрғындары атынан 85 пәтер иесі [ЗАЯВИТЕЛЬ]:[ТЕЛЕФОН] Эл.почта: baktily.ieskaliieva.66mail.ru ӨТІНІШ Осы көрсетілген мекен-жай тұрғындары төмендегідей шағымдарымызбен өтініш жолдап отырмыз . Ақтау қаласындағ,"Строительство, дольщики, жилищные проблемы",26.03.2025,129,ЖКХ,https://dialog.egov.kz/blogs/all-questions/765472
765995,"Обращение с регистрационным номером 765995, направленное в Блог Председатель Правления АО «Казахстанский центр модернизации и развития жилищно-коммунального хозяйства» [ЗАЯВИТЕЛЬ] находится на рассмотрении у ГО",Регионы,24.12.2025,1,лифт,
765993,"Обращение с регистрационным номером 765993, направленное в Блог Председатель Правления АО «Отбасы банк» [ЗАЯВИТЕЛЬ] находится на рассмотрении у ГО",Земельные вопросы,24.12.2025,0,дороги,
765989,"Обращение с регистрационным номером 765989, направленное в Блог Председатель Правления АО «Казахстанский центр модернизации и развития жилищно-коммунального хозяйства» [ЗАЯВИТЕЛЬ] находится на рассмотрении у ГО","Строительство, дольщики, жилищные проблемы",20.12.2025,11,ЖКХ,
765541,"Обращение с регистрационным номером 765541, направленное в Блог Председатель Правления АО «Казахстанский центр модернизации и развития жилищно-коммунального хозяйства» [ЗАЯВИТЕЛЬ] находится на рассмотрении у ГО","Строительство, дольщики, жилищные проблемы",14.05.2025,0,лифт,
765975,"Обращение с регистрационным номером 765975, направленное в Блог Председатель Правления АО «Казахстанский центр модернизации и развития жилищно-коммунального хозяйства» [ЗАЯВИТЕЛЬ] находится на рассмотрении у ГО",О работе государственных органов (госуслуги),13.12.2025,0,ЖКХ,
765539,"Обращение с регистрационным номером 765539, направленное в Блог Председатель Правления АО «Казахстанский центр модернизации и развития жилищно-коммунального хозяйства» [ЗАЯВИТЕЛЬ] находится на рассмотрении у ГО","Строительство, дольщики, жилищные проблемы",13.05.2025,0,ЖКХ,
765964,"Обращение с регистрационным номером 765964, направленное в Блог Председатель Правления АО «Казахстанский центр модернизации и развития жилищно-коммунального хозяйства» [ЗАЯВИТЕЛЬ] находится на рассмотрении у ГО","Строительство, дольщики, жилищные проблемы",12.12.2025,0,отопление,
765536,"Обращение с регистрационным номером 765536, направленное в Блог Председатель Правления АО «Казахстанский центр модернизации и развития жилищно-коммунального хозяйства» [ЗАЯВИТЕЛЬ] находится на рассмотрении у ГО","Строительство, дольщики, жилищные проблемы",12.05.2025,1,канализация,
765535,"Обращение с регистрационным номером 765535, направленное в Блог Председатель Правления АО «Казахстанский центр модернизации и развития жилищно-коммунального хозяйства» [ЗАЯВИТЕЛЬ] находится на рассмотрении у ГО","Строительство, дольщики, жилищные проблемы",12.05.2025,0,канализация,
765534,"Обращение с регистрационным номером 765534, направленное в Блог Председатель Правления АО «Казахстанский центр модернизации и развития жилищно-коммунального хозяйства» [ЗАЯВИТЕЛЬ] находится на рассмотрении у ГО","Строительство, дольщики, жилищные проблемы",12.05.2025,2,канализация,
765077,"Обращение с регистрационным номером 765077, направленное в Блог Председатель Правления АО «Казахстанский центр модернизации и развития жилищно-коммунального хозяйства» [ЗАЯВИТЕЛЬ] находится на рассмотрении у ГО","Строительство, дольщики, жилищные проблемы",27.06.2024,1,отопление,
765076,"Обращение с регистрационным номером 765076, направленное в Блог Директор ТОО «Центр по управлению пассажирскими перевозками» [ЗАЯВИТЕЛЬ] находится на рассмотрении у ГО",Транспорт,26.06.2024,1,автобус,
764896,"Уважаемая [ЗАЯВИТЕЛЬ]! Прошу помочь мне, так как я оказалась в трудной жизненной ситуации. Между мною, [ЗАЯВИТЕЛЬ] и АО «Отбасы банк» 20 октября 22021 года был заключен договор банковского займа №SPO2824-1600-2021, согласно которому мною был получен кредит на сумму 9",Ипотека,22.02.2024,70,отопление,https://dialog.egov.kz/blogs/all-questions/764896
765196,"Председателю АО «Отбасы банк» [ЗАЯВИТЕЛЬ] Копия: Директору АО «[ЗАЯВИТЕЛЬ] сберегательный Банк «[ЗАЯВИТЕЛЬ]» (г. Шымкент) [ЗАЯВИТЕЛЬ] От участника, состоящего на учете нуждающихся в жилище в МИО гр-ки [ЗАЯВИТЕЛЬ]","Строительство, дольщики, жилищные проблемы",21.10.2024,174,ЖКХ,https://dialog.egov.kz/blogs/all-questions/765196
765064,"Здравствуйте, наши уважаемые чиновники и уважаемый Министр туризма и спорта [ЗАЯВИТЕЛЬ] В прошлом году мы с коллегами выезжали в Туркестанскую область совершить хадж по святым местам на туристическом автобусе. Были в мавзолеях Арстан-баба, [ЗАЯВИТЕЛЬ], Домалак-Ана",Туризм,14.06.2024,188,автобус,https://dialog.egov.kz/blogs/all-questions/765064
765084,"Обращение с регистрационным номером 765084, направленное в Блог Генеральный директор РГП на ПХВ ""Национальный научный центр развития сферы социальной защиты"" [ЗАЯВИТЕЛЬ] отклонено ГО 09.07.2024",Занятость населения,07.07.2024,1,отопление,
764913,"Обращение с регистрационным номером 764913, направленное в Блог Председатель Правления АО «НГК «Казгеология» [ЗАЯВИТЕЛЬ] находится на рассмотрении у ГО",Транспорт,04.03.2024,1,автобус,
765129,"02.09.2024 года АО «АРЭК» очередной раз незаконно прекратило подачу электрической энергии физическим лицам мне и моим соседям всем подряд по адресу: город Астана, улица А75, дом 2 и все подряд моим соседям, в нарушение подпунктов 1, 2 пункта 11 главы 6 Типовых договоров энергосна","Строительство, дольщики, жилищные проблемы",03.09.2024,271,лифт,https://dialog.egov.kz/blogs/all-questions/765129
763956,"Обращение с регистрационным номером 763956, направленное в Блог Генеральный директор РГП на ПХВ «Республиканский центр электронного здравоохранения» [ЗАЯВИТЕЛЬ] отклонено ГО 24.04.2023",Здравоохранение,29.03.2023,6,водоснабжение,
763954,"Уважаемые господа! просьба проверить и устранить завышенные платежи за эл энергию, Мы все время платили по 5-7 тыс тенге, но с декабря нам приходят по 20 тыс! В январе мы включали на пару дней эл отопление, но это должно быть только на 3-5 тыс больше (парокапельные батареи), н",О работе государственных органов (госуслуги),29.03.2023,136,отопление,https://dialog.egov.kz/blogs/all-questions/763954
763931,"Обращение с регистрационным номером 763931, направленное в Блог Председатель Правления АО «Казахстанский центр модернизации и развития жилищно-коммунального хозяйства» [ЗАЯВИТЕЛЬ] находится на рассмотрении у ГО",О работе государственных органов (госуслуги),25.03.2023,0,отопление,
764170,"Здравствуйте! Я снова вынуждена обратиться к Вам! Экономический суд не отменили, а перенесли на 26.05.2023г. Хотя я отправила всем скрин о том, что у меня нет задолженностей! Контролер ""Актобе су энерджи групп"" так и написала мне, что их организация никуда не подавала.",Ипотека,24.05.2023,206,отопление,https://dialog.egov.kz/blogs/all-questions/764170
764478,"Обращение с регистрационным номером 764478, направленное в Блог Председатель Правления АО «Казахстанский центр модернизации и развития жилищно-коммунального хозяйства» [ЗАЯВИТЕЛЬ] находится на рассмотрении у ГО",О работе государственных органов (госуслуги),21.08.2023,1,освещение,
763585,"Обращение с регистрационным номером 763585, направленное в Блог Председатель Правления АО «Казахстанский центр модернизации и развития жилищно-коммунального хозяйства» [ЗАЯВИТЕЛЬ] находится на рассмотрении у ГО",Земельные вопросы,21.01.2023,0,отопление,
763584,"Обращение с регистрационным номером 763584, направленное в Блог Директор РГГП «Республиканского научно-практического центра «Дарын» Министерства просвещения РК [ЗАЯВИТЕЛЬ] находится на рассмотрении у ГО",Правоохранительные органы,21.01.2023,0,отопление,
763582,"Уважаемый [ЗАЯВИТЕЛЬ]! Я [ЗАЯВИТЕЛЬ], проживающая в городе Экибастуз, была вчера у Вас на личном приёме, поднимала вопросы отопления в квартире и горячего водоснабжения. Хочу выразить Вам",О работе государственных органов (госуслуги),21.01.2023,148,водоснабжение,https://dialog.egov.kz/blogs/all-questions/763582
763553,"Здравствуйте. с 2019 года мое единственное жилье признано аварийным, но меня не ставят в очередь на жилье. Уже второй раз пытаюсь встать в очередь, но мне отказывают. Внятного ответа никто не дает. У меня 4 детей, я в разводе, фактически одинокая. На старшего ребенка есть справка","Строительство, дольщики, жилищные проблемы",18.01.2023,126,отопление,https://dialog.egov.kz/blogs/all-questions/763553
763551,"Обращение с регистрационным номером 763551, направленное в Блог Председатель Правления АО «Казахстанский центр модернизации и развития жилищно-коммунального хозяйства» [ЗАЯВИТЕЛЬ] находится на рассмотрении у ГО",Свободная тема,18.01.2023,4,канализация,
763533,ҚР Бас прокуроры [ЗАЯВИТЕЛЬ]Асыловқа,Ипотека,17.01.2023,114,жол,https://dialog.egov.kz/blogs/all-questions/763533
763730,"Наша организация планируется строительство нижеследующих сооружений для обслуживания административно-бытового корпуса: 1)подземный водопровод, 2)подземные сети канализации, 3)очистные сооружения, 4)подземные линии связи. В связи с этим просим ответить на cследующие вопросы: 1)ука",Свободная тема,14.02.2023,116,канализация,https://dialog.egov.kz/blogs/all-questions/763730
763506,[ЗАЯВИТЕЛЬ]! «Бағаларына мемлекеттік реттеу белгіленген бөлшек саудада өткізілетін мұнай өнімдеріне шекті бағаларды белгілеу туралы» [ЗАЯВИТЕЛЬ] министрінің 2015 жылғы 19 мамырдағы № 361 бұйрығына өзгеріс енгізу туралы [ЗАЯВИТЕЛЬ],Регионы,13.01.2023,134,көлік,https://dialog.egov.kz/blogs/all-questions/763506
763496,"Уважаемый [ЗАЯВИТЕЛЬ]! У меня такой простой вопрос и сразу решит можно мне кажется. Вопрос: 1) Сегодня ходил налоговый мне дали расчет налога на транспорт за 2022г. сумму 403 090 тенге, почему много рассчитали я не смог понять? когда с сайта смотришь другой расчет ( Дата ввоза",Транспорт,13.01.2023,506,транспорт,https://dialog.egov.kz/blogs/all-questions/763496
763187/1,"[ЗАЯВИТЕЛЬ]! Жол жүру куәлігін алу бойынша тестті 5-ші мәрте ғана тапсырғанда өте алдым. Бірақ 2-ші кезеңде Түркістан қаласындағы көлік айдау тапсырмасын өту барысы өте қиын болып тұр. Осы тапсырманы сәтті өту үшін, ақылы болса да, белгіленген жерді көлікпен үйрету тура",О работе государственных органов (госуслуги),13.01.2023,150,жол,https://dialog.egov.kz/blogs/all-questions/763485
763372,"Добрый день! Уважаемый министр Корпоративный фонд ""Южно-Казахстанский областной центр услуг реабилитации"" Туркестанской области оказываем услуги ""Инватакси"" инвалидам имеющим затрудния в передвижении . На основании Закон ГЗ ст.39 п.3 пп.54 мы заключали в т",Социальное обеспечение,12.01.2023,382,транспорт,https://dialog.egov.kz/blogs/all-questions/763372
763364,"Здравствуйте! Я инвалид 1 группы, сижу в инвалидной коляске. Прошу помощи, я стала заблокирована в своём доме из-за снегопада. Улицу нужно очистить. Ко мне не может добраться транспорт. Дом заблокирован.Прошу вас помочь мне. Живу по адресу : мкр Каргалы, улица кенесары Хан, дом 6",Информационно-коммуникационные технологии,12.01.2023,150,транспорт,https://dialog.egov.kz/blogs/all-questions/763364
763362,"Уважаемый [ЗАЯВИТЕЛЬ]! вынуждена вновь обратится к Вам. В нашем дворе осенью 2022 года был произведен капитальный ремонт двора, после чего во дворе нашего дома и на вдоль сквозного проезда нам отключили свет. Живем в кромешной тьме. Рядом заброшенный детский сад, место",Свободная тема,12.01.2023,138,освещение,https://dialog.egov.kz/blogs/all-questions/763362
763359,Добрый день. Строительной компанией BI-Group реализуется проект по строительству в городе Астане бигвиля «Jetisu» со строительством на ее территории инновационной школы и торгового дома. На сегодняшнее число уже получены ключи в ЖК Jetisu.Aqsu и ЖК Jetisu.Lepsi. В ближайшие годы,Транспорт,12.01.2023,871,светофор,https://dialog.egov.kz/blogs/all-questions/763359
763345/1,"[ЗАЯВИТЕЛЬ] транспорта [ЗАЯВИТЕЛЬ] Уважаемый [ЗАЯВИТЕЛЬ], прошу Вас разобраться в данной ситуации. Находясь на остановке управление Железной дороги по маршруту автобуса № 118Э города Караганда время 18-36 час, 9 я",Транспорт,12.01.2023,137,транспорт,https://dialog.egov.kz/blogs/all-questions/763405
763345,"[ЗАЯВИТЕЛЬ] транспорта [ЗАЯВИТЕЛЬ] Уважаемый [ЗАЯВИТЕЛЬ], прошу Вас разобраться в данной ситуации. Находясь на остановке управление Железной дороги по маршруту автобуса № 118Э города Караганда время 18-36 час, 9 я",Транспорт,11.01.2023,136,транспорт,https://dialog.egov.kz/blogs/all-questions/763345
763335,"[ЗАЯВИТЕЛЬ] мырза, Бүгінгі таңда Жеті жол тұрғын үй кешенінде (Тілендиев даңғ. 44а) төтенше санитарлық-эпидемиологиялық жағдай орын алды. Тұрғын үй кешенінің жертөлесі, сол маңдағы қалалық кәріз торабы бітелген себепті лас суға толды. Бітелген кәріз суының біздің үйді","Строительство, дольщики, жилищные проблемы",11.01.2023,174,жол,https://dialog.egov.kz/blogs/all-questions/763335
763315,"Обращаюсь к Вам с большой просьбой поднять вопрос и унифицировать на законодательном уровне, о запрете в свободной продаже знака ""Инвалид"" (его зачастую можно купить на автобарахолках и в бутиках, где торгуют запчастями) и дальнейшего регламента по выдаче специального",Социальное обеспечение,11.01.2023,284,транспорт,https://dialog.egov.kz/blogs/all-questions/763315
763304,"[ЗАЯВИТЕЛЬ]! Мен, [ЗАЯВИТЕЛЬ], Облыстық қоғамдық кеңес мүшесі ретінде және облысымыздағы созылмалы бүйрек жетіспеушілігі бар науқастардың атынан 2020 жылдың қазан айында сол уақытта облыс әкімі болған [ЗАЯВИТЕЛЬ] жеке қабылдауын",Здравоохранение,11.01.2023,216,жол,https://dialog.egov.kz/blogs/all-questions/763304
763267,"09 Карагандинская область, г. Караганда, 09.01.2023 по улице Сатыбалдина, а также на проспекте Шахтёров не расчищены от снега и льда пешеходные переходы, остановки, дороги. Усматривается невыполнение требований по производству работ на дорогах и содержанию дорог. Просим привлечь",Транспорт,10.01.2023,137,благоустройство,https://dialog.egov.kz/blogs/all-questions/763267
763266,"09 Карагандинская область, г. Караганда, 09.01.2023 по улице Сатыбалдина, а также на проспекте Шахтёров не расчищены от снега и льда пешеходные переходы, остановки, дороги. Усматривается невыполнение требований по производству работ на дорогах и содержанию дорог. Просим привлечь",Транспорт,10.01.2023,83,благоустройство,https://dialog.egov.kz/blogs/all-questions/763266
763261,"С данной проблемой обращаюсь повторно, так как ваша отписка в OPEN ALMATY не соответствует действительности. Проблемная территория находится в административной части Алатауского района(бывший Ауэзовский район), причем тут КГУ ""Аппарат акима Жетысуского района""? В случае",Свободная тема,10.01.2023,116,освещение,https://dialog.egov.kz/blogs/all-questions/763261
763242,"Меня зовут [ЗАЯВИТЕЛЬ], я живу по адресу Пр. Мира д.49 кв. 38, имею жалобы на работу Актобе суэнерджи так как уже 3 месяц ко мне приходят квитанции с 0 показателем, хотя в электронном виде указывается сумма оплаты, имею подозрения что мои показания неправильно счи",О работе государственных органов (госуслуги),10.01.2023,125,канализация,https://dialog.egov.kz/blogs/all-questions/763242
763227,Министерство [ЗАЯВИТЕЛЬ] Казахстан От:[ЗАЯВИТЕЛЬ],О работе государственных органов (госуслуги),10.01.2023,233,освещение,https://dialog.egov.kz/blogs/all-questions/763227
763213,"""ҚазақстанРеспубликасы [ЗАЯВИТЕЛЬ]"" мемлекеттік мекемесі ""[ЗАЯВИТЕЛЬ] жемқорлыққа қарсы іс-қимыл агенттігі (Сыбайлас жемқорлыққа қарсы қызмет)"" мемлекеттік мекемесі ""[ЗАЯВИТЕЛЬ] және жоғары білім мини",Правоохранительные органы,10.01.2023,137,жол,https://dialog.egov.kz/blogs/all-questions/763213
763212,"""ҚазақстанРеспубликасы [ЗАЯВИТЕЛЬ]"" мемлекеттік мекемесі ""[ЗАЯВИТЕЛЬ] жемқорлыққа қарсы іс-қимыл агенттігі (Сыбайлас жемқорлыққа қарсы қызмет)"" мемлекеттік мекемесі ""[ЗАЯВИТЕЛЬ] және жоғары білім мини",Правоохранительные органы,10.01.2023,199,жол,https://dialog.egov.kz/blogs/all-questions/763212
763211/1,"""ҚазақстанРеспубликасы [ЗАЯВИТЕЛЬ]"" мемлекеттік мекемесі ""[ЗАЯВИТЕЛЬ] жемқорлыққа қарсы іс-қимыл агенттігі (Сыбайлас жемқорлыққа қарсы қызмет)"" мемлекетті",Правоохранительные органы,10.01.2023,96,жол,https://dialog.egov.kz/blogs/all-questions/763247
763211,"""ҚазақстанРеспубликасы [ЗАЯВИТЕЛЬ]"" мемлекеттік мекемесі ""[ЗАЯВИТЕЛЬ] жемқорлыққа қарсы іс-қимыл агенттігі (Сыбайлас жемқорлыққа қарсы қызмет)"" мемлекетті",Правоохранительные органы,10.01.2023,143,жол,https://dialog.egov.kz/blogs/all-questions/763211
763210,"""ҚазақстанРеспубликасы [ЗАЯВИТЕЛЬ]"" мемлекеттік мекемесі ""[ЗАЯВИТЕЛЬ] жемқорлыққа қарсы іс-қимыл агенттігі (Сыбайлас жемқорлыққа қарсы қызмет)"" мемлекетті",Правоохранительные органы,10.01.2023,93,жол,https://dialog.egov.kz/blogs/all-questions/763210
763208,"Обращение с регистрационным номером 763208, направленное в Блог [ЗАЯВИТЕЛЬ] РК [ЗАЯВИТЕЛЬ] отклонено ГО 27.01.2023",Правоохранительные органы,10.01.2023,0,жол,
763187,"[ЗАЯВИТЕЛЬ]! Жол жүру куәлігін алу бойынша тестті 5-ші мәрте ғана тапсырғанда өте алдым. Бірақ 2-ші кезеңде Түркістан қаласындағы көлік айдау тапсырмасын өту барысы өте қиын болып тұр. Осы тапсырманы сәтті өту үшін, ақылы болса да, белгіленген жерді көлікпен үйрету тура",О работе государственных органов (госуслуги),10.01.2023,163,жол,https://dialog.egov.kz/blogs/all-questions/763187
763140,"Сәлеметсізбе «Азаматтарға арналған үкімет» Мемлекеттік корпорациясы» [ЗАЯВИТЕЛЬ] бойынша Корпорация қызметкерлер жалақысы қазіргі таңда дұрыс бекітіліп беріліп отырған жоқ. Осы орайда Корпорацияның қызметкерлері жалақысын толық қадағауларыңызға алғандарыңызды сұранамын. 1)Яғни, Орталы",Свободная тема,09.01.2023,82,көлік,https://dialog.egov.kz/blogs/all-questions/763140
763127,"Здравствуйте, аким! Хочу попросить вас, чтобы по всей улице [ЗАЯВИТЕЛЬ] начиная от вокзала Алматы- 1 до Абая горели все столбы в целях освещения. Почему столбы в Турксибском, Жетысуйском районах не везде горят! Освещение улиц является важной частью инфраструктуры и пр",Транспорт,09.01.2023,129,освещение,https://dialog.egov.kz/blogs/all-questions/763127
763083,"Обращение с регистрационным номером 763083, направленное в Блог [ЗАЯВИТЕЛЬ] РК [ЗАЯВИТЕЛЬ] отклонено ГО 27.01.2023",О работе государственных органов (госуслуги),09.01.2023,2,транспорт,
763014/1,"[ЗАЯВИТЕЛЬ] транспорта [ЗАЯВИТЕЛЬ] Уважаемый [ЗАЯВИТЕЛЬ], прошу Вас разобраться в данной ситуации. Находясь на остановке управление Железной дороги по маршруту автобуса № 118Э города Караганда время 18-48 час,",Транспорт,09.01.2023,116,транспорт,https://dialog.egov.kz/blogs/all-questions/763169
764210,"Обращение с регистрационным номером 764210, направленное в Блог Председатель Правления АО «Казахстанский центр модернизации и развития жилищно-коммунального хозяйства» [ЗАЯВИТЕЛЬ] находится на рассмотрении у ГО","Строительство, дольщики, жилищные проблемы",07.06.2023,13,водоснабжение,
763039,"[ЗАЯВИТЕЛЬ] мырза, [ЗАЯВИТЕЛЬ]! Мен, [ЗАЯВИТЕЛЬ], Шымкент қаласының тұрғынымын. Менің, Сіздің атыңызға жазып отырған осы өтінішім мен шағымым Астана қаласы [ЗАЯВИТЕЛЬ] Басқармасының, оның ішінде аға тергеушісі [ЗАЯВИТЕЛЬ] қабылдаған заңсыз шешімі",О работе государственных органов (госуслуги),07.01.2023,85,жол,https://dialog.egov.kz/blogs/all-questions/763039
763689,"Мы организовали ОСИ «Автомобилист – 21» дата регистрации 26.01.2021. Я являюсь председателем [ЗАЯВИТЕЛЬ]. По решению экономического суда обязали [ЗАЯВИТЕЛЬ] выдать нам документы вместе технические и финансовые, дело № 7527 – 21 -00-2/3346 24мая 2021года. Но","Строительство, дольщики, жилищные проблемы",06.02.2023,104,водоснабжение,https://dialog.egov.kz/blogs/all-questions/763689
763688,"Обращение с регистрационным номером 763688, направленное в Блог Председатель правления АО «Республиканская газета «[ЗАЯВИТЕЛЬ]» [ЗАЯВИТЕЛЬ] находится на рассмотрении у ГО","Строительство, дольщики, жилищные проблемы",06.02.2023,0,водоснабжение,
763687,"Мы организовали ОСИ «Автомобилист – 21» дата регистрации 26.01.2021. Я являюсь председателем [ЗАЯВИТЕЛЬ]. По решению экономического суда обязали [ЗАЯВИТЕЛЬ] выдать нам документы вместе технические и финансовые, дело № 7527 – 21 -00-2/3346 24мая 2021года. Но","Строительство, дольщики, жилищные проблемы",06.02.2023,131,водоснабжение,https://dialog.egov.kz/blogs/all-questions/763687
763678,"Обращение с регистрационным номером 763678, направленное в Блог Директор КГУ «Центр документации новейшей истории» управления цифровизации и архивов ВКО [ЗАЯВИТЕЛЬ] находится на рассмотрении у ГО",Информационно-коммуникационные технологии,06.02.2023,5,көлік,
763014,"[ЗАЯВИТЕЛЬ] транспорта [ЗАЯВИТЕЛЬ] Уважаемый [ЗАЯВИТЕЛЬ], прошу Вас разобраться в данной ситуации. Находясь на остановке управление Железной дороги по маршруту автобуса № 118Э города Караганда время 18-48 час,",Транспорт,06.01.2023,136,транспорт,https://dialog.egov.kz/blogs/all-questions/763014
763013,"ҚР Оқу-ағарту министрі [ЗАЯВИТЕЛЬ]Бейсембаевқа математик [ЗАЯВИТЕЛЬ] Жаңа жылмен бірге тағайындалған жаңа қызметіңіз құтты болсын! Еліміздегі білім беру ісін биікке көтеріп, жемісті қызмет ететініңізге сенеміз. [ЗАЯВИТЕЛЬ]Сағадиевтің министр",Образование,06.01.2023,175,жол,https://dialog.egov.kz/blogs/all-questions/763013
762961,"Здравствуйте. Вынуждена срочно обратиться к вам. Суть в том. что в прилегающем дворе дома по ул. Шолохова дом 20 сносят казахскую школу. При этом разрушение зданий производят недозволенными способами: ковшом экскаваторов долбят крыши ,стены. От этого наш дом весь трясется как п","Строительство, дольщики, жилищные проблемы",06.01.2023,99,отопление,https://dialog.egov.kz/blogs/all-questions/762961
762898,"Құрметті, Министр мырза, [ЗАЯВИТЕЛЬ]! Мен, [ЗАЯВИТЕЛЬ], Шымкент қаласы тұрғынымын. Мен, Сіздің жеке Өзіңізге бірнеше рет қайталап осы ""Ашық диалог "" порталыңызға арыз жазған болатынмын. Ондағы жазған өтінішім және шағымым полиция қызметкерлерінің заңсыз іс-әреке",О работе государственных органов (госуслуги),05.01.2023,85,жол,https://dialog.egov.kz/blogs/all-questions/762898
764743,"Обращение с регистрационным номером 764743, направленное в Блог [ЗАЯВИТЕЛЬ] академии образования им. [ЗАЯВИТЕЛЬ] находится на рассмотрении у ГО",Образование,04.12.2023,1,автобус,
762788,"Уважаемый аким, обращаюсь вам по поводу частных домов по улице кенесары 56/1, рядом с нами снесли школу 8 и мы попадали в зону отвода под строительство жк, последний раз в прямом эфире аким Байконурского района сказал что на этом участке строительства не будет!? Если не будет стр",Земельные вопросы,04.01.2023,95,канализация,https://dialog.egov.kz/blogs/all-questions/762788
762781,"Северо-Казахстанская область Петропавловск, 02.01.2023 На улице [ЗАЯВИТЕЛЬ] 227 неисправен фонарь освещения. Муниципальные службы и полиция бездействуют. Материалы по ссылке: https://vk.com/oo_dk?w=wall-170724219_16127",Свободная тема,03.01.2023,330,освещение,https://dialog.egov.kz/blogs/all-questions/762781
762780,"Северо-Казахстанская область Петропавловск, 02.01.2023 На улице [ЗАЯВИТЕЛЬ] 227 неисправен фонарь освещения. Муниципальные службы и полиция бездействуют. Материалы по ссылке: https://vk.com/oo_dk?w=wall-170724219_16127",Свободная тема,03.01.2023,71,освещение,https://dialog.egov.kz/blogs/all-questions/762780
764419,"Обращение с регистрационным номером 764419, направленное в Блог Председатель Правления АО «Казахстанский центр модернизации и развития жилищно-коммунального хозяйства» [ЗАЯВИТЕЛЬ] находится на рассмотрении у ГО","Строительство, дольщики, жилищные проблемы",02.08.2023,12,канализация,
763654,"Здравствуйте. Прошу Вас пояснить следующее. На мое обращение в блог Министра энергетики РК [ЗАЯВИТЕЛЬ] (№ 758695) 08.11.2022 г., я получила ответ: ""В соответствии с АГСК-1-2015 «Перечень нормативных правовых актов и нормативно-технических документов в области архитекту",Свободная тема,01.02.2023,193,транспорт,https://dialog.egov.kz/blogs/all-questions/763654
762725,"Обращение с регистрационным номером 762725, направленное в Блог [ЗАЯВИТЕЛЬ] РК [ЗАЯВИТЕЛЬ] отклонено ГО 12.01.2023",Правоохранительные органы,31.12.2022,3,транспорт,
762689,"Здравствуйте. Я, [ЗАЯВИТЕЛЬ], прошу Вас разобраться в произошедшей ситуации и принять соответствующие меры. Вчера, 29.12.2022 года, моего сына, [ЗАЯВИТЕЛЬ] 2005г.р. не пустили на поезд №623ТА, вагон №3, место №42, следованием Астана-Петропавловск. Отказ провод",Транспорт,30.12.2022,103,транспорт,https://dialog.egov.kz/blogs/all-questions/762689
762537/1,Қызылорда облысының әкімі [ЗАЯВИТЕЛЬ] Қызылорда қаласының әкімі [ЗАЯВИТЕЛЬ] ҚР Ішкі істер министрі [ЗАЯВИТЕЛЬ] ҚР [ЗАЯВИТЕЛЬ] ҚР Сыбайлас жемқорлыққа қарсы іс-қимыл [ЗАЯВИТЕЛЬ] (Сыбайлас жемқорлыққа қарсы қызмет) [ЗАЯВИТЕЛЬ],"Строительство, дольщики, жилищные проблемы",30.12.2022,220,канализация,https://dialog.egov.kz/blogs/all-questions/762684
762534/1,Қызылорда облысының әкімі [ЗАЯВИТЕЛЬ] Қызылорда қаласының әкімі [ЗАЯВИТЕЛЬ] ҚР Ішкі істер министрі [ЗАЯВИТЕЛЬ] ҚР [ЗАЯВИТЕЛЬ] ҚР Сыбайлас жемқорлыққа қарсы іс-қимыл [ЗАЯВИТЕЛЬ] (Сыбайлас жемқорлыққа қарсы қызмет) [ЗАЯВИТЕЛЬ],"Строительство, дольщики, жилищные проблемы",30.12.2022,190,канализация,https://dialog.egov.kz/blogs/all-questions/762678
760744,"Хороших людей навряд ли назовут ""мусором"", но столкнувшись с вашими ""ребятами"" несколько раз, я прекрасно понимаю людей, которые называют ваших сотрудников именно так...Вот прошло ровно 2 месяца с тех пор, как я обратилась по поводу кражи моего забора по адрес",Правоохранительные органы,30.11.2022,91,мусор,https://dialog.egov.kz/blogs/all-questions/760744
760739,"В официальной публикации министерства от 30 ноября 2022 года сообщается о сформированном общественном совете, в который вошли 21 человек. Просим сообщить: 1) полный перечень членов общественного совета 2) указать в соответствии с какими нормативными документами происходил отбор к",Образование,30.11.2022,73,освещение,https://dialog.egov.kz/blogs/all-questions/760739
758098,"Уважаемый министр, мною Вам было отправлено обращение от 10.09.2022 № 753730, в котором отмечалось о несоблюдении санитарно-эпидемиологических норм в содержании мусорных свалок. После вашего окрика областная СЭС организовала уборку территории. Однако эта косметика не решила пробл",Здравоохранение,30.10.2022,99,мусор,https://dialog.egov.kz/blogs/all-questions/758098
755927,"[ЗАЯВИТЕЛЬ]! Вы что, насмехаетесь??? мое обращение 754434. Пожалуйста прочитайте внимательно. Устанавливать контейнеры по улице Парковая категорически нельзя, т.к. это не соответствует санитарным нормам РК!!!! Более того, я настоятельно требую чтобы огромный мусоров",О работе государственных органов (госуслуги),30.09.2022,80,мусор,https://dialog.egov.kz/blogs/all-questions/755927
746038,"[ЗАЯВИТЕЛЬ], 2019-2021 жылдар аралығында, Түркістан қаласында ""TURKISTAN"" арнайы экономикалық аймағын құру жоспарына сәйкес, мемлекеттің мұқтажы үшін жаңадан құрылыс жұмыстарын жүргізуге «Түркістан жарық - тазалық» ЖШС-гі арқылы 543 тұрғын үй және кәс",Малый и средний бизнес,30.06.2022,105,қоқыс,https://dialog.egov.kz/blogs/all-questions/746038
762674,"Министру внутренних дел Республики Казахстан [ЗАЯВИТЕЛЬ] Жалоба на действие/бездействие сотрудников Департамента полиции города Семей, Департамента полиции Карагандинской области, Департамента полиции Западно-Казахстанской области, Управления собственной безопасности",Правоохранительные органы,29.12.2022,88,транспорт,https://dialog.egov.kz/blogs/all-questions/762674
762673,"Обращение с регистрационным номером 762673, направленное в Блог [ЗАЯВИТЕЛЬ] РК [ЗАЯВИТЕЛЬ] отклонено ГО 27.01.2023",Правоохранительные органы,29.12.2022,2,транспорт,
762667,"Обращение с регистрационным номером 762667, направленное в Блог [ЗАЯВИТЕЛЬ] РК [ЗАЯВИТЕЛЬ] отклонено ГО 25.01.2023",Свободная тема,29.12.2022,2,жарық,
760623,"Здраствуйте! У нас вопрос касательно лицензии. Требуется ли наличие лицензии с подвидом: ""Природоохранное проектирование, нормирование для 1 категории хозяйственной и иной деятельности"" для разработки рабочего проекта (строительства, реконструкции, капитального ремонта",Малый и средний бизнес,29.11.2022,128,водоснабжение,https://dialog.egov.kz/blogs/all-questions/760623
755788,"Қайырлы күн! Ордабасы ауданы Шұбарсу елді мекені, Рауан массиві тұрғындары жарықсыз не сусыз отырғанына бүгін үшінші күн. Жарық пен су жиі өшеді. Жарық жекеменшік мекемеге тиісті дейді. Айына артық төлем шығады, яғни тұрғындардың есептегіш көрсеткішінен артық квт. Шамамен 200,0",Свободная тема,29.09.2022,112,жарық,https://dialog.egov.kz/blogs/all-questions/755788
755785,"Құрметті министр! Түркістан облысы , Ордабасы ауданы , Шұбарсу елді мекені Рауан массиві жарықсыз жиі қалып кетеді. Міне, үшінші күн жарықсыз отырғанымызға. Естуімше, жарық беру жекеменшік екен. 65 үйге ай сайын 200,000 теңгедей шығын артық төлем келеді. Жарық болмаған соң не",Свободная тема,29.09.2022,91,жарық,https://dialog.egov.kz/blogs/all-questions/755785
755782,"Обращение с регистрационным номером 755782, направленное в Блог Уполномоченный по правам человека в РК [ЗАЯВИТЕЛЬ] находится на рассмотрении у ГО",Свободная тема,29.09.2022,2,жарық,
755754,"Акиму города Алматы от [ЗАЯВИТЕЛЬ] ИИН [ИИН], 050035, город Алматы, микрорайон 10, дом 15-5, кВ.3; тел. 777-525-8757 e-mail [EMAIL] Ранее я неоднократно обращался о состоянии зеленого массива и благоустройства территории жилого дома 15-а в микр",О работе государственных органов (госуслуги),29.09.2022,74,благоустройство,https://dialog.egov.kz/blogs/all-questions/755754
752471,"Акиму города Алматы от [ЗАЯВИТЕЛЬ] ИИН [ИИН], 050035, город Алматы, микрорайон 10, дом 15-5, кВ.3; тел. 777-525-8757 e-mail [EMAIL] Ранее я неоднократно обращался о состоянии зеленого массива и благоустройства территории жилого","Культура, информация и экология",29.08.2022,78,мусор,https://dialog.egov.kz/blogs/all-questions/752471
749022/2,"Обращение с регистрационным номером 749022/2, направленное в Блог Аким области Жетісу [ЗАЯВИТЕЛЬ] отклонено ГО 01.08.2022",О работе государственных органов (госуслуги),29.07.2022,1,су,
749022/1,"Обращение с регистрационным номером 749022/1, направленное в Блог [ЗАЯВИТЕЛЬ] РК [ЗАЯВИТЕЛЬ] отклонено ГО 12.08.2022",О работе государственных органов (госуслуги),29.07.2022,2,су,
762564,"Добрый день! Я как физическое лицо в 2019 году по просьбе местного исполнительного органа, самостоятельно построил жилой дом, акт приемки построенного объекта в эксплуатацию от 15.11.2019 г. Дата регистрации права собственности 26.11.2019 г. и в том же году согласно договора купл",Финансы,28.12.2022,117,транспорт,https://dialog.egov.kz/blogs/all-questions/762564
762559,[ЗАЯВИТЕЛЬ] Казахастан [ЗАЯВИТЕЛЬ] РК по финансовому мониторингу [ЗАЯВИТЕЛЬ] от директора ТОО «ДезФумэкс » [ЗАЯВИТЕЛЬ] Тел: [ТЕЛЕФОН] Эл.почта: [EMAIL] ЗАЯВЛЕНИЕ Поводом настоящего обращения послужили про,Малый и средний бизнес,28.12.2022,131,транспорт,https://dialog.egov.kz/blogs/all-questions/762559
762558,"Обращение с регистрационным номером 762558, направленное в Блог [ЗАЯВИТЕЛЬ] РК [ЗАЯВИТЕЛЬ] отклонено ГО 05.01.2023",Малый и средний бизнес,28.12.2022,0,транспорт,
762553,"Уважаемый [ЗАЯВИТЕЛЬ]! Обращается к вам житель частного сектора Юго-Восток г.Караганды. Многие жители пользуются для отопления домов сжиженным газом, в большинстве своем пропаном. Долгое время цена на пропан была 149.6 тн/кг , недавно подняли до 161.5 ,хотя цена на смесь про","Строительство, дольщики, жилищные проблемы",28.12.2022,108,отопление,https://dialog.egov.kz/blogs/all-questions/762553
762551,"Осенью текущего года проводился капительный ремонт дворовой территории силами подрядной организации ТОО «KazIntelGroup». В процессе ремонта было демонтировано дворовое освещение и освещение аллеи. По прошествии 4-х месяцев свет не подключен, при этом мы единственный двор без све",О работе государственных органов (госуслуги),28.12.2022,75,освещение,https://dialog.egov.kz/blogs/all-questions/762551
762550,"Уважаемый г-н министр.Обращается к вам житель частного сектора р-на Юго-Восток г.Караганды. Многие пользуются в качестве отопления дома сжиженным газом.В зимнее время предпочтение отдаем пропану,т.к более надежно в морозы. До недавнего времени цена была 149.6 тн/кг ,до поднялась","Строительство, дольщики, жилищные проблемы",28.12.2022,89,отопление,https://dialog.egov.kz/blogs/all-questions/762550
762547,"Осенью текущего года проводился капительный ремонт дворовой территории силами подрядной организации ТОО «KazIntelGroup». В процессе ремонта было демонтировано дворовое освещение и освещение аллеи. По прошествии 4-х месяцев свет не подключен, при этом мы единственный двор без све",О работе государственных органов (госуслуги),28.12.2022,73,освещение,https://dialog.egov.kz/blogs/all-questions/762547
762537,Қызылорда облысының әкімі [ЗАЯВИТЕЛЬ] Қызылорда қаласының әкімі [ЗАЯВИТЕЛЬ] ҚР Ішкі істер министрі [ЗАЯВИТЕЛЬ] ҚР [ЗАЯВИТЕЛЬ] ҚР Сыбайлас жемқорлыққа қарсы іс-қимыл [ЗАЯВИТЕЛЬ] (Сыбайлас жемқорлыққа қарсы қызмет) [ЗАЯВИТЕЛЬ],"Строительство, дольщики, жилищные проблемы",28.12.2022,87,канализация,https://dialog.egov.kz/blogs/all-questions/762537
762536,Қызылорда облысының әкімі [ЗАЯВИТЕЛЬ] Қызылорда қаласының әкімі [ЗАЯВИТЕЛЬ] ҚР Ішкі істер министрі [ЗАЯВИТЕЛЬ] ҚР [ЗАЯВИТЕЛЬ] ҚР Сыбайлас жемқорлыққа қарсы іс-қимыл [ЗАЯВИТЕЛЬ] (Сыбайлас жемқорлыққа қарсы қызмет) [ЗАЯВИТЕЛЬ],"Строительство, дольщики, жилищные проблемы",28.12.2022,92,канализация,https://dialog.egov.kz/blogs/all-questions/762536
762535,"Обращение с регистрационным номером 762535, направленное в Блог [ЗАЯВИТЕЛЬ] РК [ЗАЯВИТЕЛЬ] отклонено ГО 05.01.2023","Строительство, дольщики, жилищные проблемы",28.12.2022,12,канализация,
762534,Қызылорда облысының әкімі [ЗАЯВИТЕЛЬ] Қызылорда қаласының әкімі [ЗАЯВИТЕЛЬ] ҚР Ішкі істер министрі [ЗАЯВИТЕЛЬ] ҚР [ЗАЯВИТЕЛЬ] ҚР Сыбайлас жемқорлыққа қарсы іс-қимыл [ЗАЯВИТЕЛЬ] (Сыбайлас жемқорлыққа қарсы қызмет) [ЗАЯВИТЕЛЬ],"Строительство, дольщики, жилищные проблемы",28.12.2022,87,канализация,https://dialog.egov.kz/blogs/all-questions/762534
762530,Қызылорда облысының әкімі [ЗАЯВИТЕЛЬ] Қызылорда қаласының әкімі [ЗАЯВИТЕЛЬ] ҚР Ішкі істер министрі [ЗАЯВИТЕЛЬ] ҚР [ЗАЯВИТЕЛЬ] ҚР Сыбайлас жемқорлыққа қарсы іс-қимыл [ЗАЯВИТЕЛЬ] (Сыбайлас жемқорлыққа қарсы қызмет) [ЗАЯВИТЕЛЬ],"Строительство, дольщики, жилищные проблемы",28.12.2022,505,канализация,https://dialog.egov.kz/blogs/all-questions/762530
760494,"Прошу рассмотреть подключение уличного освещения, светофоров по улице Әнет баба, со стороны улицы Мухамедханова в сторону пр.Сыганак.","Строительство, дольщики, жилищные проблемы",28.11.2022,77,освещение,https://dialog.egov.kz/blogs/all-questions/760494
760427,ҚҰРМЕТТІ!! Ахметжанов мырза мен Шымкент қаласының тұрғынымын менің өзімнің жеке мәселем бойынша сізге хат жазып отырмын менің өтініш Daewoo Nexia авто көлігім бар осы көлігімнің жарық шамдары өте нашар осы авто көлігімнің жарық шамдарын жөндетемін деп қаншама ақшам кетті барі бір,Транспорт,28.11.2022,69,жарық,https://dialog.egov.kz/blogs/all-questions/760427
760422,"Спасибо за ответ https://dialog.egov.kz/blogs/all-questions/760069. Однако на вопрос так и не ответили. Когда на сайте КДСиЖКХ [ЗАЯВИТЕЛЬ] опубликуют следующие документы к Приказу № 134-НҚ от 30 июня 2022 года ""Об утверждении Методического документа Республики Казахстан «Стандар",О работе государственных органов (госуслуги),28.11.2022,83,благоустройство,https://dialog.egov.kz/blogs/all-questions/760422
760406,"Доброе утро, в [ЗАЯВИТЕЛЬ] государства РК г-на [ЗАЯВИТЕЛЬ] обозначена общая задача – воплотить в жизнь Концепцию «Слышащего государства», которое оперативно и эффективно реагирует на все конструктивные запросы граждан. Путем постоянного диалога власти и общества","Строительство, дольщики, жилищные проблемы",28.11.2022,132,освещение,https://dialog.egov.kz/blogs/all-questions/760406
760405,"Просим рассмотреть работу, ответственность и принять меры в отношении КСК ""Байтерек-2010"" , который обслуживает жилой дом, расположенный по адресу пр. Құдайбердіұлы, 5. С 26 ноября, когда температурный режим в столице составлял минус 30 градусов, в жилом доме по Құдайбе","Строительство, дольщики, жилищные проблемы",28.11.2022,78,благоустройство,https://dialog.egov.kz/blogs/all-questions/760405
760403,"Благодарственное письмо Здравствуйте, уважаемый [ЗАЯВИТЕЛЬ]! Высоко оценивая Ваш труд и профессионализм, позвольте выразить своё почтение, а также признательность за Ваши успехи. Хочу поблагодарить Вас за реализацию [ЗАЯВИТЕЛЬ] государства Касым-[ЗАЯВИТЕЛЬ] наро",Спорт,28.11.2022,83,благоустройство,https://dialog.egov.kz/blogs/all-questions/760403
760402,"09 Карагандинская область г. Караганда, 24.11.2022 год Автомобиль с ГРНЗ 103 AFH 09 двигаясь со стороны ул. Сатыбалдина в сторону перекрёстка ул. Муканова 26 осуществил обгон на перекрёстке с выездом на запрещающий знак светофора, также нарушая ПДД создал аварийную обстановку, в",Транспорт,28.11.2022,108,светофор,https://dialog.egov.kz/blogs/all-questions/760402
760401,"09 Карагандинская область г. Караганда, 24.11.2022 год Автомобиль с ГРНЗ 103 AFH 09 двигаясь со стороны ул. Сатыбалдина в сторону перекрёстка ул. Муканова 26 осуществил обгон на перекрёстке с выездом на запрещающий знак светофора, также нарушая ПДД создал аварийную обстановку, в",Транспорт,28.11.2022,57,светофор,https://dialog.egov.kz/blogs/all-questions/760401
755615,"Уважаемый [ЗАЯВИТЕЛЬ]! Со своей идеей благоустройства нашей области к вам обращается творческий коллектив WomenArtДизайн, который уже много лет занимается дизайном и развитием национального искусства Казахстана. Нашей области и нашей стране всегда было и есть чем гордитс","Культура, информация и экология",28.09.2022,78,благоустройство,https://dialog.egov.kz/blogs/all-questions/755615
749109,Добрый день. Прошу обследовать участки дорог с. Кабанбай батыр светофор Мешит п.Талапкер. От платного терминала п. Коянды до мусорного полигона Астана. От платного терминала до пункта транспортного контроля по Карагандинской трассе. Возможно ли увеличение скоростного режима. Пола,Транспорт,28.07.2022,82,светофор,https://dialog.egov.kz/blogs/all-questions/749109
762515,"Добрый день, уважаемый [ЗАЯВИТЕЛЬ]! Я являюсь жителем города Караганды. В августе текущего года в нашем девятиэтажном жилом доме, на основании государственной программы «[ЗАЯВИТЕЛЬ] 2020-2025», установили новый лифт. С этой целью, собственники квартир провели общее с","Строительство, дольщики, жилищные проблемы",27.12.2022,69,освещение,https://dialog.egov.kz/blogs/all-questions/762515
762511,[ЗАЯВИТЕЛЬ] мырза. [ЗАЯВИТЕЛЬ] облысы Сауран ауданының Шаға ауыл әкімшілігіне қарасты Бершінтөбе елді мекенінің тұрғындары атынан. Сізге жолдап отырған халықтың көкейіндегі көптен қиналып жүрген жол мәселесі аулда көлік жүретін 1 км тас жол б,Сельское хозяйство,27.12.2022,147,көлік,https://dialog.egov.kz/blogs/all-questions/762511
762490,"Здравствуйте. Сложилась следующая ситуация, буду краток. В 2013 году, в г. Талдыкорган, на тот момент Алматинской области. Мною, [ЗАЯВИТЕЛЬ], соучредителем и директором ТОО ""ЖетысуСтрой-Град"", при обращении в городской отдел строительства, руководит",Малый и средний бизнес,27.12.2022,71,водоснабжение,https://dialog.egov.kz/blogs/all-questions/762490
762457/1,"Добрый день. Вынужден обратиться к вам вновь т.к. уже обращался по поводу принятия мер в отношении безответственного и халатного отношения к своим обязанностям ответственных лиц акимата Сайрамского района , акимата Туркестанской области ,а также других лиц. Дело в том .что",О работе государственных органов (госуслуги),27.12.2022,193,мусор,https://dialog.egov.kz/blogs/all-questions/762475
762457,"Добрый день. Вынужден обратиться к вам вновь т.к. уже обращался по поводу принятия мер в отношении безответственного и халатного отношения к своим обязанностям ответственных лиц акимата Сайрамского района , акимата Туркестанской области ,а также других лиц. Дело в том .что",О работе государственных органов (госуслуги),27.12.2022,79,мусор,https://dialog.egov.kz/blogs/all-questions/762457
757992,"Мы жители села [ЗАЯВИТЕЛЬ] района Алматинской области, где проживают более 10000 человек, просим Вас помочь рабраться в деле касающего газификации села Жаналык. Ранее мы обращались в ЖКХ о газификации села Жаналык. На что пришёл ответ от руководителя гос.учреждения """,Свободная тема,27.10.2022,61,мусор,https://dialog.egov.kz/blogs/all-questions/757992
757971,"Шымкент қ. Абай және Қаратау аудандары түйіскен Алматы тас жолы мен [ЗАЯВИТЕЛЬ] көшелерінің қиылысында орналасқан (бұрынғы қоқыс полигоны) Нұршуақ елді мекенінің маңындағы ""свалка"" аумағы қосқыстан тазартылғалы бірнеше жыл өтті? Бұрынғы қоқыс аумағы тұрғындар игілі",Земельные вопросы,27.10.2022,131,қоқыс,https://dialog.egov.kz/blogs/all-questions/757971
757906,"Ассалаумағалейкум есімім [ЗАЯВИТЕЛЬ], сұрақ: Жер кодексі 44-1 бабында ҚР Жер кодексi 44-1-бабы 8 тармағында: ""Жеке тұрғын үй құрылысы үшін жер учаскелері сұратылған кезде азаматтардың өтініштері (қолдаухаттары) арнайы есепке алынады және бөліп берілетін алаңдардың дай",Земельные вопросы,27.10.2022,101,қоқыс,https://dialog.egov.kz/blogs/all-questions/757906
755518,"Обращение с регистрационным номером 755518, направленное в Блог [ЗАЯВИТЕЛЬ] РК [ЗАЯВИТЕЛЬ] отклонено ГО 04.11.2022",О работе государственных органов (госуслуги),27.09.2022,0,благоустройство,
755466,"Здраствуйте! второй раз пишу Вам с жалобой о работе КСК в мкр.Орбита 3, дом 38. [ЗАЯВИТЕЛЬ] председатель КСК вообще не работает. В подъезде уже которой месяц не убирает (не моет),мусор. Отсутствует свет на каждом этаже, мы жители сами за собственный счет меняем лампы в подъезд","Строительство, дольщики, жилищные проблемы",27.09.2022,79,мусор,https://dialog.egov.kz/blogs/all-questions/755466
755454,"Добрый день! На протяжении последних 4 лет обращаюсь в Акимат Алматы по поводу установки светофоров на перекрестке Курмангазы - Жарокова, где расположены школы N 134 и N135. К сожалению на все обращения получал лишь стандартные отписки и только после личного звонка в Управление г",Транспорт,27.09.2022,94,светофор,https://dialog.egov.kz/blogs/all-questions/755454
752386,"Уважаемый [ЗАЯВИТЕЛЬ]! Обращаемся к Вам от лица жителей г. Алматы, проживающих в микрорайоне Нур-Алатау (Бостандыкский район). В нашем микрорайоне есть следующие проблемы, вызывающие риски для жизни и здоровья детей и взрослых. Первая касается парка, находящегося в квад",Свободная тема,27.08.2022,74,мусор,https://dialog.egov.kz/blogs/all-questions/752386
762416,"Добрый день. Настоящим хочу сообщить о необходимости установки светофора или пешеходного перехода для безопасного пересечения дороги, примыкающей к улице имени [ЗАЯВИТЕЛЬ]. Вблизи находятся перинатальный центр, поликлиника, больница, поэтому часто машины скорой помощи с включ",Транспорт,26.12.2022,66,светофор,https://dialog.egov.kz/blogs/all-questions/762416
757883,"Здравствуйте, [ЗАЯВИТЕЛЬ]. Прошу разъяснить положения налогового законодательства. Компания, как собственник объекта несет расходы по благоустройству и озеленению промышленной зоны, на которой расположено производственное предприятие и для этих целей приобретает удобрения",Свободная тема,26.10.2022,146,благоустройство,https://dialog.egov.kz/blogs/all-questions/757883
755404,"Акиму города Астана г-ну [ЗАЯВИТЕЛЬ] Уважаемый [ЗАЯВИТЕЛЬ]! Я, [ЗАЯВИТЕЛЬ] и моя многодетная семья, живем в частном доме на пересечение улиц Караоткель и [ЗАЯВИТЕЛЬ], в микрорайоне ""Чубары"" Есильского района города Астана. В непосредс",Земельные вопросы,26.09.2022,91,мусор,https://dialog.egov.kz/blogs/all-questions/755404
762347,"Добрый вечер, уважаемый [ЗАЯВИТЕЛЬ]! Во-первых, хотим выразить благодарность за то, что наш район ЖБИ, ранее забытый всеми, сегодня процветает. Благоустраиваются дворы, содержатся в порядке и освещаются улицы, проводятся новые линии водопровода. На фон",Социальное обеспечение,25.12.2022,109,освещение,https://dialog.egov.kz/blogs/all-questions/762347
760340,"Нам жителям жк кернай кск выставляет счет на оплату за водоснабжения, водоотведения и за электроэнергию за дом который не введен в эксплуатацию. С жителями не заключены договора Астана [ЗАЯВИТЕЛЬ], с Энергосбытом так как услугодателями дом не принят на обсуждение . Согласно закона","Строительство, дольщики, жилищные проблемы",25.11.2022,110,водоснабжение,https://dialog.egov.kz/blogs/all-questions/760340
757820,"Мы жители села [ЗАЯВИТЕЛЬ] района Алматинской области, где проживают более 6000 человек, просим Вас помочь рабраться в деле касающего газификации села Жаналык. Ранее мы обращались в ЖКХ о газификации села Жаналык. На что пришёл ответ от руководителя гос.учреждения """,Свободная тема,25.10.2022,87,мусор,https://dialog.egov.kz/blogs/all-questions/757820
757817,"Ассалаумағалейкум. [ЗАЯВИТЕЛЬ] облысы Жамбыл ауданы Бектөбе аулының тұрғындары шағымы мен өтінішін білдіргім келеді. Ауылымыз Тараз қаласының орталығынан 8 шақырым жерде орналасқан. Көптеген жылдар бойы Электр тоғы қуатының тұрақсыздығынан зардап шегіп келеміз, Ауылымыз толық орта",Регионы,25.10.2022,75,жарық,https://dialog.egov.kz/blogs/all-questions/757817
757816,Ассалаумағалейкум министрлік өкілдері мен [ЗАЯВИТЕЛЬ]. [ЗАЯВИТЕЛЬ] облысы Жамбыл ауданы Бектөбе аулының тұрғындары шағымы мен өтінішін білдіргім келеді. Ауылымыз Тараз қаласының орталығынан 8 шақырым жерде орналасқан. Көптеген жылдар бойы Электр тоғы қуатының тұрақсыздығынан зар,Регионы,25.10.2022,61,жарық,https://dialog.egov.kz/blogs/all-questions/757816
752144,"Уважаемый Аким! Я от лица жителей жилых комплексов Гайд парк, [ЗАЯВИТЕЛЬ], Тан-Нуры в г.Алматы, обращаюсь к Вам со следующей просьбой. Просим установить светофор или камеры Сергек на улице Аскарова в районе детского центра Бобек. По причине того, что автомобили с огромной ск",Свободная тема,25.08.2022,83,светофор,https://dialog.egov.kz/blogs/all-questions/752144
752143,"Уважаемый Министр! Я от лица жителей жилых комплексов Гайд парк, [ЗАЯВИТЕЛЬ], Тан-Нуры в г.Алматы, обращаюсь к Вам со следующей просьбой. Просим установить светофор или камеры Сергек на улице Аскарова в районе детского центра Бобек. По причине того, что автомобили с огромной",Правоохранительные органы,25.08.2022,64,светофор,https://dialog.egov.kz/blogs/all-questions/752143
760181,"Уважаемый [ЗАЯВИТЕЛЬ]. В силу обстоятельств вынужден ездить каждый день по улице Розыбакиева и заметил что как поставили светофор на улице Мынбаева стала образовываться пробка так как светофор на улице Абая горит слишком долго в направлении восток запад, а в направлении",Транспорт,24.11.2022,67,светофор,https://dialog.egov.kz/blogs/all-questions/760181
757792,"Обращение с регистрационным номером 757792, направленное в Блог Аким Алматинской области [ЗАЯВИТЕЛЬ] отклонено ГО 27.10.2022",Свободная тема,24.10.2022,0,жарық,
757789,"Добрый день, [ЗАЯВИТЕЛЬ]! Меня зовут [ЗАЯВИТЕЛЬ], я являюсь руководителем проектов в компании IGP. Предлагаю рассмотреть технологию проецирования дорожной разметки при помощи гобо-проекторов IGP и возможное применение в городских зонах, зонах повышенной опасности д",Транспорт,24.10.2022,122,светофор,https://dialog.egov.kz/blogs/all-questions/757789
757788,"Добрый день, [ЗАЯВИТЕЛЬ]! Меня зовут [ЗАЯВИТЕЛЬ], я являюсь руководителем проектов в компании IGP. Предлагаю рассмотреть технологию проецирования дорожной разметки при помощи гобо-проекторов IGP и возможное применение в городских зонах, зонах повышенной опасности дл",Транспорт,24.10.2022,55,светофор,https://dialog.egov.kz/blogs/all-questions/757788
757787,"Обращение с регистрационным номером 757787, направленное в Блог Генеральный директор РГП «Национальный центр качества дорожных активов» [ЗАЯВИТЕЛЬ] находится на рассмотрении у ГО",Транспорт,24.10.2022,0,светофор,
751924,"Уважаемый Шукеев [ЗАЯВИТЕЛЬ] ! Обращаемся к Вам! О нарушение экологического кодекса РК. По поводу закрытие незаконного полигона для свалки мусора которого расположенного в село Аксукент , ул Сураншы батира, рядом старой центральной котельной. От стороны жителей было письм","Культура, информация и экология",24.08.2022,90,мусор,https://dialog.egov.kz/blogs/all-questions/751924
762287/1,"Добрый день. Обращаюсь к Вам с вопросом рассмотрения изменения схемы автобусного маршрута №99 г. Алматы по направлению: от Кок-Тобе до мкр. Акбулак. С декабря изменена схема движения данного направления и данное изменение стало неудобным для многих пассажиров, проживающих на нижн",Транспорт,23.12.2022,80,транспорт,https://dialog.egov.kz/blogs/all-questions/762311
762287,"Добрый день. Обращаюсь к Вам с вопросом рассмотрения изменения схемы автобусного маршрута №99 г. Алматы по направлению: от Кок-Тобе до мкр. Акбулак. С декабря изменена схема движения данного направления и данное изменение стало неудобным для многих пассажиров, проживающих на нижн",Транспорт,23.12.2022,119,транспорт,https://dialog.egov.kz/blogs/all-questions/762287
760069,"Здравствуйте, прошу ответить на вопрос, когда на сайте КДСиЖКХ [ЗАЯВИТЕЛЬ] опубликуют следующие документы к Приказу № 134-НҚ от 30 июня 2022 года ""Об утверждении Методического документа Республики Казахстан «Стандарт комплексной застройки городов»: Часть 1 «Свод принципов компл",О работе государственных органов (госуслуги),23.11.2022,82,благоустройство,https://dialog.egov.kz/blogs/all-questions/760069
757773,"[ЗАЯВИТЕЛЬ], здравствуйте. Прошу Вас решить проблему: дать поручение ответственному органу для монтажа площадки для сбора мусора на пересечении улиц [ЗАЯВИТЕЛЬ] и [ЗАЯВИТЕЛЬ] с обустройством ограждений контейнерной площадки. Данная площадка позволить решить проблему ра","Строительство, дольщики, жилищные проблемы",23.10.2022,76,мусор,https://dialog.egov.kz/blogs/all-questions/757773
751819,"Сіздерге арыз жазу себебім үйіміздің артқы жағында үлкен сай болатын еді, және ол жерден тау сулары жиналып арықтарға бөлінетін болатын. Ол жерлерді адамдар 2019 жылдан жылдан бастап қоқыс тастап толтырған болатын. қаншама арыз хат жазылды бұл жерге бір азамат Тимур (тел нөмері 8",Земельные вопросы,23.08.2022,81,қоқыс,https://dialog.egov.kz/blogs/all-questions/751819
751818,"Сіздерге арыз жазу себебім үйіміздің артқы жағында үлкен сай болатын еді, және ол жерден тау сулары жиналып арықтарға бөлінетін болатын. Ол жерлерді адамдар 2019 жылдан жылдан бастап қоқыс тастап толтырған болатын. қаншама арыз хат жазылды бұл жерге бір азамат Тимур (тел нөмері 8",Земельные вопросы,23.08.2022,92,қоқыс,https://dialog.egov.kz/blogs/all-questions/751818
751817,"[ЗАЯВИТЕЛЬ] прокуроратураға ҚР Алматы облысының әкімдігі Специализированная природоохранная прокуратура Алматинской области Сіздерге арыз жазу себебім үйіміздің артқы жағында үлкен сай болатын еді, және ол жерден тау сулары жиналып арықтарға бөлінетін болатын",Земельные вопросы,23.08.2022,99,қоқыс,https://dialog.egov.kz/blogs/all-questions/751817
751816,"Обращение с регистрационным номером 751816, направленное в Блог [ЗАЯВИТЕЛЬ] РК [ЗАЯВИТЕЛЬ] отклонено ГО 14.09.2022",Земельные вопросы,23.08.2022,5,қоқыс,
762249,"Вечер добрый. Ответом на обращение №761369 не удовлетворён. Обращение было связанно не с подземным переходом, а о другом. Дублирую еще раз. ""Вечер добрый. Прошу Акимат г. Алматы и соответствующие службы города провести служебную проверку юго-восточной части (от центральног",Свободная тема,22.12.2022,87,мусор,https://dialog.egov.kz/blogs/all-questions/762249
762183,"Мы жители дома №7/1 по улице [ЗАЯВИТЕЛЬ] города Астана уже в течение 8 месяцев столкнулись с проблемой ежедневного отключения водоснабжения в утреннее и вечернее время, в период, когда жители собираются утром на работу в школу и т.д., а также вечером, когда приходят с работы",Свободная тема,22.12.2022,73,водоснабжение,https://dialog.egov.kz/blogs/all-questions/762183
759937,"Здравствуйте уважаемый аким г.Астаны. В целях улучшения потока транспортной системы автодорог столицы предлагаю рассмотреть мое предложение по уменьшению загрузки проспекта Туран от района спортивного комплекса Астана Арена до проспекта Сыганак. А именно, проанализировав поток тр","Строительство, дольщики, жилищные проблемы",22.11.2022,76,светофор,https://dialog.egov.kz/blogs/all-questions/759937
751540,"сбыт готовой молочной продукции). Но это очень упрощенная картина, и на практике имеет место целый ряд взаимосвязей, а также проблем, характерных для каждого сегмента отрасли. Если проанализировать политику государства по отношению ко всей этой отрасли, а также информационную с",Сельское хозяйство,22.08.2022,152,мусор,https://dialog.egov.kz/blogs/all-questions/751540
759886,"Добрый день, Прошу обратить внимание органов, обеспечивающих безопасность на автодорогах города [ЗАЯВИТЕЛЬ] области. На пересечении улиц Кошек батыра и Байжарасова с пугающей периодичностью и систематичностью происходят аварии (более 5 аварий за полгода), возможно связа",Транспорт,21.11.2022,58,светофор,https://dialog.egov.kz/blogs/all-questions/759886
759818,"Уважаемый [ЗАЯВИТЕЛЬ]! Прошу Вас дать разъяснение по следующему вопросу: наша компания в 2022 году построила бюджетный объект- многоквартирный жилой дом в одном из сел ЗКО. Согласно условий конкурса, а следовательно и договора нами выполнено","Строительство, дольщики, жилищные проблемы",21.11.2022,75,благоустройство,https://dialog.egov.kz/blogs/all-questions/759818
755009,"[ЗАЯВИТЕЛЬ]! Сізге Алматы облысы, Талғар ауданы, Тұздыбастау ауылынан ашылған ""Elite School"" жекеменшік мектебінен хабарласып отырмын. Біздің жекеменшік мектебі 2021-22 оқу жылында ашылып, ғимаратты жалға алып, халыққа қызмет жасаған болатынбыз. Биыл &quot",Образование,21.09.2022,106,жарық,https://dialog.egov.kz/blogs/all-questions/755009
754914,"Добрый день! Я проживаю в Аль-Фарабийском районе (Старый город), по улице Милицеская , у нас уже как 3 недели не вывозят мусор, в начале все хранили мусор во дворе, потом уже начали выносить на улицу, горы мусора состоящих из домашних отходов, неприятный запах и крысы вот с чем п","Культура, информация и экология",21.09.2022,76,мусор,https://dialog.egov.kz/blogs/all-questions/754914
762045,В настоящее время имеется проблема в ЖК “Inju City 3” по адресу ул. [ЗАЯВИТЕЛЬ] 19/1 (Застройщик ТОО “Development Building Group” БИН [ИИН]) с обеспечением горячей воды. В октябре 2022 года собственникам квартир были выданы ключи и правоустанавливающие документы. Около м,"Строительство, дольщики, жилищные проблемы",20.12.2022,83,отопление,https://dialog.egov.kz/blogs/all-questions/762045
761998/1,"Здравствуйте!не знаю к кому именно обращаться!Можно узнать на счет очередности квартир?я сирота,хотела бы узнать почему очередь не двигается!кто новый впереди появляется,мы на том же месте стоим!Мы уже давно стоим на очереди,сначало мама стояла по потери кормильца,потом как она у","Строительство, дольщики, жилищные проблемы",20.12.2022,140,отопление,https://dialog.egov.kz/blogs/all-questions/762092
754845,Добрый день! С мая 2020 по январь 2021 я работала в ТОО Дедов и ТОО Торговый дом Гринвич. 1. Я до сих пор не получила компенсацию при увольнении. 2. ТОО Торговый дом Гринвич не внесло мои данные в единый реестр трудовых договоров. 3. До сих пор НЕ перечислены налоги и платежи,Занятость населения,20.09.2022,113,мусор,https://dialog.egov.kz/blogs/all-questions/754845
754785,"[ЗАЯВИТЕЛЬ]Көлгінов мырза. Біз Астана қаласы, Есіл ауданы, Е 489 көшесі, 5 үй мекен-жайнда орналасқан Аниса тұрғын үй кешені түрғындары төмендегі шешімін таба ламған мәселе бойынша өтініш жіберіп отырмыз. Біздің мәселеміз 2021 жылы берілген Эмир тұрғын үй кешенінің","Строительство, дольщики, жилищные проблемы",20.09.2022,93,қоқыс,https://dialog.egov.kz/blogs/all-questions/754785
754733/1,"это местные, смотрите сколько неудобств они принесли. Мы писали много много раз в акимат, но они ничего делать не будут, ДТП пошли в верх, смерти на дорогах пошли в верх, смерти пешеходов пошли в верх, наезд на велосипедистов, убииства все это пошло на увеличение. Вам до выб",О работе государственных органов (госуслуги),20.09.2022,71,светофор,https://dialog.egov.kz/blogs/all-questions/754841
754733,"это местные, смотрите сколько неудобств они принесли. Мы писали много много раз в акимат, но они ничего делать не будут, ДТП пошли в верх, смерти на дорогах пошли в верх, смерти пешеходов пошли в верх, наезд на велосипедистов, убииства все это пошло на увеличение. Вам до выб",О работе государственных органов (госуслуги),20.09.2022,112,светофор,https://dialog.egov.kz/blogs/all-questions/754733
748227,"Шымкент қ. Абай және Қаратау аудандары түйіскен Алматы тас жолы мен [ЗАЯВИТЕЛЬ] көшелерінің қиылысында орналасқан (бұрынғы қоқыс полигоны) Нұршуақ елді мекенінің маңындағы ""свалка"" аумағына қашан қаланың бас жоспарына сай қандай нысан салынбақ? Тұрғындар аузында са",Земельные вопросы,20.07.2022,152,қоқыс,https://dialog.egov.kz/blogs/all-questions/748227
762003,"Здравствуйте!Прошу вас помочь в предоставление квартиры!Очередь не двигается!Сколько лет уже стоим в очереди!Я сирота! Сейчас уже 25 лет!Обещанные квадраты никак не получили!Необязательно в новом доме,главное отопление, вода,чтобы были нормальные условия для проживания!Прошу выда",Социальное обеспечение,19.12.2022,183,отопление,https://dialog.egov.kz/blogs/all-questions/762003
761998,"Здравствуйте!не знаю к кому именно обращаться!Можно узнать на счет очередности квартир?я сирота,хотела бы узнать почему очередь не двигается!кто новый впереди появляется,мы на том же месте стоим!Мы уже давно стоим на очереди,сначало мама стояла по потери кормильца,потом как она у","Строительство, дольщики, жилищные проблемы",19.12.2022,86,отопление,https://dialog.egov.kz/blogs/all-questions/761998
761994,"Акиму города Астаны [ЗАЯВИТЕЛЬ] Акиму района «Есиль» города Астана [ЗАЯВИТЕЛЬ] Генеральному директору ГКП «Астана [ЗАЯВИТЕЛЬ]» [ЗАЯВИТЕЛЬ] Объединением собственников имущества «Каратау-Орда», расположенного по адресу: г.Астана, ул.Керей-Жанибек, дом","Строительство, дольщики, жилищные проблемы",19.12.2022,142,водоснабжение,https://dialog.egov.kz/blogs/all-questions/761994
761990,Добрый день. Мы жильцы второго подъезда дома по улицы Жангельдина 16Б. 15.12.2022 года у нас в подъезде случился пожар перегорела вся проводка с первого по пятый этаж вместе с учетными приборами. Разговаривали о помощи с ТОО «Энергопоток» нам ответили что это не в их ком,"Строительство, дольщики, жилищные проблемы",19.12.2022,1175,жарық,https://dialog.egov.kz/blogs/all-questions/761990
751350,"[ЗАЯВИТЕЛЬ] мырза! Қызметіңіз құтты болсын! Халыққа жақын боларсыз деген үмітпен жазып отырмын. Сіз басшылық жасайтын облыстың шеңберінде Қайнар ауылы бар. Қайнар ауылдық округіне, Талғар ауданына қарайды. Кіші-гірім ауыл. Бірақ шешілмеген мәселелері өте көп. Оның ішін",О работе государственных органов (госуслуги),19.08.2022,75,қоқыс,https://dialog.egov.kz/blogs/all-questions/751350
736112,"Қайырлы күн. [ЗАЯВИТЕЛЬ] облысы, Целиноград ауданы, Қараөткел ауылының тұрғынымын. [ЗАЯВИТЕЛЬ]-Сұлтан қаласының Есіл ауданымен шектесіп жатыр. [ЗАЯВИТЕЛЬ]-Сұлтан қаласының 12 емханасына қараймыз, жедел-жәрдем Нұр-Сұлтан қаласынан келеді. Қар еріп, күн жылығалы ауылымыздың жағдайы",О работе государственных органов (госуслуги),19.04.2022,95,қоқыс,https://dialog.egov.kz/blogs/all-questions/736112
761946,"[ЗАЯВИТЕЛЬ] Казахстан [ЗАЯВИТЕЛЬ]-[ЗАЯВИТЕЛЬ] __________________________________ 010000, г.Астана, Проспект [ЗАЯВИТЕЛЬ], 8 Акиму города Алматы [ЗАЯВИТЕЛЬ] Аскарбековичу _______________________________ 050000, г. Алматы, просп. [ЗАЯВИТЕЛЬ], 74А У",Земельные вопросы,18.12.2022,112,канализация,https://dialog.egov.kz/blogs/all-questions/761946
759634,Согласно п.п.10 п.17 Правил пользования электрической энергией утвержденных приказом Министра министра энергетики Республики Казахстан № 143 от 25.02.2022 года в технических условиях на электроснабжение указывается требование по усилению существующей электрической сети. В некото,Свободная тема,18.11.2022,63,жарық,https://dialog.egov.kz/blogs/all-questions/759634
757414,"Мы нижеподписавшиеся, просим разобраться в нашей ситуации и принять меры. На территории бывшего садоводческого товарищества «Дархан-2» расположено 30 домов, проживающих людей более 100 человек, многие из которых пенсионеры, есть многодетные семьи. Трансформаторная подстанция ТП 5","Строительство, дольщики, жилищные проблемы",18.10.2022,78,благоустройство,https://dialog.egov.kz/blogs/all-questions/757414
747913,"Алматы облысының әкімі М.Е Cұлтанғазиев мырзаға Алматы облысы Карасай ауданы, Қырғауылды ауылы тұрғыны [ЗАЯВИТЕЛЬ] және Алматы облысы Карасай ауданы Қырғауылды ауылы тұрғындарынан Сот тел [ТЕЛЕФОН] Арыз хат Сізге арыз жазу себебім, біз Кыргауылды ауылында турамыз, біздің кө","Строительство, дольщики, жилищные проблемы",18.07.2022,95,қоқыс,https://dialog.egov.kz/blogs/all-questions/747913
761918,"Здравствуйте! Я проживаю по адресу г. Алматы, ул. Бруно 91, кв 4 Наш дом обслуживает КСК [ЗАЯВИТЕЛЬ], на протяжении всего времени существования КСК они занимают подвальное помещение нашего дома, попасть к ним не возможно, приходят утром включают свет, закрывают на замок и ухо","Строительство, дольщики, жилищные проблемы",17.12.2022,90,благоустройство,https://dialog.egov.kz/blogs/all-questions/761918
759533,"Просим дать пояснения по нижеследующей ситуации. Компания получила право временного возмездного краткосрочного землепользования на 2 земельных участка, целевое назначение земельных участков: для благоустройства и озеленения территории и парковки. 1. По первому участку планируетс","Строительство, дольщики, жилищные проблемы",17.11.2022,88,благоустройство,https://dialog.egov.kz/blogs/all-questions/759533
759265/1,"Здравствуйте, [ЗАЯВИТЕЛЬ] . Я, [ЗАЯВИТЕЛЬ] [ИИН] жительница Карагандинской области, Актогайского района, станции Сарышаган, ул. 3-ыкшам аудан, 6 дом, кв.30. [ЗАЯВИТЕЛЬ] так как ранее писала акиму Карагандинской области [ЗАЯВИТЕЛЬ], пришёл ответ на м",О работе государственных органов (госуслуги),17.11.2022,80,мусор,https://dialog.egov.kz/blogs/all-questions/759472
757345,"Уважаемый [ЗАЯВИТЕЛЬ]! Ниже текст обращения который я вам арестовал 15.11.21 г. на ваш блог. Так как спустя почти год ситуация на мой взгляд если и изменилась, то минимально, сделали ли ответственные ПСД, включили ли в план на 2022 г. указанные в обращении улицы, если не то",О работе государственных органов (госуслуги),17.10.2022,79,светофор,https://dialog.egov.kz/blogs/all-questions/757345
754520,"Здравствуйте, У меня просьба чтобы вы установили дополнительную секцию светофора на левый поворот на перекресте улиц Шолохова и [ЗАЯВИТЕЛЬ] , то есть при повороте с Шолохова налево на улицу [ЗАЯВИТЕЛЬ]. Это очень оживленные улицы, там рядом базар, там много машин и чтобы сделать л",Транспорт,17.09.2022,84,светофор,https://dialog.egov.kz/blogs/all-questions/754520
754485,"[ЗАЯВИТЕЛЬ] облысының әкімі [ЗАЯВИТЕЛЬ] мырза! Мен жеке кәсіпкер [ЗАЯВИТЕЛЬ] 2009 жылынан бері электро жүйесімен кедергі болмаған еді. Азық түлік дүкеніме Атамекен селосы Жадыра 15 2021 жылының аяғында [ЗАЯВИТЕЛЬ] келісім шартқа тұрып, жаз бойы электро жүйесінің қайта",Свободная тема,17.09.2022,94,жарық,https://dialog.egov.kz/blogs/all-questions/754485
759466,"Обращение с регистрационным номером 759466, направленное в Блог [ЗАЯВИТЕЛЬ] РК [ЗАЯВИТЕЛЬ] отклонено ГО 07.12.2022",О работе государственных органов (госуслуги),16.11.2022,0,благоустройство,
759431,"Уважаемый Искалиев [ЗАЯВИТЕЛЬ], к Вам обращается житель города г. Уральск Домрычева [ЗАЯВИТЕЛЬ]. Я проживаю по адресу г. Уральск, мкр-н Северо-Восток-2, дом 35. В конце октября 2022 года, [ЗАЯВИТЕЛЬ], провели рейд по дворам города, и по",Транспорт,16.11.2022,88,благоустройство,https://dialog.egov.kz/blogs/all-questions/759431
759389,"Жанатұрмыс суықта және сусыз!!! Алматы облысы Қарасай ауданы Жаңатұрмыс поселкесінің тұрғындарынан [ЗАЯВИТЕЛЬ]-Жомарт ТОҚАЕВ пен Үкімет басшыларына петиция Дәл осы күндері Алматы қаласының тура іргесіндегі Жаңатұрмыс ауылының тұрғындары 5 күннен бері (8.112020 -12.11.2022),",Социальное обеспечение,16.11.2022,46,жарық,https://dialog.egov.kz/blogs/all-questions/759389
754434,"Ваш ответ на мое обращение 752893 неудовлетворительный. Места для постройки мусорных площадок для населения, более чем достаточно. Во-первых их необходимо возводить на местах стихийных свалок куда люди годами возят мусор. Еще раз обращаю ваше внимание! На тот факт что ваш ответ н",О работе государственных органов (госуслуги),16.09.2022,83,мусор,https://dialog.egov.kz/blogs/all-questions/754434
754423,"Обращаемся к Вам! О нарушение экологического кодекса РК. По поводу закрытие незаконного полигона для свалки мусора которого расположенного в Сайрамском районе, в село Аксукент , ул Сураншы батира, рядом с старой центральной котельной. От стороны жителей было письменная обращение","Культура, информация и экология",16.09.2022,96,мусор,https://dialog.egov.kz/blogs/all-questions/754423
754262/1,"ҚР-ның Мәдениет және Спорт министрі [ЗАЯВИТЕЛЬ] мырзаға ҚР азаматы [ЗАЯВИТЕЛЬ] елімізде теледидардан көрсетіліп жатқан бағдарламалардың,кино-сериалдардың ұлттық құндылықтарға,идеологияға қарама-қайшы келе","Культура, информация и экология",16.09.2022,119,жарық,https://dialog.egov.kz/blogs/all-questions/754372
761851,"Здравствуйте, [ЗАЯВИТЕЛЬ]. 1. В проекте приказа Об утверждении Методики расчета нормативов энергопотребления, опубликованного на интернет ресурсе 27.09.2022 года Вами предлагается такая трактовка: При расчете нормативов тепловых потерь через тепловую изоляцию для тепловых",Свободная тема,15.12.2022,100,отопление,https://dialog.egov.kz/blogs/all-questions/761851
761843,"Здравствуйте! Я,[ЗАЯВИТЕЛЬ],ветеран труда,пишу из города Тараз. Написать к Вам письмо заставило такое обстоятельство.Мой сын [ЗАЯВИТЕЛЬ],военнослужащий РК получил в 2016г в Таразе в качестве арендного жилья квартиру по адресу Атшабар 17/1,кв52 .Начиная с этого","Строительство, дольщики, жилищные проблемы",15.12.2022,90,водоснабжение,https://dialog.egov.kz/blogs/all-questions/761843
761835,"Добрый день уважаемый аким! обращаюсь к Вам с такой проблемой, у нас по улице Е489 дом 3 и дом 5 отсутствуют дороги... пыль, грязь отсутствие благоустройства. Во время дождей дети и взрослые люди надевают пакеты на ноги чтобы выбраться из дому. (это центре города). прошу Вас прин",Свободная тема,15.12.2022,78,благоустройство,https://dialog.egov.kz/blogs/all-questions/761835
761825,"Здравствуйте, мы являемся пайщиками ЖК Талисман, признанным проблемным. Дом сдан в мае 2022 года, однако элементарные вопросы жизнеобеспечения ЖК по сей день не решены, а именно, электричество и канализационные сети. Также нет решения по вопросам качественного освещения дороги, о","Строительство, дольщики, жилищные проблемы",15.12.2022,81,освещение,https://dialog.egov.kz/blogs/all-questions/761825
759306,"Настоящим просим Вас дать разъяснение касательного путевого листа автотранспортных средств, а именно: 1. Существует ли утвержденная форма путевого листа для частных юридических лиц? Если нет какие данные должен содержать путевой лист? 2. Каким нормативно правовым актом регулирует",Свободная тема,15.11.2022,134,жарық,https://dialog.egov.kz/blogs/all-questions/759306
759265,"Здравствуйте, [ЗАЯВИТЕЛЬ] . Я, [ЗАЯВИТЕЛЬ] [ИИН] жительница Карагандинской области, Актогайского района, станции Сарышаган, ул. 3-ыкшам аудан, 6 дом, кв.30. [ЗАЯВИТЕЛЬ] так как ранее писала акиму Карагандинской области [ЗАЯВИТЕЛЬ], пришёл ответ на м",О работе государственных органов (госуслуги),15.11.2022,73,мусор,https://dialog.egov.kz/blogs/all-questions/759265
759212,"Здравствуйте! Я писала обращение 05 июля 2022 года, номер обращения 746627. Текст обращения и два ответа на него, переведены ниже моего письма. На сегодняшний день наш вопрос с которым я обращалась не решен. По освещению - бригада приехала после того как я несколько раз звонила",Свободная тема,15.11.2022,70,канализация,https://dialog.egov.kz/blogs/all-questions/759212
754262,"ҚР-ның Мәдениет және Спорт министрі [ЗАЯВИТЕЛЬ] мырзаға ҚР азаматы [ЗАЯВИТЕЛЬ] елімізде теледидардан көрсетіліп жатқан бағдарламалардың,кино-сериалдардың ұлттық құндылықтарға,идеологияға қарама-қайшы келе","Культура, информация и экология",15.09.2022,103,жарық,https://dialog.egov.kz/blogs/all-questions/754262
754232,"Здравствуйте [ЗАЯВИТЕЛЬ]. Обращаются к Вам жители с. Саумалколь улицы Степная. Просим Вас посодействовать в решении нашей проблемы а именно [ЗАЯВИТЕЛЬ]. Улица была перекопана 3 года назад при строительстве водопровода, все три года к нам не хотят выезжать ни скорая, ни газ",Свободная тема,15.09.2022,101,благоустройство,https://dialog.egov.kz/blogs/all-questions/754232
750803,"Қайырлы күн. Нұр-сұлтан қаласының әкімі [ЗАЯВИТЕЛЬ] кездесуге 2022 ж 22 сәуірден бастап жазылып келемін, қабылдамайды. Алғашында eotinish порталымен екі рет жібердім. Себебі egov-та әкімнің қабылдау күні шықпады. Сосын әкімдік қызметкері eotinish порталымен жіберіңіз деге","Строительство, дольщики, жилищные проблемы",15.08.2022,81,қоқыс,https://dialog.egov.kz/blogs/all-questions/750803
743912,"[ЗАЯВИТЕЛЬ], сізді [ЗАЯВИТЕЛЬ] 41Б тұрғын үйінің қоқыс салатын контейнерлер тұратын орнын ауыстыруыңызды сұраймыз, Қоқыс контейнерлері балаларға арналған футбол алаңына жақын орнгаласқан (2 мертден аспайды) және тұрғын үйге жақын орналасқан.","Строительство, дольщики, жилищные проблемы",15.06.2022,93,қоқыс,https://dialog.egov.kz/blogs/all-questions/743912
761793,"Дополнение к запросу ЖТ-2022-02845452 от 12.12.22 года Согласно подпункту 2, подпункту 16, подпункту 32 пункту 1 статьи 4, статьи 5, пункту 1 статьи 7, пункту 1 и пункту 2 статьи 8, статьи 9, статьи 10, статьи 12, статьи 13, статьи 14 и статьи 15 Административного процедурно-про","Строительство, дольщики, жилищные проблемы",14.12.2022,95,благоустройство,https://dialog.egov.kz/blogs/all-questions/761793
759154,"Доброго времени суток ко мне пришел штраф за разметку, Предписание 227588230845049 – я с ним не согласен и вот почему: Я двигался в южном направлении по улице Сейфуллина от улицы Иркутской в сторону Радищева расстояние 384 метра, на этом промежутке дороги нету светофором и автобу",Транспорт,14.11.2022,71,светофор,https://dialog.egov.kz/blogs/all-questions/759154
754189,"Арыз жазу себебім сізге Қарасай аудыны әкімінің аппараты келіп түскен жауап хатына 5.08.2022ж көрсетілген арыз хаттағы жерге нақты құжаттарына тексеріру жүргзілген жок, кадастрлік нөмері 03-047-292-1603 жер телімі 26.05.2014 жылы және кадастрлік нөмері 03-047-292-163 жер тел",Земельные вопросы,14.09.2022,101,қоқыс,https://dialog.egov.kz/blogs/all-questions/754189
754181,"[ЗАЯВИТЕЛЬ]! [ЗАЯВИТЕЛЬ] облысы ,Жалағаш ауданының тұрғыны боламын (көше [ЗАЯВИТЕЛЬ] 2/2). Электр жүйесінің көп өшіп қалуына байланысты шағымым бар .Жылдың 4 мезгілінде тұрақты түрде жарық өшеді. Күз,қыс,көктем айларында ауа-райының желді болуы біздің аймаққа тән құ",Свободная тема,14.09.2022,84,жарық,https://dialog.egov.kz/blogs/all-questions/754181
754180,"Здравствуйте, можно как-то обратить внимание на отдел ЖКХ г.Костаная. Во дворе дома Маяковского 121 был ремонт: замена асфальта. После замены, мусорные баки перенесли в другие дворы по ул. Волынова, 8. Моя мама одна проживает по Маяковского 121 и она ограничена в физическом плане",Социальное обеспечение,14.09.2022,77,мусор,https://dialog.egov.kz/blogs/all-questions/754180
754160,"Добрый день, уважаемый Аким!!! На мое обращение касательно проезда к ЖК Алтын дала, вы ответили следующее: Уважаемая [ЗАЯВИТЕЛЬ]! [ЗАЯВИТЕЛЬ] благодарность за участие в развитии улично - дорожной сети города! [ЗАЯВИТЕЛЬ] обращение, сообщаю, что на сегодняшний день ведутся",Свободная тема,14.09.2022,62,благоустройство,https://dialog.egov.kz/blogs/all-questions/754160
754158,"Добрый день, Хочу сообщить о немаловажном проблеме жителей г. Атырау, мкр. Самал-1. Я живу в мкр Самал, ул. [ЗАЯВИТЕЛЬ] 44. У нас на улице нет контейнеров для мусора, чтобы вынести мусор нам приходится ездить на машине в мкр Самал-2. В свое время жители жаловались что конте",Свободная тема,14.09.2022,78,мусор,https://dialog.egov.kz/blogs/all-questions/754158
754157,"Добрый день, Хочу сообщить о немаловажном проблеме жителей г. Атырау, мкр. Самал-1. Я живу в мкр Самал, ул. [ЗАЯВИТЕЛЬ] 44. У нас на улице нет контейнеров для мусора, чтобы вынести мусор нам приходится ездить на машине в мкр Самал-2. В свое время жители жаловались что конте",Свободная тема,14.09.2022,80,мусор,https://dialog.egov.kz/blogs/all-questions/754157
754097,"Уважаемый аким! Ваши подчиненные при рассмотрении конкретных вопросов занимаются отписками. Если не будут приняты конкретные меры по очистке и благоустройству территории, прилегающей к дому 15-а в микрорайоне 10 (номер обращения 752471 от 29.08.2022) вынужден подать жалобу на вас",О работе государственных органов (госуслуги),14.09.2022,70,благоустройство,https://dialog.egov.kz/blogs/all-questions/754097
761729,"Добрый день, прошу Вас принять меры по обеспечению безопасности школьников школы № 73. Между школой № 73 и ЖК Браво расположен пустырь, по которому ежедневно проходят сотни школьников. На указанном пустыре имеется тротуар и установлены столбы и осветительные приборы для освещ",О работе государственных органов (госуслуги),13.12.2022,71,освещение,https://dialog.egov.kz/blogs/all-questions/761729
761690,"Согласно подпункту 2, подпункту 16, подпункту 32 пункту 1 статьи 4, статьи 5, пункту 1 статьи 7, пункту 1 и пункту 2 статьи 8, статьи 9, статьи 10, статьи 12, статьи 13, статьи 14 и статьи 15 Административного процедурно-процессуального кодекса Республики Казахстан, статьи 11 Зак","Строительство, дольщики, жилищные проблемы",13.12.2022,87,благоустройство,https://dialog.egov.kz/blogs/all-questions/761690
761632,"Здравствуйте, абонент 298504, улица 38, дом 29, кВ.138. Я вчера получила квитанцию на оплату коммунальных услуг. Все показания передаю своевременно и посмотрите какие тарифы сейчас за свет, одн и отопление. За 167 киловатт мне выставили счёт более 6000 тг, тогда как еще в прошлом",Свободная тема,13.12.2022,72,отопление,https://dialog.egov.kz/blogs/all-questions/761632
759026,"Уважаемая [ЗАЯВИТЕЛЬ], обращаюсь к Вам как гаранту защиты прав детей, в том числе права школьников на безопасность жизни. Цель моего обращения- безопасность пешеходов, в первую очередь детей, а именно, создание безопасных условий для пересечения проспекта Сей",Свободная тема,13.11.2022,77,светофор,https://dialog.egov.kz/blogs/all-questions/759026
753984,"Добрый день!Я живу по адресу Аршалы 62 на трасее,дорогу с 2020 года перестали убирать.Рядом с моим домом открылись предприятия которые принимают мукулатуру и разбрасывают мусор вдоль дороги.Также напротив дома открылось СТО которое ставит кучу машин вдоль дороги где нет парковки,",Образование,13.09.2022,89,мусор,https://dialog.egov.kz/blogs/all-questions/753984
753958/1,"[ЗАЯВИТЕЛЬ]! [ЗАЯВИТЕЛЬ] қаласының тұрғыны, «№36 ЖББМ» КММ көркем еңбек пәнің мұғалімі [ЗАЯВИТЕЛЬ]. Сізге айтатын шағымым бар еді, алдын-ала кешірім сұраймын! Осы мамандығым бойынша оқушыларым халықаралық, республикалық облыстық дәрежеде көптеген жетіс",Образование,13.09.2022,90,жарық,https://dialog.egov.kz/blogs/all-questions/753992
753958,"[ЗАЯВИТЕЛЬ]! [ЗАЯВИТЕЛЬ] қаласының тұрғыны, «№36 ЖББМ» КММ көркем еңбек пәнің мұғалімі [ЗАЯВИТЕЛЬ]. Сізге айтатын шағымым бар еді, алдын-ала кешірім сұраймын! Осы мамандығым бойынша оқушыларым халықаралық, республикалық облыстық дәрежеде көптеген жетіс",Образование,13.09.2022,85,жарық,https://dialog.egov.kz/blogs/all-questions/753958
761540,"Добрый день, [ЗАЯВИТЕЛЬ]! Обращаюсь к Вам как автолюбитель! Прошу Вас обратить внимания на Талгарскую трассу в Алматы. В утреннее и вечернее время в часы пик творится полный хаос, сколько езжу с утра не наблюдаю сотрудников полиции, за редким исключением когда они проезжают",Правоохранительные органы,12.12.2022,77,светофор,https://dialog.egov.kz/blogs/all-questions/761540
761525,"Уважаемый Аким Западно-Казахстанской области ТУРЕГАЛИЕВ Н.! Уже почти полтора года назад ,7 июня 2021 года,в 1м под*езде дома номер 52/1 по улице Абая, перекрёсток [ЗАЯВИТЕЛЬ], был пожар, загорелась электропроводка в подвале дома, силовой кабель. Были вызваны пожарн","Строительство, дольщики, жилищные проблемы",12.12.2022,803,освещение,https://dialog.egov.kz/blogs/all-questions/761525
761524,"Уважаемый Председатель Агентства РК по противодействию коррупции (Антикоррупционной службы) БЕКТЕНОВ [ЗАЯВИТЕЛЬ]! Уже почти полтора года назад ,7 июня 2021 года,в 1м под*езде дома номер 52/1 по улице Абая, перекрёсток [ЗАЯВИТЕЛЬ], был пожар, загорелась электропроводка в по","Строительство, дольщики, жилищные проблемы",12.12.2022,79,освещение,https://dialog.egov.kz/blogs/all-questions/761524
761523,"Обращение с регистрационным номером 761523, направленное в Блог [ЗАЯВИТЕЛЬ] РК [ЗАЯВИТЕЛЬ] отклонено ГО 19.12.2022","Строительство, дольщики, жилищные проблемы",12.12.2022,1,освещение,
757036,"Здравствуйте. Обращаются к вам жители нового жилого комплекса [ЗАЯВИТЕЛЬ] С, по Калдаякова 3. Сдали нам этот дом с большими проблемами. 1. Прилегающая территория со стороны дороги по Калдаякова в ужасном состоянии: нет асфальта (засыпана гравийка), колодцы торчат все наружу, нет","Строительство, дольщики, жилищные проблемы",12.10.2022,167,благоустройство,https://dialog.egov.kz/blogs/all-questions/757036
753889,"[ЗАЯВИТЕЛЬ] жемқорлыққа қарсы Іс-қимыл агенттігінің төрағасы [ЗАЯВИТЕЛЬ]Бектеновке «Ақбұлақ» [ЗАЯВИТЕЛЬ] м/ж: Түркістан обл., Төлеби ауданы, [ЗАЯВИТЕЛЬ] е/м, [ЗАЯВИТЕЛЬ] к-сі, №н/з үй. пайдалану құқығы тоқтатылмаған мемлекеттік емес же",Финансы,12.09.2022,75,жарық,https://dialog.egov.kz/blogs/all-questions/753889
753887,"Добрый день, Уважаемый министр! Меня зовут, Бауржан, я житель Талгарского района, Алматинской области. Я как автолюбитель каждое утро и вечер сталкиваюсь с проблемой пробки по Талгарской трассе, а именно светофор на Магнум. С недавних пор изменили перекресток, расширив его, что",Транспорт,12.09.2022,77,светофор,https://dialog.egov.kz/blogs/all-questions/753887
753861,"Добрый день! По моему обращению №751855 от 24.08.2022 года касательно отсутствия специальной площадки для размещения контейнеров для сбора твердо-бытовых отходов в соответствии с требованиями Санитарных правил акимат направляет письмо - ответ от ТОО ""ФЕБ Групп"", о том","Строительство, дольщики, жилищные проблемы",12.09.2022,89,мусор,https://dialog.egov.kz/blogs/all-questions/753861
743448,"[ЗАЯВИТЕЛЬ] өзіңізге белгілі Шымкент қаласы Республикалық маңызы бар үш қаланың біреуі болып табылады. Қасым-[ЗАЯВИТЕЛЬ] – халық пен мемлекеттік билік бірлігінің, Конституцияның мызғымастығының, адам мен азаматтың құқықт",Правоохранительные органы,12.06.2022,84,қоқыс,https://dialog.egov.kz/blogs/all-questions/743448
761518,"Здравствуйте Уважаемый Аким! Я житель Алматинской области Илийский район п.М Туймебаев. Я ранее писал вам обращение по поводу участка дороги который необходимо было отремонтировать, подъездные пути от ПКСТ Алмагуль, так вот хочу поблагодарить Вас дорогу наконец отремонтировали, з",Регионы,11.12.2022,91,освещение,https://dialog.egov.kz/blogs/all-questions/761518
761515,Министерству образования и науки Республики Казахстан Господину [ЗАЯВИТЕЛЬ] от [ЗАЯВИТЕЛЬ] в интересах несовершеннолетнего ребенка [ЗАЯВИТЕЛЬ] ИИН [ИИН] удостоверение личности № 043566911 дата выдачи 08.10.2018 год выдано,Регионы,11.12.2022,79,освещение,https://dialog.egov.kz/blogs/all-questions/761515
758904/1,"Добрый день! Согласно подпункту 1) пункта 3 [ЗАЯВИТЕЛЬ] национальной экономики РК от 20.03.2015 г. № 235 «Об утверждении Типовых правил содержания и защиты зеленых насаждений, правил благоустройства территорий городов и населенных пунктов», благоустройство – это совокупност","Строительство, дольщики, жилищные проблемы",11.11.2022,82,канализация,https://dialog.egov.kz/blogs/all-questions/758941
758904,"Добрый день! Согласно подпункту 1) пункта 3 [ЗАЯВИТЕЛЬ] национальной экономики РК от 20.03.2015 г. № 235 «Об утверждении Типовых правил содержания и защиты зеленых насаждений, правил благоустройства территорий городов и населенных пунктов», благоустройство – это совокупност","Строительство, дольщики, жилищные проблемы",11.11.2022,80,канализация,https://dialog.egov.kz/blogs/all-questions/758904
750457,"На мои неоднократные обращения к Вам по поводу не рабочих светофоров на оживлённом перекрёстке рядом с ресторанным комплексом ""Zaman"" по адресу микрорайон Голубые пруды 18а, Вы даёте мне ответы с реальными сроками когда работы будут выполнены. Но светофоры до сих пор та",Транспорт,11.08.2022,69,светофор,https://dialog.egov.kz/blogs/all-questions/750457
761496,Здравствуйте! В подземном переходе пр Райымбека угол ул Момышулы нет освещение! Надо заменить ливнивые решётки!,Свободная тема,10.12.2022,71,освещение,https://dialog.egov.kz/blogs/all-questions/761496
758877,"Уважаемый [ЗАЯВИТЕЛЬ]! Пишет вам Житель посёлка Аксу от имени многочисленного большинства наших жителей! К сожалению не могу выразить Вам свою признательность ( как многие обращающиеся) а только призрение, так как считаю, что своим игнорированием и равнодушием в про",Регионы,10.11.2022,162,канализация,https://dialog.egov.kz/blogs/all-questions/758877
758847,"Здравствуйте, [ЗАЯВИТЕЛЬ]. Лицензирование деятельности в сфере архитектуры, градостроительства и строительства, осуществляется в соответствии с [ЗАЯВИТЕЛЬ] Казахстан «О разрешениях и уведомлениях» (далее – Закон). На основании пункта 6 статьи 17 Закона, в приложени",Свободная тема,10.11.2022,108,канализация,https://dialog.egov.kz/blogs/all-questions/758847
756913,"[ЗАЯВИТЕЛЬ] Мы, владельцы квартир ЖК «Шолпан сити» обращаемся к вам по поводу изменения первоначального проекта дома, без одобрения соответствующих государственных структур РК. Согласно статье №40 Закона «О жилищных отношениях» при пере","Строительство, дольщики, жилищные проблемы",10.10.2022,108,мусор,https://dialog.egov.kz/blogs/all-questions/756913
753730,Уважаемый министр! надеюсь здоровье населения является доминирующей задачей вашего ведомства. Санитарные требования по установке и эксплуатации мусорных контейнеров прописаны в соответствующих нормативных документах. Почему на мое обращение к акиму Западно-Казахстанской области о,Здравоохранение,10.09.2022,140,мусор,https://dialog.egov.kz/blogs/all-questions/753730
761450,"Добрый день! Я [ЗАЯВИТЕЛЬ], проживаю по ул. Локомотивная 4-1. Сегодня 09.12.2022г. колодец около нашего дома наполнился водой. Службы ТОО ""[ЗАЯВИТЕЛЬ]"" приехали отключили с центрального водопровода воду, откачали, проверили. Объяснили, что есть прорыв, между центр","Строительство, дольщики, жилищные проблемы",09.12.2022,118,водоснабжение,https://dialog.egov.kz/blogs/all-questions/761450
761447,"Доброго времени суток! Я житель города Актобе ЖМ Каргалы ул. Байтерек- у меня к Вам интересный вопрос живу здесь на протяжении долгого времени на нашей улице нет элементарного освещения. Улица Байтерек расположена вдоль Орской трассы у лесополосы, года 4 назад были установлены на",Свободная тема,09.12.2022,719,освещение,https://dialog.egov.kz/blogs/all-questions/761447
758802,"Акиму города Алматы г-ну [ЗАЯВИТЕЛЬ] копия: ТОО «Amadeus Hotel Group» БИН: [ИИН] _________________ г. Алматы, Бостандыкский район, пр. Аль-Фараби, 77/7 от [ЗАЯВИТЕЛЬ],","Строительство, дольщики, жилищные проблемы",09.11.2022,87,благоустройство,https://dialog.egov.kz/blogs/all-questions/758802
758768,"вчера, 08.11.2022 г. мной в личном кабинете была обнаружена информация о совершении следующего административного правонарушения- Нарушение правил благоустройства территорий городов и населенных пунктов, а также разрушение объектов инфраструктуры, уничтожение и повреждение зел",Правоохранительные органы,09.11.2022,68,благоустройство,https://dialog.egov.kz/blogs/all-questions/758768
753641,"Здравствуйте Уважаемый [ЗАЯВИТЕЛЬ]! Нам нужна ваша помощь. Мы производили демонтаж и дальнейший монтаж в здании министерства сельского хозяйства на первом этаже, где сейчас согласна проекта должен быть архив и актовый зал. Производили демонтаж, а далее монтаж и утепление ба",Свободная тема,09.09.2022,103,мусор,https://dialog.egov.kz/blogs/all-questions/753641
753608,"Уважаемый [ЗАЯВИТЕЛЬ]! Обращаюсь к Вам с просьбой разъяснить существуют ли в Восточно -Казахстанской области правила выгула собак, как в других областях? Я жительница дома по адресу Красина 1. У нас соседи выгуливают собак возле подьезда, не удосуживаясь убрать за ними пр","Строительство, дольщики, жилищные проблемы",09.09.2022,125,мусор,https://dialog.egov.kz/blogs/all-questions/753608
750171,"Добрый день. Уважаемый [ЗАЯВИТЕЛЬ], Прошу принять меры. 08/08/22 в 19,00 ч. произошло отключение электричества ул.Иссыкская уг .ул. Жангильдина, весь вечер пытались дозвониться в РЭС 1 г. Алматы, дозвониться удалось только 1 раз, при этом сотрудники очень грубые, не досл",О работе государственных органов (госуслуги),09.08.2022,84,светофор,https://dialog.egov.kz/blogs/all-questions/750171
761369,Вечер добрый. Прошу Акимат г. Алматы и соответствующие службы города провести служебную проверку юго-восточной части (от центрального входа) национальной библиотеки г Алматы на пр. Абылай-Хана и Абая. С момента капитального ремонта на данной территории здесь уже давным давно (к,Свободная тема,08.12.2022,87,мусор,https://dialog.egov.kz/blogs/all-questions/761369
761340,"""1. Стоп линия и боковая сплошная разметка 1.1 между полосами перед светофором имеют равноценную силу! То есть при передвижение транспортных средств на зеленый цвет светофора стоп линия теряет силу, а боковая разметка не теряет? (я считаю это противоречит КоАП). На основа",Транспорт,08.12.2022,78,светофор,https://dialog.egov.kz/blogs/all-questions/761340
761319,"На основании публикации https://vk.com/wall-170444201_5103 прошу Вас установить должностное лицо подрядной организации давшее распоряжение на уборку проезжей части таким образом,в нарушение требований Правил по благоустройству и содержанию территорий населённых пунктов РК. Привле",Свободная тема,08.12.2022,79,благоустройство,https://dialog.egov.kz/blogs/all-questions/761319
758695,"Здравствуйте. Прошу пояснить следующее. ВНТП 3-85 «Нормы технологического проектирования объектов сбора, транспорта, подготовки нефти, газа и воды нефтяных месторождений», Особые требования к сооружениям и водоводам системы заводнения, в п. 3.70. сказано – «При аварии допускает",Свободная тема,08.11.2022,110,канализация,https://dialog.egov.kz/blogs/all-questions/758695
758693,"Уважаемый Аким! прошу реализовать вышеуказанные меры для обеспечения безопасности населения. Уважаемый Министр! Я от лица жителей жилых комплексов Гайд парк, [ЗАЯВИТЕЛЬ], Тан-Нуры в г.Алматы, обращаюсь к Вам со следующей просьбой. Просим установить светофор или камеры Се",Транспорт,08.11.2022,80,светофор,https://dialog.egov.kz/blogs/all-questions/758693
758687,"Уважаемый [ЗАЯВИТЕЛЬ]! Жители города Косшы, выражают Вам свое почтение и желают всяческих успехов в Вашей не легкой работе. По адресу Акмолинская область, г. Косшы, ул. [ЗАЯВИТЕЛЬ] регулярно проблемы с канализацией. О данных проблемах было неоднократно в устной форме сообще","Строительство, дольщики, жилищные проблемы",08.11.2022,97,канализация,https://dialog.egov.kz/blogs/all-questions/758687
758671,"Доброго времени суток Ко мне пришел штраф за разметку, Предписание 227588230845049 – я с ним не согласен и вот почему: Я двигался в южном направлении по улице Сейфуллина от улицы Иркутской в сторону Радищева расстояние 384 метра, на этом промежутке дороги нету светофором и а",Транспорт,08.11.2022,96,светофор,https://dialog.egov.kz/blogs/all-questions/758671
753428/1,"П рошу вас принять меры в отношении безответственного и халатного отношения к своим обязанностям ответственных лиц акимата Сайрамского района , акимат Туркестанской области ,а также других лиц. Дело в том .что я с начала 2022 года не могу добиться стабильного , упорядоченног",О работе государственных органов (госуслуги),08.09.2022,77,мусор,https://dialog.egov.kz/blogs/all-questions/753544
761246,[ЗАЯВИТЕЛЬ] мырза! [ЗАЯВИТЕЛЬ]-Фараби атындағы ҚазҰУ-дың «6D090900 – Логистика» мамандығы бойынша докторанты боламын. Диссертациялық жұмысымның тақырыбы: «Еуразиялық көлік дәліздеріндегі құрғақ порттардың логистикалық қызмет көрсету сапасын арттыру» («Khorgos Gateway» мысал,Наука,07.12.2022,101,жарық,https://dialog.egov.kz/blogs/all-questions/761246
758584,"Добрый день! Согласно Правил осуществления государственных закупок, а именно в соответствии с Приложением 10 к КД «Сведения о квалификации и критериях, влияющих на конкурсное ценовое предложение при закупках работ, не связанных со строительством) (заполняется потенциальным поста",Финансы,07.11.2022,126,благоустройство,https://dialog.egov.kz/blogs/all-questions/758584
756612,"Уважаемая [ЗАЯВИТЕЛЬ], прошу предоставить полновесный и корректный ответ по санитарно эпидемиологическим правилам. Ранее я направляла запросы, которые так и не прояснили «узкие» места в этом направлении. В частности предусматривается ли в НПА требования о наличии туалетной бумаг",Здравоохранение,07.10.2022,108,мусор,https://dialog.egov.kz/blogs/all-questions/756612
753428,"П рошу вас принять меры в отношении безответственного и халатного отношения к своим обязанностям ответственных лиц акимата Сайрамского района , акимат Туркестанской области ,а также других лиц. Дело в том .что я с начала 2022 года не могу добиться стабильного , упорядоченног",О работе государственных органов (госуслуги),07.09.2022,89,мусор,https://dialog.egov.kz/blogs/all-questions/753428
753370,"Уважаемые господа! Просьба обратить внимание и разобраться с подключенным светофором в Турксибском районе по Илийскому тракту в районе 70-го разъезда Очень большие пробки в сторону города Алматы в часы пик по утрам С пос.Отеген батыр (ГРЭС) стало невозможно ездить, часами стои",Транспорт,07.09.2022,97,светофор,https://dialog.egov.kz/blogs/all-questions/753370
746861,"№ 745812 осы обращениенің жауабына сай, жэкке хабарластық Қайырғали деген адамға. [ЗАЯВИТЕЛЬ] тұрғындары шешеді , қай жерге қояатынын қоқыс жәшіктерінің. Сондықтан алынуы екіталай. Біз сонла тереземізді аша алмай отыра береміз бе? Канализацияның иісі шығады. Соны тексеретін құ",Регионы,07.07.2022,79,қоқыс,https://dialog.egov.kz/blogs/all-questions/746861
761156,"важаемый [ЗАЯВИТЕЛЬ]! Мы жители ЖК Фэмили парк, который находится по адресу Кабанбай батыра 75 а, обращались к Вам 03.03.2022, были неоднократно на приеме у вашего заместителя [ЗАЯВИТЕЛЬ] обращались к Вам на онлайн приеме, но до сих пор ситуация с нашим ЖК не изменилась. На","Строительство, дольщики, жилищные проблемы",06.12.2022,80,отопление,https://dialog.egov.kz/blogs/all-questions/761156
761141,"Добрый день , я человек проживающий в 10 микрорайоне , 3 доме , 3 подъезде. Хотел узнать у нас тоже по городу трубы взрываются ли ? Так как тепло не доходит до моей квартиры. Можете ли посодействовать что бы ГКП ""Таразтрансэнерго"" сделала проверку и выписала акт что до",Земельные вопросы,06.12.2022,119,отопление,https://dialog.egov.kz/blogs/all-questions/761141
761138,"Просим дать пояснение касательно Санитарных правил «Санитарно-эпидемиологические требования к санитарно-защитным зонам объектов, являющихся объектами воздействия на среду обитания и здоровье человека», утвержденных Приказом и.о. Министра здравоохранения Республики Казахстан от 11",Здравоохранение,06.12.2022,237,канализация,https://dialog.egov.kz/blogs/all-questions/761138
761135,"Добрый день, акимат г. Алматы. [ЗАЯВИТЕЛЬ] района Нижняя пятилетка просят Вас провести проверку работы сотрудников Турксибского акимата. В 2021 году в районе Нижняя пятилетка начались работы по реконструкции инфраструктуры водопровода и канализации, демонтировано дорожное",Социальное обеспечение,06.12.2022,72,канализация,https://dialog.egov.kz/blogs/all-questions/761135
756246/3,"[ЗАЯВИТЕЛЬ] ханым! [ЗАЯВИТЕЛЬ] Жаналыулы Тараз қаласы, Целиноград көшесі 2/2 үйдің тұрғынымын. Целиноград көшелерінің 1,2,3,4 бұрылыстарына 2020 жылы жол түсу керек болған. Бірақ 2021 жылы әкімдікке барғанда 2021дің желтоқсан айынан дейін салынатыны хабарланды. 2022 ш",О работе государственных органов (госуслуги),06.10.2022,84,жарық,https://dialog.egov.kz/blogs/all-questions/756552
756246/2,"[ЗАЯВИТЕЛЬ] ханым! [ЗАЯВИТЕЛЬ] Жаналыулы Тараз қаласы, Целиноград көшесі 2/2 үйдің тұрғынымын. Целиноград көшелерінің 1,2,3,4 бұрылыстарына 2020 жылы жол түсу керек болған. Бірақ 2021 жылы әкімдікке барғанда 2021дің желтоқсан айынан дейін салынатыны хабарланды. 2022 ш",О работе государственных органов (госуслуги),06.10.2022,93,жарық,https://dialog.egov.kz/blogs/all-questions/756551
756246/1,"[ЗАЯВИТЕЛЬ] ханым! [ЗАЯВИТЕЛЬ] Жаналыулы Тараз қаласы, Целиноград көшесі 2/2 үйдің тұрғынымын. Целиноград көшелерінің 1,2,3,4 бұрылыстарына 2020 жылы жол түсу керек болған. Бірақ 2021 жылы әкімдікке барғанда 2021дің желтоқсан айынан дейін салынатыны хабарланды. 2022 ш",О работе государственных органов (госуслуги),06.10.2022,142,жарық,https://dialog.egov.kz/blogs/all-questions/756549
753021,Уважаемый [ЗАЯВИТЕЛЬ] ! Просим Вас от жителей города помочь в вопросе для установки светофора возле школы № 31 на пересечении улиц Кенесары - Иманбаевой ! В данный момент там пешеходная дорожка опасно для жизни детей и жителей города Нур-Султан !!!,О работе государственных органов (госуслуги),05.09.2022,81,светофор,https://dialog.egov.kz/blogs/all-questions/753021
733864,"Қайырлы күн! Қызылорда қаласының [ЗАЯВИТЕЛЬ] Саулет-3 көшелерінің аяқ жағындағы тұрғын үйлері мен «Темір жол және Жылу құбырының» аралығындағы күнделікті тұрғындар қатынап, жүретін жолда (тұйық көше) күндіз-түні күдікті, бейтаныс көліктер мен топтасқан а",Свободная тема,05.04.2022,107,қоқыс,https://dialog.egov.kz/blogs/all-questions/733864
761037,"исх.№194 «30» ноября 2022 г. Акиму города Астана Акиму района Есиль города Астана ГУ «Управление качества и контроля городской среды г. Астана» Уважаемые руководители ! ТОО «Управляющая компания «АБАТ»», являясь органом управления кондоминиума жилого дома №105А, наход","Строительство, дольщики, жилищные проблемы",04.12.2022,73,мусор,https://dialog.egov.kz/blogs/all-questions/761037
758509,"Уважаемый [ЗАЯВИТЕЛЬ]. Прошу обратить внимание на участок дороги по улице Назарбаева (Фурманова) и пересечения с проспектом Аль-Фараби. При движении ""вниз"" по Назарбаева на повороте налево на Аль-Фараби, часто образуется пробка ввиду неправильной работы све",Транспорт,04.11.2022,68,светофор,https://dialog.egov.kz/blogs/all-questions/758509
756338,"Прошу Вас дать правовую оценку действиям ответственных лиц акимата Сайрамского района Туркестанской области и акимата самой Туркестанской области. Дело в том что, с начала 2022 года я не могу добиться адекватного , своевременного вывоза твердых бытовых отходов (ТБО), со стороны Т",О работе государственных органов (госуслуги),04.10.2022,114,мусор,https://dialog.egov.kz/blogs/all-questions/756338
756246,"[ЗАЯВИТЕЛЬ] ханым! [ЗАЯВИТЕЛЬ] Жаналыулы Тараз қаласы, Целиноград көшесі 2/2 үйдің тұрғынымын. Целиноград көшелерінің 1,2,3,4 бұрылыстарына 2020 жылы жол түсу керек болған. Бірақ 2021 жылы әкімдікке барғанда 2021дің желтоқсан айынан дейін салынатыны хабарланды. 2022 ш",О работе государственных органов (госуслуги),04.10.2022,93,жарық,https://dialog.egov.kz/blogs/all-questions/756246
756242,"[ЗАЯВИТЕЛЬ] мырза! [ЗАЯВИТЕЛЬ] Жаналыулы Тараз қаласы, Целиноград көшесі 2/2 үйдің тұрғынымын. Целиноград көшелерінің 1,2,3,4 бұрылыстарына 2020 жылы жол түсу керек болған. Бірақ 2021 жылы әкімдікке барғанда 2021дің желтоқсан айынан дейін салынатыны хабарланды. 2022 ші",Свободная тема,04.10.2022,85,жарық,https://dialog.egov.kz/blogs/all-questions/756242
749738,"[ЗАЯВИТЕЛЬ] шаруашылығы министрлігінің Жер ресурстарын басқару комитетінің төрағасы М.[ЗАЯВИТЕЛЬ] Баритұлы! «ҚазАвтоЖол» Ұлттық компаниясы» АҚ-ның 28.01.2022 жылғы №1 жауапты сақтау шартымен Қызылорда облысы, Қармақшы ауданы аумағынан өтетін «Баты",Земельные вопросы,04.08.2022,91,су,https://dialog.egov.kz/blogs/all-questions/749738
749676,"Біздің сізге өтініш хат жазу себебіміз мына төмендегіше; 12.04.2019 жылы Жетісай АПБ-нің СДТТБТ-не [ЗАЯВИТЕЛЬ] 385- бабының 1- бөлігімен №[ИИН] тіркеліп, сотқа дейінгі тергеп тексеру басталған іс бойынша. Түркістан облысының полиция департаментінің тергеу баскармасы та",Регионы,04.08.2022,67,су,https://dialog.egov.kz/blogs/all-questions/749676
729744,[ЗАЯВИТЕЛЬ] прокуроры [ЗАЯВИТЕЛЬ] ҚР Сыбайлас жемқорлыққа қарсы іс-қимыл агенттігінің ( Сыбайлас жемқорлыққа қарсы қызымет) төрағасы [ЗАЯВИТЕЛЬ] Алматы қаласының әкімі Ербо,Земельные вопросы,04.03.2022,56,қоқыс,https://dialog.egov.kz/blogs/all-questions/729744
729742,[ЗАЯВИТЕЛЬ] прокуроры [ЗАЯВИТЕЛЬ] ҚР Сыбайлас жемқорлыққа қарсы іс-қимыл агенттігінің ( Сыбайлас жемқорлыққа қарсы қызымет) төрағасы [ЗАЯВИТЕЛЬ] Алматы қаласының әкімі Ербо,Земельные вопросы,04.03.2022,94,қоқыс,https://dialog.egov.kz/blogs/all-questions/729742
729739,[ЗАЯВИТЕЛЬ] прокуроры [ЗАЯВИТЕЛЬ] ҚР Сыбайлас жемқорлыққа қарсы іс-қимыл агенттігінің ( Сыбайлас жемқорлыққа қарсы қызымет) төрағасы [ЗАЯВИТЕЛЬ] Алматы қаласының әкімі Ербо,Земельные вопросы,04.03.2022,202,қоқыс,https://dialog.egov.kz/blogs/all-questions/729739
729737,"Обращение с регистрационным номером 729737, направленное в Блог [ЗАЯВИТЕЛЬ] РК [ЗАЯВИТЕЛЬ] отклонено ГО 18.03.2022",Земельные вопросы,04.03.2022,0,қоқыс,
758426,"[ЗАЯВИТЕЛЬ],. Т. Б [ЗАЯВИТЕЛЬ] ҚЫЗЫЛТӨБЕ 2,# 831 [ЗАЯВИТЕЛЬ] . [ЗАЯВИТЕЛЬ] ТҰРМЫН. 1- МЕН АО ТЕХНОДОМ [ЗАЯВИТЕЛЬ] 10—",Нацкомпании,03.11.2022,91,мусор,https://dialog.egov.kz/blogs/all-questions/758426
756117,"Приветствую и обращаюсь от имени жителей дома №31 мкр. Аксай 1А с просьбой прояснить ситуацию с установкой новых арыков (параллельно улицы Толе би) согласно программе благоустройства Алматинские дворы. Мы неоднократно писали в прошлые годы, что наш двор топит при каждом дожде, та",Информационно-коммуникационные технологии,03.10.2022,80,благоустройство,https://dialog.egov.kz/blogs/all-questions/756117
752936,Уважаемый Сатыбалды [ЗАЯВИТЕЛЬ]! Было обращение бывшему акиму Шукеева.[ЗАЯВИТЕЛЬ] 24.08.2022г было ликвидирована мусор и твердые отходы. Но закрылся не законная полигон.День не прошел она образуется полигон. Обращение было о закрытие полигона она до сих работает. Обращаемся,"Культура, информация и экология",03.09.2022,89,мусор,https://dialog.egov.kz/blogs/all-questions/752936
760959,"[ЗАЯВИТЕЛЬ] Iргебайұлы! [ЗАЯВИТЕЛЬ] Азаркановна 1961 жылғы, Қостанай қаласы мкр Юбилейный 24 үйінің тұрғыны боламын.Біздің үй 2020 жылғы қыркүйек айында салынып бітуі тиіс еді,, 2022 жылдың шілде айында бірақ дайын болды.Үйдің кілтін біздерге табыстаған уақытта,","Строительство, дольщики, жилищные проблемы",02.12.2022,167,жарық,https://dialog.egov.kz/blogs/all-questions/760959
760933,[ЗАЯВИТЕЛЬ]! [ЗАЯВИТЕЛЬ]-Фараби атындағы ҚазҰУ-дың «6D090900 – Логистика» мамандығы бойынша докторанты боламын. Диссертациялық жұмысымның тақырыбы: «Еуразиялық көлік дәліздеріндегі құрғақ порттардың логистикалық қызмет көрсету сапасын арттыру» («Khorgos Gateway» мысал,Наука,02.12.2022,134,жарық,https://dialog.egov.kz/blogs/all-questions/760933
760900,"Здравствуйте! В соответствии с примечанием приложения 10 к конкурсной документации «Сведения о квалификации и критериях, влияющих на конкурсное ценовое предложение при закупках работ, не связанных со строительством)» Правил осуществления государственных закупок, потенциальные пос",О работе государственных органов (госуслуги),02.12.2022,199,освещение,https://dialog.egov.kz/blogs/all-questions/760900
758310,"Прошу Вас установить личность водителя,или инструктора,допустившего грубое нарушение [ЗАЯВИТЕЛЬ],проезд на запрещающий сигнал светофора,и привлечь его к административной ответственности.В случаи управления т/с инструктора по вождению авто школы лишить его лицензии на право представлен",Правоохранительные органы,02.11.2022,67,светофор,https://dialog.egov.kz/blogs/all-questions/758310
758309,"Прошу Вас установить личность водителя,или инструктора,допустившего грубое нарушение [ЗАЯВИТЕЛЬ],проезд на запрещающий сигнал светофора,и привлечь его к административной ответственности.В случаи управления т/с инструктора по вождению авто школы лишить его лицензии на право представлен",Правоохранительные органы,02.11.2022,76,светофор,https://dialog.egov.kz/blogs/all-questions/758309
758300,"Здравствуйте, я житель ЖК Айсанам расположенный по адресу ул Мангилик ел 19, в нашем доме на первом этаже расположен алкогольный пив бар Жигуль. Которое неоднократно нарушает правила пожарной безопасности и санитарных норм. 23 октября 2022г примерно в 15:30-16:30ч произошел пожар","Строительство, дольщики, жилищные проблемы",02.11.2022,80,мусор,https://dialog.egov.kz/blogs/all-questions/758300
752893,"Добрый день! [ЗАЯВИТЕЛЬ] ответ на мое обращение ""750697/1"". Хотелось бы получить от Вас больше конкретики По ряду вопросов. Ваш ответ: ""В настоящее время, услугодателем по вывозу ТБО устанавливается потребность в количестве необходимых контейнеров и площадок для",О работе государственных органов (госуслуги),02.09.2022,78,мусор,https://dialog.egov.kz/blogs/all-questions/752893
749566,"Обращение с регистрационным номером 749566, направленное в Блог Министр науки и высшего образования РК [ЗАЯВИТЕЛЬ] находится на рассмотрении у ГО",Наука,02.08.2022,3,су,
760814,"Добрый день [ЗАЯВИТЕЛЬ]! В районе остановки""Березка"", не работает светофор (вырвана кнопка - вызвать зеленый свет), через эту дорогу, как спускаться с моста, по маршруту Автобуса №1, машины и автобусы , летят с завышенной скоростью. На другой стороне дороги находит",О работе государственных органов (госуслуги),01.12.2022,84,светофор,https://dialog.egov.kz/blogs/all-questions/760814
760781,"Недавно поставили новый светофор по улице нажимеденова и из-за него образуются скопления машин, которые поворачивают налево или разворачиваются. Когда едешь по улице нажимеденова в сторону ул. Аманжолова и пытаешься развернуться на новом светофоре который появился на нажимеденова",Транспорт,01.12.2022,77,светофор,https://dialog.egov.kz/blogs/all-questions/760781
760760,"Обращение с регистрационным номером 760760, направленное в Блог [ЗАЯВИТЕЛЬ] РК [ЗАЯВИТЕЛЬ] отклонено ГО 08.12.2022",О работе государственных органов (госуслуги),01.12.2022,0,водоснабжение,
758275,"Прошу вас ознакомиться с публикацией https://vk.com/zb_07 Установить личность водителя,а так же лица совершившего выброс мусора из т/с на проезжей части пр.Абая г.Уральск,тем самым создавшего аварийную обстановку на дороге,и привлечь его к строгой административной ответственност",Правоохранительные органы,01.11.2022,67,мусор,https://dialog.egov.kz/blogs/all-questions/758275
758274,"Прошу вас ознакомиться с публикацией https://vk.com/zb_07 Установить личность водителя,а так же лица совершившего выброс мусора из т/с на проезжей части пр.Абая г.Уральск,тем самым создавшего аварийную обстановку на дороге,и привлечь его к строгой административной ответственност",Правоохранительные органы,01.11.2022,70,мусор,https://dialog.egov.kz/blogs/all-questions/758274
758258,"Добрый день, [ЗАЯВИТЕЛЬ]! Я и жители г. Атырау, проживающие по адресу: мкр. Алиев-Курмангазы, ул 8, обращаемся к Вам с просьбой оказать содействие в решении важного вопроса для наших семей, связанного с постоянным отключением электроэнергии. На протяжении двух лет с насту",Свободная тема,01.11.2022,66,жарық,https://dialog.egov.kz/blogs/all-questions/758258
752689,"[ЗАЯВИТЕЛЬ] собственников имущества «МЖД 33-19» (далее – ОСИ), просит Вас рассмотреть возможность замены мусорных контейнеров, в целях экологической чистоты нашего микрорайона. На сегодняшний день мусорные контейнеры (далее - мусорные баки) имеют не только вид изношен",Свободная тема,01.09.2022,98,мусор,https://dialog.egov.kz/blogs/all-questions/752689
749340,"Қайырлы күн! [ЗАЯВИТЕЛЬ], мен [ЗАЯВИТЕЛЬ] қазіргі таңда пәтер жалдап тұратын азаматшалардың бірімін. 2020 жылы Атырау қаласы Алмалы ауылдық округ Береке селосынан жер сатып алып. Жеке үй құрылысын бастадым. Қазіргі уақытта жеке үй құрылысын аяқтай келдім. Ендігі басты кү","Строительство, дольщики, жилищные проблемы",01.08.2022,72,су,https://dialog.egov.kz/blogs/all-questions/749340
