id,text,category,date,views,search_query,url
766253,"[ЗАЯВИТЕЛЬ] «Отбасы банк» АҚ Басқарма төрағасы Л. [ЗАЯВИТЕЛЬ] облысы,Тараз қаласының тұрғыны [ЗАЯВИТЕЛЬ] ЖСН: [ИИН] Б/с нөмірім: [ТЕЛЕФОН] эл почта:[EMAIL] ӨТІНІШ Мен, Куатбекова","Строительство, дольщики, жилищные проблемы",22.06.2026,119,жылу жоқ,https://dialog.egov.kz/blogs/all-questions/766253
766049,"[ЗАЯВИТЕЛЬ] нотариалды доверенность негізінде [ЗАЯВИТЕЛЬ] Отбасыбанкте 2021-2025 жылдары тиесілі болған депозит туралы төмендегі жағдай бойынша түсініктеме беруді сұраймын. Депозиттің альтернативті нөмірі [ИИН], осы депозитке 2024 жылдың жаз",Ипотека,22.01.2026,70,жылу жоқ,https://dialog.egov.kz/blogs/all-questions/766049
766297,"Обращение с регистрационным номером 766297, направленное в Блог Генеральный директор РГП на ПХВ «Республиканский научно–исследовательский институт по охране труда Министерства труда и социальной защиты населения Республики Казахстан» Актаева [ЗАЯВИТЕЛЬ] отклонено ГО 25.08.2026",Финансы,12.08.2026,1,жылу жоқ,
766097,"Обращение с регистрационным номером 766097, направленное в Блог Председатель правления АО «Республиканская газета «[ЗАЯВИТЕЛЬ]» [ЗАЯВИТЕЛЬ] находится на рассмотрении у ГО",Малый и средний бизнес,11.02.2026,0,не топят,
766096,"Обращение с регистрационным номером 766096, направленное в Блог Директор РГКП «Национальный центр тестирования» Министерства науки и высшего образования Республики Казахстан Емелбаев.Р.Т находится на рассмотрении у ГО",Малый и средний бизнес,11.02.2026,0,не топят,
766135,«Отбасы банк» АҚ Басқарма төрағасы,"Строительство, дольщики, жилищные проблемы",10.03.2026,70,жылу жоқ,https://dialog.egov.kz/blogs/all-questions/766135
766134,"Менің өтініш беру себебім, жұбайым [ЗАЯВИТЕЛЬ] (ЖСН:[ИИН]) [ЗАЯВИТЕЛЬ] ауданы бойынша тұрғын үй кезегіне «4 және одан да көп кәмелетке толмаған балалары бар көп балалы отбасылар» санатымен 2019 жылы 26 сәуірде тіркелген. Жұбайым 2020 жылы 31 желтоқсанда қайтыс","Строительство, дольщики, жилищные проблемы",10.03.2026,109,жылу жоқ,https://dialog.egov.kz/blogs/all-questions/766134
766229,"Мен,[ЗАЯВИТЕЛЬ] жалғызбасты анамын.1983 жылы Механический заводтың жатақханасынан бір бөлме-19 кв.м алып,жекешелендіріп,осы уақытқа дейін тұрып жатырмыз. 2006 жылдан бастап «толық емес отбасы» санаты бойынша ""Орал қаласының тұрғын үй-коммуналдық шаруашылығы, жолаушылар к",Социальное обеспечение,02.06.2026,88,жылу жоқ,https://dialog.egov.kz/blogs/all-questions/766229
765837,"""БЖЗҚ"" АҚ Басқарма төрағасы [ЗАЯВИТЕЛЬ]",Финансы,30.09.2025,97,жылу жоқ,https://dialog.egov.kz/blogs/all-questions/765837
765757,"Обращение с регистрационным номером 765757, направленное в Блог [ЗАЯВИТЕЛЬ] правосудия при [ЗАЯВИТЕЛЬ] РК [ЗАЯВИТЕЛЬ] отклонено ГО 03.09.2025",О работе государственных органов (госуслуги),29.08.2025,1,жылу жоқ,
765472,Маңғыстау ауданы Ақтау қаласы мекен жайы 34-10 ТҮК «Інжутас» тұрғындары атынан 85 пәтер иесі [ЗАЯВИТЕЛЬ]:[ТЕЛЕФОН] Эл.почта: baktily.ieskaliieva.66mail.ru ӨТІНІШ Осы көрсетілген мекен-жай тұрғындары төмендегідей шағымдарымызбен өтініш жолдап отырмыз . Ақтау қаласындағ,"Строительство, дольщики, жилищные проблемы",26.03.2025,129,су жоқ,https://dialog.egov.kz/blogs/all-questions/765472
765831,"[ЗАЯВИТЕЛЬ] Әсел 2021 жылдың қыркүйек айында Отбасы банк арқылы ипотека алдым. 2024 жылдың қыркүйек айында уақытынан ерте жауып тастадым. Құжаттарды тапсырған уақытта, ипотеканы төлеу мерзімінде ешқандай проблема болған жоқ. Осы жылы күйеуіме ипотекаға отказ келіп тұр. Мен р",Ипотека,25.09.2025,106,жылу жоқ,https://dialog.egov.kz/blogs/all-questions/765831
765339,"Обращение с регистрационным номером 765339, направленное в Блог Председатель Правления АО «Казахстанский центр модернизации и развития жилищно-коммунального хозяйства» [ЗАЯВИТЕЛЬ] находится на рассмотрении у ГО","Строительство, дольщики, жилищные проблемы",24.01.2025,3,су жоқ,
765337,"[ЗАЯВИТЕЛЬ] 1992ж.т ЖСН [ИИН], 2019жылы желтоқсан айында мемлекеттен ""Жастарға қолдау көрсету"" аясында ""Жас отбасы"" статусы бойынша Астана қаласы, Валиханов көшесі 25/1 ,95 пәтер 5 жылға берілді. 1920 жылы 4-ші қызым дүниеге кел",Занятость населения,24.01.2025,103,жылу жоқ,https://dialog.egov.kz/blogs/all-questions/765337
765511,"Обращение с регистрационным номером 765511, направленное в Блог Генеральный директор РГП на ПХВ «Республиканский научно–исследовательский институт по охране труда Министерства труда и социальной защиты населения Республики Казахстан» Актаева [ЗАЯВИТЕЛЬ] отклонено ГО 30.04.2025",Здравоохранение,23.04.2025,0,жылу жоқ,
765334,"Обращение с регистрационным номером 765334, направленное в Блог Генеральный директор РГП на ПХВ ""Национальный научный центр развития сферы социальной защиты"" [ЗАЯВИТЕЛЬ] отклонено ГО 23.01.2025",Образование,22.01.2025,1,жылу жоқ,
765917,"Обращение с регистрационным номером 765917, направленное в Блог Президент АО «Центр развития трудовых ресурсов» [ЗАЯВИТЕЛЬ] находится на рассмотрении у ГО",Занятость населения,17.11.2025,0,жылу жоқ,
765453,Маңғыстау ауданы Ақтау қаласы мекен жайы 34-10 ТҮК «Інжутас» тұрғындары атынан 85 пәтер иесі [ЗАЯВИТЕЛЬ]:[ТЕЛЕФОН] Эл.почта: baktily.ieskaliieva.66mail.ru ӨТІНІШ Осы көрсетілген мекен-жай тұрғындары төмендегідей шағымдарымызбен өтініш жолдап отырмыз . Ақтау қаласындағ,"Строительство, дольщики, жилищные проблемы",14.03.2025,107,су жоқ,https://dialog.egov.kz/blogs/all-questions/765453
765451,"Обращение с регистрационным номером 765451, направленное в Блог Председатель Правления АО «Казахстанский центр модернизации и развития жилищно-коммунального хозяйства» [ЗАЯВИТЕЛЬ] находится на рассмотрении у ГО","Строительство, дольщики, жилищные проблемы",14.03.2025,0,су жоқ,
765971,"Обращение с регистрационным номером 765971, направленное в Блог Генеральный директор РГП на ПХВ ""Национальный научный центр развития сферы социальной защиты"" [ЗАЯВИТЕЛЬ] отклонено ГО 15.12.2025",Социальное обеспечение,12.12.2025,2,жылу жоқ,
765970,"Обращение с регистрационным номером 765970, направленное в Блог Генеральный директор РГП на ПХВ «Республиканский научно–исследовательский институт по охране труда Министерства труда и социальной защиты населения Республики Казахстан» Актаева [ЗАЯВИТЕЛЬ] отклонено ГО 17.12.2025",Социальное обеспечение,12.12.2025,1,жылу жоқ,
765964,"Обращение с регистрационным номером 765964, направленное в Блог Председатель Правления АО «Казахстанский центр модернизации и развития жилищно-коммунального хозяйства» [ЗАЯВИТЕЛЬ] находится на рассмотрении у ГО","Строительство, дольщики, жилищные проблемы",12.12.2025,0,нет отопления,
765905,"Обращение с регистрационным номером 765905, направленное в Блог Генеральный директор РГП на ПХВ «Республиканский научно–исследовательский институт по охране труда Министерства труда и социальной защиты населения Республики Казахстан» Актаева [ЗАЯВИТЕЛЬ] отклонено ГО 14.11.2025",Занятость населения,11.11.2025,0,жылу жоқ,
765714,"Обращение с регистрационным номером 765714, направленное в Блог [ЗАЯВИТЕЛЬ] правосудия при [ЗАЯВИТЕЛЬ] РК [ЗАЯВИТЕЛЬ] отклонено ГО 25.08.2025",Правоохранительные органы,11.08.2025,3,жылу жоқ,
765709,"[ЗАЯВИТЕЛЬ] төрағасы мен,Байменов [ЗАЯВИТЕЛЬ] 2021 жылы Отбасы банктен ипотека рәсімдедім.Сол уақытта табыс көзі жетпеуіне байланысты созаемщик алдым.Ол кезде жолдасым бала күтіміне байланысты жұмыс істеген жоқ.Біз сол созаемщикті ауытыру сұрағы бойынша 2024 жылы Отбасы",Ипотека,10.08.2025,70,не топят,https://dialog.egov.kz/blogs/all-questions/765709
765659,"«Отбасы банк» АҚ Басқарма төрайымы [ЗАЯВИТЕЛЬ] Ибрагимова ханымға [ЗАЯВИТЕЛЬ] ханым! Мен – [ЗАЯВИТЕЛЬ] азаматы, жас анамын. Қазіргі таңда жолдасым және екі баламмен бірге тұрып жатырмын. Жолдасым – қарапайым жұмысшы, отбасымызды адал еңбек",Ипотека,06.07.2025,88,не топят,https://dialog.egov.kz/blogs/all-questions/765659
765942,"Сәлеметсіз бе, мен Ұлытау облысы Жезқанған қаласынан хабарласып отырмын, маған облыстық отбасы банк арқылы 27 қараша күні төлем қабілетін дәлелдедім. 4 желтоқсан күні жеке кабиеттегі өтініш бойынша құжаттар тапсыру аяқталады. осы бойынша бүгі 4 желтоқсанда бөлімшеге келіп несие","Строительство, дольщики, жилищные проблемы",04.12.2025,68,не топят,https://dialog.egov.kz/blogs/all-questions/765942
765941,"Сәлеметсіз бе, мен Ұлытау облысы Жезқанған қаласынан хабарласып отырмын, маған облыстық отбасы банк арқылы 27 қараша күні төлем қабілетін дәлелдедім. 4 желтоқсан күні жеке кабиеттегі өтініш бойынша құжаттар тапсыру аяқталады. осы бойынша бүгі 4 желтоқсанда бөлімшеге келіп несие","Строительство, дольщики, жилищные проблемы",04.12.2025,78,не топят,https://dialog.egov.kz/blogs/all-questions/765941
765429,Сәлеметсіз бе! Мен 2023 жылы арнайы депозит есеп ашып сонда 2024 жылы желтоқсан айында 755 мыңға толтырдым.Оны қарызға алып толтырдым.Мемлекеттік сыйлықақы алу үшін. Менің одан бөлек 2020 жылы ашылған жат отбасы депозитім болатын.Маған смс келді мемлекеттік сыйлықақыға сұраныс қа,Ипотека,03.03.2025,99,жылу жоқ,https://dialog.egov.kz/blogs/all-questions/765429
765077,"Обращение с регистрационным номером 765077, направленное в Блог Председатель Правления АО «Казахстанский центр модернизации и развития жилищно-коммунального хозяйства» [ЗАЯВИТЕЛЬ] находится на рассмотрении у ГО","Строительство, дольщики, жилищные проблемы",27.06.2024,1,нет отопления,
765076,"Обращение с регистрационным номером 765076, направленное в Блог Директор ТОО «Центр по управлению пассажирскими перевозками» [ЗАЯВИТЕЛЬ] находится на рассмотрении у ГО",Транспорт,26.06.2024,1,водитель автобуса,
764899,"Обращение с регистрационным номером 764899, направленное в Блог Председатель Правления АО «НГК «Казгеология» [ЗАЯВИТЕЛЬ] находится на рассмотрении у ГО",Финансы,23.02.2024,1,жылу жоқ,
765199,"Обращение с регистрационным номером 765199, направленное в Блог Председатель Правления АО «Казахстанский центр модернизации и развития жилищно-коммунального хозяйства» [ЗАЯВИТЕЛЬ] находится на рассмотрении у ГО",Земельные вопросы,22.10.2024,2,не топят,
764896,"Уважаемая [ЗАЯВИТЕЛЬ]! Прошу помочь мне, так как я оказалась в трудной жизненной ситуации. Между мною, [ЗАЯВИТЕЛЬ] и АО «Отбасы банк» 20 октября 22021 года был заключен договор банковского займа №SPO2824-1600-2021, согласно которому мною был получен кредит на сумму 9",Ипотека,22.02.2024,70,нет отопления,https://dialog.egov.kz/blogs/all-questions/764896
764887,"Қайырлы күн, менің арыз шағымым 2024 жылдың наурыз айндағы ОТАУ 9-20-25 қателеспесем,осы бағдарламаның шартындағы Астана,Алматы қаласындағы соңғы 3 жыл тұрақты тіркеуі яғни прописка болуы керек деген талаптарыңызға мен сияқты біршама жастардың атынан болып тұр.Өз үйі жоқ адамда т",Свободная тема,19.02.2024,63,жылу жоқ,https://dialog.egov.kz/blogs/all-questions/764887
765095,"Обращение с регистрационным номером 765095, направленное в Блог Генеральный директор РГП на ПХВ «Республиканский научно–исследовательский институт по охране труда Министерства труда и социальной защиты населения Республики Казахстан» Актаева [ЗАЯВИТЕЛЬ] отклонено ГО 19.07.2024","Строительство, дольщики, жилищные проблемы",18.07.2024,1,не топят,
765064,"Здравствуйте, наши уважаемые чиновники и уважаемый Министр туризма и спорта [ЗАЯВИТЕЛЬ] В прошлом году мы с коллегами выезжали в Туркестанскую область совершить хадж по святым местам на туристическом автобусе. Были в мавзолеях Арстан-баба, [ЗАЯВИТЕЛЬ], Домалак-Ана",Туризм,14.06.2024,188,автобус не ходит,https://dialog.egov.kz/blogs/all-questions/765064
764819,"Обращение с регистрационным номером 764819, направленное в Блог Директор ГКП на ПХВ Областная многопрофильная клиника ГУ Управление [ЗАЯВИТЕЛЬ] области [ЗАЯВИТЕЛЬ] находится на рассмотрении у ГО",Здравоохранение,11.01.2024,0,жылу жоқ,
764818,"Обращение с регистрационным номером 764818, направленное в Блог Директор ГКП на ПХВ «Алматинского регионального онкологического диспансера» [ЗАЯВИТЕЛЬ] находится на рассмотрении у ГО",Здравоохранение,11.01.2024,0,жылу жоқ,
765084,"Обращение с регистрационным номером 765084, направленное в Блог Генеральный директор РГП на ПХВ ""Национальный научный центр развития сферы социальной защиты"" [ЗАЯВИТЕЛЬ] отклонено ГО 09.07.2024",Занятость населения,07.07.2024,1,нет отопления,
765129,"02.09.2024 года АО «АРЭК» очередной раз незаконно прекратило подачу электрической энергии физическим лицам мне и моим соседям всем подряд по адресу: город Астана, улица А75, дом 2 и все подряд моим соседям, в нарушение подпунктов 1, 2 пункта 11 главы 6 Типовых договоров энергосна","Строительство, дольщики, жилищные проблемы",03.09.2024,271,нет холодной воды,https://dialog.egov.kz/blogs/all-questions/765129
765080,"Обращение с регистрационным номером 765080, направленное в Блог Генеральный директор РГП на ПХВ «Республиканский научно–исследовательский институт по охране труда Министерства труда и социальной защиты населения Республики Казахстан» Актаева [ЗАЯВИТЕЛЬ] отклонено ГО 03.07.2024",Социальное обеспечение,02.07.2024,2,не топят,
764960,"Обращение с регистрационным номером 764960, направленное в Блог Председатель правления АО «Республиканская газета «[ЗАЯВИТЕЛЬ]» [ЗАЯВИТЕЛЬ] находится на рассмотрении у ГО",Земельные вопросы,02.04.2024,1,жол жөндеу,
764911,"[ЗАЯВИТЕЛЬ] директоры ,[ЗАЯВИТЕЛЬ] Токмырзаеана ЖСН [ИИН]. 2014 жылы Мемлекеттік қызметкер ретінде үй кезегіне тұрдым.Отбасы банк ұйымдастырған конкурсқа қатыстым.Конкурстан өтіп,айлық табысымды растауға банк бөлімшесіне шақырылдым.Айлық табысым жетіп,ар",Ипотека,02.03.2024,87,жылу жоқ,https://dialog.egov.kz/blogs/all-questions/764911
764857,"Қайырлы күн, Ляззат ханым! [ЗАЯВИТЕЛЬ] 2022жылы денсаулығыма байланысты, 2 топтағы мүгедектігім бар кезде тұрғын үйге кезекке тұрған болатынмын! 2023 жылы комиссиядан өту барысында, 3 топ мүгедекке ауыстырған болатын. Ендігі мәселе, Отбасы банкте жыл сайын бол","Строительство, дольщики, жилищные проблемы",02.02.2024,82,не топят,https://dialog.egov.kz/blogs/all-questions/764857
764189,"Здравствуйте [ЗАЯВИТЕЛЬ]! Обращается к вам инвалид колясочник 1 группы с детства. Мне 20 лет. Меня зовут Ерасыл. Окончил колледж Туран по специальности Переводческое дело. 2 месяц как ищу работу, во многих местах нет пандусов, лифта и туалета. Я откликнулся на вакансию Отбасы",Занятость населения,30.05.2023,95,не работает лифт,https://dialog.egov.kz/blogs/all-questions/764189
763638,"[ЗАЯВИТЕЛЬ] САЛУ «Ақпаратқа қол жеткізу туралы» [ЗАЯВИТЕЛЬ] 2015 жылғы 16 қарашадағы Заңының 11-бабына сәйкес, Сізден келесі ақпаратты беруіңізді өтінемін: Мен, Шымқала тұрғыны және көпбалалы жас ана ретінде Сізден мына өтінішке жауап алғым келеді. Мемлеке",Малый и средний бизнес,30.01.2023,221,жылу жоқ,https://dialog.egov.kz/blogs/all-questions/763638
763954,"Уважаемые господа! просьба проверить и устранить завышенные платежи за эл энергию, Мы все время платили по 5-7 тыс тенге, но с декабря нам приходят по 20 тыс! В январе мы включали на пару дней эл отопление, но это должно быть только на 3-5 тыс больше (парокапельные батареи), н",О работе государственных органов (госуслуги),29.03.2023,136,нет отопления,https://dialog.egov.kz/blogs/all-questions/763954
764504,"Атырау облысы, Индер аудандық тұрғын үй-коммуналдық шаруашылығы, жолаушылар көлігі, автомобильдер жолдары және тұрғын үй инспекциясы бөлімі, 2020 жылы №[ИИН]/200031/00 нөмірмен «Атырау облысының Индер ауданы Өрлік ауылындағы ауыл ішіндегі автомобиль жолы және жаяу жолдың 1",Финансы,28.08.2023,140,жол жөндеу,https://dialog.egov.kz/blogs/all-questions/764504
763818,"Сәлеметсіз бе, мен Бердали [ЗАЯВИТЕЛЬ] 2022 жылы қараша айында Алматы жастары бағдарламасы бойынша ипотекалық қарыз алдым, төлем қабілеттілігім жеткіліксіз болғаны үшін зайымшылас іздедім, Зайымшыласты табу оңайға соқпады, Отбасы банк қызметкерлерінен сұрастырып қалай за",Ипотека,28.02.2023,200,жылу жоқ,https://dialog.egov.kz/blogs/all-questions/763818
764392,"Обращение с регистрационным номером 764392, направленное в Блог Генеральный директор РГП на ПХВ «Республиканский центр электронного здравоохранения» [ЗАЯВИТЕЛЬ] отклонено ГО 10.04.2024",Здравоохранение,27.07.2023,2,не топят,
764080,"Обращение с регистрационным номером 764080, направленное в Блог Директор Республиканского научно-практического центра экспертизы содержания образования [ЗАЯВИТЕЛЬ] находится на рассмотрении у ГО",Наука,26.04.2023,0,не топят,
763625,"Обращение с регистрационным номером 763625, направленное в Блог Председатель Правления АО «Казахстанский центр модернизации и развития жилищно-коммунального хозяйства» [ЗАЯВИТЕЛЬ] находится на рассмотрении у ГО","Строительство, дольщики, жилищные проблемы",26.01.2023,0,не топят,
763931,"Обращение с регистрационным номером 763931, направленное в Блог Председатель Правления АО «Казахстанский центр модернизации и развития жилищно-коммунального хозяйства» [ЗАЯВИТЕЛЬ] находится на рассмотрении у ГО",О работе государственных органов (госуслуги),25.03.2023,0,нет отопления,
764170,"Здравствуйте! Я снова вынуждена обратиться к Вам! Экономический суд не отменили, а перенесли на 26.05.2023г. Хотя я отправила всем скрин о том, что у меня нет задолженностей! Контролер ""Актобе су энерджи групп"" так и написала мне, что их организация никуда не подавала.",Ипотека,24.05.2023,206,нет холодной воды,https://dialog.egov.kz/blogs/all-questions/764170
763598,"Мен, Жумагалиев [ЗАЯВИТЕЛЬ], анам [ЗАЯВИТЕЛЬ] 2005 жылдың желтоқсан айының 13-інде №3414 тізіміндегі Ақтөбе облысының нотариалдық округінің нотариусы Г.[ЗАЯВИТЕЛЬ] кәуландырған өсиеті негізінде Ақтөбе облысы Шалқар қаласы Құрманғазы көшесі №9 үйді өсиетке",Земельные вопросы,24.01.2023,132,не топят,https://dialog.egov.kz/blogs/all-questions/763598
764478,"Обращение с регистрационным номером 764478, направленное в Блог Председатель Правления АО «Казахстанский центр модернизации и развития жилищно-коммунального хозяйства» [ЗАЯВИТЕЛЬ] находится на рассмотрении у ГО",О работе государственных органов (госуслуги),21.08.2023,1,нет освещения во дворе,
763585,"Обращение с регистрационным номером 763585, направленное в Блог Председатель Правления АО «Казахстанский центр модернизации и развития жилищно-коммунального хозяйства» [ЗАЯВИТЕЛЬ] находится на рассмотрении у ГО",Земельные вопросы,21.01.2023,0,нет холодной воды,
763584,"Обращение с регистрационным номером 763584, направленное в Блог Директор РГГП «Республиканского научно-практического центра «Дарын» Министерства просвещения РК [ЗАЯВИТЕЛЬ] находится на рассмотрении у ГО",Правоохранительные органы,21.01.2023,0,нет холодной воды,
763582,"Уважаемый [ЗАЯВИТЕЛЬ]! Я [ЗАЯВИТЕЛЬ], проживающая в городе Экибастуз, была вчера у Вас на личном приёме, поднимала вопросы отопления в квартире и горячего водоснабжения. Хочу выразить Вам",О работе государственных органов (госуслуги),21.01.2023,148,нет горячей воды,https://dialog.egov.kz/blogs/all-questions/763582
764369,"Обращение с регистрационным номером 764369, направленное в Блог Председатель Правления АО «Казахстанский центр модернизации и развития жилищно-коммунального хозяйства» [ЗАЯВИТЕЛЬ] находится на рассмотрении у ГО","Строительство, дольщики, жилищные проблемы",19.07.2023,0,су жоқ,
764046,"Обращение с регистрационным номером 764046, направленное в Блог Директор РГГП «Республиканского научно-практического центра «Дарын» Министерства просвещения РК [ЗАЯВИТЕЛЬ] находится на рассмотрении у ГО","Строительство, дольщики, жилищные проблемы",19.04.2023,1,не топят,
763567,"Обращение с регистрационным номером 763567, направленное в Блог Председатель Правления АО «Казахстанский центр модернизации и развития жилищно-коммунального хозяйства» [ЗАЯВИТЕЛЬ] находится на рассмотрении у ГО",Свободная тема,19.01.2023,4,нет холодной воды,
764044,"18.04.2023 жылы Шымкент қаласы Еңбекші ауданы Күншығыс мөлтек ауданындағы «Халыққа қызмет көрсету орталығына» шет ел азаматтарын, яғни Өзбекстан азаматтарын уақытша тіркеуге қоюға барған болатынмын. Аталған мекемедегі қызметтің жай жапсарын сұрау үшін орталықтың бастығы Байтем",О работе государственных органов (госуслуги),18.04.2023,110,жылу жоқ,https://dialog.egov.kz/blogs/all-questions/764044
763553,"Здравствуйте. с 2019 года мое единственное жилье признано аварийным, но меня не ставят в очередь на жилье. Уже второй раз пытаюсь встать в очередь, но мне отказывают. Внятного ответа никто не дает. У меня 4 детей, я в разводе, фактически одинокая. На старшего ребенка есть справка","Строительство, дольщики, жилищные проблемы",18.01.2023,126,нет отопления,https://dialog.egov.kz/blogs/all-questions/763553
763533,ҚР Бас прокуроры Б.[ЗАЯВИТЕЛЬ],Ипотека,17.01.2023,114,жол бұзылған,https://dialog.egov.kz/blogs/all-questions/763533
764247,"Здравствуйте [ЗАЯВИТЕЛЬ]! Обращается к вам инвалид колясочник 1 группы с детства. Мне 20 лет. Меня зовут Ерасыл. Окончил колледж Туран по специальности Переводческое дело. Дело в том, что уже 3 месяц как ищу работу, во многих местах нет пандусов, лифта и туалета, а некоторые",Занятость населения,16.06.2023,155,не работает лифт,https://dialog.egov.kz/blogs/all-questions/764247
763423/1,"Здраствуйте хочу пожаловаться на акима города [ЗАЯВИТЕЛЬ] умеет только красиво отписываться что тепло в штатном режиме, какой может быть штатный режим, т.к. в домах холодно, лично в наших домах батареи еле теплые, стены плесенью покрываются, наш дом находится на энерге",Регионы,16.01.2023,129,холодные батареи,https://dialog.egov.kz/blogs/all-questions/763527
763888,"Салематсыз ба, Атырау облысы, Индер аудандық тұрғын үй-коммуналдық шаруашылығы, жолаушылар көлігі, автомобильдер жолдары және тұрғын үй инспекциясы бөлімі, 2022 жылы «Атырау облысының Индер ауданы Өрлік ауылындағы ауыл ішіндегі автомобиль жолы және жаяу жолдың 10,8 км күрделі жөн",Финансы,15.03.2023,187,жол жөндеу,https://dialog.egov.kz/blogs/all-questions/763888
763884,"Обращение с регистрационным номером 763884, направленное в Блог Директор КГУ «Государственный архив Шемонаихинского района» управления цифровизации и архивов ВКО [ЗАЯВИТЕЛЬ] находится на рассмотрении у ГО",О работе государственных органов (госуслуги),14.03.2023,11,жылу жоқ,
763882,"Обращение с регистрационным номером 763882, направленное в Блог Директор ТОО «Центр по управлению пассажирскими перевозками» [ЗАЯВИТЕЛЬ] находится на рассмотрении у ГО",Транспорт,13.03.2023,1,отменили маршрут,
763881,"Обращение с регистрационным номером 763881, направленное в Блог Директор ТОО «Центр по управлению пассажирскими перевозками» [ЗАЯВИТЕЛЬ] находится на рассмотрении у ГО",Транспорт,13.03.2023,0,отменили маршрут,
763880,"Обращение с регистрационным номером 763880, направленное в Блог Директор ТОО «Центр по управлению пассажирскими перевозками» [ЗАЯВИТЕЛЬ] находится на рассмотрении у ГО",Транспорт,13.03.2023,0,отменили маршрут,
763423,"Здраствуйте хочу пожаловаться на акима города [ЗАЯВИТЕЛЬ] умеет только красиво отписываться что тепло в штатном режиме, какой может быть штатный режим, т.к. в домах холодно, лично в наших домах батареи еле теплые, стены плесенью покрываются, наш дом находится на энерге",Регионы,13.01.2023,139,холодные батареи,https://dialog.egov.kz/blogs/all-questions/763423
764134,"Ибраимов [ЗАЯВИТЕЛЬ], ассалямуалейкум! Резидент офтальмолог Ганиев [ЗАЯВИТЕЛЬ]. Резидентураға 2020ж (карантин), интернатурадан кейін түстік, Астана [ЗАЯВИТЕЛЬ] (АМУ), Астана қаласы әкімдігінің гранты бойынша сол жылы 300 студент оқуға түсті. 2022ж наурыз",Образование,12.05.2023,114,жылу жоқ,https://dialog.egov.kz/blogs/all-questions/764134
764026,"Обращение с регистрационным номером 764026, направленное в Блог Директор ГУ «Районной библиотеки акима Панфиловского района» [ЗАЯВИТЕЛЬ] находится на рассмотрении у ГО",Правоохранительные органы,12.04.2023,1,жылу жоқ,
764025,"Мен, Кәжденбек [ЗАЯВИТЕЛЬ] 2023 жылдың ақпан айының басында «30/70» және «50/50» ипотекалық бағдарламалары бойынша өтініш берген болатынмын. Сол уақыттан бері менің берген өтінішімді бас тартып жатыр. Осы бағдарлама бойынша жұмыс жасайтын менеджерлерден себебін сұрасам, ол",Ипотека,12.04.2023,103,жылу жоқ,https://dialog.egov.kz/blogs/all-questions/764025
763380,"[ЗАЯВИТЕЛЬ] Казахстан [ЗАЯВИТЕЛЬ] от Частного судебного исполнителя ВКО [ЗАЯВИТЕЛЬ] Заявление Уважаемый господин Министр, вынужден обратиться к Вам, так как 09.12.2022 года я обратился на имя руково",Свободная тема,12.01.2023,362,не топят,https://dialog.egov.kz/blogs/all-questions/763380
763362,"Уважаемый [ЗАЯВИТЕЛЬ]! вынуждена вновь обратится к Вам. В нашем дворе осенью 2022 года был произведен капитальный ремонт двора, после чего во дворе нашего дома и на вдоль сквозного проезда нам отключили свет. Живем в кромешной тьме. Рядом заброшенный детский сад, место",Свободная тема,12.01.2023,138,нет освещения во дворе,https://dialog.egov.kz/blogs/all-questions/763362
763345/1,"[ЗАЯВИТЕЛЬ] транспорта [ЗАЯВИТЕЛЬ] С.[ЗАЯВИТЕЛЬ] прошу Вас разобраться в данной ситуации. Находясь на остановке управление Железной дороги по маршруту автобуса № 118Э города Караганда время 18-36 час, 9 я",Транспорт,12.01.2023,137,водитель автобуса,https://dialog.egov.kz/blogs/all-questions/763405
763345,"[ЗАЯВИТЕЛЬ] транспорта [ЗАЯВИТЕЛЬ] С.[ЗАЯВИТЕЛЬ] прошу Вас разобраться в данной ситуации. Находясь на остановке управление Железной дороги по маршруту автобуса № 118Э города Караганда время 18-36 час, 9 я",Транспорт,11.01.2023,136,водитель автобуса,https://dialog.egov.kz/blogs/all-questions/763345
763238/1,"Здравствуйте меня зовут Буканова [ЗАЯВИТЕЛЬ] я проживаю в г. Актобу по адресу Пр.Мира д. 49 кв. 38, за последние три месяца заметила, что квитанции за горячую и холодную воду мне приходят в бумажном виде мне приходят по 0 показателям, а приложении каспи с суммой 7-8 тыс те",О работе государственных органов (госуслуги),11.01.2023,139,нет холодной воды,https://dialog.egov.kz/blogs/all-questions/763316
764322,"Обращение с регистрационным номером 764322, направленное в Блог Генеральный директор РГП на ПХВ ""Национальный научный центр развития сферы социальной защиты"" [ЗАЯВИТЕЛЬ] отклонено ГО 10.07.2023",Регионы,10.07.2023,0,не топят,
764126,"Сәлеметсіз бе! Мен, [ЗАЯВИТЕЛЬ], көпбалалы анамын. Өзіміздің жеке пәтеріміз жоқ, тұрғын үй кезегінде тұрмын. Субсидирование алу үшін 2022 жылдың шілде айынан бастап өтініш бере алмай жатырмын. Менен басқа отбасы мүшелеріне 1414 нөмірінен смс келмейді, сол себепті өтініш қаб",Ипотека,10.05.2023,115,жылу жоқ,https://dialog.egov.kz/blogs/all-questions/764126
763261,"С данной проблемой обращаюсь повторно, так как ваша отписка в OPEN ALMATY не соответствует действительности. Проблемная территория находится в административной части Алатауского района(бывший Ауэзовский район), причем тут КГУ ""Аппарат акима Жетысуского района""? В случае",Свободная тема,10.01.2023,116,уличное освещение,https://dialog.egov.kz/blogs/all-questions/763261
763243,Сәлеметсізбе.Жәйрем кенті Халыққа қызмет көрсету орталығында компьютерлер дұрыс жұмыс жасамайды.Басшысы орнында отырмайды. Қызметкерлері еден жуады. Өз қызметін асыра пайдаланып отыр.10.01.2022 жылы сағ 17-05 те камерадан карасаңыз. Жоғары білімі жоқ. Батарей краскілейді.Басшыс,О работе государственных органов (госуслуги),10.01.2023,168,жылу жоқ,https://dialog.egov.kz/blogs/all-questions/763243
763242,"Меня зовут Буканова [ЗАЯВИТЕЛЬ], я живу по адресу Пр. Мира д.49 кв. 38, имею жалобы на работу Актобе суэнерджи так как уже 3 месяц ко мне приходят квитанции с 0 показателем, хотя в электронном виде указывается сумма оплаты, имею подозрения что мои показания неправильно счи",О работе государственных органов (госуслуги),10.01.2023,125,нет холодной воды,https://dialog.egov.kz/blogs/all-questions/763242
763238,"Здравствуйте меня зовут Буканова [ЗАЯВИТЕЛЬ] я проживаю в г. Актобу по адресу Пр.Мира д. 49 кв. 38, за последние три месяца заметила, что квитанции за горячую и холодную воду мне приходят в бумажном виде мне приходят по 0 показателям, а приложении каспи с суммой 7-8 тыс те",О работе государственных органов (госуслуги),10.01.2023,153,нет холодной воды,https://dialog.egov.kz/blogs/all-questions/763238
763213,"""ҚазақстанРеспубликасы [ЗАЯВИТЕЛЬ]"" мемлекеттік мекемесі ""[ЗАЯВИТЕЛЬ] жемқорлыққа қарсы іс-қимыл агенттігі (Сыбайлас жемқорлыққа қарсы қызмет)"" мемлекеттік мекемесі ""[ЗАЯВИТЕЛЬ] және жоғары білім мини",Правоохранительные органы,10.01.2023,137,жылу жоқ,https://dialog.egov.kz/blogs/all-questions/763213
763212,"""ҚазақстанРеспубликасы [ЗАЯВИТЕЛЬ]"" мемлекеттік мекемесі ""[ЗАЯВИТЕЛЬ] жемқорлыққа қарсы іс-қимыл агенттігі (Сыбайлас жемқорлыққа қарсы қызмет)"" мемлекеттік мекемесі ""[ЗАЯВИТЕЛЬ] және жоғары білім мини",Правоохранительные органы,10.01.2023,199,жылу жоқ,https://dialog.egov.kz/blogs/all-questions/763212
763211/1,"""ҚазақстанРеспубликасы [ЗАЯВИТЕЛЬ]"" мемлекеттік мекемесі ""[ЗАЯВИТЕЛЬ] жемқорлыққа қарсы іс-қимыл агенттігі (Сыбайлас жемқорлыққа қарсы қызмет)"" мемлекетті",Правоохранительные органы,10.01.2023,96,жылу жоқ,https://dialog.egov.kz/blogs/all-questions/763247
763211,"""ҚазақстанРеспубликасы [ЗАЯВИТЕЛЬ]"" мемлекеттік мекемесі ""[ЗАЯВИТЕЛЬ] жемқорлыққа қарсы іс-қимыл агенттігі (Сыбайлас жемқорлыққа қарсы қызмет)"" мемлекетті",Правоохранительные органы,10.01.2023,143,жылу жоқ,https://dialog.egov.kz/blogs/all-questions/763211
763210,"""ҚазақстанРеспубликасы [ЗАЯВИТЕЛЬ]"" мемлекеттік мекемесі ""[ЗАЯВИТЕЛЬ] жемқорлыққа қарсы іс-қимыл агенттігі (Сыбайлас жемқорлыққа қарсы қызмет)"" мемлекетті",Правоохранительные органы,10.01.2023,93,жылу жоқ,https://dialog.egov.kz/blogs/all-questions/763210
763208,"Обращение с регистрационным номером 763208, направленное в Блог [ЗАЯВИТЕЛЬ] РК [ЗАЯВИТЕЛЬ] отклонено ГО 27.01.2023",Правоохранительные органы,10.01.2023,0,жылу жоқ,
763189,[ЗАЯВИТЕЛЬ] Казахстан Г-ну Касым – [ЗАЯВИТЕЛЬ]. Председате,Правоохранительные органы,10.01.2023,352,автобус не ходит,https://dialog.egov.kz/blogs/all-questions/763189
764445,"Саламатсыз ба [ЗАЯВИТЕЛЬ]! Мен, Бажикова [ЗАЯВИТЕЛЬ], үш балалы анамын. Бір қызым мүгедек (ДЦП). Түркістан облысы, Созақ ауданының тұрғынымын. Өз үйім жоқ. Жалдамалы пәтерде тұрамыз. 2021 жылы ""Бақытты отбасы"" бағдарламасына өтінім беріп, негізгі тізіміне кір","Строительство, дольщики, жилищные проблемы",09.08.2023,132,жылу жоқ,https://dialog.egov.kz/blogs/all-questions/764445
763176,"[ЗАЯВИТЕЛЬ] ! [ЗАЯВИТЕЛЬ] Түркістан облысы, Сауран ауданына қарасты [ЗАЯВИТЕЛЬ] ауылы Иканий көшесінің №16 үйдің тұрғыны, ІІІ топ мүгедектігім бар. Менің өтініш жазу себебім 02.06.2021ж күннен бастап 10.07.2021 күндері аралығында жалпы",Свободная тема,09.01.2023,104,не топят,https://dialog.egov.kz/blogs/all-questions/763176
763175,"[ЗАЯВИТЕЛЬ] ! [ЗАЯВИТЕЛЬ] Түркістан облысы, Сауран ауданына қарасты [ЗАЯВИТЕЛЬ] ауылы Иканий көшесінің №16 үйдің тұрғыны, ІІІ топ мүгедектігім бар. Менің өтініш жазу себебім 02.06.2021ж күннен бастап 10.07.2021 күндері аралығында жал",Свободная тема,09.01.2023,211,не топят,https://dialog.egov.kz/blogs/all-questions/763175
763014/1,"[ЗАЯВИТЕЛЬ] транспорта [ЗАЯВИТЕЛЬ] С.[ЗАЯВИТЕЛЬ] прошу Вас разобраться в данной ситуации. Находясь на остановке управление Железной дороги по маршруту автобуса № 118Э города Караганда время 18-48 час,",Транспорт,09.01.2023,116,водитель автобуса,https://dialog.egov.kz/blogs/all-questions/763169
763698,"Обращение с регистрационным номером 763698, направленное в Блог Генеральный директор РГП на ПХВ «Республиканский научно–исследовательский институт по охране труда Министерства труда и социальной защиты населения Республики Казахстан» Актаева [ЗАЯВИТЕЛЬ] отклонено ГО 08.02.2023",О работе государственных органов (госуслуги),08.02.2023,2,жылу жоқ,
763074,"[ЗАЯВИТЕЛЬ] . Я Ахунова [ЗАЯВИТЕЛЬ] проживаю в пос.Кзыл-Кайрат А-Атинской обл. Талгарского р/н. В начале декабря 22г.обротилась в местную амбулаторию т.к. у меня сильно болели ноги ,где Мне заявили что бы прошла узи, сказали что на этот год квоты закончились прихо",Здравоохранение,08.01.2023,186,автобус не ходит,https://dialog.egov.kz/blogs/all-questions/763074
763055,"Сәлеметсіз бе,мен Атырау қаласының жергілікті тұрғыны,2010шы жылдан бастап лимфостаз диагнозы қойылды(лимфостаз левой нижней конечности),сол жылдан бастап қаламыздағы ауруханадан емшара қолданып жүрдім, кейін бұл созылмалы(хронический)диагноз біздер соңына дейін емдемейміз тек ор",Здравоохранение,08.01.2023,266,жылу жоқ,https://dialog.egov.kz/blogs/all-questions/763055
764213,"Өтініш хат [ЗАЯВИТЕЛЬ]! Сәлематсызба [ЗАЯВИТЕЛЬ]. Мен, [ЗАЯВИТЕЛЬ]­ел Атырау облысы, Ин­дер ауданынан сізге өтініш хат жазып оты­рмын. Мен көпбалалы анамы­н, жолдасым электр құрылғыларын жөндеу бойынша жұмыс атқарад­ы.Осыдан бір жыл бұр­ын, сіздің банкіңізде ж",Ипотека,07.06.2023,200,жылу жоқ,https://dialog.egov.kz/blogs/all-questions/764213
764745,"Обращение с регистрационным номером 764745, направленное в Блог Председатель Правления АО «Казахстанский центр модернизации и развития жилищно-коммунального хозяйства» [ЗАЯВИТЕЛЬ] находится на рассмотрении у ГО",О работе государственных органов (госуслуги),06.12.2023,0,не вывозят мусор,
763689,"Мы организовали ОСИ «Автомобилист – 21» дата регистрации 26.01.2021. Я являюсь председателем Калиев [ЗАЯВИТЕЛЬ]. По решению экономического суда обязали [ЗАЯВИТЕЛЬ] выдать нам документы вместе технические и финансовые, дело № 7527 – 21 -00-2/3346 24мая 2021года. Но","Строительство, дольщики, жилищные проблемы",06.02.2023,104,нет отопления,https://dialog.egov.kz/blogs/all-questions/763689
763688,"Обращение с регистрационным номером 763688, направленное в Блог Председатель правления АО «Республиканская газета «[ЗАЯВИТЕЛЬ]» [ЗАЯВИТЕЛЬ] находится на рассмотрении у ГО","Строительство, дольщики, жилищные проблемы",06.02.2023,0,нет отопления,
763687,"Мы организовали ОСИ «Автомобилист – 21» дата регистрации 26.01.2021. Я являюсь председателем Калиев [ЗАЯВИТЕЛЬ]. По решению экономического суда обязали [ЗАЯВИТЕЛЬ] выдать нам документы вместе технические и финансовые, дело № 7527 – 21 -00-2/3346 24мая 2021года. Но","Строительство, дольщики, жилищные проблемы",06.02.2023,131,нет отопления,https://dialog.egov.kz/blogs/all-questions/763687
763014,"[ЗАЯВИТЕЛЬ] транспорта [ЗАЯВИТЕЛЬ] С.[ЗАЯВИТЕЛЬ] прошу Вас разобраться в данной ситуации. Находясь на остановке управление Железной дороги по маршруту автобуса № 118Э города Караганда время 18-48 час,",Транспорт,06.01.2023,136,водитель автобуса,https://dialog.egov.kz/blogs/all-questions/763014
763013,"ҚР Оқу-ағарту министрі Ғ.[ЗАЯВИТЕЛЬ] математик [ЗАЯВИТЕЛЬ] Жаңа жылмен бірге тағайындалған жаңа қызметіңіз құтты болсын! Еліміздегі білім беру ісін биікке көтеріп, жемісті қызмет ететініңізге сенеміз. [ЗАЯВИТЕЛЬ]Сағадиевтің министр",Образование,06.01.2023,176,жылу жоқ,https://dialog.egov.kz/blogs/all-questions/763013
763010,"Обращаюсь с тем, чтобы школы, колледжи предоставляли компенсацию на проживания для учителей . К примеру, городские школы, расположенные в 10-20 км от фактического проживания учителя -это далеко ,в городе неудобно добираться, мало маршрутов. Хотелось бы чтоб каждая школа и колледж",Образование,06.01.2023,152,автобус не ходит,https://dialog.egov.kz/blogs/all-questions/763010
762992,"С огромным воодушевлением прочитал статью в СМИ (https://tengrinews.kz/kazakhstan_news/uhod-litsom-invalidnostyu-zaschityivatsya-trudovoy-staj-487120/) о брифинге СЦК, где было озвучено, что граждане, которые ухаживают за лицами с инвалидностью, войдут в систему социального",Социальное обеспечение,06.01.2023,226,автобус не ходит,https://dialog.egov.kz/blogs/all-questions/762992
762976,"Ө Т І Н І Ш Мен, Ильясова [ЗАЯВИТЕЛЬ] 1966 жылы 6 мамырда Қызылорда облысында тудым. 1984-1989 жж. С.[ЗАЯВИТЕЛЬ] атындағы ҚазМУ-дың (қазіргі әл-Фараби атындағы ҚазҰУ) Тарих, археология және этнология факультетін бітірдім. Мамандығым тарихшы, қоғамтану пәнінің оқытушысы.","Культура, информация и экология",06.01.2023,93,не топят,https://dialog.egov.kz/blogs/all-questions/762976
762975,"[ЗАЯВИТЕЛЬ] ішкі істер министрі М.[ЗАЯВИТЕЛЬ]. [ЗАЯВИТЕЛЬ] (18.01.1964ж ЖСН [ИИН]) [ЗАЯВИТЕЛЬ], 20.01.2012ж. қк 99б 1б жаза мерзімі 8 (сегіз) жыл, мерзім басы 13.09.2017, мерзім аяғы 13.09.2024, заңды бауыры [ЗАЯВИТЕЛЬ]",Правоохранительные органы,06.01.2023,87,жылу жоқ,https://dialog.egov.kz/blogs/all-questions/762975
762974,"Алматы қаласы Мәдениет басқармасының «Алматы қаласының Мемлекеттік архиві» КММ директоры [ЗАЯВИТЕЛЬ] мырзаға Астана қаласының тұрғыны, Л.[ЗАЯВИТЕЛЬ] атындағы Еуразия ұлттық университетінің профессоры м.а., т.ғ.к., доцент [ЗАЯВИТЕЛЬ] жайы: Астана қ. [ЗАЯВИТЕЛЬ] көшесі","Культура, информация и экология",06.01.2023,91,не топят,https://dialog.egov.kz/blogs/all-questions/762974
762961,"Здравствуйте. Вынуждена срочно обратиться к вам. Суть в том. что в прилегающем дворе дома по ул. Шолохова дом 20 сносят казахскую школу. При этом разрушение зданий производят недозволенными способами: ковшом экскаваторов долбят крыши ,стены. От этого наш дом весь трясется как п","Строительство, дольщики, жилищные проблемы",06.01.2023,99,нет горячей воды,https://dialog.egov.kz/blogs/all-questions/762961
762952,"Здравствуйте. Вопрос по государственным закупкам. Мы являемся РГКП. Произошла аварийная ситуация с трубами холодной воды, прорвало трубу под землей из-за чего вся улица затоплена, архив соседней церкви затоплен и подвал соседнего ЖК тоже затопило. Так как необходимо в срочном пор",Финансы,06.01.2023,368,прорвало трубу,https://dialog.egov.kz/blogs/all-questions/762952
762947,"Обращение с регистрационным номером 762947, направленное в Блог Аким области [ЗАЯВИТЕЛЬ] Берік находится на рассмотрении у ГО",О работе государственных органов (госуслуги),06.01.2023,4,нет холодной воды,
762940,"Сәлеметсіз бе Ж.[ЗАЯВИТЕЛЬ] мырза! [ЗАЯВИТЕЛЬ] 02.01.1977 ж. 1-ші топ инвалидпін. Жасым 45-те, 3 балам бар. Осы уақытқа дейін екі рет хат жаздым. Ешқандай қанағаттанарлық жауап ала алмадым. Маған бүйрек трансплантациясы өте қажет. Қазақстанда жасату мүмкін емес, не",Здравоохранение,05.01.2023,846,не топят,https://dialog.egov.kz/blogs/all-questions/762940
762892,"Құрметті [ЗАЯВИТЕЛЬ]! Мен, Сулейменов [ЗАЯВИТЕЛЬ], ф.-м.ғ.к, PhD Л.[ЗАЯВИТЕЛЬ] атындағы Еуразия ұлттық университеті Математикалық және компьютерлік модельдеу кафедрасының доценті, сізге келесі мәселелер бойынша өтінішпен хабарласып отырмын: 1) Мектеп оқушыларының зерт",Образование,05.01.2023,128,жылу жоқ,https://dialog.egov.kz/blogs/all-questions/762892
764743,"Обращение с регистрационным номером 764743, направленное в Блог [ЗАЯВИТЕЛЬ] академии образования им. [ЗАЯВИТЕЛЬ] находится на рассмотрении у ГО",Образование,04.12.2023,1,не работает светофор,
764523,"Сәлеметсіз бе! Сізге шағым жазу себебім, ""Дипломмен ауылға"" бағдарламасымен үй алу үшін осы жылы қаңтар айында цон арқылы құжаттар тапсырып кезекке тұрдым, кезегім бойынша кредит мамыр айында ұсынылу керек болған, бірак сол айда кредит бөлінбеді, оған себеп Отбасы банкк",Социальное обеспечение,04.09.2023,109,жылу жоқ,https://dialog.egov.kz/blogs/all-questions/764523
762797,"Здравствуйте, У меня запрос от жителя Турксибского района г.Алматы. Я живу по улице [ЗАЯВИТЕЛЬ] на пересечении улицы Молдагалиева. Так вот у нас во дворе паркуются грузовые машины. Просьба поставить знак, запрещающий стоянку грузовому автотранспорту (камазам, газелям",Транспорт,04.01.2023,87,детская площадка сломана,https://dialog.egov.kz/blogs/all-questions/762797
762758/1,"ШАҒЫМ Мен, Т.[ЗАЯВИТЕЛЬ] жалпы педагогикалық өтілім 40жыл, жоғарыда аталған мектепте 25 жылдай қызмет етемін. Жоғары білікті педагог-шебер, «Елтану» қолданбалы курсының, «Қазақстан тарихы» (Грант) аудиокітабының авторымын, 2019ж Білім және ғылым министрлігінің Құрмет грамотасым",Образование,04.01.2023,133,жылу жоқ,https://dialog.egov.kz/blogs/all-questions/762826
764425,[ЗАЯВИТЕЛЬ] ұланының Бас қолбасшысы [ЗАЯВИТЕЛЬ] ! Мен қатардағы Нұрмағанбетов [ЗАЯВИТЕЛЬ] 02.02.1993 жылы туылдым. [ЗАЯВИТЕЛЬ] ұланының 5546 әскери бөліміне аға жүргізуші болып қызмет атқарып жатырмын жә,О работе государственных органов (госуслуги),03.08.2023,125,жылу жоқ,https://dialog.egov.kz/blogs/all-questions/764425
762785,"Обращение с регистрационным номером 762785, направленное в Блог [ЗАЯВИТЕЛЬ] РК [ЗАЯВИТЕЛЬ] отклонено ГО 27.01.2023",Правоохранительные органы,03.01.2023,2,автобус не ходит,
762765,"Обращение с регистрационным номером 762765, направленное в Блог [ЗАЯВИТЕЛЬ] РК [ЗАЯВИТЕЛЬ] отклонено ГО 12.01.2023",Правоохранительные органы,03.01.2023,7,автобус не ходит,
762751,"Добрый день . В 2022 году я обращался к вам по поводу незаконных и самовольных действий со стороны некоторых жителей Сайрамского района ,а также на бездействие ответственных лиц акимата на эти действия. Привожу текст данного обращения «…Прошу вас принять меры в отношении безд",О работе государственных органов (госуслуги),02.01.2023,133,нет асфальта,https://dialog.egov.kz/blogs/all-questions/762751
764312,"Председател. Правления АО «Отбасы банк» [ЗАЯВИТЕЛЬ] Председателю Правления АО «ЕНПФ» [ЗАЯВИТЕЛЬ] Я, Ай",О работе государственных органов (госуслуги),01.07.2023,81,нет холодной воды,https://dialog.egov.kz/blogs/all-questions/764312
763657,"Обращение с регистрационным номером 763657, направленное в Блог Генеральный директор РГП на ПХВ «Республиканский научно–исследовательский институт по охране труда Министерства труда и социальной защиты населения Республики Казахстан» Актаева [ЗАЯВИТЕЛЬ] отклонено ГО 02.02.2023",Образование,01.02.2023,5,жылу жоқ,
763651,"Обращение с регистрационным номером 763651, направленное в Блог Директор Республиканского научно-практического центра экспертизы содержания образования [ЗАЯВИТЕЛЬ] находится на рассмотрении у ГО",Образование,01.02.2023,1,не топят,
758205,"Здравствуйте. К Вам обращается житель М-рн [ЗАЯВИТЕЛЬ] Р-н город Алматы. Суть проблемы , в М-рн проводили центральную канализацию и водопровод, организация Алматы -Су. В нашем М-рн 7-8 улиц и 5-6 переулков, три года уже прошло как они вскрыли наш новый асфальт . Сейчас",О работе государственных органов (госуслуги),31.10.2022,61,нет асфальта,https://dialog.egov.kz/blogs/all-questions/758205
752666,"Уважаемый, [ЗАЯВИТЕЛЬ], я обращаюсь к вам с просьбой о помощи. На центральной улице нашего города, по проспекту Назарбаева 110, расположено здание, собственник которого ТОО [ЗАЯВИТЕЛЬ] в КАЗАХСТАНЕ, БИН [ИИН] самовольно захватил часть земли общего",Свободная тема,31.08.2022,165,нет асфальта,https://dialog.egov.kz/blogs/all-questions/752666
741855,"Құрметті [ЗАЯВИТЕЛЬ]! Өзіңізге жақсы мәлім, Құрманғазы ауданы облыс үшін маңызы бөлек өңір. Себебі, олай дейтініміз аудан еліміздің батыс қақпасында орналасқаннан соң аса маңызды әлеуметтік қолдауды қажет етеді. Біз, бір топ ата-аналар сізге төмендегі жағд",Образование,31.05.2022,77,жарық жоқ,https://dialog.egov.kz/blogs/all-questions/741855
741806,"[ЗАЯВИТЕЛЬ]! Я уже обращалась в Ваш адрес по платформе eOtinish. Проблемы остаются не решенными, более того в процессе её использования появляются очередные уязвимости. Ранее я поднимала проблемы открытия файлов в формате docx, отсутствия кнопки выхода из ЛК, поля поис",Информационно-коммуникационные технологии,31.05.2022,197,отменили маршрут,https://dialog.egov.kz/blogs/all-questions/741806
741805,"Обращение с регистрационным номером 741805, направленное в Блог Аким Актюбинской области [ЗАЯВИТЕЛЬ] отклонено ГО 01.06.2022","Строительство, дольщики, жилищные проблемы",31.05.2022,4,разбитая дорога,
741788,"2022 жылы 22 наурыз күні сағат 21:45 шамасында Жұмабаева көшесі №9 түрғын үй алдында автокөлікпен артқа қарай жүріп келе жатып шлакбаунга көлігім арты тигендей болды, себебі ол шлакбауын тұрғаны жөнінде ешқандай белгіде, жарық шамыда жоқ болатын. Сосын мен көлігімнен түсіп қарады","Строительство, дольщики, жилищные проблемы",31.05.2022,421,жарық жоқ,https://dialog.egov.kz/blogs/all-questions/741788
733085,"Уважаемый [ЗАЯВИТЕЛЬ], ТОО «Lift РЭМ» успешно работает на казахстанском рынке с 2004 года. Основной вид деятельности, согласно государственной лицензии ГСЛ № 00253, выданной [ЗАЯВИТЕЛЬ] Казахстан по делам строительства и жилищно – коммунального хозяйства и у",О работе государственных органов (госуслуги),31.03.2022,192,не работает лифт,https://dialog.egov.kz/blogs/all-questions/733085
733034,"Добрый день. Просим Вас решить вопрос по освещению дворов многоквартирных домов № 33,34,35,37,42 микрорайона «Мушелтой» в городе Талдыкорган, освещение отсутствует с июля 2021 г. по вине подрядной организация ТОО «Golden City DS» которая осуществляет строительно-монтажные работы","Строительство, дольщики, жилищные проблемы",31.03.2022,106,нет освещения во дворе,https://dialog.egov.kz/blogs/all-questions/733034
724554,"Ағымдағы 2022 жылы 4.6 миллион қазақ халқының өмірін жалмаған, 1932 жылы қазақ жерінде орын алған зұлматқа 90 жыл толады. Жазықсыз халықтың қырылуына алып келген қайғылы оқиғалардың әлі де болса мән-жағдайы толық ашылмағандығы, сонымен қатар халыққа шындығы айқын түрде жетпегенді",Духовность и религия,31.01.2022,99,жарық жоқ,https://dialog.egov.kz/blogs/all-questions/724554
724458,"Здравствуйте [ЗАЯВИТЕЛЬ], Я обращаюсь к вам неоднакратно по благоустроиству жилого дома по ул Абая 155, а точнее что в нашем доме отсутствует детская площадка и прошу асфальтировать территорию дома Абая155/153/157. Также хочу обратить внимание что у нас сломанные мусорные","Строительство, дольщики, жилищные проблемы",31.01.2022,27,детская площадка сломана,https://dialog.egov.kz/blogs/all-questions/724458
762704,"Здравствуйте, я ранее уже оставляла в акимат Алматы (акиму Досаеву) свою заявку под номером №754519 и №758568 в отношении дороги /ремонт ямы по ул.Кунаева в г.Алматы. Они обещали, что данная яма прямо на дороге по улице Кунаева, не доезжая ул.Гоголя перед магазином Deutsche Mode",Транспорт,30.12.2022,64,яма на дороге,https://dialog.egov.kz/blogs/all-questions/762704
762703,"Здравствуйте, я ранее уже оставляла вам свою заявку под номером №754519 и №758568. Вы обещали, что данная яма прямо на дороге по улице Кунаева, не доезжая ул.Гоголя перед магазином Deutsche Mode будет отремонтирована. Вы обещали, что яму закроете до конца октября, потом в декаб",Транспорт,30.12.2022,72,яма на дороге,https://dialog.egov.kz/blogs/all-questions/762703
760684,[ЗАЯВИТЕЛЬ] мырза. [ЗАЯВИТЕЛЬ] облысы Сауран ауданының Шаға ауыл әкімшілігіне қарасты Бершінтөбе елді мекенінің тұрғындары атынан. Сізге жолдап отырған халықтың көкейіндегі коптен қиналып жүрген жол мәселесі аулда көлік жүретін 1 км тас жол б,Сельское хозяйство,30.11.2022,97,жол жөндеу,https://dialog.egov.kz/blogs/all-questions/760684
760660,Gрошу Вас разъяснить и хотелось бы получить от Вас развернутый и мотивированный ответ на все заданные вопросы со ссылкой на законодательство Республики Казахстан. 1) В соответствии с требованиями действующего законодательства архитектурно- строительный контроль и надзор осущест,"Строительство, дольщики, жилищные проблемы",30.11.2022,76,нет отопления,https://dialog.egov.kz/blogs/all-questions/760660
755986,"Прошу рассмотреть мое обращение, по поводу отопительного сезона в городе Темиртау, Карагандинской области. В начале мая начат ремонт тепломагистрали № 2 и № 3. До сих пор ремонт не завершен, трасса разобрана. Отопление в городе запустили, только по магистрали № 1 и старый город",Регионы,30.09.2022,76,нет холодной воды,https://dialog.egov.kz/blogs/all-questions/755986
755934,"Обращение с регистрационным номером 755934, направленное в Блог Председатель Комитета среднего образования [ЗАЯВИТЕЛЬ] находится на рассмотрении у ГО",Образование,30.09.2022,2,қоғамдық көлік,
755931,"Ассалаумағалейкум! Аймағанбетов мырза. ""ШЫМКЕНТ [ЗАЯВИТЕЛЬ] БАСҚАРМАСЫНЫҢ №122 ""АҚ-КӨГЕРШІН"" БӨБЕКЖАЙ-БАҚШАСЫ"" МКҚК , Г.ШЫМКЕНТ, АБАЙСКИЙ РАЙОН, [ЗАЯВИТЕЛЬ] ҒИМАРАТ 15 (КАТО: 791110000) (орысшасы ГККП ""ЯСЛИ-САД №122 ""АҚ",Образование,30.09.2022,89,қоғамдық көлік,https://dialog.egov.kz/blogs/all-questions/755931
755930,"Ассалаумағалейкум! [ЗАЯВИТЕЛЬ] ""ШЫМКЕНТ [ЗАЯВИТЕЛЬ] БАСҚАРМАСЫНЫҢ №122 ""АҚ-КӨГЕРШІН"" БӨБЕКЖАЙ-БАҚШАСЫ"" МКҚК , Г.ШЫМКЕНТ, АБАЙСКИЙ РАЙОН, [ЗАЯВИТЕЛЬ] ҒИМАРАТ 15 (КАТО: 791110000) (орысшасы ГККП ""ЯСЛИ-САД №122 ""АҚ-КӨГЕ",Образование,30.09.2022,89,қоғамдық көлік,https://dialog.egov.kz/blogs/all-questions/755930
755927,"[ЗАЯВИТЕЛЬ]! Вы что, насмехаетесь??? мое обращение 754434. Пожалуйста прочитайте внимательно. Устанавливать контейнеры по улице Парковая категорически нельзя, т.к. это не соответствует санитарным нормам РК!!!! Более того, я настоятельно требую чтобы огромный мусоров",О работе государственных органов (госуслуги),30.09.2022,80,не вывозят мусор,https://dialog.egov.kz/blogs/all-questions/755927
752528,"Обращение с регистрационным номером 752528, направленное в Блог И. о. Генерального директора РГП «Казводхоз» [ЗАЯВИТЕЛЬ] находится на рассмотрении у ГО",Малый и средний бизнес,30.08.2022,1,су жоқ,
746024,"Добрый день! Хотелось бы уточнить, в нашей Стране кто-нибудь будет заниматься вопросом экологии! В г. Алматы страшно загазованный воздух, посмотрите какой автотранспорт ездит по городу, один чернее другого. Акимы г. Алматы, что Байбек, что Сагинтаев, что в настоящее время Досаев,",Свободная тема,30.06.2022,101,разбитая дорога,https://dialog.egov.kz/blogs/all-questions/746024
745971,Сәлеметсізбе мен [ЗАЯВИТЕЛЬ] қызы мен бес баланың анасымын сізге айтар арызым бар не себепті жіберілген өтініштерге дұрыс жауап қайтарылмайды. Өтінішті мәжбүр болғаедықтан жазамызғой неге жеңілдіктер жоқ жаңа үйге кіріп жатырмыз газ қостыру суға рұқсат алу тым қымбат б,О работе государственных органов (госуслуги),30.06.2022,102,су жоқ,https://dialog.egov.kz/blogs/all-questions/745971
745576/1,"Уважаемый, [ЗАЯВИТЕЛЬ]! Мы, проживающие по адресу город Алматы, бостандыкский район, проспект Гагарина, дом 135Г неоднократно обращались к председателю КСК «Матай» [ЗАЯВИТЕЛЬ] по поводу отчёта финансовой деятельности по нашему дому, на что постоянно получа","Строительство, дольщики, жилищные проблемы",30.06.2022,83,нет холодной воды,https://dialog.egov.kz/blogs/all-questions/745970
741716,"[ЗАЯВИТЕЛЬ] службы Республики Казахстан Господину [ЗАЯВИТЕЛЬ] Николаевны 24.09.1984 года рождения ИИН [ИИН] Прож-ей г.Алматы ул. Спасская, дом 66 кв.48 тел.: +7 (778) 126 73 65 Уважаемый [ЗАЯВИТЕЛЬ], прошу Вас оказать содействие",Правоохранительные органы,30.05.2022,120,водитель автобуса,https://dialog.egov.kz/blogs/all-questions/741716
741713,"Обращение с регистрационным номером 741713, направленное в Блог [ЗАЯВИТЕЛЬ] РК [ЗАЯВИТЕЛЬ] отклонено ГО 13.06.2022",Правоохранительные органы,30.05.2022,3,водитель автобуса,
737820,"[ЗАЯВИТЕЛЬ] мен Арай мөлтек ауданының [ЗАЯВИТЕЛЬ] көшесіндегі шешімін таппаған бірнеше проблемаларды көтеріп келе жатқаныма бірнеше жылдың көлемі болды. Осыдан 3-4 жыл бұрын қоғамдық қабылдауға қатысып, біраз келеңсіз жағдайларды айтқан болатынмын","Строительство, дольщики, жилищные проблемы",30.04.2022,127,қоғамдық көлік,https://dialog.egov.kz/blogs/all-questions/737820
732757,"Қазіргі таңда, менің сенім білдіруші [ЗАЯВИТЕЛЬ] арызымен ҚК-тің 190-бабы 4-бөлігі 2-тармағымен қозғалған күдікті [ЗАЯВИТЕЛЬ] қатысты №203110031001055 қылмыстық іс Жамбыл облысы ПД 1-ПБ-да тергеліп, Тараз қаласының №2 сотында қаралуда. №203110031001055 қылмыстық істі өз өнд",Правоохранительные органы,30.03.2022,78,жол бұзылған,https://dialog.egov.kz/blogs/all-questions/732757
732754,"№203110031001055 қылмыстық істі өз өндірісіне Тараз қаласы ПБ 1-[ЗАЯВИТЕЛЬ]-ның аға тергеушісі полиция капитаны [ЗАЯВИТЕЛЬ] қабылдап сотқа дейінгі тергеп-тексеру жүргізу барысында қылмыстық істі өндірістен бес рет тоқтатқан. ҚПК-нің 24-бабының талаптары өрескел бұзылғандықтан, істің мә",Правоохранительные органы,30.03.2022,87,жол бұзылған,https://dialog.egov.kz/blogs/all-questions/732754
732753,"Обращение с регистрационным номером 732753, направленное в Блог [ЗАЯВИТЕЛЬ] РК [ЗАЯВИТЕЛЬ] отклонено ГО 14.04.2022",Правоохранительные органы,30.03.2022,0,жол бұзылған,
732751,Тараз қаласы ПБ 2-[ЗАЯВИТЕЛЬ]-ның аға тергеушісі полиция капитаны [ЗАЯВИТЕЛЬ] 23.07.2020 жылы СДТБТ-не ҚК-тің 190-бабы 4-бөлігі 2-тармағымен тіркелген күдікті [ЗАЯВИТЕЛЬ] қатысты №203110031001055 қылмыстық іс Тараз қаласы ПБ 1-[ЗАЯВИТЕЛЬ]-на тергеулік ретімен 04.09.2020 жылы жолданған.,Правоохранительные органы,30.03.2022,72,жол бұзылған,https://dialog.egov.kz/blogs/all-questions/732751
762667,"Обращение с регистрационным номером 762667, направленное в Блог [ЗАЯВИТЕЛЬ] РК [ЗАЯВИТЕЛЬ] отклонено ГО 25.01.2023",Свободная тема,29.12.2022,2,жылу жоқ,
762417/1,армысыз. бүгін 26 -желтоқсан 2022 жылы Өскемен қаласында сатпаев даңғылы 3/1 к1 мекен-жайда орналасқан Роял петрол деген жанармай құятын стансада мемлекет тілін қорлады.конституциялық құқығымды аяқ асты етті.тіл тұралы заңды жермен жексен қылды.сағат 18- 14 мөлшерінде бензин қ,Развитие государственного языка,29.12.2022,67,жылу жоқ,https://dialog.egov.kz/blogs/all-questions/762654
760621,"Добрый день , я человек проживающий в 10 микрарайоне , 3 доме. Хотел узнать у нас тоже ТЭЦ взорвался что ли ? В одном стояке есть отопление в другом нет ... звоню в 109 , Таразэнергоцентр там грубо говоря футболят туда сюда ... Пишу по почте используя нашу цифровизацию нету ответ",Свободная тема,29.11.2022,118,нет отопления,https://dialog.egov.kz/blogs/all-questions/760621
760524,"Обращение с регистрационным номером 760524, направленное в Блог [ЗАЯВИТЕЛЬ] РК [ЗАЯВИТЕЛЬ] отклонено ГО 20.12.2022",Правоохранительные органы,29.11.2022,3,автобус не ходит,
755785,"Құрметті министр! Түркістан облысы , Ордабасы ауданы , Шұбарсу елді мекені Рауан массиві жарықсыз жиі қалып кетеді. Міне, үшінші күн жарықсыз отырғанымызға. Естуімше, жарық беру жекеменшік екен. 65 үйге ай сайын 200,000 теңгедей шығын артық төлем келеді. Жарық болмаған соң не",Свободная тема,29.09.2022,91,жарық жоқ,https://dialog.egov.kz/blogs/all-questions/755785
752485,"1. Ғимарат қыс кезінде өте суық (максималды температура + 17), сондықтан қызметкерлер сырт киімдерімен жұмыс жасауға мәжбүр. 2. Ғимаратта қауіпсіздік шаралары қабылданбаған, тексеру-өткізу пункті жоқ. Ертең «Қаңтар оқиғасы» қайталанатын болса, қызметкерлердің өміріне тікелей қауі",Правоохранительные органы,29.08.2022,80,қоғамдық көлік,https://dialog.egov.kz/blogs/all-questions/752485
752481,"Северо-Казахстанская область Петропавловск, 26.08.2022 На ул. Жабаева 161 имеется светодиодное уличное освещение. Один столб не работает, хотя подключен. Данный участок должен освещаться. Требуем установить данный недостаток. Материалы по ссылке: https://vk.com/wall-170724219_145",Свободная тема,29.08.2022,86,уличное освещение,https://dialog.egov.kz/blogs/all-questions/752481
752480,"Северо-Казахстанская область Петропавловск, 26.08.2022 На ул. Жабаева 161 имеется светодиодное уличное освещение. Один столб не работает, хотя подключен. Данный участок должен освещаться. Требуем установить данный недостаток. Материалы по ссылке: https://vk.com/wall-170724219_145",Свободная тема,29.08.2022,81,уличное освещение,https://dialog.egov.kz/blogs/all-questions/752480
752479,"Северо-Казахстанская область Петропавловск, 26.08.2022 На ул. Жабаева 137 имеется светодиодное уличное освещение. Один столб не работает, хотя подключен. Данный участок должен освещаться. Требуем установить данный недостаток. Материалы по ссылке: https://vk.com/wall-170724219_145",Свободная тема,29.08.2022,87,уличное освещение,https://dialog.egov.kz/blogs/all-questions/752479
752478,"Северо-Казахстанская область Петропавловск, 26.08.2022 На ул. Жабаева 137 имеется светодиодное уличное освещение. Один столб не работает, хотя подключен. Данный участок должен освещаться. Требуем установить данный недостаток. Материалы по ссылке: https://vk.com/wall-170724219_145","Строительство, дольщики, жилищные проблемы",29.08.2022,90,уличное освещение,https://dialog.egov.kz/blogs/all-questions/752478
749215,"Уважаемый [ЗАЯВИТЕЛЬ]! К Вам обращаются жители ЖК ""Сердце столицы. ""В начале июля т.г. управляющие компании BI по ЖК «Сердце столицы» (находится на проспекте Туране 55/4) неожиданно уведомила жителей ЖК сообщила об окончании услуги компании BI по оплате наружной","Строительство, дольщики, жилищные проблемы",29.07.2022,68,уличное освещение,https://dialog.egov.kz/blogs/all-questions/749215
749198,Уважаемый [ЗАЯВИТЕЛЬ]. обращаюсь к Вам по вопросу отсутствия электрического освещения двора по адресу г. Караганда пр. Шахтеров д. 5 и д.7 дело в том что в 2017 году в данном дворе застелили асфальт. и поставили 4 опоры освещения которые до сих пор не горят. Также во дворе д,"Строительство, дольщики, жилищные проблемы",29.07.2022,64,нет освещения во дворе,https://dialog.egov.kz/blogs/all-questions/749198
749022/2,"Обращение с регистрационным номером 749022/2, направленное в Блог Аким области Жетісу [ЗАЯВИТЕЛЬ] отклонено ГО 01.08.2022",О работе государственных органов (госуслуги),29.07.2022,1,су жоқ,
749022/1,"Обращение с регистрационным номером 749022/1, направленное в Блог [ЗАЯВИТЕЛЬ] РК [ЗАЯВИТЕЛЬ] отклонено ГО 12.08.2022",О работе государственных органов (госуслуги),29.07.2022,2,су жоқ,
745686,"Уважаемый аким нашего города Нур-Султан! У нас большая проблема с проживанием в ЖК ""Expo New LiFE 2"" в 3 очереди. Наш ЖК должен был сдаться еще весной 2020 г. но на сегоднешний день у нас нет документов на квартиру так как дом не сдан в эксплуатацию, застройщик Шанхи",О работе государственных органов (госуслуги),29.06.2022,64,нет освещения во дворе,https://dialog.egov.kz/blogs/all-questions/745686
745685,"У нас большая проблема с проживанием в ЖК ""Expo New LiFE 2"" в 3 очереди. Наш ЖК должен был сдаться еще весной 2020 г. но на сегоднешний день у нас нет документов на квартиру так как дом не сдан в эксплуатацию, застройщик [ЗАЯВИТЕЛЬ] не выполняет свои обязательства по","Строительство, дольщики, жилищные проблемы",29.06.2022,78,нет освещения во дворе,https://dialog.egov.kz/blogs/all-questions/745685
737758,"Здравствуйте. У меня вопрос по поводу п. Байсерке в Илийском районе Алматинской области, подскажите пожалуйста есть ли какие-то программы по улучшению поселка, в частности нет ни парковых зон, ни детских площадок, лесополоса (если можно ее так назвать, все деревья спиливаются и н",Регионы,29.04.2022,85,не вывозят мусор,https://dialog.egov.kz/blogs/all-questions/737758
737675,"Добрый день, • Уважаемый Министр! согласно Статья 71. Закона РК от 29.09.14 г. № 239-V, 2. К опасным производственным объектам также относятся опасные технические устройства: 1) технические устройства, работающие под давлением более 0,07 мега-Паскаля или при температуре нагрева",Малый и средний бизнес,29.04.2022,264,не работает лифт,https://dialog.egov.kz/blogs/all-questions/737675
737633,"Добрый день! Хочу обратить Ваше внимание на проблему в ГКП на ПХВ ""Городская поликлиника №10"" г. Нур-Султан. В данной поликлинике не работает ни один лифт. Я понимаю, если бы не работал один лифт, но они все в неисправном состоянии. У моего ребенка была травма колена и",Здравоохранение,29.04.2022,90,не работает лифт,https://dialog.egov.kz/blogs/all-questions/737633
737495/1,"Алматы облысы,Қарасай ауданы,Іргелі ауылың, [ЗАЯВИТЕЛЬ] көшесінің №36 үйдін тұрғыны Тулегенова [ЗАЯВИТЕЛЬ],коп балалы, жесір анамын, бір балам 2-ші топтағы инвалид. Балам ауырған кезде жедел жәрдем шақыруға мәжбүрмін, ж/жәрдем 2-3 сағатсыз келмейді, себебі жолдың жоқ",Транспорт,29.04.2022,81,жарық жоқ,https://dialog.egov.kz/blogs/all-questions/737692
737087/1,"Обращение с регистрационным номером 737087/1, направленное в Блог Председатель Комитета среднего образования [ЗАЯВИТЕЛЬ] находится на рассмотрении у ГО",Молодёжная политика,29.04.2022,5,лифт жұмыс істемейді,
762553,"Уважаемый [ЗАЯВИТЕЛЬ]! Обращается к вам житель частного сектора Юго-Восток г.Караганды. Многие жители пользуются для отопления домов сжиженным газом, в большинстве своем пропаном. Долгое время цена на пропан была 149.6 тн/кг , недавно подняли до 161.5 ,хотя цена на смесь про","Строительство, дольщики, жилищные проблемы",28.12.2022,108,нет отопления,https://dialog.egov.kz/blogs/all-questions/762553
762551,"Осенью текущего года проводился капительный ремонт дворовой территории силами подрядной организации ТОО «KazIntelGroup». В процессе ремонта было демонтировано дворовое освещение и освещение аллеи. По прошествии 4-х месяцев свет не подключен, при этом мы единственный двор без све",О работе государственных органов (госуслуги),28.12.2022,75,нет освещения во дворе,https://dialog.egov.kz/blogs/all-questions/762551
762550,"Уважаемый г-н министр.Обращается к вам житель частного сектора р-на Юго-Восток г.Караганды. Многие пользуются в качестве отопления дома сжиженным газом.В зимнее время предпочтение отдаем пропану,т.к более надежно в морозы. До недавнего времени цена была 149.6 тн/кг ,до поднялась","Строительство, дольщики, жилищные проблемы",28.12.2022,89,нет отопления,https://dialog.egov.kz/blogs/all-questions/762550
762547,"Осенью текущего года проводился капительный ремонт дворовой территории силами подрядной организации ТОО «KazIntelGroup». В процессе ремонта было демонтировано дворовое освещение и освещение аллеи. По прошествии 4-х месяцев свет не подключен, при этом мы единственный двор без све",О работе государственных органов (госуслуги),28.12.2022,73,нет освещения во дворе,https://dialog.egov.kz/blogs/all-questions/762547
760494,"Прошу рассмотреть подключение уличного освещения, светофоров по улице Әнет баба, со стороны улицы Мухамедханова в сторону пр.Сыганак.","Строительство, дольщики, жилищные проблемы",28.11.2022,77,уличное освещение,https://dialog.egov.kz/blogs/all-questions/760494
760463,"[ЗАЯВИТЕЛЬ] : Премьер [ЗАЯВИТЕЛЬ] шаруашылығы министрі [ЗАЯВИТЕЛЬ] облысының климаттық, жер, су, жағдайларына байланысты мақта өнімінің көптеп егілетіні өзде",Сельское хозяйство,28.11.2022,92,су жоқ,https://dialog.egov.kz/blogs/all-questions/760463
760461,здравствуйте я житель дома по ул Гагарина 30 у нас совсем нету отопления батареи чуть теплые мы замерзаем,"Строительство, дольщики, жилищные проблемы",28.11.2022,71,нет отопления,https://dialog.egov.kz/blogs/all-questions/760461
760455,"Здравствуйте, у меня вопрос касательно натуральных норм. Согласно ст. 69 Бюджетного кодекса - Натуральные нормы представляют собой натуральные показатели потребления или использования необходимых материальных или нематериальных благ. В связи с чем, является ли ""Постановление",Финансы,28.11.2022,83,нет холодной воды,https://dialog.egov.kz/blogs/all-questions/760455
760442,В Министерство науки и высшего образования РК [ЗАЯВИТЕЛЬ] Васильевича ИИН [ИИН] Проживающего по адресу Алматы [ЗАЯВИТЕЛЬ] 59/114 Тел. [ТЕЛЕФОН] [EMAIL] Заявление. Это мой ответ на ваш ответ здесь - https://dialog.egov.kz/blogs/a,Образование,28.11.2022,68,нет холодной воды,https://dialog.egov.kz/blogs/all-questions/760442
760428,"[ЗАЯВИТЕЛЬ] және жоғары білім министрі [ЗАЯВИТЕЛЬ] мырзаға Түркістан облыстық «Фараб» әмбебаб ғылыми кітапханасының ғылыми-зерттеу бөлімінің жетекшісі,ьтғғ.к. [ЗАЯВИТЕЛЬ] ҰСЫНЫС [ЗАЯВИТЕЛЬ] мырза! Түркістан – көнеден келе жатқан тү",Духовность и религия,28.11.2022,68,су жоқ,https://dialog.egov.kz/blogs/all-questions/760428
760427,ҚҰРМЕТТІ!! Ахметжанов мырза мен Шымкент қаласының тұрғынымын менің өзімнің жеке мәселем бойынша сізге хат жазып отырмын менің өтініш Daewoo Nexia авто көлігім бар осы көлігімнің жарық шамдары өте нашар осы авто көлігімнің жарық шамдарын жөндетемін деп қаншама ақшам кетті барі бір,Транспорт,28.11.2022,69,жарық жоқ,https://dialog.egov.kz/blogs/all-questions/760427
760405,"Просим рассмотреть работу, ответственность и принять меры в отношении КСК ""Байтерек-2010"" , который обслуживает жилой дом, расположенный по адресу пр. Құдайбердіұлы, 5. С 26 ноября, когда температурный режим в столице составлял минус 30 градусов, в жилом доме по Құдайбе","Строительство, дольщики, жилищные проблемы",28.11.2022,78,нет отопления,https://dialog.egov.kz/blogs/all-questions/760405
749105,"Жамбыл облысының әкімі [ЗАЯВИТЕЛЬ] аулы,саяж, Майская","Строительство, дольщики, жилищные проблемы",28.07.2022,80,қоғамдық көлік,https://dialog.egov.kz/blogs/all-questions/749105
749063,"Добрый день! Я житель города Алматы, Алатауский район,микрорайон Акбулак. По улице Жандилдина произвели ремонтные работы, проложили асфальт,в виду того что улица Жандилдина Г- образная и из-за поворота не видно машин,водители едут превышая скорость,высока вероятность ДТП. Прошу у",Свободная тема,28.07.2022,112,нет асфальта,https://dialog.egov.kz/blogs/all-questions/749063
749062,"Добрый день! Я житель города Алматы, Алатауский район,микрорайон Акбулак. По улице Жандилдина произвели ремонтные работы, проложили асфальт,в виду того что улица Жандилдина Г- образная и из-за поворота не видно машин,водители едут превышая скорость,высока вероятность ДТП. Прошу у",Свободная тема,28.07.2022,84,нет асфальта,https://dialog.egov.kz/blogs/all-questions/749062
749039,"Уважаемый [ЗАЯВИТЕЛЬ], обращаюсь к вам со следующим негодованием и возмущением. Я являюсь уроженцем возглавляемого вами города. В виду нахождения на ремонте автомобиля был в течение двух недель «счастливым» пользователем общественного транспорта столицы, а в частности 28 мар",Транспорт,28.07.2022,73,водитель автобуса,https://dialog.egov.kz/blogs/all-questions/749039
749033,"Акиму г.Актобе ------------------------ Прокурору области ---------------------------- 1-му руководителю ТОО «Энергосистема» ---------------------------------------------------------- 1-му руководителю ЖКХ г.Актобе Коллективное письмо от жителей мкр.Жастар-2, мкр.Астана (ж.м.Жа",Свободная тема,28.07.2022,83,нет асфальта,https://dialog.egov.kz/blogs/all-questions/749033
749024,"Қайырлы күн ! мен зейнеткермін, мүгедектігім бар, 2021 жылы наурыз айынша Алматы облысы (жетісу) Талдықорған қаласы катежді қалашық ""береке"" 566 үйден шаңырақ бағдарламасы бойынша үй алғам, алайда 1 жыл болды жергілікті жкх, құрылыс бөлімдерінің табалдырығын тоздырдым,",О работе государственных органов (госуслуги),28.07.2022,84,су жоқ,https://dialog.egov.kz/blogs/all-questions/749024
749023,"Обращение с регистрационным номером 749023, направленное в Блог [ЗАЯВИТЕЛЬ] РК [ЗАЯВИТЕЛЬ] отклонено ГО 11.08.2022",О работе государственных органов (госуслуги),28.07.2022,1,су жоқ,
749022,"Қайырлы күн ! мен 2021 жылы наурыз айынша Алматы облысы (жетісу) Талдықорған қаласы катежді қалашық ""береке"" 566 үйден шаңырақ бағдарламасы бойынша үй алғам, алайда 1 жыл болды жергілікті жкх, құрылыс бөлімдерінің табалдырығын тоздырдым, проблема үйдің төбесінде, жауын",О работе государственных органов (госуслуги),28.07.2022,87,су жоқ,https://dialog.egov.kz/blogs/all-questions/749022
749009,"Уважаемый аким г. Алматы, [ЗАЯВИТЕЛЬ]! Мы жители Алатауского района, что ниже мкр.Томирис (Трудовик), улиц [ЗАЯВИТЕЛЬ], ул. Османова, ул. Аршын, ул. Асанова, ул. Меруерт, хотели бы спросить, когда в нашем районе планируется укладка дорог? Дело в том, что некоторые из нас, про",Свободная тема,28.07.2022,84,нет асфальта,https://dialog.egov.kz/blogs/all-questions/749009
748799/1,Добрый день. Помогите решить вопрос с дворовым освещением по адресу г. Караганда проспект Республики 14-16. В 2020 году провели ремонт двора( который так и не закончили полноценно) с заменой опор освещения. После проведенных работ освещение во дворе есть периодически от 2-3 дней,"Строительство, дольщики, жилищные проблемы",28.07.2022,60,нет освещения во дворе,https://dialog.egov.kz/blogs/all-questions/749005
745576,"Уважаемый, [ЗАЯВИТЕЛЬ]! Мы, проживающие по адресу город Алматы, бостандыкский район, проспект Гагарина, дом 135Г неоднократно обращались к председателю КСК «Матай» [ЗАЯВИТЕЛЬ] по поводу отчёта финансовой деятельности по нашему дому, на что постоянно получа","Строительство, дольщики, жилищные проблемы",28.06.2022,101,нет холодной воды,https://dialog.egov.kz/blogs/all-questions/745576
745573,"Обращение с регистрационным номером 745573, направленное в Блог [ЗАЯВИТЕЛЬ] РК [ЗАЯВИТЕЛЬ] отклонено ГО 11.07.2022","Строительство, дольщики, жилищные проблемы",28.06.2022,2,нет холодной воды,
745571,"Уважаемый, [ЗАЯВИТЕЛЬ]! Мы, проживающие по адресу город Алматы, бостандыкский район, проспект Гагарина, дом 135Г неоднократно обращались к председателю КСК «Матай» [ЗАЯВИТЕЛЬ] по поводу отчёта финансовой деятельности по нашему дому, на что постоянно полу","Строительство, дольщики, жилищные проблемы",28.06.2022,89,нет холодной воды,https://dialog.egov.kz/blogs/all-questions/745571
745508,"Добрый день! Прежде всего хочу поблагодарить, что прошлый мой запрос относительно санитарной обрезки деревьев в роще им.Баума был обработан очень оперативно! У меня сей час три вопроса: 1. Возле дома Райымбека 174 ""Г"" растет старый урюк. Половина сухая и когда выпадае",Свободная тема,28.06.2022,91,не вывозят мусор,https://dialog.egov.kz/blogs/all-questions/745508
741453,"Здравствуйте уважаемый Аким ! Я проживаю в Алматинской области ,п. Туймебава.М (бывший Ащибулак) Суть проблемы: У нас построили новую школу лет 5 назад, номер 43,сразу же построили новую дорогу до школы с центра поселка. Так вот незадача какая, рядом стоит дачный массив ПКСТ Алма","Строительство, дольщики, жилищные проблемы",28.05.2022,101,яма на дороге,https://dialog.egov.kz/blogs/all-questions/741453
737495,"Алматы облысы,Қарасай ауданы,Іргелі ауылың, [ЗАЯВИТЕЛЬ] көшесінің №36 үйдін тұрғыны Тулегенова [ЗАЯВИТЕЛЬ],коп балалы, жесір анамын, бір балам 2-ші топтағы инвалид. Балам ауырған кезде жедел жәрдем шақыруға мәжбүрмін, ж/жәрдем 2-3 сағатсыз келмейді, себебі жолдың жоқ",Транспорт,28.04.2022,85,жарық жоқ,https://dialog.egov.kz/blogs/all-questions/737495
737453,"В квартале по улицам Мирзояна-Октябрьская-Исаева-Советская не горят некоторые фонари, прошу устранить проблему","Строительство, дольщики, жилищные проблемы",28.04.2022,100,не горят фонари,https://dialog.egov.kz/blogs/all-questions/737453
737431/1,"Сәлеметсіз бе Абдуллин мырза! [ЗАЯВИТЕЛЬ] Алматы облысы, Қарасай ауданы, Іргелі ауылы, Квартал 4, 190 үйдің тұрғынымын. Біздегі мәселе жол мен жарық мәселесі. Жолда асфальт жоқ, ешқашан болмаған. Төменде фото мен видеосын қоямын. Жаяу жүргіншілерге қиын, көктем мен күзде б",Транспорт,28.04.2022,102,жарық жоқ,https://dialog.egov.kz/blogs/all-questions/737451
737429/1,"Сәлеметсіз бе Абдуллин мырза! [ЗАЯВИТЕЛЬ] Алматы облысы, Қарасай ауданы, Іргелі ауылы, Квартал 4, 190 үйдің тұрғынымын. Біздегі мәселе жол мен жарық мәселесі. Жолда асфальт жоқ, ешқашан болмаған. Төменде фото мен видеосын қоямын. Жаяу жүргіншілерге қиын, көктем мен күзде б",Транспорт,28.04.2022,87,жарық жоқ,https://dialog.egov.kz/blogs/all-questions/737450
732495,"Здравствуйте! Обращаются к Вам жители по адресу Гончарная 11. Просим вас обратить внимание на наш дом и двор. К сожалению про нас совсем забыли. Наш дом с 1959 года постройки. Крыша дома в очень плачевном состоянии, так же сыпется дом. В критических ситуациях мы конечно производ",Свободная тема,28.03.2022,95,нет освещения во дворе,https://dialog.egov.kz/blogs/all-questions/732495
729026,"Добрый день! В бостандыкском районе в мкр. Коктем-1, во дворах домов 41, 42, 43, 44, 45, 46 летом 2020 года демонтировали гаражи. Сейчас на этом месте уже более полутора лет грязь, мусор, периодически возникают стихийные свалки, ночуют люди без определённого места жительства. В",Свободная тема,28.02.2022,55,стихийная свалка,https://dialog.egov.kz/blogs/all-questions/729026
762511,[ЗАЯВИТЕЛЬ] мырза. [ЗАЯВИТЕЛЬ] облысы Сауран ауданының Шаға ауыл әкімшілігіне қарасты Бершінтөбе елді мекенінің тұрғындары атынан. Сізге жолдап отырған халықтың көкейіндегі көптен қиналып жүрген жол мәселесі аулда көлік жүретін 1 км тас жол б,Сельское хозяйство,27.12.2022,147,жол жөндеу,https://dialog.egov.kz/blogs/all-questions/762511
762470,"Саламатсызба қайырлы кун! [ЗАЯВИТЕЛЬ] 1986 жылы туылғанмын. Маңғыстау обылысы Жаңаөзен қаласының тұрғынымын 2-ші топ мүгедектік анықтамам бар жұмыссызбын 2- балам бар. Мен сіздерге қайта қайта жағдайымды айтып жазып жатырмын, менің жағдайымды түсініп қарап жатқ",Правоохранительные органы,27.12.2022,75,не топят,https://dialog.egov.kz/blogs/all-questions/762470
762457/1,"Добрый день. Вынужден обратиться к вам вновь т.к. уже обращался по поводу принятия мер в отношении безответственного и халатного отношения к своим обязанностям ответственных лиц акимата Сайрамского района , акимата Туркестанской области ,а также других лиц. Дело в том .что",О работе государственных органов (госуслуги),27.12.2022,193,не вывозят мусор,https://dialog.egov.kz/blogs/all-questions/762475
762457,"Добрый день. Вынужден обратиться к вам вновь т.к. уже обращался по поводу принятия мер в отношении безответственного и халатного отношения к своим обязанностям ответственных лиц акимата Сайрамского района , акимата Туркестанской области ,а также других лиц. Дело в том .что",О работе государственных органов (госуслуги),27.12.2022,79,не вывозят мусор,https://dialog.egov.kz/blogs/all-questions/762457
757965,"Алматы қаласында қазір неше жерүсті аспалы көпір бар? Оның нешеуінде лифт істейді және істемейді? Бірнеше ауданды кесіп өтетін Абай және Саин, Момышұлы, әл-Фараби даңғылдарындағы асфальттің бір де бірінде ерекше жандарға арналған лифт жұмыс істемейді? Олар қашан қалпына келтіріле","Строительство, дольщики, жилищные проблемы",27.10.2022,102,лифт жұмыс істемейді,https://dialog.egov.kz/blogs/all-questions/757965
757959,"ҚР Қорғаныс министрі [ЗАЯВИТЕЛЬ] Қызылорда қаласы, Көмекбаев 39/1 үйдің тұрғыны, әскер қатарындағы ІІ топ мүгедегі [ЗАЯВИТЕЛЬ] [ТЕЛЕФОН] Мен, [ЗАЯВИТЕЛЬ] 1965 жылы әскер қатарына шақыртылдым. [ЗАЯВИТЕЛЬ] о","Строительство, дольщики, жилищные проблемы",27.10.2022,95,не топят,https://dialog.egov.kz/blogs/all-questions/757959
755576,"[ЗАЯВИТЕЛЬ] істер [ЗАЯВИТЕЛЬ]-атқару жүйесі Комитетінің төрағасы [ЗАЯВИТЕЛЬ] -жайы: Маңғыстау облысы Ақтау қаласы, 13-шағынаудан, 5 «Б» үй, 37 пәтер Тел.: [ТЕЛЕФОН]",Правоохранительные органы,27.09.2022,97,су жоқ,https://dialog.egov.kz/blogs/all-questions/755576
755516,"Акиму г. Алматы [ЗАЯВИТЕЛЬ] Уважаемый, [ЗАЯВИТЕЛЬ]! Мы, жители Боралдайского сельского округа, направляем Вам письмо с требованием решить ряд вопросов нашего населенного пункта, который вплотную граничит с территорией Алатауского района города Алматы. Вопрос касате",Транспорт,27.09.2022,70,нет асфальта,https://dialog.egov.kz/blogs/all-questions/755516
755502,"21.07.2022 года ТОО Водолит БИН:[ИИН] по средствам системы кабинет налогоплательщика было получено уведомление по результатам камерального контроля №0618K8100381 от 21.07.2022 г., 2 августа 2022 году нами были отправлены пояснения по средствам системы кабинет налогоплател",О работе государственных органов (госуслуги),27.09.2022,114,не топят,https://dialog.egov.kz/blogs/all-questions/755502
755501,"Вынужден к вам обратиться, т.к. нет иного выхода в сложившейся ситуации. Дело в том, что в доме № 26 по улице Елебекова в Медеуском районе г. Алматы возле забора вдоль дороги расположен туалет со сливной ямой, т.е. возле проезжей части по которой ежеминутно проходят люди и проез",Земельные вопросы,27.09.2022,78,яма на дороге,https://dialog.egov.kz/blogs/all-questions/755501
755497,"Сәлеметсізбе [ЗАЯВИТЕЛЬ]!Сізге менің өтінішім![ЗАЯВИТЕЛЬ] көп балалы анамын және де 2-топ мүгедегімін,Менің жолдасым Қалдыбеков [ЗАЯВИТЕЛЬ] да 2- топ мүгедегі, Жазасын өтеуші менің ұлым Жақыпов [ЗАЯВИТЕЛЬ] 18. 03.1995 жылы туылған ИИН:[ИИН]",Правоохранительные органы,27.09.2022,88,не топят,https://dialog.egov.kz/blogs/all-questions/755497
752390,"Здравствуйте уважаемый председатель комитета автомобильных дорог [ЗАЯВИТЕЛЬ] Прошу вашего вмешательство в разрешение проблемы автодорог в [ЗАЯВИТЕЛЬ], Жанадауир, Коянкус в [ЗАЯВИТЕЛЬ] области, Байсеркинский округ. Никто уже не помнит когда была укладка д",Транспорт,27.08.2022,83,нет асфальта,https://dialog.egov.kz/blogs/all-questions/752390
748908/1,"Добрый день, мы жители ИЖС 3 отделение, г.Талдыкорган, Жетусуйской области , просим Вас разобраться в нашей проблеме по «Строительству сетей электроснабжения с устройством уличного освещения в ИЖС 3 отделение». На сегодняшний день у нас временная подача электроэнергии. В любых по",О работе государственных органов (госуслуги),27.07.2022,85,уличное освещение,https://dialog.egov.kz/blogs/all-questions/748947
748908,"Добрый день, мы жители ИЖС 3 отделение, г.Талдыкорган, Жетусуйской области , просим Вас разобраться в нашей проблеме по «Строительству сетей электроснабжения с устройством уличного освещения в ИЖС 3 отделение». На сегодняшний день у нас временная подача электроэнергии. В любых по",О работе государственных органов (госуслуги),27.07.2022,92,уличное освещение,https://dialog.egov.kz/blogs/all-questions/748908
745455,"«Азаматтарға арналған үкімет» мемлекеттік корпорациясы» КЕАҚ-ның Басқарма төрағасы С.[ЗАЯВИТЕЛЬ] мырзаға Өтініш беруші: [ЗАЯВИТЕЛЬ] ______________________________________________________________________________ Түркістан облысы, Жетісай ауданы, [ЗАЯВИТЕЛЬ]","Строительство, дольщики, жилищные проблемы",27.06.2022,94,жол бұзылған,https://dialog.egov.kz/blogs/all-questions/745455
745450,"Алматы қаласының әкімі Е.[ЗАЯВИТЕЛЬ] мырзаға Өтініш беруші: [ЗАЯВИТЕЛЬ] ______________________________________________________________________________ Түркістан облысы, Жетісай ауданы, [ЗАЯВИТЕЛЬ] а/о, Бірлік ауылы, Бастау көшесі 24 үй. Телефон 8705-2","Строительство, дольщики, жилищные проблемы",27.06.2022,86,жол бұзылған,https://dialog.egov.kz/blogs/all-questions/745450
745426,"Здравствуйте господин Министр. Жалоба на сотрудников дорожной полиции г. Алматы Турксибского района. 25.06.2022 года приблизительно в 13,30 меня на электро самокате сбил автобус маршрут 220 гос. номер 844 AG 02 так было написано 4 городской больницей, куда меня доставила скорая",О работе государственных органов (госуслуги),27.06.2022,75,водитель автобуса,https://dialog.egov.kz/blogs/all-questions/745426
745403/1,"Уважаемый [ЗАЯВИТЕЛЬ], к вам обращается жительница с.[ЗАЯВИТЕЛЬ] района Акмолинской области. Прошу Вас оказать содействие в решении ряда вопросов, касающихся состояния и перспективного развития нашего села, находящегося в 1,5 км от столицы. Ранее я неодн",Регионы,27.06.2022,135,уличное освещение,https://dialog.egov.kz/blogs/all-questions/745454
745403,"Уважаемый [ЗАЯВИТЕЛЬ], к вам обращается жительница с.[ЗАЯВИТЕЛЬ] района Акмолинской области. Прошу Вас оказать содействие в решении ряда вопросов, касающихся состояния и перспективного развития нашего села, находящегося в 1,5 км от столицы. Ранее я неодн",Регионы,27.06.2022,99,уличное освещение,https://dialog.egov.kz/blogs/all-questions/745403
745343,"У меня к Вам вопрос касательно проблем по коммуникации, благоустройства и асфальтирование микро районов города Алматы. Когда проведете холодную воду, канализацию и асфальт по адресу г. Алматы, микрорайон Теректи, улица Талсуат. Также не покрашен газопровод вдоль дорог. Я живу в",Регионы,27.06.2022,81,нет холодной воды,https://dialog.egov.kz/blogs/all-questions/745343
741268,"Добрый день! Прошу дать разъяснение в соответствии с п.14. статья 43 Закона о государственных закупках - Договор о государственных закупках заключается сроком на один финансовый год. В целях оптимального и эффективного расходования денег, используемых для государственных з",Финансы,27.05.2022,141,не вывозят мусор,https://dialog.egov.kz/blogs/all-questions/741268
737431,"Сәлеметсіз бе Абдуллин мырза! [ЗАЯВИТЕЛЬ] Алматы облысы, Қарасай ауданы, Іргелі ауылы, Квартал 4, 190 үйдің тұрғынымын. Біздегі мәселе жол мен жарық мәселесі. Жолда асфальт жоқ, ешқашан болмаған. Төменде фото мен видеосын қоямын. Жаяу жүргіншілерге қиын, көктем мен күзде б",Транспорт,27.04.2022,98,жарық жоқ,https://dialog.egov.kz/blogs/all-questions/737431
737429,"Сәлеметсіз бе Абдуллин мырза! [ЗАЯВИТЕЛЬ] Алматы облысы, Қарасай ауданы, Іргелі ауылы, Квартал 4, 190 үйдің тұрғынымын. Біздегі мәселе жол мен жарық мәселесі. Жолда асфальт жоқ, ешқашан болмаған. Төменде фото мен видеосын қоямын. Жаяу жүргіншілерге қиын, көктем мен күзде б",Транспорт,27.04.2022,90,жарық жоқ,https://dialog.egov.kz/blogs/all-questions/737429
737419,"Құрметті [ЗАЯВИТЕЛЬ]! Астанамыздың көптеген ірі мекемелері EXPO аумағында орналасқан. “[ЗАЯВИТЕЛЬ]” мұражайының келушілерін қоспағанда, мұндағы павильондарға күніне мыңдаған адам жұмысқа келеді. Алайда, EXPO аумағына келетін тікелей қоғамдық көлік жоқ. Ең жақын аялдамалар Қабан",Транспорт,27.04.2022,83,қоғамдық көлік,https://dialog.egov.kz/blogs/all-questions/737419
737299,"Мен [ЗАЯВИТЕЛЬ]А Алматы облысы, Қарасай ауданы, Іргелі ауылы, 4-7 квартал тұрғыны. [ЗАЯВИТЕЛЬ] ауданына қарағанымен, Алматы қаласының іргесінде орналасқан. 2004-2006 жылдардан бастап салынған ауыл. 20 жылға таяп қалды құрылғанына. Алматының іргесінде тұрғанымен 20 жылдан б",Свободная тема,27.04.2022,66,жарық жоқ,https://dialog.egov.kz/blogs/all-questions/737299
737058/1,Премьер-министру Республики Казахстан [ЗАЯВИТЕЛЬ] РК по противодействию коррупции [ЗАЯВИТЕЛЬ] президента РК [ЗАЯВИТЕЛЬ] Генеральному прокурору РК [ЗАЯВИТЕЛЬ] РК [ЗАЯВИТЕЛЬ] Министру индус,Нацкомпании,27.04.2022,93,не вывозят мусор,https://dialog.egov.kz/blogs/all-questions/737368
760355,"Прошу разобраться с монополистами предоставления услуг распределения природного газа в г. Астана «КазТрансГазАймак». Уже второй сезон не устраняется проблема с поставкой газа до конечного потребителя. Периодически происходит замерзание воды в трубе с природным газом, где воды ил",Нацкомпании,26.11.2022,82,нет отопления,https://dialog.egov.kz/blogs/all-questions/760355
755404,"Акиму города Астана г-ну [ЗАЯВИТЕЛЬ] Уважаемый [ЗАЯВИТЕЛЬ]! Я, Калжигитов [ЗАЯВИТЕЛЬ] и моя многодетная семья, живем в частном доме на пересечение улиц Караоткель и [ЗАЯВИТЕЛЬ], в микрорайоне ""Чубары"" Есильского района города Астана. В непосредс",Земельные вопросы,26.09.2022,91,не вывозят мусор,https://dialog.egov.kz/blogs/all-questions/755404
755364,Құрметті қала әкімі Айтенов мырза Мен қамқорлығымда бірінші топ мүгедек иин820801401228 күтіп бағып отырған қорғаншы.сіздің жеке қабылдауынызға әлеуметтік мәселе бойынша онлайын приеминынызға жазылды.Алвйда жеке қабылдауға жіберілсей кіре алмай келеміз .әлеуметтік онлай жеке қаб,Социальное обеспечение,26.09.2022,106,не топят,https://dialog.egov.kz/blogs/all-questions/755364
755363,Құрметті қала әкімі Айтенов мырза Мен қамқорлығымда бірінші топ мүгедек иин820801401228 күтіп бағып отырған қорғаншы.сіздің жеке қабылдауынызға әлеуметтік мәселе бойынша онлайын приеминынызға жазылды.Алвйда жеке қабылдауға жіберілсей кіре алмай келеміз .әлеуметтік онлай жеке қаб,Социальное обеспечение,26.09.2022,95,не топят,https://dialog.egov.kz/blogs/all-questions/755363
752296,[ЗАЯВИТЕЛЬ] және халықты әлеуметтік қорғау министрі,Занятость населения,26.08.2022,137,су жоқ,https://dialog.egov.kz/blogs/all-questions/752296
752161,"Арыз-шағым Өнімкер ауылымызда жеті күннен бері ауыз су ағыны ақпай ауыл тұрғындары қиыналып алыс көрші ауылдардан су тасып әуре сарсаң болуда. Ауыл әкіміміз ешқандай әрекет жасамай, су мекеме басшысы [ЗАЯВИТЕЛЬ] құрғақ уәделерімен уәде беріп, қондырған жаңа насос істемей қалды д","Строительство, дольщики, жилищные проблемы",26.08.2022,90,су жоқ,https://dialog.egov.kz/blogs/all-questions/752161
748809,"Добрый день, мы жители ИЖС 3 отделение, г.Талдыкорган, Жетусуйской области , просим Вас разобраться в нашей проблеме по «Строительству сетей электроснабжения с устройством уличного освещения в ИЖС 3 отделение». На сегодняшний день у нас временная подача электроэнергии. В любых",О работе государственных органов (госуслуги),26.07.2022,134,уличное освещение,https://dialog.egov.kz/blogs/all-questions/748809
748799,Добрый день. Помогите решить вопрос с дворовым освещением по адресу г. Караганда проспект Республики 14-16. В 2020 году провели ремонт двора( который так и не закончили полноценно) с заменой опор освещения. После проведенных работ освещение во дворе есть периодически от 2-3 дней,"Строительство, дольщики, жилищные проблемы",26.07.2022,95,нет освещения во дворе,https://dialog.egov.kz/blogs/all-questions/748799
748731,"Маңғыстау облысы әкімі [ЗАЯВИТЕЛЬ] мырза! [ЗАЯВИТЕЛЬ] Шетпе кентінде ата-анам,бауырларым және жұбайым ,балам Қосбұлақ-2 шағын ауданында үкіметтің салған жалдамалы үйлерінен отбасымыздың қиын жағдайына байланысты берілген үйлерінде тұрып жатырмыз.Отбасымның",Занятость населения,26.07.2022,89,жол жөндеу,https://dialog.egov.kz/blogs/all-questions/748731
741230,"Согласно ответу на мое обращение 738770 вы пишите ""Строительный мусор (ветки, деревья, бытовая техника, листья) образовавшийся по вышеуказанному адресу ТОО «Коммунхоз Петропавловск» осуществляет за отдельную плату."" Прошу мне пояснить кто и с кого будет и должен собира","Строительство, дольщики, жилищные проблемы",26.05.2022,101,не вывозят мусор,https://dialog.egov.kz/blogs/all-questions/741230
741169,"Акиму города Нур-Султан [ЗАЯВИТЕЛЬ] от [ЗАЯВИТЕЛЬ] Настоящим обращаюсь к Вам с просьбой проверить деятельность обслуживающей организации ТОО «Home service 012» (далее – КСК). Указанное КСК обслуживает жилой комплекс «Хабар», расположенный по адресу: ул. Таскескен №1","Строительство, дольщики, жилищные проблемы",26.05.2022,82,детская площадка сломана,https://dialog.egov.kz/blogs/all-questions/741169
741146,"Акиму города Нур-Султан [ЗАЯВИТЕЛЬ] от [ЗАЯВИТЕЛЬ] В период проживания в доме жильцами ЖК «Хабар», расположенного по адресу: ул. Таскескен №17Б выявлен ряд недостатков по качеству проведенных строительных работ и недочетов, требующих незамедлительного устранения.","Строительство, дольщики, жилищные проблемы",26.05.2022,95,нет освещения во дворе,https://dialog.egov.kz/blogs/all-questions/741146
737228,"Сізге өтініш жазуға төмендегі мән-жайлар себеп болып отыр. 2022 жылдың 30 наурызында «Жетіқара ауданы әкімдігінің тұрғын үй-коммуналдық, шаруашылық, жолаушылар көлігі, автомобиль жолдары және тұрғын үй инспекциясы бөлімі» мемлекеттік мекемесі (әрі қарай – Тапсырыс беруші) мен «Б",О работе государственных органов (госуслуги),26.04.2022,126,жол бұзылған,https://dialog.egov.kz/blogs/all-questions/737228
737227,"Обращение с регистрационным номером 737227, направленное в Блог [ЗАЯВИТЕЛЬ] РК [ЗАЯВИТЕЛЬ] отклонено ГО 11.05.2022",О работе государственных органов (госуслуги),26.04.2022,2,жол бұзылған,
737225,"Обращение с регистрационным номером 737225, направленное в Блог [ЗАЯВИТЕЛЬ] РК [ЗАЯВИТЕЛЬ] отклонено ГО 11.05.2022",О работе государственных органов (госуслуги),26.04.2022,1,жол бұзылған,
737088,"Обращение с регистрационным номером 737088, направленное в Блог Председатель Комитета среднего образования [ЗАЯВИТЕЛЬ] находится на рассмотрении у ГО",Духовность и религия,26.04.2022,0,лифт жұмыс істемейді,
737087,"Сәлеметсіз бе? Нур-Султан қаласы, [ЗАЯВИТЕЛЬ] даңғылы, 7/4 үй, 2 кіреберісте күнде # 84 лицей мектебінің оқушылары тамақтанады. ""Сапа"" дүкеннен шығады да, біздің үйде қанғырады. Мектеп жағынан үйдің қабырғалары, қоршауы мен дарбазасы түрлі түстермен сызылған. Оқу кезінде",Молодёжная политика,26.04.2022,132,лифт жұмыс істемейді,https://dialog.egov.kz/blogs/all-questions/737087
737084,"Сәлеметсіз бе? Нур-Султан қаласы, [ЗАЯВИТЕЛЬ] даңғылы, 7/4 үй, 2 кіреберісте күнде # 84 лицей мектебінің оқушылары тамақтанады. ""Сапа"" дүкеннен шығады да, біздің үйде қанғырады. Мектеп жағынан үйдің қабырғалары, қоршауы мен дарбазасы түрлі түстермен сызылған. Оқу кезінде",Образование,26.04.2022,80,лифт жұмыс істемейді,https://dialog.egov.kz/blogs/all-questions/737084
737083/1,"Сәлеметсіз бе? Нур-Султан қаласы, [ЗАЯВИТЕЛЬ] даңғылы, 7/4 үй, 2 кіреберісте күнде # 84 лицей мектебінің оқушылары тамақтанады. ""Сапа"" дүкеннен шығады да, біздің үйде қанғырады. Мектеп жағынан үйдің қабырғалары, қоршауы мен дарбазасы түрлі түстермен сызылған. Оқу кезінде",Образование,26.04.2022,164,лифт жұмыс істемейді,https://dialog.egov.kz/blogs/all-questions/737122
737083,"Сәлеметсіз бе? Нур-Султан қаласы, [ЗАЯВИТЕЛЬ] даңғылы, 7/4 үй, 2 кіреберісте күнде # 84 лицей мектебінің оқушылары тамақтанады. ""Сапа"" дүкеннен шығады да, біздің үйде қанғырады. Мектеп жағынан үйдің қабырғалары, қоршауы мен дарбазасы түрлі түстермен сызылған. Оқу кезінде",Образование,26.04.2022,95,лифт жұмыс істемейді,https://dialog.egov.kz/blogs/all-questions/737083
737082,"Обращение с регистрационным номером 737082, направленное в Блог [ЗАЯВИТЕЛЬ] РК [ЗАЯВИТЕЛЬ] отклонено ГО 06.05.2022",О работе государственных органов (госуслуги),26.04.2022,0,лифт жұмыс істемейді,
723797,"Өтініш! [ЗАЯВИТЕЛЬ] . [ЗАЯВИТЕЛЬ] атындағы Алматы Энергетика және байланыс университетінің 1-курс студентімін. Менің өтініш жазу себебім, 28.12.2021 күні математика 1 пәнінен емтихан тапсырған едім. Емтихан тапсырған уақытта ноутбуктың камерасы қосылмай, интернет",Образование,26.01.2022,69,жарық жоқ,https://dialog.egov.kz/blogs/all-questions/723797
723709,"Здравствуйте, Я, [ЗАЯВИТЕЛЬ], инвалид 3 группы с детства, как сирота получил из государственного жилищного фонда однокомнатную квартиру по адресу: 5-ый микрорайон ([ЗАЯВИТЕЛЬ]), дом 1, квартира 153, на 9 этаже на основании постановления акимата г. Уральск. Инвалидность связ","Строительство, дольщики, жилищные проблемы",26.01.2022,96,не работает лифт,https://dialog.egov.kz/blogs/all-questions/723709
762347,"Добрый вечер, уважаемый Булекпаев [ЗАЯВИТЕЛЬ]! Во-первых, хотим выразить благодарность за то, что наш район ЖБИ, ранее забытый всеми, сегодня процветает. Благоустраиваются дворы, содержатся в порядке и освещаются улицы, проводятся новые линии водопровода. На фон",Социальное обеспечение,25.12.2022,109,нет освещения во дворе,https://dialog.egov.kz/blogs/all-questions/762347
760340,"Нам жителям жк кернай кск выставляет счет на оплату за водоснабжения, водоотведения и за электроэнергию за дом который не введен в эксплуатацию. С жителями не заключены договора Астана [ЗАЯВИТЕЛЬ], с Энергосбытом так как услугодателями дом не принят на обсуждение . Согласно закона","Строительство, дольщики, жилищные проблемы",25.11.2022,110,нет холодной воды,https://dialog.egov.kz/blogs/all-questions/760340
760331,"Добрый день, уважаемый [ЗАЯВИТЕЛЬ]. [ЗАЯВИТЕЛЬ] жительница п. Кольди, Алматинской области, Карасайского района. Прошу Вас помочь в не очень приятной сложившейся ситуации. Все лето весь поселок сидел без электроэнергии. Ее отключали, мотивируя тем, что проводится замена столбо",Социальное обеспечение,25.11.2022,80,нет отопления,https://dialog.egov.kz/blogs/all-questions/760331
760288,"Добрый день! С 1 сентября 2022 года не можем получить документы (тех паспорт) квартиры ЖК Satay, застройщик Высотник, по адресу Алматы, Жетысуский район, ул. Боткина ,14, 3 подъезд, 11 квартира. К дому не проведены коммуникации, нет света , воды, отопления и газа! Вокруг дома вс","Строительство, дольщики, жилищные проблемы",25.11.2022,69,нет отопления,https://dialog.egov.kz/blogs/all-questions/760288
760278,"Добрый день, уважаемый [ЗАЯВИТЕЛЬ]. [ЗАЯВИТЕЛЬ] жительница п. Кольди, Алматинской области, Карасайского района. Прошу Вас помочь в не очень приятной сложившейся ситуации. Все лето весь поселок сидел без электроэнергии. Ее отключали, мотивируя тем, что проводится замена столбов,",О работе государственных органов (госуслуги),25.11.2022,66,нет отопления,https://dialog.egov.kz/blogs/all-questions/760278
757817,"Ассалаумағалейкум. [ЗАЯВИТЕЛЬ] облысы Жамбыл ауданы Бектөбе аулының тұрғындары шағымы мен өтінішін білдіргім келеді. Ауылымыз Тараз қаласының орталығынан 8 шақырым жерде орналасқан. Көптеген жылдар бойы Электр тоғы қуатының тұрақсыздығынан зардап шегіп келеміз, Ауылымыз толық орта",Регионы,25.10.2022,75,жарық жоқ,https://dialog.egov.kz/blogs/all-questions/757817
757816,Ассалаумағалейкум министрлік өкілдері мен [ЗАЯВИТЕЛЬ]. [ЗАЯВИТЕЛЬ] облысы Жамбыл ауданы Бектөбе аулының тұрғындары шағымы мен өтінішін білдіргім келеді. Ауылымыз Тараз қаласының орталығынан 8 шақырым жерде орналасқан. Көптеген жылдар бойы Электр тоғы қуатының тұрақсыздығынан зар,Регионы,25.10.2022,61,жарық жоқ,https://dialog.egov.kz/blogs/all-questions/757816
757812,"Здравствуйте уважаемый Аким ЗКО [ЗАЯВИТЕЛЬ], хотел обратиться с просьбой об установке искусственного барьера на дороге для снижения скорости автомашин, которые двигаются по бывшей улице Тауелсыздык (лежачий полицейский), а именно на участке дороги от кафе QORJYN (Автокомпле",Транспорт,25.10.2022,64,уличное освещение,https://dialog.egov.kz/blogs/all-questions/757812
757811,"Қажымукан ауылында таза ауыз су тапшы , жұрт тасып ішіп отырған судың сапасы сын көтермейді , Астана қаласы іргесінде тұрып ауыз суға жарымадық, свет те жекеменшіктерден каншама ақшаға алып отырмыз,,көшелер караңғы , жол жоқ батпақта кун кешудеміз , интернет ұстамайды , бұның ба",О работе государственных органов (госуслуги),25.10.2022,110,су жоқ,https://dialog.egov.kz/blogs/all-questions/757811
752133,"Доброго времени суток! В г. Степногорск ужасные проблемы с подачей воды На данный момент горячей воды нет до конца августа, но даже и холодная вода не соответствует требованиям. То нет необходимого давления, то вода желто-коричневого цвета Эта проблема действует уже, как миним","Строительство, дольщики, жилищные проблемы",25.08.2022,100,нет холодной воды,https://dialog.egov.kz/blogs/all-questions/752133
752106,"Здравствуйте Уважаемый господин Аким! В поселке [ЗАЯВИТЕЛЬ] района недавно заасфальтировали центральную улицу Бокина, за что огромное спасибо организатору данного мероприятия. Ноу нас как это обычно бывает, работы проходят по никому непонятной схеме. К перекрестку с п",Транспорт,25.08.2022,94,нет асфальта,https://dialog.egov.kz/blogs/all-questions/752106
748621,Шымкент қаласының [ЗАЯВИТЕЛЬ] атындағы № 4 олимпиада резервінің мамандырылған балалар-жасөспірімдер спорт мектебі КММ-і әр түрлі желеулермен 2018 жылы тамыз айында Түркістан облысының әкімі [ЗАЯВИТЕЛЬ] және Шымкент қаласының әкімі Г.[ЗАЯВИТЕЛЬ] коммуналдық меншікке ведомс,Спорт,25.07.2022,64,су жоқ,https://dialog.egov.kz/blogs/all-questions/748621
748531,"Обращение с регистрационным номером 748531, направленное в Блог Уполномоченный по правам человека в РК [ЗАЯВИТЕЛЬ] находится на рассмотрении у ГО",Правоохранительные органы,25.07.2022,1,тротуар разбит,
748252/1,"Идырысов [ЗАЯВИТЕЛЬ], добрый вечер! Хотела у вас узнать, я проживаю по улице Алимжанова угол Барибаева, в частном секторе в центре города Алматы, Медеуский район, наш дом мы покупали под снос, но не ломают 45 лет. Напротив нашего дома, 5 этажные квартиры и участок земли дл",Земельные вопросы,25.07.2022,77,яма на дороге,https://dialog.egov.kz/blogs/all-questions/748596
745228,"Уважаемый [ЗАЯВИТЕЛЬ]! К Вам обращается Ракишева [ЗАЯВИТЕЛЬ], проживающая по адресу г. Алматы, ул. Мынбаева д.44. Наш дом неоднократно подвергается подтоплениям в период ливневых дождей. По поводу чего я лично обращалась в аккаунт Open almaty рег№СС 2022.00267",О работе государственных органов (госуслуги),25.06.2022,83,затопило подвал,https://dialog.egov.kz/blogs/all-questions/745228
745212,Ассалаумалейккм акім мырза мен Ақай ауылында тұрамын бізде жаз айларында ауыз судан проблема ол кешке мүлдем болмайды ал 24 25 июньде мүлем жок болды жаздың аптабында су жок.Су болған жағдайда оның давлениесі жоқ өйткені суды қаладан аламыз Ақайда су алатын өзінің кіші водоканалы,О работе государственных органов (госуслуги),25.06.2022,123,су жоқ,https://dialog.egov.kz/blogs/all-questions/745212
740951,"09 Карагандинская область, г. Караганда, 12.05.2022 по улице Космонавтов машина с ГРНЗ 983 AX KZ и обозначением на кузове ПО ""CПЕЦТЕХНИКА"" поливает подготовленные срезы ям битумом, при том, что данный участок никак ни закрыт и не огорожен. В связи с этим битум раскатыва",Земельные вопросы,25.05.2022,101,яма на дороге,https://dialog.egov.kz/blogs/all-questions/740951
740950,"09 Карагандинская область, г. Караганда, 12.05.2022 по улице Космонавтов машина с ГРНЗ 983 AX KZ и обозначением на кузове ПО ""CПЕЦТЕХНИКА"" поливает подготовленные срезы ям битумом, при том, что данный участок никак ни закрыт и не огорожен. В связи с этим битум раскатыва",Транспорт,25.05.2022,81,яма на дороге,https://dialog.egov.kz/blogs/all-questions/740950
737080,"Сәлеметсіз бе? Нур-Султан қаласы, [ЗАЯВИТЕЛЬ] даңғылы, 7/4 үй, 2 кіреберісте күнде # 84 лицей мектебінің оқушылары тамақтанады. ""Сапа"" дүкеннен шығады да, біздің үйде қанғырады. Мектеп жағынан үйдің қабырғалары, қоршауы мен дарбазасы түрлі түстермен сызылған. Оқу кезінде",Правоохранительные органы,25.04.2022,71,лифт жұмыс істемейді,https://dialog.egov.kz/blogs/all-questions/737080
737059,Премьер-министру Республики Казахстан [ЗАЯВИТЕЛЬ] РК по противодействию коррупции [ЗАЯВИТЕЛЬ] президента РК [ЗАЯВИТЕЛЬ] Генеральному прокурору РК [ЗАЯВИТЕЛЬ] РК [ЗАЯВИТЕЛЬ] Министру индус,Малый и средний бизнес,25.04.2022,83,не вывозят мусор,https://dialog.egov.kz/blogs/all-questions/737059
737058,Премьер-министру Республики Казахстан [ЗАЯВИТЕЛЬ] РК по противодействию коррупции [ЗАЯВИТЕЛЬ] президента РК [ЗАЯВИТЕЛЬ] Генеральному прокурору РК [ЗАЯВИТЕЛЬ] РК [ЗАЯВИТЕЛЬ] Министру индус,Нацкомпании,25.04.2022,139,не вывозят мусор,https://dialog.egov.kz/blogs/all-questions/737058
737056,Премьер-министру Республики Казахстан [ЗАЯВИТЕЛЬ] РК по противодействию коррупции [ЗАЯВИТЕЛЬ] президента РК [ЗАЯВИТЕЛЬ] Генеральному прокурору РК [ЗАЯВИТЕЛЬ] РК [ЗАЯВИТЕЛЬ] Министру индус,Земельные вопросы,25.04.2022,81,не вывозят мусор,https://dialog.egov.kz/blogs/all-questions/737056
736945,"Уважаемый [ЗАЯВИТЕЛЬ] !Дачники города Рудного не могут начать дачный сезон (поехать на автобусах маршрут 17). Так как водители автобусов требуют оплаты 200тенге за проезд в одну сторону! Многие дачники это пенсионеры, у них нет машин, у них минимальная пенсия, летом они е",Занятость населения,25.04.2022,95,водитель автобуса,https://dialog.egov.kz/blogs/all-questions/736945
736859,[ЗАЯВИТЕЛЬ] және Ғылым министры [ЗАЯВИТЕЛЬ],О работе государственных органов (госуслуги),25.04.2022,101,пәтер суық,https://dialog.egov.kz/blogs/all-questions/736859
723657,"Здравствуйте! Я [ЗАЯВИТЕЛЬ], проживаю по адресу: Раймбека 481/1, ЖК Акниет. Хотелось бы обратить Ваше внимание на близлежащую территорию данного ЖК, непосредственно территория сбора и вывоза мусора. Думаю, в связи с тем, что данная территория не является крытой, мусор",Свободная тема,25.01.2022,33,не вывозят мусор,https://dialog.egov.kz/blogs/all-questions/723657
723576,"Қызылорда облысының әкімі [ЗАЯВИТЕЛЬ] қаласы, [ЗАЯВИТЕЛЬ] ш.а, 12 көше 13 үй тұрғыны боламын. Осы аталған мекен жайда 2016 жылдан бастап тұрып келемін, мен көшіп келгенде бұл көшеде электр жарығы да болмаған болатын. Кейін 2017 жылы Қызыл",Свободная тема,25.01.2022,100,көше жарығы,https://dialog.egov.kz/blogs/all-questions/723576
760268,"Обращение с регистрационным номером 760268, направленное в Блог [ЗАЯВИТЕЛЬ] РК [ЗАЯВИТЕЛЬ] отклонено ГО 08.12.2022",О работе государственных органов (госуслуги),24.11.2022,1,автобус не ходит,
760204/1,"Добрый день! Обращаюсь к вам по решению вопроса по общественному транспорту по г. Астана. По своему вопросу многократно обращалась в службу 109. Исполнения не было. 1) Автобус маршрут № 40, № 61 очень плохо ходит, интервал более 15-20 минут и поэтому перегруженный. Утром и веч",Транспорт,24.11.2022,68,автобус не ходит,https://dialog.egov.kz/blogs/all-questions/760247
760204,"Добрый день! Обращаюсь к вам по решению вопроса по общественному транспорту по г. Астана. По своему вопросу многократно обращалась в службу 109. Исполнения не было. 1) Автобус маршрут № 40, № 61 очень плохо ходит, интервал более 15-20 минут и поэтому перегруженный. Утром и веч",Транспорт,24.11.2022,80,автобус не ходит,https://dialog.egov.kz/blogs/all-questions/760204
760203,"[ЗАЯВИТЕЛЬ] себебі, [ЗАЯВИТЕЛЬ] көшесінің бойын жаңбырлы күнде және қар жауып ерігенде су алып жатады. Тұрғындардың көше бойымен жүріп-тұруы қиындайды, өйткенді көлдеп, толып жатқан суды кешуге тура келеді. Алдымызда тек жаңбыр, қардың кезеңі. Соңғы күндері жауынның",Регионы,24.11.2022,70,су жоқ,https://dialog.egov.kz/blogs/all-questions/760203
760199,"Сәлеметсізбе [ЗАЯВИТЕЛЬ]!Сізге менің өтінішім![ЗАЯВИТЕЛЬ] көп балалы анамын және де 2-топ мүгедегімін,Менің жолдасым Қалдыбеков [ЗАЯВИТЕЛЬ] да 2- топ мүгедегі, Жазасын өтеуші менің ұлым Жақыпов [ЗАЯВИТЕЛЬ] 18. 03.1995 жылы туылған ИИН:[ИИН]",Правоохранительные органы,24.11.2022,65,не топят,https://dialog.egov.kz/blogs/all-questions/760199
760193,"Уважаемый [ЗАЯВИТЕЛЬ]! Нами неоднократно на протяжении многих лет направляются обращения в местные исполнительные органы (Акимат г.Актобе, Актюбинской области), однако по сегодняшний день наши дома которые расположены в Жилгородке по улице [ЗАЯВИТЕЛЬ] дом №1,3","Строительство, дольщики, жилищные проблемы",24.11.2022,123,нет освещения во дворе,https://dialog.egov.kz/blogs/all-questions/760193
760180,"Уважаемый [ЗАЯВИТЕЛЬ]. Обращаюсь к вам по вопросу общественного транспорта по г Астана. Автобусы по маршруту № 40 переполнены, интервал между автобусами большой до 30 минут. Также теплая остановка по ул [ЗАЯВИТЕЛЬ] ( ориентировочно 3), в сторону левого берега. остановка назыв",Транспорт,24.11.2022,77,нет отопления,https://dialog.egov.kz/blogs/all-questions/760180
757792,"Обращение с регистрационным номером 757792, направленное в Блог Аким Алматинской области Аринов [ЗАЯВИТЕЛЬ] отклонено ГО 27.10.2022",Свободная тема,24.10.2022,0,жарық жоқ,
757789,"Добрый день, [ЗАЯВИТЕЛЬ]! Меня зовут [ЗАЯВИТЕЛЬ], я являюсь руководителем проектов в компании IGP. Предлагаю рассмотреть технологию проецирования дорожной разметки при помощи гобо-проекторов IGP и возможное применение в городских зонах, зонах повышенной опасности д",Транспорт,24.10.2022,122,не работает светофор,https://dialog.egov.kz/blogs/all-questions/757789
757788,"Добрый день, [ЗАЯВИТЕЛЬ]! Меня зовут [ЗАЯВИТЕЛЬ], я являюсь руководителем проектов в компании IGP. Предлагаю рассмотреть технологию проецирования дорожной разметки при помощи гобо-проекторов IGP и возможное применение в городских зонах, зонах повышенной опасности дл",Транспорт,24.10.2022,55,не работает светофор,https://dialog.egov.kz/blogs/all-questions/757788
757787,"Обращение с регистрационным номером 757787, направленное в Блог Генеральный директор РГП «Национальный центр качества дорожных активов» [ЗАЯВИТЕЛЬ] находится на рассмотрении у ГО",Транспорт,24.10.2022,0,не работает светофор,
755309,"Құрметті Алматы қаласының әкімі [ЗАЯВИТЕЛЬ] мырза [ЗАЯВИТЕЛЬ] Құрманбай ұлы Дастан, [ЗАЯВИТЕЛЬ] және тағы 200 отбасы 2005 жылдан бері Алатау ауданы Шанырақ-1 ы/а қарасты Ертарғын көшесінің «Сай жақ» бөлігінің тұрғындарымыз. Біздің ү","Строительство, дольщики, жилищные проблемы",24.09.2022,85,су жоқ,https://dialog.egov.kz/blogs/all-questions/755309
751943,"Обращение с регистрационным номером 751943, направленное в Блог Уполномоченный по правам человека в РК [ЗАЯВИТЕЛЬ] находится на рассмотрении у ГО",Правоохранительные органы,24.08.2022,9,жол бұзылған,
751921,"Добрый день [ЗАЯВИТЕЛЬ]! Мы жители ИЖС 3 отделение просим Вас рассмотреть вопрос общественного транспорта и асфальтирование дороги. По одной из наших дорог был запущен маршрут №13. По не известным нам причинам маршрут не стал заезжать в 3 отделение, а стал выезжать после в",О работе государственных органов (госуслуги),24.08.2022,119,нет асфальта,https://dialog.egov.kz/blogs/all-questions/751921
751831,"Құрметті [ЗАЯВИТЕЛЬ] ! [ЗАЯВИТЕЛЬ] 6D012000 – «Кәсіптік оқыту» мамандығы бойынша білім алған докторантпын. Докторантураға 2018 жылы [ЗАЯВИТЕЛЬ] атындағы [ЗАЯВИТЕЛЬ] мемлекеттік университетіне түсіп 2021 жылы аяқтадым, бірақ диссертация қорғам",Наука,24.08.2022,127,жарық жоқ,https://dialog.egov.kz/blogs/all-questions/751831
748495,"Здравствуйте! Ранее я приобрёл авиабилеты по маршруту ""НурСултан-Актау-НурСултан"" на 29 июля и 01 августа 2022 г. Недавно почуствовал недомогание и сдал ПЦР-тест 20.07.2022 г., результат оказался положительным. Естественно я принял решение отменить авиаперелёт, чтобы ни",Транспорт,24.07.2022,126,отменили маршрут,https://dialog.egov.kz/blogs/all-questions/748495
744889/1,"Доброго времени суток, уважаемый [ЗАЯВИТЕЛЬ]! Меня очень беспокоит вопрос отсутствия мест в новых школах Бином, учитывая тот факт, что жители рядом расположенных ЖК еще не успели заселиться и перевести своих детей в школу по месту жительства. К примеру, мы купили квартиру в",Образование,24.06.2022,73,автобус не ходит,https://dialog.egov.kz/blogs/all-questions/745171
740848,"Здравствуйте уважаемый [ЗАЯВИТЕЛЬ]. Мы, жители пересечений улиц Емцова и Рыскулова, уставшие от грязи растянувшейся стройки автомобильной развязки очень долго надеялись на ЧУДО в виде облогороженной прилегающей к мосту территории, но, до сих пор эта территория до",Свободная тема,24.05.2022,153,яма на дороге,https://dialog.egov.kz/blogs/all-questions/740848
736844,"Уважаемая [ЗАЯВИТЕЛЬ], прошу предоставить комментарии, в том числе по разъяснениям руководителя [ЗАЯВИТЕЛЬ] и его сотрудников, которые являются госслужащими? Дабы не превратилась это мероприятие на уровне кампанейщины:100 вопросов - 100 отписок в рамках комплексной ре",Здравоохранение,24.04.2022,145,не работает лифт,https://dialog.egov.kz/blogs/all-questions/736844
723421,"Здравствуйте, прошу вас повлиять на КСК, которое занимается управлением дома и двора по адресу: г.Караганда, проспект Республики, дом 4. Проблемы в том что при входе во всех подъездах гололёд, уже много жильцов сломали себе ноги, руки, бедра, а по дороге вдоль дома невозможно езд",Социальное обеспечение,24.01.2022,99,нет освещения во дворе,https://dialog.egov.kz/blogs/all-questions/723421
762293,"Обращение Я Никулин [ЗАЯВИТЕЛЬ], 1980 года рождения, место работы ТОО «Казцинк», РГОК, Риддер-Сокольный рудник, бурильщик шпуров 6 разряда, проживаю ВКО г. Риддер. 05.01.2020 года при выполнении производственных заданий , случи",Здравоохранение,23.12.2022,146,нет холодной воды,https://dialog.egov.kz/blogs/all-questions/762293
760159,"Акиму Карагандинской области Находясь на остановке магазин Ануар по маршруту автобуса № 5 города Караганда время 20-03 час, 23 ноября 2022 года. В данное время был сильный ветер, температура воздуха - 12 градусов цельсия. Ожидал авто",Транспорт,23.11.2022,102,водитель автобуса,https://dialog.egov.kz/blogs/all-questions/760159
760113,"Здравствуйте, уважаемый [ЗАЯВИТЕЛЬ], ранее нижеприведенный запрос 03.11.22г., был направлен нами в Министерство индустрии и инфраструктурного развития РК, 23.11.22 г. ответили, что данный вопрос относится к Вашему министерству (ответ прилагается). В связи с тем, что законом","Строительство, дольщики, жилищные проблемы",23.11.2022,95,нет отопления,https://dialog.egov.kz/blogs/all-questions/760113
759921/1,В соответствии со статьей 69 Бюджетного кодекса Республики Казахстан натуральные нормы представляют собой натуральные показатели потребления или использования необходимых материальных или нематериальных благ; разрабатываются и утверждаются центральными государственными органами п,Финансы,23.11.2022,113,нет холодной воды,https://dialog.egov.kz/blogs/all-questions/760115
759736/1,"Добрый вечер [ЗАЯВИТЕЛЬ]! Обращаюсь к Вам за помощью. Меня зовут Султанова [ЗАЯВИТЕЛЬ] Многодетная мама (воспитываю 5-х детей). Я живу в г.Уральске ЗКО по адресу ул.Темиртауская 21, кв. 70. Мы оформили эту квартиру в ипотеку по программе ""[ЗАЯВИТЕЛЬ]""","Строительство, дольщики, жилищные проблемы",23.11.2022,79,нет отопления,https://dialog.egov.kz/blogs/all-questions/760067
757771,"Обращение с регистрационным номером 757771, направленное в Блог [ЗАЯВИТЕЛЬ] РК [ЗАЯВИТЕЛЬ] отклонено ГО 24.11.2022",О работе государственных органов (госуслуги),23.10.2022,1,нет холодной воды,
751819,"Сіздерге арыз жазу себебім үйіміздің артқы жағында үлкен сай болатын еді, және ол жерден тау сулары жиналып арықтарға бөлінетін болатын. Ол жерлерді адамдар 2019 жылдан жылдан бастап қоқыс тастап толтырған болатын. қаншама арыз хат жазылды бұл жерге бір азамат Тимур (тел нөмері 8",Земельные вопросы,23.08.2022,81,су жоқ,https://dialog.egov.kz/blogs/all-questions/751819
751818,"Сіздерге арыз жазу себебім үйіміздің артқы жағында үлкен сай болатын еді, және ол жерден тау сулары жиналып арықтарға бөлінетін болатын. Ол жерлерді адамдар 2019 жылдан жылдан бастап қоқыс тастап толтырған болатын. қаншама арыз хат жазылды бұл жерге бір азамат Тимур (тел нөмері 8",Земельные вопросы,23.08.2022,92,су жоқ,https://dialog.egov.kz/blogs/all-questions/751818
751817,"[ЗАЯВИТЕЛЬ] прокуроратураға ҚР Алматы облысының әкімдігі Специализированная природоохранная прокуратура Алматинской области Сіздерге арыз жазу себебім үйіміздің артқы жағында үлкен сай болатын еді, және ол жерден тау сулары жиналып арықтарға бөлінетін болатын",Земельные вопросы,23.08.2022,99,су жоқ,https://dialog.egov.kz/blogs/all-questions/751817
751816,"Обращение с регистрационным номером 751816, направленное в Блог [ЗАЯВИТЕЛЬ] РК [ЗАЯВИТЕЛЬ] отклонено ГО 14.09.2022",Земельные вопросы,23.08.2022,5,су жоқ,
751814,"23.08.2022ж. №14 [ЗАЯВИТЕЛЬ] сақтау министрі [ЗАЯВИТЕЛЬ] «Сынақ» мүмкіндігі шектеулі жандарды оңалту және әлеуметтік құқықтарын іске асыру, қорғау» ҚБ [ЗАЯВИТЕЛЬ] Абдукаримовичтен (Шымкент қ.,16м/а, 22-2,",Здравоохранение,23.08.2022,225,жол бұзылған,https://dialog.egov.kz/blogs/all-questions/751814
751674,"Қайырлы күн! [ЗАЯВИТЕЛЬ], сізбен 19 тамыз күні жиналыс болған еді. ЖК Бағыстан мәселелері бойынша орынбасарыңыз [ЗАЯВИТЕЛЬ] және Есіл ауданы әкімі [ЗАЯВИТЕЛЬ] өзіңіз тапсырма беріп, менімен бүгін-ертең хабарласыңдар деп айтқан едіңіз. Ол кісілердің ешқайс","Строительство, дольщики, жилищные проблемы",23.08.2022,76,жарық жоқ,https://dialog.egov.kz/blogs/all-questions/751674
751666,"Сегодня 21 августа 2022 года в 17:55 была в ООН №2 города Караганды филиала Правительства для граждан расположенного по адресу: город Караганда, Чкалова 7. На консультации никого не оказалось, потом сотрудник появился. Прошу дать номерок в операционный зал, мне дают номерок со с",О работе государственных органов (госуслуги),23.08.2022,85,автобус не ходит,https://dialog.egov.kz/blogs/all-questions/751666
751665/1,"Добрый день ув .[ЗАЯВИТЕЛЬ], прошу дать разъяснение по поводу оплаты за проезд в общегородском транспорте нашего города. Сколько я должна оплачивать за проезд, если на руках имею двоих малолетних детей в возрасте 1,5 и 4- х лет. С меня кондукторы автобусов маршрута 1Э всег",Транспорт,23.08.2022,64,автобус не ходит,https://dialog.egov.kz/blogs/all-questions/751779
751665,"Добрый день ув .[ЗАЯВИТЕЛЬ], прошу дать разъяснение по поводу оплаты за проезд в общегородском транспорте нашего города. Сколько я должна оплачивать за проезд, если на руках имею двоих малолетних детей в возрасте 1,5 и 4- х лет. С меня кондукторы автобусов маршрута 1Э всег",Транспорт,23.08.2022,105,автобус не ходит,https://dialog.egov.kz/blogs/all-questions/751665
748473,"Сізге eotinish.kz порталы арқылы ЖТ-2022-01545628 өтініш жолдаған болатынбыз. Осыған орай мәселенің шешілмеу салдарынан: 1- Қазыргі таңда жүргізіліп жатқан газ құбырлары біздің көшені айналып өтіп жатыр, параллель жатқан екі көшеге жүргізіліп жатыр. 2- Су құбырлары көшеге жүрмег",Свободная тема,23.07.2022,101,су жоқ,https://dialog.egov.kz/blogs/all-questions/748473
744889,"Доброго времени суток, уважаемый [ЗАЯВИТЕЛЬ]! Меня очень беспокоит вопрос отсутствия мест в новых школах Бином, учитывая тот факт, что жители рядом расположенных ЖК еще не успели заселиться и перевести своих детей в школу по месту жительства. К примеру, мы купили квартиру в",Образование,23.06.2022,88,автобус не ходит,https://dialog.egov.kz/blogs/all-questions/744889
744838/1,"Сәлеметсізбе, мен Мәдиев [ЗАЯВИТЕЛЬ] Түркістан облысы Бәйдібек ауданы Шалдар аулының тұрғыны боламын. Менің өтінішім келесідей біздің ауылға қателеспесем 2015-2016 жылдары ауыз су жүргізілді щған алғысымыз шексіз алайда 2020 жылдан бастап ауылдағы құдықшалардың шойын қақп",Сельское хозяйство,23.06.2022,72,су жоқ,https://dialog.egov.kz/blogs/all-questions/744991
740687,"дорога по улице Тәуелсіздік напротив Ваниль пришла в негодность, дорогой не назовешь. То что у вас проект 8 полосной полосы не лишает обязанности содержать дорогу. Не возможно ездить, дыры и ямы. Требую привести в порядок дорогу. Строительство 8 полосной полосы начнется не отсюда","Строительство, дольщики, жилищные проблемы",23.05.2022,140,яма на дороге,https://dialog.egov.kz/blogs/all-questions/740687
740590,19.04.2022 жылы №735398/2 санды өтінішіме сәйкес. Нұр-Сұлтан қаласы Төтенше жағдайлар басқармасына жолданған хаттыңыздың жауабын бүгінгі таңға дейін алғаным жоқ. Мен арызданғаным Жұмабаев көшесі №9 үй аумағындағы шлагбауын орналасқаны жөнінде ол жерде ешқандай белгі жоқ және шл,"Строительство, дольщики, жилищные проблемы",23.05.2022,82,жарық жоқ,https://dialog.egov.kz/blogs/all-questions/740590
740483/2,"Уважаемый господин министр [ЗАЯВИТЕЛЬ], прошу Вас оказать содействие на бездействие государственных служб по обслуживанию и обеспечению комфортных условий для населения. Такими организациями являются: «КалаЖарык и отдел «Благоустройства» акимата Бостандыкского района. Ситу",О работе государственных органов (госуслуги),23.05.2022,108,не горят фонари,https://dialog.egov.kz/blogs/all-questions/740675
740483/1,"Уважаемый господин министр [ЗАЯВИТЕЛЬ], прошу Вас оказать содействие на бездействие государственных служб по обслуживанию и обеспечению комфортных условий для населения. Такими организациями являются: «КалаЖарык и отдел «Благоустройства» акимата Бостандыкского района. Ситу",О работе государственных органов (госуслуги),23.05.2022,134,не горят фонари,https://dialog.egov.kz/blogs/all-questions/740622
740003/1,"№4 17.05.2022 ж. Индустрия және инфрақұрылымдық даму министріне Алматы қаласы әкіміне Алматы облысы әкіміне «Батыр» бау-бақша қоғамы», «[ЗАЯВИТЕЛЬ]»",Транспорт,23.05.2022,129,қоғамдық көлік,https://dialog.egov.kz/blogs/all-questions/740619
736802,"Сізге жазу себебіміз-біз алматы облысы , Іле ауданы, Ащыбулақ округі, Батыр саяжайында тұрамыз. Камаз центрден 13 км. қашықтықта. Қалаға қатынайтын автобустар бізге жүрмейді, жеке кәсіпкердің 2 автобусы тоқтағалы қай заман. Жергілікті әкімшілікке барсақ, жол жөнделсін деді. Жол",Транспорт,23.04.2022,74,автобус жүрмейді,https://dialog.egov.kz/blogs/all-questions/736802
736800,"Сізге жазу себебіміз-біз алматы облысы , Іле ауданы, Ащыбулақ округі, Батыр саяжайында тұрамыз. Камаз центрден 13 км. қашықтықта. Қалаға қатынайтын автобустар бізге жүрмейді, жеке кәсіпкердің 2 автобусы тоқтағалы қай заман. Жергілікті әкімшілікке барсақ, жол жөнделсін деді. Жол",Транспорт,23.04.2022,90,автобус жүрмейді,https://dialog.egov.kz/blogs/all-questions/736800
762249,"Вечер добрый. Ответом на обращение №761369 не удовлетворён. Обращение было связанно не с подземным переходом, а о другом. Дублирую еще раз. ""Вечер добрый. Прошу Акимат г. Алматы и соответствующие службы города провести служебную проверку юго-восточной части (от центральног",Свободная тема,22.12.2022,87,не горят фонари,https://dialog.egov.kz/blogs/all-questions/762249
762137/1,"Здравствуйте, меня зовут [ЗАЯВИТЕЛЬ]. Я живу в Аксенгере, что находиться рядом с городом Алматы. У нас не ходят автобусы. До карантина ходили автобусы с Каскелена до Алматы 1. После карантина автобусы перестали ходить. Дети, подростки и взрослые вынуждены добираться до город",Транспорт,22.12.2022,81,автобус не ходит,https://dialog.egov.kz/blogs/all-questions/762252
760050,[ЗАЯВИТЕЛЬ] Казахстан Г-ну Касым – [ЗАЯВИТЕЛЬ]. Председател,Правоохранительные органы,22.11.2022,87,автобус не ходит,https://dialog.egov.kz/blogs/all-questions/760050
760049,"Обращение с регистрационным номером 760049, направленное в Блог [ЗАЯВИТЕЛЬ] РК [ЗАЯВИТЕЛЬ] отклонено ГО 15.12.2022",Правоохранительные органы,22.11.2022,1,автобус не ходит,
760044,"[ЗАЯВИТЕЛЬ]Аймағанбетов мырза! 1. Мен білім саласында жалпы өтілім 24 жыл, оның ішінде техникалық және кәсіптік , орта білімнен кейінгі білім беру саласында 11 жылдан бері жұмыс жасаймын. Осы оқу жылынан бастап, айлық жоспарға тәрбие ісі жөніндегі орынбасар бір айға бірнеше (3-4",Образование,22.11.2022,77,не топят,https://dialog.egov.kz/blogs/all-questions/760044
760039,"добрый вечер. обращаемся к вам в этом году второй раз по поводу освещения на улице Таугуль 3 сауранбаева напротив дома 40, 27 в который раз перегорает лампа уличного освещения, не смотря на то что мы обращались сотрудники гор освещения приезжают меняют лампу которая перегорает ч","Строительство, дольщики, жилищные проблемы",22.11.2022,105,уличное освещение,https://dialog.egov.kz/blogs/all-questions/760039
759974,В соответствии со статьей 69 Бюджетного кодекса Республики Казахстан натуральные нормы представляют собой натуральные показатели потребления или использования необходимых материальных или нематериальных благ; разрабатываются и утверждаются центральными государственными органами п,Финансы,22.11.2022,92,нет холодной воды,https://dialog.egov.kz/blogs/all-questions/759974
759942,[ЗАЯВИТЕЛЬ] мырза. [ЗАЯВИТЕЛЬ] облысы Сауран ауданының Шаға ауыл әкімшілігіне қарасты Бершінтөбе елді мекенінің тұрғындары атынан. Сізге жолдап отырған халықтың көкейіндегі коптен қиналып жүрген жол мәселесі аулда көлік жүретін 1 км,Сельское хозяйство,22.11.2022,94,жол жөндеу,https://dialog.egov.kz/blogs/all-questions/759942
759938,"Қостанай облсының әкімі [ЗАЯВИТЕЛЬ] өнірінің азаматтары: Т.[ЗАЯВИТЕЛЬ]. [ЗАЯВИТЕЛЬ] ! [ЗАЯВИТЕЛЬ] елінің өнердегі азаматтары біріге отырып, Ұлт ұстазы [ЗАЯВИТЕЛЬ] 150-жылдығына және де, Ел бас","Культура, информация и экология",22.11.2022,118,не топят,https://dialog.egov.kz/blogs/all-questions/759938
759922,В соответствии со статьей 69 Бюджетного кодекса Республики Казахстан натуральные нормы представляют собой натуральные показатели потребления или использования необходимых материальных или нематериальных благ; разрабатываются и утверждаются центральными государственными органами п,Финансы,22.11.2022,147,нет холодной воды,https://dialog.egov.kz/blogs/all-questions/759922
759921,В соответствии со статьей 69 Бюджетного кодекса Республики Казахстан натуральные нормы представляют собой натуральные показатели потребления или использования необходимых материальных или нематериальных благ; разрабатываются и утверждаются центральными государственными органами п,Финансы,22.11.2022,129,нет холодной воды,https://dialog.egov.kz/blogs/all-questions/759921
759920,В соответствии со статьей 69 Бюджетного кодекса Республики Казахстан натуральные нормы представляют собой натуральные показатели потребления или использования необходимых материальных или нематериальных благ; разрабатываются и утверждаются центральными государственными органами п,Финансы,22.11.2022,115,нет холодной воды,https://dialog.egov.kz/blogs/all-questions/759920
757751,"Обращение с регистрационным номером 757751, направленное в Блог Аким Алматинской области Аринов [ЗАЯВИТЕЛЬ] отклонено ГО 27.10.2022",Транспорт,22.10.2022,2,водитель автобуса,
757708,"Сәлеметсіз бе [ЗАЯВИТЕЛЬ]! БҚО,Жаңақала ауданы,Жаңақазан ауылында мектепте педагог-сарапшы өзін-өзі тану мұғалімімін.Осы салада 9 жыл еңбек өтілім бар.Бірақ биылғы оқу жылындағы өзгерістерге байланысты пәніміз алынып қалғанын білесіз.Қазіргі таңда кәсіптік бағдарлаушы және 4 с",Образование,22.10.2022,83,су жоқ,https://dialog.egov.kz/blogs/all-questions/757708
755053,"Акиму Актюбинской области [ЗАЯВИТЕЛЬ] Обращение Уважаемый [ЗАЯВИТЕЛЬ] обращаются к вам жители района Москвы города Актобе для решения социально значимого вопроса. После проведения асфальтобетонных работ по ул.Арынова,люк центрального водопровода остался замурован под",Свободная тема,22.09.2022,99,нет асфальта,https://dialog.egov.kz/blogs/all-questions/755053
751544,Уважаемый [ЗАЯВИТЕЛЬ] пользуясь случаем выражаю Вам свою признательность и желаю успехов в вашей работе. Президентом РК [ЗАЯВИТЕЛЬ] был подписан Закон «О внесении изменений и дополнений в законодательный акт по вопросам жилищно-коммунального хозяйства». Закон вступил в,"Строительство, дольщики, жилищные проблемы",22.08.2022,94,не работает лифт,https://dialog.egov.kz/blogs/all-questions/751544
751540,"сбыт готовой молочной продукции). Но это очень упрощенная картина, и на практике имеет место целый ряд взаимосвязей, а также проблем, характерных для каждого сегмента отрасли. Если проанализировать политику государства по отношению ко всей этой отрасли, а также информационную с",Сельское хозяйство,22.08.2022,152,не вывозят мусор,https://dialog.egov.kz/blogs/all-questions/751540
748391,[ЗАЯВИТЕЛЬ] ...,О работе государственных органов (госуслуги),22.07.2022,94,су жоқ,https://dialog.egov.kz/blogs/all-questions/748391
748385,"Уважаемая [ЗАЯВИТЕЛЬ]! Поводом для обращения к Вам послужили факты вопиющего нарушения норм [ЗАЯВИТЕЛЬ] РК, принятых эпидемиологических норм и правил содержания животных в селе [ЗАЯВИТЕЛЬ] области. Жители села Умирзак неоднократно обращались в местные",О работе государственных органов (госуслуги),22.07.2022,98,уличное освещение,https://dialog.egov.kz/blogs/all-questions/748385
744857,"Обращение с регистрационным номером 744857, направленное в Блог Уполномоченный по правам человека в РК [ЗАЯВИТЕЛЬ] находится на рассмотрении у ГО",Занятость населения,22.06.2022,1,жол бұзылған,
744838,"Сәлеметсізбе, мен Мәдиев [ЗАЯВИТЕЛЬ] Түркістан облысы Бәйдібек ауданы Шалдар аулының тұрғыны боламын. Менің өтінішім келесідей біздің ауылға қателеспесем 2015-2016 жылдары ауыз су жүргізілді щған алғысымыз шексіз алайда 2020 жылдан бастап ауылдағы құдықшалардың шойын қақп",Сельское хозяйство,22.06.2022,115,су жоқ,https://dialog.egov.kz/blogs/all-questions/744838
744357/1,"Құрметті [ЗАЯВИТЕЛЬ]А! Мен бұл арызды Түркістан облысы, Сауран ауданы, Жүйнек ауылдық округі, Жүйнек ауылы: 1. Қуаныш көшесі 2. [ЗАЯВИТЕЛЬ] көшесі 3. Яссауи көшесі 4. Достық көшесі тұрғындары атынан жазып отырмын. Осы уақытқа дейін көшемізге үздіксіз ауыз су келіп тұратын.",Свободная тема,22.06.2022,69,су жоқ,https://dialog.egov.kz/blogs/all-questions/744850
740565,"09 Карагандинская область, г. Караганда, 20.05.2022 по улице проспект Шахтёров 5/2 рядом с государственным учреждением ЦОН присутствуют ямы на дороге. Требуется устранить данные дефекты https://vk.com/zb_09?w=wall-171774447_860",Земельные вопросы,22.05.2022,102,яма на дороге,https://dialog.egov.kz/blogs/all-questions/740565
740559,"09 Карагандинская область, г. Караганда, 13.05.2022 рядом с домом по улице Cатыбалдина 4/1 расположены ямы на дороге. Требуется устранить данные дефекты. https://vk.com/zb_09?w=wall-171774447_858",Земельные вопросы,22.05.2022,101,яма на дороге,https://dialog.egov.kz/blogs/all-questions/740559
740558,"09 Карагандинская область, г. Караганда, 13.05.2022 по улице Cатыбалдина 7/4 расположена яма на дороге. Требуется устранить данный дефект https://vk.com/zb_09?w=wall-171774447_857",Земельные вопросы,22.05.2022,96,яма на дороге,https://dialog.egov.kz/blogs/all-questions/740558
736736,"ТОО с целью исполнения [ЗАЯВИТЕЛЬ] Казахстан от 31 мая 2019 года № 360: «Об утверждении Государственной программы развития туристской отрасли Республики Казахстан на 2019-2025 годы», просит Вас рассмотреть возможность выкупа права временного возмездног",Малый и средний бизнес,22.04.2022,65,не вывозят мусор,https://dialog.egov.kz/blogs/all-questions/736736
736655,"Здравствуйте,Уважаемая, [ЗАЯВИТЕЛЬ] с назначением на столь высокую и ответственную должность! Искренне верю и буду ждать наконец-то новые стандарты будете внедрять. Мне сейчас 37, и не могу найти работу. Куда бы не откликалась, приходит отказ. Не нужн",Занятость населения,22.04.2022,124,не работает светофор,https://dialog.egov.kz/blogs/all-questions/736655
728233,"Здравствуйте. Вопрос по компании Ускемен тертип. Данная компания оказывает услуги по вывозу мусора с частного сектора в районе Защиты и др районах. Хочу обратить [ЗАЯВИТЕЛЬ], что это единственная компания которая в нашем районе ""м-рн Защита"" которая оказывает данную у",Нацкомпании,22.02.2022,118,не вывозят мусор,https://dialog.egov.kz/blogs/all-questions/728233
728220,"Обращение с регистрационным номером 728220, направленное в Блог [ЗАЯВИТЕЛЬ] РК [ЗАЯВИТЕЛЬ] отклонено ГО 04.03.2022",Свободная тема,22.02.2022,5,жол бұзылған,
762155,"Обращение с регистрационным номером 762155, направленное в Блог [ЗАЯВИТЕЛЬ] РК [ЗАЯВИТЕЛЬ] отклонено ГО 28.12.2022",Правоохранительные органы,21.12.2022,2,не топят,
762153,Құрметті министр мырза! 20 желтоқсан 2022 жылы «Жемқорлыққа жол жоқ “ Республикалық қоғамдық саяси газеті редакциясына Шымкент қаласы Қаратау ауданы Тұран шағын ауданы Өсиет көшесі н/үй тұрғыны 1956 жылы туылған 2 топ мүгедегі [ЗАЯВИТЕЛЬ] деген азамат арызданып келді. Ол ө,Правоохранительные органы,21.12.2022,73,не топят,https://dialog.egov.kz/blogs/all-questions/762153
762137,"Здравствуйте, меня зовут [ЗАЯВИТЕЛЬ]. Я живу в Аксенгере, что находиться рядом с городом Алматы. У нас не ходят автобусы. До карантина ходили автобусы с Каскелена до Алматы 1. После карантина автобусы перестали ходить. Дети, подростки и взрослые вынуждены добираться до город",Транспорт,21.12.2022,114,автобус не ходит,https://dialog.egov.kz/blogs/all-questions/762137
762116,Сәлеметсізбе! Кешіріңіз мен Байгенжеева [ЗАЯВИТЕЛЬ] Маңғыстау обылысы Жаңаөзен қаласының тұрғынымын. 2-ші топ мүшедектік анықтамам бар өзім 2- баланың анасымын ажырасқанмын басымда баспана жоқ алимент алуға өтініш бергенмін бірақ жұмыста жоқ деп өтеліп жатқан жоқ. Әлеуметтік қ,О работе государственных органов (госуслуги),21.12.2022,212,не топят,https://dialog.egov.kz/blogs/all-questions/762116
759860,"Здравствуйте, у меня вопрос касательно натуральных норм. Согласно ст. 69 Бюджетному кодексу - Натуральные нормы представляют собой натуральные показатели потребления или использования необходимых материальных или нематериальных благ. В связи с чем, является ли ""Постановление",Финансы,21.11.2022,92,нет холодной воды,https://dialog.egov.kz/blogs/all-questions/759860
759836,"Добрый день, [ЗАЯВИТЕЛЬ]! Пишу от жителей Наурызбайского района, [ЗАЯВИТЕЛЬ] ""Алма"".Хотим ПОБЛАГОДАРИТЬ Вас с улучшением нашего района а именно с асфальтированием центральной улицы и проведением уличного освещения! Так же просим уточнить, ког",Свободная тема,21.11.2022,73,уличное освещение,https://dialog.egov.kz/blogs/all-questions/759836
759818,"Уважаемый [ЗАЯВИТЕЛЬ]! Прошу Вас дать разъяснение по следующему вопросу: наша компания в 2022 году построила бюджетный объект- многоквартирный жилой дом в одном из сел ЗКО. Согласно условий конкурса, а следовательно и договора нами выполнено","Строительство, дольщики, жилищные проблемы",21.11.2022,75,нет отопления,https://dialog.egov.kz/blogs/all-questions/759818
759805,"Уважаемый [ЗАЯВИТЕЛЬ]. Наверное железнодорожный вокзал, что расположен в старой части города не относится введение Акимата г.Астана, но прошу принять меры к ответственным лицам. Я проживаю в г.Астана более 20 лет, вчера при посещении вокзала ст. Астана-1 ужаснулся подземным","Строительство, дольщики, жилищные проблемы",21.11.2022,79,нет холодной воды,https://dialog.egov.kz/blogs/all-questions/759805
759789,"Здравствуйте, по улице Толстого 13/5, 13/3 , Турксибский район, на пересечении улиц Толстого и Молдагалиева осталась неотремонтированный кусок на дороге возле мусорки. Этот кусок лежит прямо на пересечении улиц, поэтому создает проблему для транспорта! Почему вы не завершите",Транспорт,21.11.2022,59,нет асфальта,https://dialog.egov.kz/blogs/all-questions/759789
759719/1,"[ЗАЯВИТЕЛЬ] транспорта [ЗАЯВИТЕЛЬ] С исправленным текстом. Находясь на остановке магазин Ануар по маршруту автобуса № 5 города Караганда время 20-16 час 16 ноября 2022 года. В данное время был сильный ветер, температура воз",Транспорт,21.11.2022,86,водитель автобуса,https://dialog.egov.kz/blogs/all-questions/759865
759712/1,"[ЗАЯВИТЕЛЬ] транспорта [ЗАЯВИТЕЛЬ] С.[ЗАЯВИТЕЛЬ] на остановке магазин Ануар по маршруту автобуса № 5 города Караганда время 20-16 час. В данное время был сильный ветер, температура воздуха - 7 градусов цельсия. Ожидал ав",О работе государственных органов (госуслуги),21.11.2022,94,водитель автобуса,https://dialog.egov.kz/blogs/all-questions/759863
757681,"Я написала обращение в eOtinich 11 октября, буквально через 2-3 дня мне на почту прислали письмо, что в рассмотрении жалобы мне отказали, я написала второе обращение по этому же поводу, мне позвонили из АТС и сказали, что единственное, что они могут сделать - это прийти ко мне в","Строительство, дольщики, жилищные проблемы",21.10.2022,74,нет холодной воды,https://dialog.egov.kz/blogs/all-questions/757681
757678,Прошу предоставить сведенья планируется ли внутри поселковое асфальтирования дороги села [ЗАЯВИТЕЛЬ] района. Если не планируется прошу внести в план ремонтных работ. Второй вопрос. При въезде в г. Степняк со стороны Кенаши на дороге установлено два лежачих полицейск,Транспорт,21.10.2022,103,нет асфальта,https://dialog.egov.kz/blogs/all-questions/757678
755009,"Құрметті [ЗАЯВИТЕЛЬ]! Сізге Алматы облысы, Талғар ауданы, Тұздыбастау ауылынан ашылған ""Elite School"" жекеменшік мектебінен хабарласып отырмын. Біздің жекеменшік мектебі 2021-22 оқу жылында ашылып, ғимаратты жалға алып, халыққа қызмет жасаған болатынбыз. Биыл &quot",Образование,21.09.2022,106,нет асфальта,https://dialog.egov.kz/blogs/all-questions/755009
754919,Мен Алматы облысы Талғар ауданы Қайнар ауылдық округіне қарасты Жалқамыс ауылында тұрамын. Аты-жөнім [ЗАЯВИТЕЛЬ]. Жалқамыс Алматы қаласынан небәрі 30 шақырым ғана қашықта жатқан үлкен ауыл. Ауыл тұрғындарының басым бөлігі қалаға қатынап жұмыс істейді. бірақ 2020 жылдан бері а,Транспорт,21.09.2022,108,қоғамдық көлік,https://dialog.egov.kz/blogs/all-questions/754919
754914,"Добрый день! Я проживаю в Аль-Фарабийском районе (Старый город), по улице Милицеская , у нас уже как 3 недели не вывозят мусор, в начале все хранили мусор во дворе, потом уже начали выносить на улицу, горы мусора состоящих из домашних отходов, неприятный запах и крысы вот с чем п","Культура, информация и экология",21.09.2022,76,не вывозят мусор,https://dialog.egov.kz/blogs/all-questions/754914
754892,Құрметті министр ханым.менің қамқорлығымда сот шешімімен әрекетке қабілетсіз 18жастанжоғары ауырған иин [ИИН] бірінші топ мүгедек.Басқа мүгедектер сияқты бұл мүгедектерді мемлекеттен оңалтыру орталығына .санаторияларүа жіберілмейді .мемлекеттен басқа мүгедектерге тағайынд,Социальное обеспечение,21.09.2022,106,не топят,https://dialog.egov.kz/blogs/all-questions/754892
754890,[ЗАЯВИТЕЛЬ] Казахстан Г-ну Касым – [ЗАЯВИТЕЛЬ]. Председат,Правоохранительные органы,21.09.2022,123,автобус не ходит,https://dialog.egov.kz/blogs/all-questions/754890
751518,"Северо-Казахстанская область Петропавловск, 20.08.2022, Ранее направлялся материал https://vk.com/wall-170724219_14012, что на улице [ЗАЯВИТЕЛЬ] 227 остановка Дом быта Северный, имеются повреждения нового асфальта. Прошел месяц, но кроме знака не чего не изменилось. Муниципальны","Строительство, дольщики, жилищные проблемы",21.08.2022,90,нет асфальта,https://dialog.egov.kz/blogs/all-questions/751518
751511,"Обращение с регистрационным номером 751511, направленное в Блог [ЗАЯВИТЕЛЬ] РК [ЗАЯВИТЕЛЬ] отклонено ГО 07.09.2022",О работе государственных органов (госуслуги),21.08.2022,4,разбитая дорога,
751510,"Просим Вас, провести расследование относительно строительства трассы Алматы-Оскемен , внутри с. [ЗАЯВИТЕЛЬ] области, Ескельдинского района. Наши претензии к [ЗАЯВИТЕЛЬ] и [ЗАЯВИТЕЛЬ] района. Как вы знаете в течении 10 ти лет нам трижды вручались уведомлен",О работе государственных органов (госуслуги),21.08.2022,68,разбитая дорога,https://dialog.egov.kz/blogs/all-questions/751510
748359,"Құрметті [ЗАЯВИТЕЛЬ], мен [ЗАЯВИТЕЛЬ] жуырда ғана жаңа кәсіп бастағалы отырған [ЗАЯВИТЕЛЬ] заңды азаматы ретінде ""Астана [ЗАЯВИТЕЛЬ]"" [ЗАЯВИТЕЛЬ] мекемесінің қызметкерлері мен басшысы [ЗАЯВИТЕЛЬ] шағым түсіре отырып, келе",О работе государственных органов (госуслуги),21.07.2022,66,су жоқ,https://dialog.egov.kz/blogs/all-questions/748359
748316,"Здравствуйте. Когда в Алматы наконец-то будет решен вопрос с кондиционированием в общественном транспорте? Не смотря на многочисленные жалобы пассажиров общественного транспорта в соц.сетях, прямые жалобы в правительство и акимат г.Алматы, автоперевозчикам, статьи в масс-медиа -",Транспорт,21.07.2022,78,водитель автобуса,https://dialog.egov.kz/blogs/all-questions/748316
744685,"Журналистік сауалхат Ауыл баласы оқудан неге шығарылды?! Екібастұз медицина колледжінің 4-курс студенті [ЗАЯВИТЕЛЬ] дипломын қолына алатын шақта оқудан шығарылды. [ЗАЯВИТЕЛЬ] қалалық орталық ауруханасында жатқан анасы Светлана әрі аурумен арпалысып, әрі қызының бол",Образование,21.06.2022,210,жарық жоқ,https://dialog.egov.kz/blogs/all-questions/744685
744679,"Добрый вечер! 1. Прошу привести в соответствие сети во дворе дома по ул. Ауэзова 173, так как они находятся в ужасном состоянии, не изолированы, верхний слой торчит об который накануне споткнулась и упала моя мама, тем самым повредила свою руку! Прошу принять меры и взять на ко",Свободная тема,21.06.2022,100,не вывозят мусор,https://dialog.egov.kz/blogs/all-questions/744679
744602,"Добрый день. Обращаюсь к Вам от имени жильцов ЖК ""Жайна"" наход-ся по адресу: Алматинский район, ул.Кошкарбаева 56. У нас во дворе есть детская площадка, которая не видела реставрации, ремонта на протяжении 7лет. На сегодняшний день площадка в плачевном состоянии. Качели","Строительство, дольщики, жилищные проблемы",21.06.2022,70,детская площадка сломана,https://dialog.egov.kz/blogs/all-questions/744602
744542,"Добрый день.Прошу Вас посодействовать в решении вопроса относительно строительной компании SAT NS,в ЖК Браво по ул.[ЗАЯВИТЕЛЬ] 17 построенном данным застройщиком ,очень часто прорывает канализацию, в связи с чем жители очень часто сидят без горячей и холодной воды,обращения","Строительство, дольщики, жилищные проблемы",21.06.2022,71,нет холодной воды,https://dialog.egov.kz/blogs/all-questions/744542
744535,"Добрый день! Для дома, расположенного по адресу: ул. Жарокова 273а имеется только пять парковочных мест на 8 подъездов! 1) Необходимо расширение парковочных мест путем перемещения детской площадки расположенной у 5-7 подъездов севернее футбольного поля (кроме того на детской площ",Свободная тема,21.06.2022,92,нет освещения во дворе,https://dialog.egov.kz/blogs/all-questions/744535
740483,"Уважаемый господин министр [ЗАЯВИТЕЛЬ], прошу Вас оказать содействие на бездействие государственных служб по обслуживанию и обеспечению комфортных условий для населения. Такими организациями являются: «КалаЖарык и отдел «Благоустройства» акимата Бостандыкского района. Ситу",О работе государственных органов (госуслуги),21.05.2022,112,не горят фонари,https://dialog.egov.kz/blogs/all-questions/740483
731859,"Добрый день! Идет прямая угроза со стороны участкового [ЗАЯВИТЕЛЬ], является участковым участка №39, района Есиль г. Нур-Султан. Угрожает, ведет себя неадекватно, ругается матом. Я являюсь владелицей офиса, в котором идет ремонт всего неделю. Рядом с моим оф",Правоохранительные органы,21.03.2022,67,не вывозят мусор,https://dialog.egov.kz/blogs/all-questions/731859
727973,"Жить и творить на той земле, на которой родился 20 февраля 2022 года в а.[ЗАЯВИТЕЛЬ] и а.Жалтырколь с рабочим визитом посетил заместитель [ЗАЯВИТЕЛЬ] области [ЗАЯВИТЕЛЬ] В поездке приняли участие Аппарат акима Аршалынского района подрядчики и жители аульного округа. Чле",Социальное обеспечение,21.02.2022,115,не работает светофор,https://dialog.egov.kz/blogs/all-questions/727973
727470/1,"Добрый день Ув. [ЗАЯВИТЕЛЬ]. Мною 18.01.2022г было направлена жалоба на имя [ЗАЯВИТЕЛЬ] районного отдела ""ЖКХ ПТ и АД"" [ЗАЯВИТЕЛЬ], Суть жалобы, несвоевременное уборка снега по городу, в следствие чего произошло ДТП в г.Аксай(ЗКО) Пост был опубл",О работе государственных органов (госуслуги),21.02.2022,111,не работает светофор,https://dialog.egov.kz/blogs/all-questions/728116
762045,В настоящее время имеется проблема в ЖК “Inju City 3” по адресу ул. [ЗАЯВИТЕЛЬ] 19/1 (Застройщик ТОО “Development Building Group” БИН [ИИН]) с обеспечением горячей воды. В октябре 2022 года собственникам квартир были выданы ключи и правоустанавливающие документы. Около м,"Строительство, дольщики, жилищные проблемы",20.12.2022,83,нет горячей воды,https://dialog.egov.kz/blogs/all-questions/762045
761998/1,"Здравствуйте!не знаю к кому именно обращаться!Можно узнать на счет очередности квартир?я сирота,хотела бы узнать почему очередь не двигается!кто новый впереди появляется,мы на том же месте стоим!Мы уже давно стоим на очереди,сначало мама стояла по потери кормильца,потом как она у","Строительство, дольщики, жилищные проблемы",20.12.2022,140,нет отопления,https://dialog.egov.kz/blogs/all-questions/762092
759754,"Обращение с регистрационным номером 759754, направленное в Блог Аким области [ЗАЯВИТЕЛЬ] Берік находится на рассмотрении у ГО",Транспорт,20.11.2022,0,жол жөндеу,
759748,"Уважаемый г-н [ЗАЯВИТЕЛЬ]Е Мы жители села [ЗАЯВИТЕЛЬ] района Обращаемся с надеждой, что Вы поможете нам решить следующие вопросы 1. [ЗАЯВИТЕЛЬ] по ул Жибек жолы Нет абсолютно никакого освещения Протяжённость улицы всего 200-300 метров Вечером очень опасно",О работе государственных органов (госуслуги),20.11.2022,84,нет асфальта,https://dialog.egov.kz/blogs/all-questions/759748
757606,"Здравствуйте, г-н Мусин! Обращается к [ЗАЯВИТЕЛЬ]-Смит [ЗАЯВИТЕЛЬ] по вопросу о том, правомерны ли действия судьи, который по иску к ТОО «Алматинские тепловые сети» определил о признании действия по начислению долга незаконными, но взыскания суммы (мною был оплачен долг за",О работе государственных органов (госуслуги),20.10.2022,113,нет горячей воды,https://dialog.egov.kz/blogs/all-questions/757606
754879,"Вы так и не решили вопрос с установкой знаков и машины продолжают проезжать сквозь двор нарушая [ЗАЯВИТЕЛЬ] и нашу безопасность нарушают. Я требую установить видеокамеру , во дворе есть осветительная мачта с которой есть хороший обзор, в день минимум 10 машин ,а это 10 нарушений и обе",Правоохранительные органы,20.09.2022,82,нет асфальта,https://dialog.egov.kz/blogs/all-questions/754879
754743,"Добрый день [ЗАЯВИТЕЛЬ], пишу Вам потому что просто накипело. Общественный транспорт это конечно вечная проблема, но я хочу чтобы наказали руководителей и водителя маршрута автобуса №25 116LF02 сегодня 20 сентября 2022 года в 10 утра на остановке Манаса по улице Абая пол",Транспорт,20.09.2022,89,водитель автобуса,https://dialog.egov.kz/blogs/all-questions/754743
754733/1,"это местные, смотрите сколько неудобств они принесли. Мы писали много много раз в акимат, но они ничего делать не будут, ДТП пошли в верх, смерти на дорогах пошли в верх, смерти пешеходов пошли в верх, наезд на велосипедистов, убииства все это пошло на увеличение. Вам до выб",О работе государственных органов (госуслуги),20.09.2022,72,водитель автобуса,https://dialog.egov.kz/blogs/all-questions/754841
754733,"это местные, смотрите сколько неудобств они принесли. Мы писали много много раз в акимат, но они ничего делать не будут, ДТП пошли в верх, смерти на дорогах пошли в верх, смерти пешеходов пошли в верх, наезд на велосипедистов, убииства все это пошло на увеличение. Вам до выб",О работе государственных органов (госуслуги),20.09.2022,112,водитель автобуса,https://dialog.egov.kz/blogs/all-questions/754733
751505,"[ЗАЯВИТЕЛЬ] мониторинг агенттігінің төрағасы [ЗАЯВИТЕЛЬ] Абдукаримовичтен 03.12.1972ж.т. Шымкент қаласы, 16-мөлтек аудан, 22-ші үй, 2-ші пәтер тұрғыны ЖСН-[ИИН]. Телефон:[ТЕЛЕФОН], Электронды пошта: [EMAIL] Арыз",Свободная тема,20.08.2022,80,жол бұзылған,https://dialog.egov.kz/blogs/all-questions/751505
751502,"ҚР Ішкі істер министрі [ЗАЯВИТЕЛЬ] Абдукаримовичтен 03.12.1972ж.т. Шымкент қаласы, 16-мөлтек аудан, 22-ші үй, 2-ші пәтер тұрғыны ЖСН-[ИИН]. Телефон:[ТЕЛЕФОН], Электронды пошта: [EMAIL] [ЗАЯВИТЕЛЬ] бірге, оның ішінде қыз",Свободная тема,20.08.2022,80,жол бұзылған,https://dialog.egov.kz/blogs/all-questions/751502
748252,"Идырысов [ЗАЯВИТЕЛЬ], добрый вечер! Хотела у вас узнать, я проживаю по улице Алимжанова угол Барибаева, в частном секторе в центре города Алматы, Медеуский район, наш дом мы покупали под снос, но не ломают 45 лет. Напротив нашего дома, 5 этажные квартиры и участок земли дл",Земельные вопросы,20.07.2022,86,яма на дороге,https://dialog.egov.kz/blogs/all-questions/748252
748239,"Обращение с регистрационным номером 748239, направленное в Блог Председатель Правления АО «Агентство «Хабар» [ЗАЯВИТЕЛЬ] отклонено ГО 04.08.2022",О работе государственных органов (госуслуги),20.07.2022,6,уличное освещение,
748237,"Алматы облысында орналасқан Алматы-Бішкек тас жолының Беріктас және Тарғап елді мекендері арасындағы жол бөлігінің жөндеу жұмыстары қашан аяқталып, толық қолданысқа беріледі? Бес айналма жолдан тұратын, жолы шодыр. Көліктің техникалық күйін нашарлатады. Күнделікті қатынайтын жүрг",Транспорт,20.07.2022,87,жол жөндеу,https://dialog.egov.kz/blogs/all-questions/748237
748236,"Алматы облысында орналасқан Алматы-Бішкек тас жолының Беріктас және Тарғап елді мекендері арасындағы жол бөлігінің жөндеу жұмыстары қашан аяқталып, толық қолданысқа беріледі? Бес айналма жолдан тұратын, жолы шодыр. Көліктің техникалық күйін нашарлатады. Күнделікті қатынайтын жүрг",Транспорт,20.07.2022,87,жол жөндеу,https://dialog.egov.kz/blogs/all-questions/748236
748228,"Шымкент қаласына кіреберіс күре жолдың бірі Алматы тас жолының ""Саяжай"" (Алматы трассасы-әл Фараби қиылысы) және ""Зафар"" (Алматы трассасы-Алимбетов қиылысы) аялдамалары аралығындағы бөлігі ондаған жыл жөндеу көрмеп еді, кейінгі 5-6 жыл созбұйдаға салынған құры","Строительство, дольщики, жилищные проблемы",20.07.2022,73,жол жөндеу,https://dialog.egov.kz/blogs/all-questions/748228
748222,"Добрый день! Прошу Вас в поселке [ЗАЯВИТЕЛЬ] области Талгарского района по улице [ЗАЯВИТЕЛЬ] со стороны улице Валиханова провести фонари уличного освещения, мы не раз писали уже писали об этом. Надеемся на реагирование данного обращения.","Строительство, дольщики, жилищные проблемы",20.07.2022,92,уличное освещение,https://dialog.egov.kz/blogs/all-questions/748222
748201,"Настоящим объединение собственников имущества 33-19 «АККУ», в целях безопасности детей 33 микрорайона 19 дома просит Вас обновить футбольную площадку, расположенную возле детской площадки данного дома. Отмечаем, что футбольная площадка, расположенная в 33 микрорайоне возле 19 до",Свободная тема,20.07.2022,78,детская площадка сломана,https://dialog.egov.kz/blogs/all-questions/748201
748146,"Здравствуйте.Согласно Правил субсидирования за счет бюджетных средств убытков перевозчиков, связанных с осуществлением социально-значимых перевозок пассажиров после признания их социально-значимыми за счет бюджетных средств необходимо осуществлять выплату субсидий перевозчику. П",Транспорт,20.07.2022,82,водитель автобуса,https://dialog.egov.kz/blogs/all-questions/748146
748140,"Обращение с регистрационным номером 748140, направленное в Блог [ЗАЯВИТЕЛЬ] РК [ЗАЯВИТЕЛЬ] отклонено ГО 04.08.2022",Регионы,20.07.2022,1,яма на дороге,
748116,"Здравствуйте [ЗАЯВИТЕЛЬ]! [ЗАЯВИТЕЛЬ] из с. [ЗАЯВИТЕЛЬ], Алматинской обл., Талгарского района. Пиши с просьбой о наших накопившихся проблем с водой, электроэнергией. Посёлок стремительно растёт, каждый год строится всё больше и больше домов, но к сожалению, тех ресурсов, которы",Регионы,20.07.2022,92,яма на дороге,https://dialog.egov.kz/blogs/all-questions/748116
748101,"Здравствуйте. Прошу заасфальтировать внутреннюю дорогу между дворами, расположенную параллельно ул.Розыбакиева, за рестораном Грузинский двор, не относящуюся ни к одному из кондоминиумов. Большая яма мешает проезду автомашин и создаёт аварийную ситуацию . Там передвигается большо",Свободная тема,20.07.2022,95,яма на дороге,https://dialog.egov.kz/blogs/all-questions/748101
744486,"Қайырлы күн! [ЗАЯВИТЕЛЬ]! Мен Атырау қаласындағы Самал ықшамдауданының тұрғынымын. Кейінгі кезде Самал ықшамауданында электр тоғы кернеуінің тұрақсыздығы қалыпты үйреншікті жағдайға айналғандай, оған қоса соңғы кезде электр тоғының мүлдем айырылып қалуы қосылды. Атырау Жарықт",Свободная тема,20.06.2022,82,жарық жоқ,https://dialog.egov.kz/blogs/all-questions/744486
744468,"Я, являюсь инвалидом с 1997 года, ранее была 3-я группа, т.к. у меня нет кисти левой руки. В 2018 г. в связи с сахарным диабетом и несчастным случаем мне отрезали правую ногу. Я не могу передвигаться на костылях т.к. и на правой руке у меня отсутствуют два пальца, я не могу сам",Здравоохранение,20.06.2022,148,не работает лифт,https://dialog.egov.kz/blogs/all-questions/744468
744428,"Довожу до Вашего сведения, Карагандинская область, Майкудук. Не работают светофоры на оживлённом перекрёстке рядом с ресторанным комплексом ""Zaman"" по адресу микрорайон Голубые пруды 18а. Автомобилисты и пешеходы при проследовании данного перекрестка с нерабочими светоф",Транспорт,20.06.2022,95,не работает светофор,https://dialog.egov.kz/blogs/all-questions/744428
744427,"Довожу до Вашего сведения, Майкудук. Не работают светофоры на оживлённом перекрёстке рядом с ресторанным комплексом ""Zaman"" по адресу микрорайон Голубые пруды 18а. Автомобилисты и пешеходы при проследовании данного перекрестка с нерабочими светофорами полагаются только",Транспорт,20.06.2022,97,не работает светофор,https://dialog.egov.kz/blogs/all-questions/744427
744392,"Добрый день. Прошу посодействовать в решение вопросов и привлечь застройка ТОО ""Qazaq stroy"" к ответственности. Ранее наши вопросы, бесконечные обращения к застройщику в письменном виде, которые остаются по сей день безрезультатно! Озвучивали Акиму Алмалинского района,","Строительство, дольщики, жилищные проблемы",20.06.2022,77,нет освещения во дворе,https://dialog.egov.kz/blogs/all-questions/744392
744385,"Здравствуйте! Я обратилась в Местную полицейскую службу Алматинской области (п. Гулдала) с просьбой принять меры к водителю автомашины ГРНЗ kz 935 WAY 05 за нарушение п.12 [ЗАЯВИТЕЛЬ] , согласно представленным фото. Однако, был представлен ответ, что на фото отсутствует тротуар или з",Правоохранительные органы,20.06.2022,77,водитель автобуса,https://dialog.egov.kz/blogs/all-questions/744385
740481,[ЗАЯВИТЕЛЬ] министрі. Мен сіздің жақында өткен онлайн қабылдауыңызға қатысқан едім. Оңтүстік жарық мекемесінің заңсыздықтары жөнінде. Қабылдауда сіз маған комитет төрағасына арнайы тапсырма беремін деген едіңіз. Алайда осы күнге дейін мен айтқан уәждерім шешімін тапқан жо,Финансы,20.05.2022,83,жарық жоқ,https://dialog.egov.kz/blogs/all-questions/740481
740475,"Министру экологии, геологии и природных ресурсов [ЗАЯВИТЕЛЬ] От [ЗАЯВИТЕЛЬ], ОБРАЩЕНИЕ Обращаюсь к вам по поводу беспредела, который творится с попустительства акимов и полиции в селе [ЗАЯВИТЕЛЬ] района. 1. Осенью прошлого года в нашем парке около сахарного завода сельск",О работе государственных органов (госуслуги),20.05.2022,97,не вывозят мусор,https://dialog.egov.kz/blogs/all-questions/740475
740472,"Акиму Жамбылской области [ЗАЯВИТЕЛЬ] От [ЗАЯВИТЕЛЬ], Ойтал, улица Улы-Тау, 2/1, тел: [ТЕЛЕФОН] ОБРАЩЕНИЕ Уважаемый [ЗАЯВИТЕЛЬ]! Обращаюсь к вам по поводу беспредела, который творится с попустительства в селе [ЗАЯВИТЕЛЬ] района. 1. Осенью прошлого года в нашем п",О работе государственных органов (госуслуги),20.05.2022,143,не вывозят мусор,https://dialog.egov.kz/blogs/all-questions/740472
740326,"Құрметті [ЗАЯВИТЕЛЬ]! [ЗАЯВИТЕЛЬ] ауданы Жұлдыз-1 ықшам ауданы 26Г тұрғын үйінің ауласындағы аула жарығының мәселесін шешу бойынша өтінішке жауап алдым. Бірақ МКК ""Алматы [ЗАЯВИТЕЛЬ]"" мекемесі кемшіліктерді толық жойған жоқ. Бір жарық шамы ғана жыпылықтап жаны","Строительство, дольщики, жилищные проблемы",20.05.2022,87,жарық жоқ,https://dialog.egov.kz/blogs/all-questions/740326
740214/2,"Недавно рабочие делали ямочный ремонт дороги областного значения между селами Нысанбек и [ЗАЯВИТЕЛЬ] района Туркестанской области. При этом ямы просто засыпали гравием и утрамбовывали лопатой. Однако, ямы предательский появились после первого дождя. Подскажите пожалуйс",Транспорт,20.05.2022,111,яма на дороге,https://dialog.egov.kz/blogs/all-questions/740301
736339,"Добрый день! Меня зовут Сергей.У меня вопрос кто у нас в городе отвечает за пассажирский транспорт.А точнее за его движение и поведение водителей. У меня да и не только одного меня, несколько вопросов: 1) Почему водитель не открывает заднюю дверь сходящим и кричит из своей конуры",Транспорт,20.04.2022,89,водитель автобуса,https://dialog.egov.kz/blogs/all-questions/736339
736262,"Здравствуйте, в городе Караганда в районе Узенка, существуют огромные свалки. Местные органы власти почему-то не готовы вести серьезную работу по предотвращению создания свалок, а только готовы ликвидировать свалки. Устанавливать видеонаблюдение в местах свалок, не хотят, это дор",Свободная тема,20.04.2022,107,не вывозят мусор,https://dialog.egov.kz/blogs/all-questions/736262
723066,"Құрметті [ЗАЯВИТЕЛЬ]! Менің аты жөнім [ЗАЯВИТЕЛЬ], адресім Шымкент қаласы, Солтүстік-Шығыс м/ауд, Ақшатау көшесі 234/235 үй, тел [ТЕЛЕФОН]. Сізге осы мәселе бойынша 3-ші","Строительство, дольщики, жилищные проблемы",20.01.2022,89,жарық жоқ,https://dialog.egov.kz/blogs/all-questions/723066
762003,"Здравствуйте!Прошу вас помочь в предоставление квартиры!Очередь не двигается!Сколько лет уже стоим в очереди!Я сирота! Сейчас уже 25 лет!Обещанные квадраты никак не получили!Необязательно в новом доме,главное отопление, вода,чтобы были нормальные условия для проживания!Прошу выда",Социальное обеспечение,19.12.2022,183,нет отопления,https://dialog.egov.kz/blogs/all-questions/762003
761998,"Здравствуйте!не знаю к кому именно обращаться!Можно узнать на счет очередности квартир?я сирота,хотела бы узнать почему очередь не двигается!кто новый впереди появляется,мы на том же месте стоим!Мы уже давно стоим на очереди,сначало мама стояла по потери кормильца,потом как она у","Строительство, дольщики, жилищные проблемы",19.12.2022,86,нет отопления,https://dialog.egov.kz/blogs/all-questions/761998
761994,"Акиму города Астаны [ЗАЯВИТЕЛЬ] Акиму района «Есиль» города Астана [ЗАЯВИТЕЛЬ] Генеральному директору ГКП «Астана [ЗАЯВИТЕЛЬ]» [ЗАЯВИТЕЛЬ] Объединением собственников имущества «Каратау-Орда», расположенного по адресу: г.Астана, ул.Керей-Жанибек, дом","Строительство, дольщики, жилищные проблемы",19.12.2022,142,нет холодной воды,https://dialog.egov.kz/blogs/all-questions/761994
759737,"Здравствуйте. Мы жители жилого дома по ул. Байсеитовой д 42 (Новая площадь города) вторично просим Акимат города Алматы заменить устаревшие лампы накаливания (лампы уличного желтого освещения) на современные светодиодные лампы, в целях яркости, рентабельности и экономии электро-э",Свободная тема,19.11.2022,62,уличное освещение,https://dialog.egov.kz/blogs/all-questions/759737
759736,"Добрый вечер [ЗАЯВИТЕЛЬ]! Обращаюсь к Вам за помощью. Меня зовут Султанова [ЗАЯВИТЕЛЬ] Многодетная мама (воспитываю 5-х детей). Я живу в г.Уральске ЗКО по адресу ул.Темиртауская 21, кв. 70. Мы оформили эту квартиру в ипотеку по программе ""[ЗАЯВИТЕЛЬ]""","Строительство, дольщики, жилищные проблемы",19.11.2022,73,нет отопления,https://dialog.egov.kz/blogs/all-questions/759736
759719,"[ЗАЯВИТЕЛЬ] транспорта [ЗАЯВИТЕЛЬ] С исправленным текстом. Находясь на остановке магазин Ануар по маршруту автобуса № 5 города Караганда время 20-16 час 16 ноября 2022 года. В данное время был сильный ветер, температура воз",Транспорт,19.11.2022,71,водитель автобуса,https://dialog.egov.kz/blogs/all-questions/759719
759712,"[ЗАЯВИТЕЛЬ] транспорта [ЗАЯВИТЕЛЬ] С.[ЗАЯВИТЕЛЬ] на остановке магазин Ануар по маршруту автобуса № 5 города Караганда время 20-16 час. В данное время был сильный ветер, температура воздуха - 7 градусов цельсия. Ожидал ав",О работе государственных органов (госуслуги),19.11.2022,72,водитель автобуса,https://dialog.egov.kz/blogs/all-questions/759712
757544,"Уважаемый, [ЗАЯВИТЕЛЬ]. Обращаюсь к вам с наболевшим вопросом. Я проживаю в Уалихановском районе с. Кишкенеколь в 5 этажном доме ""Коктем"". Живу 12 лет, с момента реставрации. За эти годы мы никак не можем добиться тепла в наших квартирах. Котельная и вся от","Строительство, дольщики, жилищные проблемы",19.10.2022,108,нет холодной воды,https://dialog.egov.kz/blogs/all-questions/757544
757501,"Северо-Казахстанская область Петропавловск, 18.10.2022 На ул. Алтынсарина 200), имеется светодиодное уличное освещение. Один столб не работает, хотя подключен. Данный участок должен освещаться так как здесь более увеличенный дорожный трафик. Материалы по ссылке: https://vk.com/wa",Свободная тема,19.10.2022,96,уличное освещение,https://dialog.egov.kz/blogs/all-questions/757501
757500,"Северо-Казахстанская область Петропавловск, 18.10.2022 На ул. Алтынсарина 200), имеется светодиодное уличное освещение. Один столб не работает, хотя подключен. Данный участок должен освещаться так как здесь более увеличенный дорожный трафик. Материалы по ссылке: https://vk.com/",Свободная тема,19.10.2022,58,уличное освещение,https://dialog.egov.kz/blogs/all-questions/757500
754596,"Добрый день! [ЗАЯВИТЕЛЬ], с января 2022 года проживаем в стороне вокзала «Нурлы жол», ЖК «Самгай», улица А-92, кв 147. Понятное дело, район новый, до конца не обжитый, вместе с тем, строятся очень много домов, квартир, при этом ни дорог, ни освещения для этого не рассчитываю","Строительство, дольщики, жилищные проблемы",19.09.2022,93,автобус не ходит,https://dialog.egov.kz/blogs/all-questions/754596
751350,"[ЗАЯВИТЕЛЬ] мырза! Қызметіңіз құтты болсын! Халыққа жақын боларсыз деген үмітпен жазып отырмын. Сіз басшылық жасайтын облыстың шеңберінде Қайнар ауылы бар. Қайнар ауылдық округіне, Талғар ауданына қарайды. Кіші-гірім ауыл. Бірақ шешілмеген мәселелері өте көп. Оның ішін",О работе государственных органов (госуслуги),19.08.2022,76,су жоқ,https://dialog.egov.kz/blogs/all-questions/751350
748065,"Добрый день, уважаемый [ЗАЯВИТЕЛЬ].. Меня зовут [ЗАЯВИТЕЛЬ], проживаю в п. Жана-Даур, Илийского района. Хотела бы попасть к Вам на прием по вопросу асфальтирования улицы Школьная (где я и проживаю). Т.к. местная власть, судя по всему, не в силах решить данный вопрос. С",Земельные вопросы,19.07.2022,90,яма на дороге,https://dialog.egov.kz/blogs/all-questions/748065
747769/1,"Обращение с регистрационным номером 747769/1, направленное в Блог [ЗАЯВИТЕЛЬ] РК [ЗАЯВИТЕЛЬ] отклонено ГО 04.08.2022",Правоохранительные органы,19.07.2022,1,тротуар разбит,
740214/1,"Недавно рабочие делали ямочный ремонт дороги областного значения между селами Нысанбек и [ЗАЯВИТЕЛЬ] района Туркестанской области. При этом ямы просто засыпали гравием и утрамбовывали лопатой. Однако, ямы предательский появились после первого дождя. Подскажите пожалуйс",Транспорт,19.05.2022,126,яма на дороге,https://dialog.egov.kz/blogs/all-questions/740265
740214,"Недавно рабочие делали ямочный ремонт дороги областного значения между селами Нысанбек и [ЗАЯВИТЕЛЬ] района Туркестанской области. При этом ямы просто засыпали гравием и утрамбовывали лопатой. Однако, ямы предательский появились после первого дождя. Подскажите пожалуйс",Транспорт,19.05.2022,165,яма на дороге,https://dialog.egov.kz/blogs/all-questions/740214
740209,"Уважаемый [ЗАЯВИТЕЛЬ]! Недавно рабочие делали ямочный ремонт дороги областного значения между селами Нысанбек и [ЗАЯВИТЕЛЬ] района. При этом ямы просто засыпали гравием и утрамбовывали лопатой. Однако, ямы предательский появились после первого дождя. Подскажите по",Транспорт,19.05.2022,106,яма на дороге,https://dialog.egov.kz/blogs/all-questions/740209
740183,"Обращение с регистрационным номером 740183, направленное в Блог Уполномоченный по правам человека в РК [ЗАЯВИТЕЛЬ] находится на рассмотрении у ГО",О работе государственных органов (госуслуги),19.05.2022,0,холодные батареи,
740156,Добрый день. Вновь обращаюсь к вам по вопросам двора находящегося по адресу Город Караганда д.46 Ранее обращение было в 2021 году Номер обращения 699214. 1. Освещение двора 2. Подрезка деревьев 3. Благоустройство детской площадки Если по третьему пункту нас поставили в очере,Свободная тема,19.05.2022,105,нет освещения во дворе,https://dialog.egov.kz/blogs/all-questions/740156
735944,"Уважаемый Алтай ага! Прошу вас обратить внимание на состояние дороги по улице [ЗАЯВИТЕЛЬ] на участке от ул. Орынбор до [ЗАЯВИТЕЛЬ], уже три года никак не доходит очередь до этого участка. Эта параллельная дорога к улице [ЗАЯВИТЕЛЬ], очень большие перегрузки испытывает в часы пик. Дор",Транспорт,19.04.2022,80,разбитая дорога,https://dialog.egov.kz/blogs/all-questions/735944
735398/2,"2022 жылы 22 наурыз күні сағат 21:45 шамасында Жұмабаева көшесі №9 түрғын үй алдында автокөлікпен артқа қарай жүріп келе жатып шлакбаунга көлігім арты тигендей болды, себебі ол шлакбауын тұрғаны жөнінде ешқандай белгіде, жарық шамыда жоқ болатын. Сосын мен көлігімнен түсіп қарад","Строительство, дольщики, жилищные проблемы",19.04.2022,69,жарық жоқ,https://dialog.egov.kz/blogs/all-questions/736034
735398/1,"2022 жылы 22 наурыз күні сағат 21:45 шамасында Жұмабаева көшесі №9 түрғын үй алдында автокөлікпен артқа қарай жүріп келе жатып шлакбаунга көлігім арты тигендей болды, себебі ол шлакбауын тұрғаны жөнінде ешқандай белгіде, жарық шамыда жоқ болатын. Сосын мен көлігімнен түсіп қарад","Строительство, дольщики, жилищные проблемы",19.04.2022,297,жарық жоқ,https://dialog.egov.kz/blogs/all-questions/736019
759179/4,"В городе [ЗАЯВИТЕЛЬ] области в феврале 2022 года проведен тендер по замене 6 километров труб тепломагистрали ТМ№3, ТМ2, о капитальном ремонте ТМ № 3. Данный тендер выиграл ТОО ""АП-ИМПЭКС"" (город Тараз). В мае 2022 года между заказчиком ГУ «Акимат города Т",О работе государственных органов (госуслуги),18.11.2022,84,нет отопления,https://dialog.egov.kz/blogs/all-questions/759621
757476,Мы живем в новом мкр Еламан где 90% уже залит асфальт но именно наша улица расположена в тупике и скорее всего про эту улицу забыли так как уже живём более 10 лет а асфальт даже и не думают заливать мы живём в городе а не в ауле ито даже в пулах уже в основном везде есть асфальт,"Строительство, дольщики, жилищные проблемы",18.10.2022,73,нет асфальта,https://dialog.egov.kz/blogs/all-questions/757476
757409,"Вчера ездил на границу с РФ с СКО. Участок дороги международного значения от Мамлютки до поста Петухова 20 км ремонт дороги, которое никто давно годами не делает и не собирается делать. Ужас, позор, перед гражданами другой страны, издевательство над местными гражданами. На пово",Транспорт,18.10.2022,147,яма на дороге,https://dialog.egov.kz/blogs/all-questions/757409
754559,Павлодар қаласының жер үй арасындаңы коммуникациясын жоспарлайтын қандай ұйымдық бар. Солардың жұмысын бақылайтын біреу бар ма? Тіптібюджеттің қаражатын тиімді жоспарлап отыр ма дегенді бақылайтын ұйымдық деген бірдеме бар ма? Мен бірнеше жыл бұрын қала және облыс Әкімдеріні,"Строительство, дольщики, жилищные проблемы",18.09.2022,86,су жоқ,https://dialog.egov.kz/blogs/all-questions/754559
754557,"Мы, собственники домов по улице Т.[ЗАЯВИТЕЛЬ] района г.Алматы обращаемся к вам по поводу беспредела, который творится на нашей улице. Начиная с 2015 года на нашей улице стали выполнять строительные работы по прокладке наружных сетей канализации и водопровода, хотя",О работе государственных органов (госуслуги),18.09.2022,89,нет асфальта,https://dialog.egov.kz/blogs/all-questions/754557
747913,"Алматы облысының әкімі М.Е Cұлтанғазиев мырзаға Алматы облысы Карасай ауданы, Қырғауылды ауылы тұрғыны [ЗАЯВИТЕЛЬ] және Алматы облысы Карасай ауданы Қырғауылды ауылы тұрғындарынан Сот тел [ТЕЛЕФОН] Арыз хат Сізге арыз жазу себебім, біз Кыргауылды ауылында турамыз, біздің кө","Строительство, дольщики, жилищные проблемы",18.07.2022,95,су жоқ,https://dialog.egov.kz/blogs/all-questions/747913
740003,"№4 17.05.2022 ж. Индустрия және инфрақұрылымдық даму министріне Алматы қаласы әкіміне Алматы облысы әкіміне «Батыр» бау-бақша қоғамы», «[ЗАЯВИТЕЛЬ]»",Транспорт,18.05.2022,98,қоғамдық көлік,https://dialog.egov.kz/blogs/all-questions/740003
739934,"Добрый день! Прошу Вас помочь с решением проблемы пассажирских перевозок. Жители района Юго-Восток в ауле Бесколь просят Вас решить вопрос с продлением маршрута 101 ""Петропавловск-Бесколь"" до района Юго-Восток. В данное время автобус ходит маршрут 101 ""А"" с пе",Транспорт,18.05.2022,126,автобус не ходит,https://dialog.egov.kz/blogs/all-questions/739934
739888,"Повторно и неоднократно уже обращались,не только я, но и другие владельцы дачных участков, расположенных по адресу: Алматинская область, Жамбылский район, Турарские дачи по вопросу решения вопроса и ликвидации стихийной помойки вдоль дороги. Мои обращения я направлял в прошлом и",Социальное обеспечение,18.05.2022,110,яма на дороге,https://dialog.egov.kz/blogs/all-questions/739888
739798/1,"09 Карагандинская область, г. Караганда, 13.05.2022 по улице Cатыбалдина 5 расположена яма на дороге представляющая опасность для участников дорожного движения, а также наносит материальный вред ТС. https://vk.com/zb_09?w=wall-171774447_850",Транспорт,18.05.2022,99,яма на дороге,https://dialog.egov.kz/blogs/all-questions/739908
731634,"Уважаемый [ЗАЯВИТЕЛЬ]! Меня зовут [ЗАЯВИТЕЛЬ], я жительница г.Костанай, мкр.Юбилейный 21-146, от лица жителей нашего дома хотела бы обратиться к Вам за помощью! Уже более недели назад подвал нашего дома затопило канализационными стоками, каждый день объем стоков",О работе государственных органов (госуслуги),18.03.2022,91,затопило подвал,https://dialog.egov.kz/blogs/all-questions/731634
727782,"Акиму района Есиль города Нур-Султан [ЗАЯВИТЕЛЬ] Уважаемый [ЗАЯВИТЕЛЬ]! Пользуясь возможностью, выражаю Вам свое почтение. ТОО «Управляющая компания «АБАТ»», являясь органом управления кондоминиума жилого дома №3, находящегося по адресу - г. Нур-Султан","Строительство, дольщики, жилищные проблемы",18.02.2022,81,нет освещения во дворе,https://dialog.egov.kz/blogs/all-questions/727782
722561,"Здравствуйте, Я, [ЗАЯВИТЕЛЬ], инвалид 3 группы с детства, как сирота получил из государственного жилищного фонда однокомнатную квартиру по адресу: 5-ый микрорайон ([ЗАЯВИТЕЛЬ]), дом 1, квартира 153, на 9 этаже на основании постановления акимата г. Уральск. Инвалидность связ","Строительство, дольщики, жилищные проблемы",18.01.2022,95,не работает лифт,https://dialog.egov.kz/blogs/all-questions/722561
722560,"Здравствуйте, Я, [ЗАЯВИТЕЛЬ], инвалид 3 группы с детства, как сирота получил из государственного жилищного фонда однокомнатную квартиру по адресу: 5-ый микрорайон ([ЗАЯВИТЕЛЬ]), дом 1, квартира 153, на 9 этаже на основании постановления акимата г. Уральск. Инвалидность связ","Строительство, дольщики, жилищные проблемы",18.01.2022,183,не работает лифт,https://dialog.egov.kz/blogs/all-questions/722560
722459/1,"Құрметті [ЗАЯВИТЕЛЬ] Көлік комитетінің төрағасы-Гилимов [ЗАЯВИТЕЛЬ]!!! Сізге жазу себебіміз-біз алматы облысы , Іле ауданы, Ащыбулақ округі, Батыр саяжайында тұрамыз. Камаз центрден 13 км. қашықтықта. Қалаға қатынайтын автобустар бізге жүрмейді, жеке кәсіпкердің 2 автобусы тоқ",Транспорт,18.01.2022,96,автобус жүрмейді,https://dialog.egov.kz/blogs/all-questions/722596
759535,"[ЗАЯВИТЕЛЬ] осы арызымды жаза отырып сізден,балам сотталушы Егизбаев [ЗАЯВИТЕЛЬ] Улытау облысы Жезказган қаласында орналасқан Учр №62 мекемесінде жазасын өтеп жатр.Сізден сұрарым балам [ЗАЯВИТЕЛЬ]А Шымкент қаласында орналасқан Учр №53 мекемесіне ауыстырып беруіңізді сұ",Правоохранительные органы,17.11.2022,63,не топят,https://dialog.egov.kz/blogs/all-questions/759535
759524,"Мы недавно переехали с ул. Пожарского в 12 микрорайон г. Актобе. В связи с чем возникла проблема у сына [ЗАЯВИТЕЛЬ], учащегося 8 класса средней школы № 26. Ему стало сложно и трудно добираться до школы и обратно домой в темное время суток. В школу он едет на автобусе 45-50",Образование,17.11.2022,75,автобус не ходит,https://dialog.egov.kz/blogs/all-questions/759524
759265/1,"Здравствуйте, [ЗАЯВИТЕЛЬ] . Я, Аргинова [ЗАЯВИТЕЛЬ] [ИИН] жительница Карагандинской области, Актогайского района, станции Сарышаган, ул. 3-ыкшам аудан, 6 дом, кв.30. [ЗАЯВИТЕЛЬ] так как ранее писала акиму Карагандинской области [ЗАЯВИТЕЛЬ], пришёл ответ на м",О работе государственных органов (госуслуги),17.11.2022,80,нет отопления,https://dialog.egov.kz/blogs/all-questions/759472
759179/3,"В городе [ЗАЯВИТЕЛЬ] области в феврале 2022 года проведен тендер по замене 6 километров труб тепломагистрали ТМ№3, ТМ2, о капитальном ремонте ТМ № 3. Данный тендер выиграл ТОО ""АП-ИМПЭКС"" (город Тараз). В мае 2022 года между заказчиком ГУ «Акимат города Т",О работе государственных органов (госуслуги),17.11.2022,68,нет отопления,https://dialog.egov.kz/blogs/all-questions/759485
759179/2,"В городе [ЗАЯВИТЕЛЬ] области в феврале 2022 года проведен тендер по замене 6 километров труб тепломагистрали ТМ№3, ТМ2, о капитальном ремонте ТМ № 3. Данный тендер выиграл ТОО ""АП-ИМПЭКС"" (город Тараз). В мае 2022 года между заказчиком ГУ «Акимат города Т",О работе государственных органов (госуслуги),17.11.2022,69,нет отопления,https://dialog.egov.kz/blogs/all-questions/759484
759179/1,"Обращение с регистрационным номером 759179/1, направленное в Блог [ЗАЯВИТЕЛЬ] РК [ЗАЯВИТЕЛЬ] отклонено ГО 02.12.2022",О работе государственных органов (госуслуги),17.11.2022,0,нет отопления,
757345,"Уважаемый [ЗАЯВИТЕЛЬ]! Ниже текст обращения который я вам арестовал 15.11.21 г. на ваш блог. Так как спустя почти год ситуация на мой взгляд если и изменилась, то минимально, сделали ли ответственные ПСД, включили ли в план на 2022 г. указанные в обращении улицы, если не то",О работе государственных органов (госуслуги),17.10.2022,79,уличное освещение,https://dialog.egov.kz/blogs/all-questions/757345
757343,"Я, Бекишева [ЗАЯВИТЕЛЬ], обращаюсь к вам с просьбой, разобраться с случаем произошедшее со мной в мае месяца 2022 года. 16 мая 2022года прибыв на аэропорт г.Бишкека имея билет на руках по маршруту ""Бишкек-Алматы-Нур-Султан"" и имея паспорт вакцинации в прил",Транспорт,17.10.2022,126,отменили маршрут,https://dialog.egov.kz/blogs/all-questions/757343
757319,"Обращение с регистрационным номером 757319, направленное в Блог [ЗАЯВИТЕЛЬ] РК [ЗАЯВИТЕЛЬ] отклонено ГО 23.11.2022",Правоохранительные органы,17.10.2022,0,автобус не ходит,
757318,[ЗАЯВИТЕЛЬ] Казахстан Г-ну Касым – [ЗАЯВИТЕЛЬ]. Председат,Правоохранительные органы,17.10.2022,79,автобус не ходит,https://dialog.egov.kz/blogs/all-questions/757318
757317,"[ЗАЯВИТЕЛЬ] мырза, 2 апта үй іші өте салқын. Бұрын орталық жылыту 15 ші қазаннан кеш берілмейтін. Бүгін 17 ші қазан, үй іші өте суық. Екі пата бойы әлектр жылуты құрылғыларын эр бөлмаге қйып бір бөлмегі жылытып, қабат қабат киім киіп әрең шыдап жүрміз. Суықтан шыдау өте қ",Свободная тема,17.10.2022,87,пәтер суық,https://dialog.egov.kz/blogs/all-questions/757317
754534,"1. [ЗАЯВИТЕЛЬ] Қасым- [ЗАЯВИТЕЛЬ] Тоқаевқа жеке өзіне. 2. [ЗАЯВИТЕЛЬ] Бас прокуратурасы қылмыстық қудалау органы [ЗАЯВИТЕЛЬ] іс жүргізу,",О работе государственных органов (госуслуги),17.09.2022,112,қоғамдық көлік,https://dialog.egov.kz/blogs/all-questions/754534
754528,"Обращение с регистрационным номером 754528, направленное в Блог Уполномоченный по правам человека в РК [ЗАЯВИТЕЛЬ] находится на рассмотрении у ГО",О работе государственных органов (госуслуги),17.09.2022,5,қоғамдық көлік,
754527,"1. [ЗАЯВИТЕЛЬ] Қасым- [ЗАЯВИТЕЛЬ] Тоқаевқа жеке өзіне. 2. [ЗАЯВИТЕЛЬ] Бас прокуратурасы қылмыстық қудалау органы [ЗАЯВИТЕЛЬ] іс жүргізу,",О работе государственных органов (госуслуги),17.09.2022,82,қоғамдық көлік,https://dialog.egov.kz/blogs/all-questions/754527
754526,"Обращение с регистрационным номером 754526, направленное в Блог [ЗАЯВИТЕЛЬ] РК [ЗАЯВИТЕЛЬ] отклонено ГО 03.10.2022",О работе государственных органов (госуслуги),17.09.2022,1,қоғамдық көлік,
754519,"Здравствуйте, У меня очень важный запрос в отношении улицы Кунаева (пересечение ул.Гоголя) возле магазина одежды Deutsche Mode. Там по улице Кунаева на дороге есть огромная яма, которая находится прямо на полосе проезжей части. Чтобы не провалиться одним колесом в эту большу",Транспорт,17.09.2022,92,яма на дороге,https://dialog.egov.kz/blogs/all-questions/754519
754500,"Добрый день, уважаемый [ЗАЯВИТЕЛЬ]! Я, [ЗАЯВИТЕЛЬ] житель города Нур-Султан, обращаюсь к Вам с жалобой на ГУ ""Управление транспорта и развития дорожно-транспортной инфраструктуры"" города Нур-Султан и требую возместить мне материальный ущерб который был нанесен м",Транспорт,17.09.2022,102,нет асфальта,https://dialog.egov.kz/blogs/all-questions/754500
744237,"Уважаемый [ЗАЯВИТЕЛЬ]! вынуждены обратиться к вам со своей проблемой: Мы жители микрорайона Карасу в г.Алматы просим помочь решить проблему с водоснабжением питьевой водой! Центрального водоснабжения в микрорайоне никогда не было, всегда польз",Свободная тема,17.06.2022,81,яма на дороге,https://dialog.egov.kz/blogs/all-questions/744237
744198,"09 Карагандинская область, г. Караганда, 12.05.2022 по улице Космонавтов машина с ГРНЗ 983 AX KZ и обозначением на кузове ПО ""CПЕЦТЕХНИКА"" поливает подготовленные срезы ям битумом, при том, что данный участок никак ни закрыт и не огорожен. В связи с этим битум раскатыва",Транспорт,17.06.2022,165,яма на дороге,https://dialog.egov.kz/blogs/all-questions/744198
739800,"09 Карагандинская область, г. Караганда, 13.05.2022 по улице Cатыбалдина 5 расположена яма на дороге. Требуется устранить данный дефект. https://vk.com/zb_09?w=wall-171774447_851",Транспорт,17.05.2022,110,яма на дороге,https://dialog.egov.kz/blogs/all-questions/739800
739799,"09 Карагандинская область, г. Караганда, 13.05.2022 по улице Cатыбалдина 5 расположена яма на дороге представляющая опасность для участников дорожного движения, а также наносит материальный вред ТС. https://vk.com/zb_09?w=wall-171774447_850",Транспорт,17.05.2022,106,яма на дороге,https://dialog.egov.kz/blogs/all-questions/739799
739798,"09 Карагандинская область, г. Караганда, 13.05.2022 по улице Cатыбалдина 5 расположена яма на дороге представляющая опасность для участников дорожного движения, а также наносит материальный вред ТС. https://vk.com/zb_09?w=wall-171774447_850",Транспорт,17.05.2022,115,яма на дороге,https://dialog.egov.kz/blogs/all-questions/739798
739688/1,"Данное обращение вызвано проблемами, с которыми сталкивается крупнейший перевозчик г.Караганды - ТОО «Автобусный парк №3», в условиях постоянного дефицита водительских кадров. При заключении трудовых договоров ТОО «Автобусный парк №3» требует от водителей автобусов представить д",Транспорт,17.05.2022,87,водитель автобуса,https://dialog.egov.kz/blogs/all-questions/739697
739688,"Данное обращение вызвано проблемами, с которыми сталкивается крупнейший перевозчик г.Караганды - ТОО «Автобусный парк №3», в условиях постоянного дефицита водительских кадров. При заключении трудовых договоров ТОО «Автобусный парк №3» требует от водителей автобусов представить д",Транспорт,17.05.2022,125,водитель автобуса,https://dialog.egov.kz/blogs/all-questions/739688
739686,"Данное обращение вызвано проблемами, с которыми сталкивается крупнейший перевозчик г.Караганды - ТОО «Автобусный парк №3», в условиях постоянного дефицита водительских кадров. При заключении трудовых договоров ТОО «Автобусный парк №3» требует от водителей автобусов представить д",Транспорт,17.05.2022,71,водитель автобуса,https://dialog.egov.kz/blogs/all-questions/739686
739685,"Обращение с регистрационным номером 739685, направленное в Блог [ЗАЯВИТЕЛЬ] РК [ЗАЯВИТЕЛЬ] отклонено ГО 31.05.2022",Транспорт,17.05.2022,2,водитель автобуса,
739660,"Уважаемый [ЗАЯВИТЕЛЬ]! Хотел бы поинтересоваться долго ли будет продолжаться бардак в цонах Актюбинской области, до каких пор будут издеваться над инвалидами и простыми людьми Разве [ЗАЯВИТЕЛЬ] ГОСУДАРСТВО!! В цогах грязь и бардак начиная с улицы, не раз это блогеры о",О работе государственных органов (госуслуги),17.05.2022,90,не работает лифт,https://dialog.egov.kz/blogs/all-questions/739660
739395/1,"9 Карагандинская область, г. Караганда, 13.05.2022 по улице Cатыбалдина 5 расположены ямы на дороге представляющие опасность для водителей, а также наносят материальный вред ТС. https://vk.com/zb_09?w=wall-171774447_839",Правоохранительные органы,17.05.2022,95,яма на дороге,https://dialog.egov.kz/blogs/all-questions/739718
731551,"Уважаемый [ЗАЯВИТЕЛЬ]! Я, [ЗАЯВИТЕЛЬ], жительница с.Урджара, прошу Вас помочь остановить действия, из-за которых страдают жители Урджара, ухудшается здоровье людей и особенно детей. Дело в том, что с лета 2021 года работники «[ЗАЯВИТЕЛЬ]» вместо того, чтобы вывози",О работе государственных органов (госуслуги),17.03.2022,109,не вывозят мусор,https://dialog.egov.kz/blogs/all-questions/731551
727470,"Добрый день Ув. [ЗАЯВИТЕЛЬ]. Мною 18.01.2022г было направлена жалоба на имя [ЗАЯВИТЕЛЬ] районного отдела ""ЖКХ ПТ и АД"" [ЗАЯВИТЕЛЬ], Суть жалобы, несвоевременное уборка снега по городу, в следствие чего произошло ДТП в г.Аксай(ЗКО) Пост был опубл",О работе государственных органов (госуслуги),17.02.2022,104,не работает светофор,https://dialog.egov.kz/blogs/all-questions/727470
727469,"Ув. [ЗАЯВИТЕЛЬ] Мною 18.01.2022г было направлена жалоба на имя [ЗАЯВИТЕЛЬ] районного отдела ""ЖКХ ПТ и АД"" [ЗАЯВИТЕЛЬ], Суть жалобы, несвоевременное уборка снега по городу, в следствие чего произошло ДТП в г.[ЗАЯВИТЕЛЬ] был опубликован на Фейсбу",О работе государственных органов (госуслуги),17.02.2022,89,не работает светофор,https://dialog.egov.kz/blogs/all-questions/727469
722459,"Құрметті [ЗАЯВИТЕЛЬ] Көлік комитетінің төрағасы-Гилимов [ЗАЯВИТЕЛЬ]!!! Сізге жазу себебіміз-біз алматы облысы , Іле ауданы, Ащыбулақ округі, Батыр саяжайында тұрамыз. Камаз центрден 13 км. қашықтықта. Қалаға қатынайтын автобустар бізге жүрмейді, жеке кәсіпкердің 2 автобусы тоқ",Транспорт,17.01.2022,202,автобус жүрмейді,https://dialog.egov.kz/blogs/all-questions/722459
759416,"Мы с мужем приобрели недвижимость в ЖК ""Кок жайляу"" по адресу: Казыбек би 9/1 от застройщика ""Sensata group"". На протяжении всего отопительного сезона батареи чуть теплые. Дома очень холодно по этой причине. Мы с соседями направили этот вопрос управляющей комп","Строительство, дольщики, жилищные проблемы",16.11.2022,90,холодные батареи,https://dialog.egov.kz/blogs/all-questions/759416
759389,"Жанатұрмыс суықта және сусыз!!! Алматы облысы Қарасай ауданы Жаңатұрмыс поселкесінің тұрғындарынан [ЗАЯВИТЕЛЬ]-Жомарт ТОҚАЕВ пен Үкімет басшыларына петиция Дәл осы күндері Алматы қаласының тура іргесіндегі Жаңатұрмыс ауылының тұрғындары 5 күннен бері (8.112020 -12.11.2022),",Социальное обеспечение,16.11.2022,46,су жоқ,https://dialog.egov.kz/blogs/all-questions/759389
759379,"Копия письма в «Акиму города Астана» Просим Вас помочь в вопросе жилого дома по ул. Пушкина дом 13, наш дом не подготовлен обслуживающей организацией «[ЗАЯВИТЕЛЬ]» к отопительному сезону 2022 году, в тепловом узле не произвели опрессовку и промывку системы отопления, также не про",О работе государственных органов (госуслуги),16.11.2022,78,нет горячей воды,https://dialog.egov.kz/blogs/all-questions/759379
759181/1,"В городе [ЗАЯВИТЕЛЬ] области в феврале 2022 года проведен тендер по замене 6 километров труб тепломагистрали ТМ№3, ТМ2, о капитальном ремонте ТМ № 3. Данный тендер выиграл ТОО ""АП-ИМПЭКС"" (город Тараз). В мае 2022 года между заказчиком ГУ «Акимат города Т",О работе государственных органов (госуслуги),16.11.2022,70,нет отопления,https://dialog.egov.kz/blogs/all-questions/759444
759027/3,"К Вам обращаются жители садоводческого товарищества «Гранит», расположенного на территории КазЦИКовского с/о. Единственная дорога соединяющая нас с поселком КазЦИК, микрорайон Водник и Ащибулак проходит вдоль озер по дамбам и находиться в ужасном плачевном состоянии,",Свободная тема,16.11.2022,72,автобус не ходит,https://dialog.egov.kz/blogs/all-questions/759435
757296,"[ЗАЯВИТЕЛЬ] по факту неправомерных действий работников ТОО «BeyAzh Trans», ГКП «Таусамалы, также в связи с потребностью в инициации проверки на предмет хищения денежных средств потребителей и укрытие доходов, в связи с пропажей счетчиков и в последствии обнуление",Свободная тема,16.10.2022,110,нет холодной воды,https://dialog.egov.kz/blogs/all-questions/757296
757295,"Обращение с регистрационным номером 757295, направленное в Блог [ЗАЯВИТЕЛЬ] РК [ЗАЯВИТЕЛЬ] отклонено ГО 24.11.2022",Свободная тема,16.10.2022,0,нет холодной воды,
757294,"[ЗАЯВИТЕЛЬ] по факту неправомерных действий работников ТОО «BeyAzh Trans», ГКП «Таусамалы, также в связи с потребностью в инициации проверки на предмет хищения денежных средств потребителей и укрытие доходов, в связи с пропажей счетчиков и в последствии обнуление",Свободная тема,16.10.2022,117,нет холодной воды,https://dialog.egov.kz/blogs/all-questions/757294
754470,"[ЗАЯВИТЕЛЬ], геология және табиғи ресурстар министрі [ЗАЯВИТЕЛЬ] Брекешевке азамат [ЗАЯВИТЕЛЬ] т.ж. Атырау облысы Қызылқоға ауданы Миялы ауылы [ЗАЯВИТЕЛЬ] көшесі №26 ЖСН [ИИН] [EMAIL]",Регионы,16.09.2022,75,су жоқ,https://dialog.egov.kz/blogs/all-questions/754470
754462,"Добрый день. Ранее было моё обращения с номером ""750517"" . Вопрос о спиле аварийных деревьях и освещении двора по адресу г Караганда, Лободы 46 и самой улицы Лободы. Сегодня приезжали по первому вопросу, но работа не доведена до конца. Основная часть деревьев ( сухостое",Свободная тема,16.09.2022,99,нет освещения во дворе,https://dialog.egov.kz/blogs/all-questions/754462
750906,"Добрый день ув. [ЗАЯВИТЕЛЬ], прошу дать разъяснение по поводу оплаты за проезд в общегородском транспорте нашего города. Сколько я должна оплачивать за проезд, если на руках имею двоих малолетних детей в возрасте 1,5 и 4- х лет. С меня кондукторы автобусов маршрута 1Э в",Транспорт,16.08.2022,79,автобус не ходит,https://dialog.egov.kz/blogs/all-questions/750906
750784/2,"Құрметті [ЗАЯВИТЕЛЬ]! «[ЗАЯВИТЕЛЬ]» ЖШС-гі қызмет көрсететін «Шымкент-Бадам-Шымкент» шағын автобус бағытына түзілген келісім шарттың мерзімі аяқталуға жақын. Аталған тасымалдаушы «Шымкент-Бадам-Шымкент» ША бағытына қызмет көрсетуден бас тартуда. Бұл ретте, Бадам елді м",Транспорт,16.08.2022,65,қоғамдық көлік,https://dialog.egov.kz/blogs/all-questions/750917
750784/1,"Құрметті [ЗАЯВИТЕЛЬ]! «[ЗАЯВИТЕЛЬ]» ЖШС-гі қызмет көрсететін «Шымкент-Бадам-Шымкент» шағын автобус бағытына түзілген келісім шарттың мерзімі аяқталуға жақын. Аталған тасымалдаушы «Шымкент-Бадам-Шымкент» ША бағытына қызмет көрсетуден бас тартуда. Бұл ретте, Бадам елді м",Транспорт,16.08.2022,58,қоғамдық көлік,https://dialog.egov.kz/blogs/all-questions/750916
747782,"Северо-Казахстанская область Петропавловск, 06.07.2022 На ул. Мира 119 и 121 имеется светодиодное уличное освещение. Один столб не работает, хотя подключен. Данный участок должен освещаться. Требуем установить данный недостаток. Материалы по ссылке: https://vk.com/wall-170724219_",Свободная тема,16.07.2022,112,уличное освещение,https://dialog.egov.kz/blogs/all-questions/747782
747769,Министру внутренних дел Республики Казахстан г -ну [ЗАЯВИТЕЛЬ] Адрес: город Нурсултан проспект Тауелсиздик 1 Генеральному прокурору Республики Казахстан г-ну [ЗАЯВИТЕЛЬ] Адрес: город Нурсултан улица [ЗАЯВИТЕЛЬ] 14 [ЗАЯВИТЕЛЬ] области г-ну Абдир,Правоохранительные органы,16.07.2022,86,тротуар разбит,https://dialog.egov.kz/blogs/all-questions/747769
744100,"Обращение с регистрационным номером 744100, направленное в Блог [ЗАЯВИТЕЛЬ] РК [ЗАЯВИТЕЛЬ] отклонено ГО 05.07.2022",Правоохранительные органы,16.06.2022,5,не вывозят мусор,
744069,Добрый день. Я живу в г. Петропавловск. У нас на данный момент мусор с контейнеров расположенных около моего дома не вывозиться с апреля месяца. Мои просьбы и жалобы в акимат и айкомек и другие службы не дают никакого результата. Согласно Санитарно-эпидемиологические правила и но,"Строительство, дольщики, жилищные проблемы",16.06.2022,69,не вывозят мусор,https://dialog.egov.kz/blogs/all-questions/744069
744068/1,Добрый день. Я живу в г. Петропавловск. У нас на данный момент мусор с контейнеров расположенных около моего дома не вывозиться с апреля месяца. Мои просьбы и жалобы в акимат и айкомек и другие службы не дают никакого результата. Согласно Санитарно-эпидемиологические правила и но,"Строительство, дольщики, жилищные проблемы",16.06.2022,255,не вывозят мусор,https://dialog.egov.kz/blogs/all-questions/744159
744068,Добрый день. Я живу в г. Петропавловск. У нас на данный момент мусор с контейнеров расположенных около моего дома не вывозиться с апреля месяца. Мои просьбы и жалобы в акимат и айкомек и другие службы не дают никакого результата. Согласно Санитарно-эпидемиологические правила и но,"Строительство, дольщики, жилищные проблемы",16.06.2022,106,не вывозят мусор,https://dialog.egov.kz/blogs/all-questions/744068
744067,"Ранее я писала письма 738770 и 741230 Но вы меня или не понимаете или не хотите понимать. Еще раз поясняю, я не бросала строительный мусор или ветки около мусорного бака находящегося у моего дома. Кто это сделал я не знаю. Вы даете однотипные ответы, а я спрашиваю кто и когда с","Строительство, дольщики, жилищные проблемы",16.06.2022,104,не вывозят мусор,https://dialog.egov.kz/blogs/all-questions/744067
744043,"Здраствуйте уважаемый Аким города Алматы! Пишу вам с просьбой, и мольбой, откройте нам русскоязычную школу в районе Алматы Арена, это Алатауский район, мкр Акбулак. Алматы Арена это новый мкр, здесь живет очень много населения, многоэтажные дома, но школы русскоязычной нет, дети",Образование,16.06.2022,77,автобус не ходит,https://dialog.egov.kz/blogs/all-questions/744043
739461,"Уважаемый [ЗАЯВИТЕЛЬ], я не удовлетворен Вашим ответом на мое обращение касательно строительcтва дороги по улице Е-489. Согласно Вашему ответу в этом году вы только собираетесь начать работы по устройству инженерных сетей водопровода. Однако скажу вам как житель этого район",Транспорт,16.05.2022,96,яма на дороге,https://dialog.egov.kz/blogs/all-questions/739461
739449,"Добрый день [ЗАЯВИТЕЛЬ]! Прошу дать указания на решение вопроса о состоянии дороги: по адресу: г. Талдыкорган, с.Отенай, ул. Шевченко, после проведенного ремонта (осенью 2021 года было постелено асфальтовое полотно дороги по указанному адресу), в промежутке между домам",Транспорт,16.05.2022,103,яма на дороге,https://dialog.egov.kz/blogs/all-questions/739449
739432,"Құрметті [ЗАЯВИТЕЛЬ]! [ЗАЯВИТЕЛЬ] ауданы Жұлдыз-1 ықшам ауданы 26Г тұрғын үйінің ауласындағы аула жарығының мәселесін шешуіңізді сұраймын. Соңғы екі ай көлемінде ""Алматы [ЗАЯВИТЕЛЬ]"" кәсіронына берілген өтінімдер (телефон арқылы) әлі күнге дейін орындалған ж","Строительство, дольщики, жилищные проблемы",16.05.2022,94,жарық жоқ,https://dialog.egov.kz/blogs/all-questions/739432
761851,"Здравствуйте, [ЗАЯВИТЕЛЬ]. 1. В проекте приказа Об утверждении Методики расчета нормативов энергопотребления, опубликованного на интернет ресурсе 27.09.2022 года Вами предлагается такая трактовка: При расчете нормативов тепловых потерь через тепловую изоляцию для тепловых",Свободная тема,15.12.2022,100,нет отопления,https://dialog.egov.kz/blogs/all-questions/761851
761843,"Здравствуйте! Я,Аманбеков [ЗАЯВИТЕЛЬ],ветеран труда,пишу из города Тараз. Написать к Вам письмо заставило такое обстоятельство.Мой сын [ЗАЯВИТЕЛЬ],военнослужащий РК получил в 2016г в Таразе в качестве арендного жилья квартиру по адресу Атшабар 17/1,кв52 .Начиная с этого","Строительство, дольщики, жилищные проблемы",15.12.2022,90,нет отопления,https://dialog.egov.kz/blogs/all-questions/761843
761827,"Обращение с регистрационным номером 761827, направленное в Блог [ЗАЯВИТЕЛЬ] РК [ЗАЯВИТЕЛЬ] отклонено ГО 10.01.2023",Правоохранительные органы,15.12.2022,1,автобус не ходит,
761826,[ЗАЯВИТЕЛЬ] Казахстан Г-ну Касым – [ЗАЯВИТЕЛЬ]. [ЗАЯВИТЕЛЬ],Правоохранительные органы,15.12.2022,139,автобус не ходит,https://dialog.egov.kz/blogs/all-questions/761826
759276,"Саламатсызба, әкім мырза [ЗАЯВИТЕЛЬ] ауданы, Шығырлы ауылының тұрғынымын. Біздің ауылда таза ауыз су жоқ, су құбыры тартылды, бірақ әлі ауыз судың қызығын көрген жоқпыз. Енді қашан пайдалануға беріледі?",Земельные вопросы,15.11.2022,81,су жоқ,https://dialog.egov.kz/blogs/all-questions/759276
759270,"Обращение с регистрационным номером 759270, направленное в Блог [ЗАЯВИТЕЛЬ] РК [ЗАЯВИТЕЛЬ] отклонено ГО 28.11.2022",Правоохранительные органы,15.11.2022,3,автобус не ходит,
759265,"Здравствуйте, [ЗАЯВИТЕЛЬ] . Я, Аргинова [ЗАЯВИТЕЛЬ] [ИИН] жительница Карагандинской области, Актогайского района, станции Сарышаган, ул. 3-ыкшам аудан, 6 дом, кв.30. [ЗАЯВИТЕЛЬ] так как ранее писала акиму Карагандинской области [ЗАЯВИТЕЛЬ], пришёл ответ на м",О работе государственных органов (госуслуги),15.11.2022,73,не вывозят мусор,https://dialog.egov.kz/blogs/all-questions/759265
759212,"Здравствуйте! Я писала обращение 05 июля 2022 года, номер обращения 746627. Текст обращения и два ответа на него, переведены ниже моего письма. На сегодняшний день наш вопрос с которым я обращалась не решен. По освещению - бригада приехала после того как я несколько раз звонила",Свободная тема,15.11.2022,70,уличное освещение,https://dialog.egov.kz/blogs/all-questions/759212
759027/2,"К Вам обращаются жители садоводческого товарищества «Гранит», расположенного на территории КазЦИКовского с/о. Единственная дорога соединяющая нас с поселком КазЦИК, микрорайон Водник и Ащибулак проходит вдоль озер по дамбам и находиться в ужасном плачевном состоянии,",Свободная тема,15.11.2022,73,автобус не ходит,https://dialog.egov.kz/blogs/all-questions/759299
759027/1,"К Вам обращаются жители садоводческого товарищества «Гранит», расположенного на территории КазЦИКовского с/о. Единственная дорога соединяющая нас с поселком КазЦИК, микрорайон Водник и Ащибулак проходит вдоль озер по дамбам и находиться в ужасном плачевном состоянии,",Свободная тема,15.11.2022,139,автобус не ходит,https://dialog.egov.kz/blogs/all-questions/759298
757274,"Здравствуйте! Прошу Вас оказать содействие в решении проблемы с водоснабжением дома в Бостандыкском районе г Алматы. Дом - Жарокова 281А. Всё лето 2022 года имеются перебои с водоснабжением квартир, с обоих кранов идёт или холодная или горячая вода. Обращались в АлматыСу, ПКС","Строительство, дольщики, жилищные проблемы",15.10.2022,84,нет холодной воды,https://dialog.egov.kz/blogs/all-questions/757274
754261,"Здравствуйте. Обращение от жительницы Алатауского района, ПКСТ «Птицевод» ,проживающей по улице Центральная .На протяжении 2 лет обращались с просьбой соответствующего характера произвести дорожно-ремонтные работы по данному адресу. Никаких действий со стороны МИО не было. 14 сен",Свободная тема,15.09.2022,86,нет асфальта,https://dialog.egov.kz/blogs/all-questions/754261
754232,"Здравствуйте [ЗАЯВИТЕЛЬ]. Обращаются к Вам жители с. Саумалколь улицы Степная. Просим Вас посодействовать в решении нашей проблемы а именно [ЗАЯВИТЕЛЬ]. Улица была перекопана 3 года назад при строительстве водопровода, все три года к нам не хотят выезжать ни скорая, ни газ",Свободная тема,15.09.2022,101,яма на дороге,https://dialog.egov.kz/blogs/all-questions/754232
754228,"Акимат города Алматы Акимат Алатауского района города Алматы ГУ «Управление городской мобильности города Алматы» Я, жительница микрорайона [ЗАЯВИТЕЛЬ] района города Алматы, обращаюсь к Вам о нижеследующем. В первую очередь хочу обратить внимание, на большое количеств",Транспорт,15.09.2022,75,водитель автобуса,https://dialog.egov.kz/blogs/all-questions/754228
750889,"09 Карагандинская область, г. Караганда, 12.08.2022 по проспекту Строителей дорожное рабочее ТС с ГРНЗ M026AWD нарушает правила содержание дорог, а именно поднимает пыль с дороги. Асфальт предварительно не был увлажнён. Вся пыль летит в автомобиль и пешеходов. Требуется привлечь",О работе государственных органов (госуслуги),15.08.2022,81,нет асфальта,https://dialog.egov.kz/blogs/all-questions/750889
750888,"09 Карагандинская область, г. Караганда, 12.08.2022 по проспекту Строителей дорожное рабочее ТС с ГРНЗ M026AWD нарушает правила содержание дорог, а именно поднимает пыль с дороги. Асфальт предварительно не был увлажнён. Вся пыль летит в автомобиль и пешеходов. Требуется привлечь",Правоохранительные органы,15.08.2022,67,нет асфальта,https://dialog.egov.kz/blogs/all-questions/750888
750803,"Қайырлы күн. Нұр-сұлтан қаласының әкімі [ЗАЯВИТЕЛЬ] кездесуге 2022 ж 22 сәуірден бастап жазылып келемін, қабылдамайды. Алғашында eotinish порталымен екі рет жібердім. Себебі egov-та әкімнің қабылдау күні шықпады. Сосын әкімдік қызметкері eotinish порталымен жіберіңіз деге","Строительство, дольщики, жилищные проблемы",15.08.2022,81,жарық жоқ,https://dialog.egov.kz/blogs/all-questions/750803
750784,"Құрметті [ЗАЯВИТЕЛЬ]! «[ЗАЯВИТЕЛЬ]» ЖШС-гі қызмет көрсететін «Шымкент-Бадам-Шымкент» шағын автобус бағытына түзілген келісім шарттың мерзімі аяқталуға жақын. Аталған тасымалдаушы «Шымкент-Бадам-Шымкент» ША бағытына қызмет көрсетуден бас тартуда. Бұл ретте, Бадам елді м",Транспорт,15.08.2022,72,қоғамдық көлік,https://dialog.egov.kz/blogs/all-questions/750784
750726/1,"Уважаемый [ЗАЯВИТЕЛЬ]! [ЗАЯВИТЕЛЬ] делаете с нашими дворами? Их закатывают в асфальт, не жалея ни дерева, ни цветка !! Что будут видеть, выходя во двор, наши дети ? Асфальт ? И запах отвратительный ?? Прекратите этот беспредел ! Весной или осенью, вместо запаха цветения или у",Молодёжная политика,15.08.2022,73,нет асфальта,https://dialog.egov.kz/blogs/all-questions/750772
747767,"Обращение с регистрационным номером 747767, направленное в Блог [ЗАЯВИТЕЛЬ] РК [ЗАЯВИТЕЛЬ] отклонено ГО 29.07.2022",Правоохранительные органы,15.07.2022,0,тротуар разбит,
747678,"Добрый день. Прошу принять срочные меры в монтаже электрического кабеля от фонарей уличного освещения, которые уже несколько месяцев лежат на детской площадке по адресу:г.Алматы, ул.Желтоксан д.35.угол улицы Маметовой.",Свободная тема,15.07.2022,85,уличное освещение,https://dialog.egov.kz/blogs/all-questions/747678
743993,"В г.Алматы в целом микрорайоне, а именно в мкр.Нуркент, полностью отключена подача холодной воды с 14 июня 2022 года. Согласно уведомлению от поставщика услуг ""Алматы су"" есть задолженность КСК ""Нуркент 1"" (этот КСК обслуживает наш район). То есть есть соседи,",О работе государственных органов (госуслуги),15.06.2022,89,нет холодной воды,https://dialog.egov.kz/blogs/all-questions/743993
743969,"Здравствуйте. В конце сентября 2021 года я написала обращение, что «Участок дороги Караганда-Павлодар между селами Алгабас-Керней-[ЗАЯВИТЕЛЬ]-Жырауского района Карагандинской области в ужасном разбитом состоянии.» Я получила ответ, что «в адрес АО НК «ҚазАвтоЖол» от 14 сентябр",Транспорт,15.06.2022,137,яма на дороге,https://dialog.egov.kz/blogs/all-questions/743969
739396,"9 Карагандинская область, г. Караганда, 13.05.2022 по улице Cатыбалдина 5 расположены ямы на дороге представляющие опасность для водителей, а также наносят материальный вред ТС. https://vk.com/zb_09?w=wall-171774447_839",Земельные вопросы,15.05.2022,91,яма на дороге,https://dialog.egov.kz/blogs/all-questions/739396
739395,"9 Карагандинская область, г. Караганда, 13.05.2022 по улице Cатыбалдина 5 расположены ямы на дороге представляющие опасность для водителей, а также наносят материальный вред ТС. https://vk.com/zb_09?w=wall-171774447_839",Правоохранительные органы,15.05.2022,110,яма на дороге,https://dialog.egov.kz/blogs/all-questions/739395
731000,"Уважаемый аким нашего города! Хотелось бы обратить Ваше внимание на дорогу выше проспекта Аль-Фараби в сторону Ремизовки. Вверх по дороге очень много строится ЖК, такие как Sakura, Silver hills , Remizovka и т.д. Дорога вся разбита, В районе указанных ЖК строителями заужена дорог",Транспорт,15.03.2022,44,разбитая дорога,https://dialog.egov.kz/blogs/all-questions/731000
727088,На основании коммерческих предложении выбрав потенциального поставщика предложившую наименьшую сумму отправили по порталу государственных закупок договор поставщику ТОО «WEST KZ-04» на оказание услуги вывоз мусора ТБО. Согласно технической спецификации 5 контейнера – 2 раза в не,Финансы,15.02.2022,280,не вывозят мусор,https://dialog.egov.kz/blogs/all-questions/727088
727044,"Здравствуйте, [ЗАЯВИТЕЛЬ]! В ТОО [ЗАЯВИТЕЛЬ] неоднократно писала о том,что в достраиваемом им ЖК Жастар-4 в квартирах холодно, батареи вне зависимости от температурного режима за окном все время теплые, никогда не горячие. Обращалась к подрядчику сама, ТОО ЕКК о","Строительство, дольщики, жилищные проблемы",15.02.2022,77,холодные батареи,https://dialog.egov.kz/blogs/all-questions/727044
761801,"Обращение с регистрационным номером 761801, направленное в Блог Уполномоченный по правам человека в РК [ЗАЯВИТЕЛЬ] находится на рассмотрении у ГО",О работе государственных органов (госуслуги),14.12.2022,0,не топят,
761788,"День добрый. Просим Акимат г Алматы немедленно закрыть и запретить незаконную стихийную парковку по ул. Байсеитовой выше пр. Абая на пешеходной алее. Летом здесь был ремонт, на полу лежал камень, щебень, цемент и т.п. но все уличные работы давным давно закончены и ваш подрядчик",Свободная тема,14.12.2022,83,нет асфальта,https://dialog.egov.kz/blogs/all-questions/761788
761773,"Добрый день, [ЗАЯВИТЕЛЬ]. Обращаюсь к Вам по поводу сообщения между городами Уральск и Атырау. Авиасообщения между двумя соседними областными центрами нет, но с 2023 года вроде бы как [ЗАЯВИТЕЛЬ] намеревается открыть с перидичностью 2 раза в неделю и сколько продлится - неиз",Транспорт,14.12.2022,78,автобус не ходит,https://dialog.egov.kz/blogs/all-questions/761773
761613/1,"Адрес: г.Алматы, Ауэзовский район, ул. Таугуль, 4, подъезд 6, кв 141. Прошу рассмотреть и решить вопрос теплоснабжения: в квартирах очень холодно, постоянно включен обогреватель, и при этом холодно. Батареи слегка теплые. Оплата за тепло идет в полной мере! Почему уменьшена подач","Строительство, дольщики, жилищные проблемы",14.12.2022,92,холодные батареи,https://dialog.egov.kz/blogs/all-questions/761809
759190,2 топ мүгедек ұлым Наурызбай [ЗАЯВИТЕЛЬ] тегін берілетін дәрі дәрмек,Здравоохранение,14.11.2022,83,не топят,https://dialog.egov.kz/blogs/all-questions/759190
757242,"Добрый день! С 1 ноября 2022 года компания «Qazaq Air» отменит рейсы по маршруту Уральск — Атырау — Уральск. Как следствие, это приведет к отсутствию авиасообщения между данными двумя городами, так как ни «Flyarystan», ни «Scat» также не совершают рейсы по данному направлению",Транспорт,14.10.2022,133,отменили маршрут,https://dialog.egov.kz/blogs/all-questions/757242
754190,"Құрметті [ЗАЯВИТЕЛЬ]! 2022 жыл 22 тамаз айында № 751818 арыз хатына қосымша толықтырулар құжаттарына тексеріруніңізді сұраймыз, кадастрлік нөмері 03-047-292-1603 жер телімі 26.05.2014 жылы және кадастрлік нөмері 03-047-292-163 жер телімі 28.04.2017 жылы ауыл шаруашылығы",Земельные вопросы,14.09.2022,87,су жоқ,https://dialog.egov.kz/blogs/all-questions/754190
754189,"Арыз жазу себебім сізге Қарасай аудыны әкімінің аппараты келіп түскен жауап хатына 5.08.2022ж көрсетілген арыз хаттағы жерге нақты құжаттарына тексеріру жүргзілген жок, кадастрлік нөмері 03-047-292-1603 жер телімі 26.05.2014 жылы және кадастрлік нөмері 03-047-292-163 жер тел",Земельные вопросы,14.09.2022,103,су жоқ,https://dialog.egov.kz/blogs/all-questions/754189
754182,"Добрый день уважаемый Аким области! Обращаются жители Кордайского района, село Кордай ул.Отегена 126/1 касательно уличного освещения в ночное время суток. При первом обращении к Вам, на место по вышеуказанному адресу выехал зам.акима и инспектор (имена не помню)и на месте определ",Свободная тема,14.09.2022,110,уличное освещение,https://dialog.egov.kz/blogs/all-questions/754182
754181,"Құрметті [ЗАЯВИТЕЛЬ]! [ЗАЯВИТЕЛЬ] облысы ,Жалағаш ауданының тұрғыны боламын (көше [ЗАЯВИТЕЛЬ] 2/2). Электр жүйесінің көп өшіп қалуына байланысты шағымым бар .Жылдың 4 мезгілінде тұрақты түрде жарық өшеді. Күз,қыс,көктем айларында ауа-райының желді болуы біздің аймаққа тән құ",Свободная тема,14.09.2022,84,жарық жоқ,https://dialog.egov.kz/blogs/all-questions/754181
754180,"Здравствуйте, можно как-то обратить внимание на отдел ЖКХ г.Костаная. Во дворе дома Маяковского 121 был ремонт: замена асфальта. После замены, мусорные баки перенесли в другие дворы по ул. Волынова, 8. Моя мама одна проживает по Маяковского 121 и она ограничена в физическом плане",Социальное обеспечение,14.09.2022,77,нет асфальта,https://dialog.egov.kz/blogs/all-questions/754180
754160,"Добрый день, уважаемый Аким!!! На мое обращение касательно проезда к ЖК Алтын дала, вы ответили следующее: Уважаемая [ЗАЯВИТЕЛЬ]! [ЗАЯВИТЕЛЬ] благодарность за участие в развитии улично - дорожной сети города! [ЗАЯВИТЕЛЬ] обращение, сообщаю, что на сегодняшний день ведутся",Свободная тема,14.09.2022,62,уличное освещение,https://dialog.egov.kz/blogs/all-questions/754160
754096,"Саламатсыз ба, [ЗАЯВИТЕЛЬ]? [ЗАЯВИТЕЛЬ] қаласы Серт көшесінде тұратын көп балалы анамын. Менің өтініш беру себебім, аталған Түркістан қаласы Серт көшесі жауын-шашынды күндері батпақ болып, әр жерлеріне су жиналып өзіміздің де, мектепте оқитын кішкентай балаларымыздың да",Транспорт,14.09.2022,94,су жоқ,https://dialog.egov.kz/blogs/all-questions/754096
747656,"Уважаемый [ЗАЯВИТЕЛЬ]! Мы видим, у Вас большие планы по ремонту инженерных сетей, реконструировании арычной системы, открытии детских садов и поликлиник, планируете разбить новые парки это конечно все важно, но у нас проблема отсутствия пешеходной дорожки, которая как н",Свободная тема,14.07.2022,86,тротуар разбит,https://dialog.egov.kz/blogs/all-questions/747656
747582,Құрметті [ЗАЯВИТЕЛЬ]! 2022 жылғы 22 сәуірде кілті берілген «DISCOVERY» тұрғын үй кешенінде (мекенжайы: [ЗАЯВИТЕЛЬ] көшесі 10/2) ыстық су жоқ. Адамдар бірнеше ай ыстық сусыз отыр. Мердігер «Базис-А» ком,"Строительство, дольщики, жилищные проблемы",14.07.2022,78,су жоқ,https://dialog.egov.kz/blogs/all-questions/747582
747559,"Прошу дать ответ по номеру обращения 739536 Необходимо к кратчайшие сроки решить проблему с забитой канализацией в Карасайском районе, п. Алмалыбак по улице Алмалы. [ЗАЯВИТЕЛЬ] лично проконтролировать ход работ. Так же дать ответ по освещению улица Алмалы. Выделить бюджетные ср","Строительство, дольщики, жилищные проблемы",14.07.2022,95,уличное освещение,https://dialog.egov.kz/blogs/all-questions/747559
743716,"Уважаемый [ЗАЯВИТЕЛЬ], Настоящим обращением, от имени жителей микрорайона Самгау (бывшего Курлысшы) Алатауского района города Алматы вынужден просить вас оказать содействие в решение по насыщенным и не разрешенным очень длительное время вопросам следующего характера: 1",Свободная тема,14.06.2022,103,уличное освещение,https://dialog.egov.kz/blogs/all-questions/743716
743678,"В марте 2022 года я направила Вам жалобу по строящемуся жилому комплексу ""Сен"" по адресу: г. Нур-Султан, ул. Толе би, 57. Я задала Вам конкретные вопросы и приложила расчеты инсоляции: 1) Проводились ли общественные слушания о возможности строительства ЖК ""Сен&quot","Строительство, дольщики, жилищные проблемы",14.06.2022,76,нет освещения во дворе,https://dialog.egov.kz/blogs/all-questions/743678
743676,"Уважаемый [ЗАЯВИТЕЛЬ]! 08 апреля 2022 года я направила Вам жалобу по строящемуся жилому комплексу ""Сен"" по адресу: г. Нур-Султан, ул. Толе би, 57. Я задала Вам конкретные вопросы и приложила расчеты инсоляции: 1) Проводились ли общественные слушания о возможн","Строительство, дольщики, жилищные проблемы",14.06.2022,70,нет освещения во дворе,https://dialog.egov.kz/blogs/all-questions/743676
739332,"Добрый день. Прошу прояснить ситуацию. Водитель автобуса (автобус для персонала компании) проходит предсменное освидетельствование до начала работы, когда он должен проходить послесменное освидетельствование, до поездки, когда предстоит везти людей домой и сам едет домой или посл",Свободная тема,14.05.2022,139,водитель автобуса,https://dialog.egov.kz/blogs/all-questions/739332
735403,"Обращение с регистрационным номером 735403, направленное в Блог [ЗАЯВИТЕЛЬ] РК [ЗАЯВИТЕЛЬ] отклонено ГО 29.04.2022",Земельные вопросы,14.04.2022,4,жарық жоқ,
735400,"2022 жылы 22 наурыз күні сағат 21:45 шамасында Нұр-Сұлтан қаласы Жұмабаева көшесі №9 түрғын үй алдында автокөлікпен артқа қарай жүріп келе жатып шлакбаунга көлігім арты тигендей болды, себебі ол шлакбауын тұрғаны жөнінде ешқандай белгіде, жарық шамыда жоқ болатын. Сосын мен көлі","Строительство, дольщики, жилищные проблемы",14.04.2022,71,жарық жоқ,https://dialog.egov.kz/blogs/all-questions/735400
735398,"2022 жылы 22 наурыз күні сағат 21:45 шамасында Жұмабаева көшесі №9 түрғын үй алдында автокөлікпен артқа қарай жүріп келе жатып шлакбаунга көлігім арты тигендей болды, себебі ол шлакбауын тұрғаны жөнінде ешқандай белгіде, жарық шамыда жоқ болатын. Сосын мен көлігімнен түсіп қарад","Строительство, дольщики, жилищные проблемы",14.04.2022,88,жарық жоқ,https://dialog.egov.kz/blogs/all-questions/735398
726810,"Здравствуйте, хотела бы решить проблему, которая не разрешается долгое время. Объясню ситуацию: в городе Талдыкорган на Абая 254А (задний двор гостиницы ""Алатау""), постоянно валяется мусор и никто не вывозит его, так как еще бегают собаки, то они разрывают мусорные па",Свободная тема,14.02.2022,126,не вывозят мусор,https://dialog.egov.kz/blogs/all-questions/726810
722003/1,добрый день. Я обращаюсь к Вам с вопросом по вывозу мусора. Так как я оплачиваю и вывожу свой мусор на свалку сама. До этого у нас вывозила компания и я ей оплатила на год вперед. потом эта компания исчезла и я стала вывозить мусор самостоятельно. проходит время и мне новая комп,О работе государственных органов (госуслуги),14.01.2022,82,не вывозят мусор,https://dialog.egov.kz/blogs/all-questions/722124
722001/1,добрый день. Я обращаюсь к Вам с вопросом по вывозу мусора. Так как я оплачиваю и вывожу свой мусор на свалку сама. До этого у нас вывозила компания и я ей оплатила на год вперед. потом эта компания исчезла и я стала вывозить мусор самостоятельно. проходит время и мне новая комп,Свободная тема,14.01.2022,97,не вывозят мусор,https://dialog.egov.kz/blogs/all-questions/722144
761729,"Добрый день, прошу Вас принять меры по обеспечению безопасности школьников школы № 73. Между школой № 73 и ЖК Браво расположен пустырь, по которому ежедневно проходят сотни школьников. На указанном пустыре имеется тротуар и установлены столбы и осветительные приборы для освещ",О работе государственных органов (госуслуги),13.12.2022,71,уличное освещение,https://dialog.egov.kz/blogs/all-questions/761729
761670,"Обращение с регистрационным номером 761670, направленное в Блог [ЗАЯВИТЕЛЬ] РК [ЗАЯВИТЕЛЬ] отклонено ГО 04.01.2023","Строительство, дольщики, жилищные проблемы",13.12.2022,2,не топят,
761667,"Құрметті әкім мырза! Мен ""Замечательный"" тұрғын үй кешенінің бір топ тұрғындары атынан хабарласып отырмын. Біздің мәселеміз өте маңызды. [ЗАЯВИТЕЛЬ] жүзбе жүз кездесудің қажеттілігі туындауда. Осы ретте Сіздің жеке қабылдауыңызға қалай жазылуға болады? Жеке қа","Строительство, дольщики, жилищные проблемы",13.12.2022,82,не топят,https://dialog.egov.kz/blogs/all-questions/761667
761650,ҚР Ұлттық банк төрағасы Ғ.[ЗАЯВИТЕЛЬ],Занятость населения,13.12.2022,83,жол бұзылған,https://dialog.egov.kz/blogs/all-questions/761650
761638,"[ЗАЯВИТЕЛЬ] ауылында жаңа Мәдениет ошағы осындай [ЗАЯВИТЕЛЬ] және спорт министрі [ЗАЯВИТЕЛЬ]! [ЗАЯВИТЕЛЬ] облысының орталығы Орал қаласының іргесінде, яғни бар болғаны 20 шақырым жерде және күре тамыр жол болып есептелетін «Шымкент - Сама",Духовность и религия,13.12.2022,125,жол бұзылған,https://dialog.egov.kz/blogs/all-questions/761638
761632,"Здравствуйте, абонент 298504, улица 38, дом 29, кВ.138. Я вчера получила квитанцию на оплату коммунальных услуг. Все показания передаю своевременно и посмотрите какие тарифы сейчас за свет, одн и отопление. За 167 киловатт мне выставили счёт более 6000 тг, тогда как еще в прошлом",Свободная тема,13.12.2022,72,нет отопления,https://dialog.egov.kz/blogs/all-questions/761632
761620,Саламатсыз. Менің ұлым [ЗАЯВИТЕЛЬ] 1 топ бала мүгедегі. 2020 ж бері ИПР корсетілген бір реттік жөргектерді уақытылы ала алмай келеміз. 2021 ж. өтініш беру кезінде СОБЕС қызметкерлері дұрыс толтырмауына байланысты 9 ай күтіп кешіктіріліп алынды. 2022 ж өтінішті жыл басынан қаб,Социальное обеспечение,13.12.2022,244,не топят,https://dialog.egov.kz/blogs/all-questions/761620
759030,"Обращение с регистрационным номером 759030, направленное в Блог И. о. Генерального директора РГП «Казводхоз» [ЗАЯВИТЕЛЬ] находится на рассмотрении у ГО",Свободная тема,13.11.2022,0,автобус не ходит,
759029,"К Вам обращаются жители садоводческого товарищества «Гранит», расположенного на территории КазЦИКовского с/о. Единственная дорога соединяющая нас с поселком КазЦИК, микрорайон Водник и Ащибулак проходит вдоль озер по дамбам и находиться в ужасном плачевном состоянии,",Свободная тема,13.11.2022,77,автобус не ходит,https://dialog.egov.kz/blogs/all-questions/759029
759028,"К Вам обращаются жители садоводческого товарищества «Гранит», расположенного на территории КазЦИКовского с/о. Единственная дорога соединяющая нас с поселком КазЦИК, микрорайон Водник и Ащибулак проходит вдоль озер по дамбам и находиться в ужасном плачевном состоянии,",Свободная тема,13.11.2022,85,автобус не ходит,https://dialog.egov.kz/blogs/all-questions/759028
759027,"К Вам обращаются жители садоводческого товарищества «Гранит», расположенного на территории КазЦИКовского с/о. Единственная дорога соединяющая нас с поселком КазЦИК, микрорайон Водник и Ащибулак проходит вдоль озер по дамбам и находиться в ужасном плачевном состоянии,",Свободная тема,13.11.2022,75,автобус не ходит,https://dialog.egov.kz/blogs/all-questions/759027
759021,"Құрметті [ЗАЯВИТЕЛЬ]. [ЗАЯВИТЕЛЬ] Шымкент қаласы, Еңбекші ауданы, 15 мөлтек аудан 5 үй 45 пәтер тұрғыны, көп балалы анамын. Менің өтініш жазу себебім қазіргі тұрып жатқа үймізге жылу берілді. Бірақ қыс басталмай үйдің температурасы төмен. Үй суық. Бал","Строительство, дольщики, жилищные проблемы",13.11.2022,91,пәтер суық,https://dialog.egov.kz/blogs/all-questions/759021
759017,"[ЗАЯВИТЕЛЬ] просвещения Республики Казахстан г-ну [ЗАЯВИТЕЛЬ] Уважаемый [ЗАЯВИТЕЛЬ]! [ЗАЯВИТЕЛЬ] “International Robotics Academy”, которая открылась и ведет свою деятельность в городе Алматы, обращается к Вам с",Молодёжная политика,13.11.2022,77,не топят,https://dialog.egov.kz/blogs/all-questions/759017
757128,"Я, Бекишева [ЗАЯВИТЕЛЬ], обращаюсь к вам с просьбой, разобраться с случаем произошедшее со мной в мае месяца 2022 года. 16 мая 2022года прибыв на аэропорт г.Бишкека имея билет на руках по маршруту ""Бишкек-Алматы-Нур-Султан"" и имея паспорт вакцинации в прил",Транспорт,13.10.2022,114,отменили маршрут,https://dialog.egov.kz/blogs/all-questions/757128
757110,"[ЗАЯВИТЕЛЬ] мырза. [ЗАЯВИТЕЛЬ] облысы Сауран ауданының Шаға ауыл әкімшілігіне қарасты Бершінтөбе елді мекенінің тұрғындары атынан арыз шағымымызды сізге жеткізе отырып, төмендегілерді көріп шығуыңызды сұраймыз. Ауылда егемендік алғалы бері",Сельское хозяйство,13.10.2022,104,су жоқ,https://dialog.egov.kz/blogs/all-questions/757110
754093,"Уважаемый господин Председатель, уважаемые дамы и господа, благодарим за Ваше письмо от 20.07.2022 №ЖТ-2022-02047534! Просим о повторном рассмотрении нашего заявления от 16.07.2022 о переводе, учитывая один-единственный факт: здоровье нашего брата, которое нас очень беспоко",Правоохранительные органы,13.09.2022,86,автобус не ходит,https://dialog.egov.kz/blogs/all-questions/754093
753958/1,"Құрметті [ЗАЯВИТЕЛЬ]! [ЗАЯВИТЕЛЬ] қаласының тұрғыны, «№36 ЖББМ» КММ көркем еңбек пәнің мұғалімі [ЗАЯВИТЕЛЬ]. Сізге айтатын шағымым бар еді, алдын-ала кешірім сұраймын! Осы мамандығым бойынша оқушыларым халықаралық, республикалық облыстық дәрежеде көптеген жетіс",Образование,13.09.2022,90,жарық жоқ,https://dialog.egov.kz/blogs/all-questions/753992
753958,"Құрметті [ЗАЯВИТЕЛЬ]! [ЗАЯВИТЕЛЬ] қаласының тұрғыны, «№36 ЖББМ» КММ көркем еңбек пәнің мұғалімі [ЗАЯВИТЕЛЬ]. Сізге айтатын шағымым бар еді, алдын-ала кешірім сұраймын! Осы мамандығым бойынша оқушыларым халықаралық, республикалық облыстық дәрежеде көптеген жетіс",Образование,13.09.2022,85,жарық жоқ,https://dialog.egov.kz/blogs/all-questions/753958
753945,Алматы облысы Іле ауданы Ащыбұлақ округі Төле би ауылы Бөлек батыр к-сі №4 үй тұрғыны Қоғамдық кеңес төрайымы [ЗАЯВИТЕЛЬ] Байланыс телефон: + 7 701 295 06 74 ЖСН [ИИН] Ашық хат Ащыбұлақ округінің қарасты Төле би ауылы және Школьный елді мекен,Транспорт,13.09.2022,74,қоғамдық көлік,https://dialog.egov.kz/blogs/all-questions/753945
753897/2,Алматы облысы Іле ауданы Ащыбұлақ округі Төле би ауылы Бөлек батыр к-сі №4 үй тұрғыны Қоғамдық кеңес төрайымы [ЗАЯВИТЕЛЬ] Байланыс телефон: + 7 701 295 06 74 ЖСН [ИИН] Ашық хат Ащыбұлақ округінің қарасты Төле би ауылы және Школьный елді мекен,Транспорт,13.09.2022,82,қоғамдық көлік,https://dialog.egov.kz/blogs/all-questions/754032
753897/1,Алматы облысы Іле ауданы Ащыбұлақ округі Төле би ауылы Бөлек батыр к-сі №4 үй тұрғыны Қоғамдық кеңес төрайымы [ЗАЯВИТЕЛЬ] Байланыс телефон: + 7 701 295 06 74 ЖСН [ИИН] Ашық хат Ащыбұлақ округінің қарасты Төле би ауылы және Школьный елді мекен,Транспорт,13.09.2022,88,қоғамдық көлік,https://dialog.egov.kz/blogs/all-questions/754031
750726,"Уважаемый [ЗАЯВИТЕЛЬ]! [ЗАЯВИТЕЛЬ] делаете с нашими дворами? Их закатывают в асфальт, не жалея ни дерева, ни цветка !! Что будут видеть, выходя во двор, наши дети ? Асфальт ? И запах отвратительный ?? Прекратите этот беспредел ! Весной или осенью, вместо запаха цветения или у",Молодёжная политика,13.08.2022,181,нет асфальта,https://dialog.egov.kz/blogs/all-questions/750726
747441,"Уважаемый [ЗАЯВИТЕЛЬ], пользуясь случаем позвольте выразить Вам свое почтение и пожелать успехов в Вашей работе! [ЗАЯВИТЕЛЬ] известно, в своем послании народу [ЗАЯВИТЕЛЬ] РК [ЗАЯВИТЕЛЬ], объявил, что: «Наша общая задача – воплотить в жизнь концепцию «Слышащего госуд",О работе государственных органов (госуслуги),13.07.2022,99,яма на дороге,https://dialog.egov.kz/blogs/all-questions/747441
747283/1,"Доброго дня! Наш коллектив поддерживает введение лицензирования для детских садов, особенно наведения порядка требуется в частных садиках. В нашем коллективе, много детей и все посещали детские сады. Многие из них посещают сейчас. Мы взволнованы, что в садиках не соблюдаются усло",Свободная тема,13.07.2022,87,уличное освещение,https://dialog.egov.kz/blogs/all-questions/747473
743237/1,"[ЗАЯВИТЕЛЬ] о ненадлежащем исполнении своих обязанностей ТОО «Базис А» и КСК «Барит» в отношении сдачи в эксплуатацию ЖК «Миллениум парк-Аллея тысячелетия», находящегося по адресу: г. Нур-Султан, р-н Алматы, ул. 23-15, дом 11Б. Как известно, Холдинговая компания «Bazis A» раб","Строительство, дольщики, жилищные проблемы",13.06.2022,75,нет холодной воды,https://dialog.egov.kz/blogs/all-questions/743631
739263,"В Министерство здравоохранения Республики Казахстан от [ЗАЯВИТЕЛЬ], ИИН [ИИН] прож. по адресу: г. Нур-Султан, пр. [ЗАЯВИТЕЛЬ] 27/1, кв. 70 моб. тел.: [ТЕЛЕФОН] Обращение с жалобой за оказанные медицинские услуги Я, [ЗАЯВИТЕЛЬ]Г обращаюсь к вам с",Здравоохранение,13.05.2022,121,отменили маршрут,https://dialog.egov.kz/blogs/all-questions/739263
735175,"К Вам обращается житель мкр. Думан-2, Медеуского района г.Алматы, с просьбой организовать вывоз ТБО на аллее в мкр. Думан-2. На сегодняшний день из-за отсутствия организации вывоза ТБО на аллее образовались свалки с мусором, что влечет за собой антисанитарию. Согласно Правил бл",О работе государственных органов (госуслуги),13.04.2022,96,не вывозят мусор,https://dialog.egov.kz/blogs/all-questions/735175
735062,"Добрый день! Как житель жилого комплекса «Smart City», по адресу: г. Нур-Султан, улица Толе би, дом 55 обращаюсь к Вам с нижеследующими вопросами. С 2019 года в 20 метрах перед нашим ЖК «Smart City» строилось небольшое двухэтажное здание спортивного центра. В октябре текущего 20","Строительство, дольщики, жилищные проблемы",13.04.2022,50,нет освещения во дворе,https://dialog.egov.kz/blogs/all-questions/735062
730791,"Уважаемый, [ЗАЯВИТЕЛЬ]. Меня зовут, [ЗАЯВИТЕЛЬ]. Проживаю по адресу , г. Алматы , Жетысуйский район. ул Есенова 64. По нашей улице (Есенова, угол Колпаковского) уже больше 5 лет остановили стройку ЖК на уровне котлована. Уже больше 5 лет ничего не делается.",Свободная тема,13.03.2022,68,стихийная свалка,https://dialog.egov.kz/blogs/all-questions/730791
726741,[ЗАЯВИТЕЛЬ] Орман шаруашылығы және жануарлар дүниесі комитетінің төрағасының м.а. [ЗАЯВИТЕЛЬ] --------------------------------------------------------------------,Регионы,13.02.2022,183,жол бұзылған,https://dialog.egov.kz/blogs/all-questions/726741
722085,"Уважаемый [ЗАЯВИТЕЛЬ]! Я, Аккасов [ЗАЯВИТЕЛЬ] (ИИН [ИИН]) от 22.12.2021 года через приложение Kaspi Travel приобрел 2 авиабилета на сумму 51506 тенге, на имя [ЗАЯВИТЕЛЬ] (электронный билет - 655 2411621793) и [ЗАЯВИТЕЛЬ] (655 241",Транспорт,13.01.2022,156,отменили маршрут,https://dialog.egov.kz/blogs/all-questions/722085
722006,добрый день. Я обращаюсь к Вам с вопросом по вывозу мусора. Так как я оплачиваю и вывожу свой мусор на свалку сама. До этого у нас вывозила компания и я ей оплатила на год вперед. потом эта компания исчезла и я стала вывозить мусор самостоятельно. проходит время и мне новая комп,О работе государственных органов (госуслуги),13.01.2022,71,не вывозят мусор,https://dialog.egov.kz/blogs/all-questions/722006
722004,"Обращение с регистрационным номером 722004, направленное в Блог Уполномоченный по правам человека в РК [ЗАЯВИТЕЛЬ] находится на рассмотрении у ГО",О работе государственных органов (госуслуги),13.01.2022,0,не вывозят мусор,
722003,добрый день. Я обращаюсь к Вам с вопросом по вывозу мусора. Так как я оплачиваю и вывожу свой мусор на свалку сама. До этого у нас вывозила компания и я ей оплатила на год вперед. потом эта компания исчезла и я стала вывозить мусор самостоятельно. проходит время и мне новая комп,О работе государственных органов (госуслуги),13.01.2022,278,не вывозят мусор,https://dialog.egov.kz/blogs/all-questions/722003
722001,добрый день. Я обращаюсь к Вам с вопросом по вывозу мусора. Так как я оплачиваю и вывожу свой мусор на свалку сама. До этого у нас вывозила компания и я ей оплатила на год вперед. потом эта компания исчезла и я стала вывозить мусор самостоятельно. проходит время и мне новая комп,Свободная тема,13.01.2022,94,не вывозят мусор,https://dialog.egov.kz/blogs/all-questions/722001
721899/1,"Добрый день! Обращаюсь не в первый раз в правительство, наверное я бы тоже была в строю митингующих, если бы не мои дети о которых я забочусь. Я многодетная мама, живу в Алматы, и в нашем районе нет газа, отопления, воды ни холодной ни горячей ни поливной, канализаций, для детей",Образование,13.01.2022,25,нет освещения во дворе,https://dialog.egov.kz/blogs/all-questions/722023
721884/1,"Добрый день! Обращаюсь не в первый раз в правительство, наверное я бы тоже была в строю митингующих, если бы не мои дети о которых я забочусь. Я многодетная мама, живу в Алматы, и в нашем районе нет газа, отопления, воды ни холодной ни горячей ни поливной, канализаций, для детей",Социальное обеспечение,13.01.2022,25,нет освещения во дворе,https://dialog.egov.kz/blogs/all-questions/721976
721770/1,"Аса құрметті Министр, Аймағамбетов [ЗАЯВИТЕЛЬ] мырза! Сізді ең алдымен Президентіміз – Қасым-[ЗАЯВИТЕЛЬ] Тоқаев мырзаның бастамасымен бастау алған [ЗАЯВИТЕЛЬ] бағытының су жаңа Министрі лауазымына жаңадан сайлануыңызбен құттықтаймын! Менің атым-Жансерік. [ЗАЯВИТЕЛЬ]",Наука,13.01.2022,103,жарық жоқ,https://dialog.egov.kz/blogs/all-questions/722012
761617,"Обращение с регистрационным номером 761617, направленное в Блог Председатель Комитета по водным ресурсам [ЗАЯВИТЕЛЬ] находится на рассмотрении у ГО",Регионы,12.12.2022,3,су жоқ,
761613,"Адрес: г.Алматы, Ауэзовский район, ул. Таугуль, 4, подъезд 6, кв 141. Прошу рассмотреть и решить вопрос теплоснабжения: в квартирах очень холодно, постоянно включен обогреватель, и при этом холодно. Батареи слегка теплые. Оплата за тепло идет в полной мере! Почему уменьшена подач","Строительство, дольщики, жилищные проблемы",12.12.2022,83,холодные батареи,https://dialog.egov.kz/blogs/all-questions/761613
761533,"Саламатсызба! Хочу отметить положительную работу по моему письменному обращению через сервис е-өтініш. По улице Туркестан, г. Астана, возле академиии хореографии длительное время находился брошенный автомобиль. Автомобиль мешал коммунальным службам в очистке дорог, автомобиль зан",Правоохранительные органы,12.12.2022,74,разбитая дорога,https://dialog.egov.kz/blogs/all-questions/761533
761457/2,"Министер мырза менің № 753897/1 13/09/2022 хатыма қашан жауап қайтарасыздар??? Алматы облысының әкім 13 қазанда жауап берем деген, содан бері міне 2 айдың жүзі болды. Мен 1 аптаның ішінде жауап берілмесе сотқа жүгінуіме тура келеді.....! Алматы облысы Іле ауданы Ащыбұлақ окру",Транспорт,12.12.2022,95,қоғамдық көлік,https://dialog.egov.kz/blogs/all-questions/761574
761457/1,"Министер мырза менің № 753897/1 13/09/2022 хатыма қашан жауап қайтарасыздар??? Алматы облысының әкім 13 қазанда жауап берем деген, содан бері міне 2 айдың жүзі болды. Мен 1 аптаның ішінде жауап берілмесе сотқа жүгінуіме тура келеді.....! Алматы облысы Іле ауданы Ащыбұлақ окру",Транспорт,12.12.2022,73,қоғамдық көлік,https://dialog.egov.kz/blogs/all-questions/761573
757036,"Здравствуйте. Обращаются к вам жители нового жилого комплекса [ЗАЯВИТЕЛЬ] С, по Калдаякова 3. Сдали нам этот дом с большими проблемами. 1. Прилегающая территория со стороны дороги по Калдаякова в ужасном состоянии: нет асфальта (засыпана гравийка), колодцы торчат все наружу, нет","Строительство, дольщики, жилищные проблемы",12.10.2022,168,нет асфальта,https://dialog.egov.kz/blogs/all-questions/757036
757033,[ЗАЯВИТЕЛЬ] Түркістан қаласының тұрғынымын.3 топ мүгедек.Мамандығым ЭВМ операторы.Тұрақты жұмысқа орналаса алмай жүрмін. Мүгедектерге қандай жобалар бар жұмысқа орналасу үшін?Менің өтінішім қаралады деген ойдамын.Рахмет! Түркістан қалалық жұмыспен қамту орталығы,Занятость населения,12.10.2022,139,не топят,https://dialog.egov.kz/blogs/all-questions/757033
753913,"Меня зовут Маштакова [ЗАЯВИТЕЛЬ]. 09 сентября 2022 года в 21.30 у меня украли с сумки портмоне и там было содержимое (кредитные карты, удостоверение личности, наличные деньги 15 000 тенге и 40 $) и сотовый телефон Iphone 13 pro 256 GB синий-цена телефона 743 700 тенге. I",Правоохранительные органы,12.09.2022,81,водитель автобуса,https://dialog.egov.kz/blogs/all-questions/753913
753910,"Обращение с регистрационным номером 753910, направленное в Блог [ЗАЯВИТЕЛЬ] РК [ЗАЯВИТЕЛЬ] отклонено ГО 28.09.2022",Правоохранительные органы,12.09.2022,5,водитель автобуса,
753897,Алматы облысы Іле ауданы Ащыбұлақ округі Төле би ауылы Бөлек батыр к-сі №4 үй тұрғыны Қоғамдық кеңес төрайымы [ЗАЯВИТЕЛЬ] Байланыс телефон: + 7 701 295 06 74 ЖСН [ИИН] Ашық хат Ащыбұлақ округінің қарасты Төле би ауылы және Школьный елді мекен,Транспорт,12.09.2022,93,қоғамдық көлік,https://dialog.egov.kz/blogs/all-questions/753897
753891,"Добрый день, Уважаемый аким! Меня зовут Бауржан, я житель Талгарского района, с. Туздыбастау. У нас по улице положили относительно новый асфальт (где то 2-3 года прошло). У нас постоянно прорывает водопроводную трубу и Талгар СУ проводит ремонт, у меня возникает вопрос, кто долже",Свободная тема,12.09.2022,101,нет асфальта,https://dialog.egov.kz/blogs/all-questions/753891
753840,"Комитета автомобильных дорог [ЗАЯВИТЕЛЬ] от жителей Каратауского района, микрорайон Достык, улица Кызыл кол. Уважаемый [ЗАЯВИТЕЛЬ]! [ЗАЯВИТЕЛЬ] района, микрорайона Достык, г. Шымкент, просят обратить внимание на улицу Кызыл кол. 5 лет назад, при прокладке асфальта в нашем",О работе государственных органов (госуслуги),12.09.2022,107,уличное освещение,https://dialog.egov.kz/blogs/all-questions/753840
753837,"Обращение с регистрационным номером 753837, направленное в Блог [ЗАЯВИТЕЛЬ] РК [ЗАЯВИТЕЛЬ] отклонено ГО 28.09.2022","Строительство, дольщики, жилищные проблемы",12.09.2022,3,уличное освещение,
753833,"Здравствуйте Аким Города Нур-Султан! Примите для сведения что, в Сары-Аркинском районе улицы Атбасарская, улицы Медеу требует капитального ремонта, асфальт с советских времен! Мы жители сколько обращались но результатов не добились! [ЗАЯВИТЕЛЬ] с коляской или пешком осенью, зимой","Строительство, дольщики, жилищные проблемы",12.09.2022,82,нет асфальта,https://dialog.egov.kz/blogs/all-questions/753833
753824,"Здравствуйте! Повторно обращаемся к вам по следующему вопросу. [ЗАЯВИТЕЛЬ] района, микрорайона Достык, просят обратить внимание на улицу Кызыл кол. 6 лет назад, при прокладке асфальта в нашем микрорайоне, улицу Кызыл кол, сторону Пожарной части, пропустили, обошли стороно","Строительство, дольщики, жилищные проблемы",12.09.2022,95,уличное освещение,https://dialog.egov.kz/blogs/all-questions/753824
753815,"Уважаемый [ЗАЯВИТЕЛЬ]! Обращаюсь к Вам от всех жителей микрорайона Мамыр 4 Ауэзовского района. Дело в том, что на территории микрорайона отсутствует уличное освещение, ямы для столбов есть, а самих столбов нет (фото прилагаю). Мы обращались в акимат Ауэзовского района",Свободная тема,12.09.2022,87,уличное освещение,https://dialog.egov.kz/blogs/all-questions/753815
753779,"И в очередной раз, здравствуйте. Вы знаете, наверное не только меня, но и большинство жителей города Алматы, интересует вопрос - почему в нашем городе, с начала учебного года, Акиматом начались дорожные работы. Я понимаю, если бы работы проводились по мелким улицам, но нет, Вы и",Транспорт,12.09.2022,72,яма на дороге,https://dialog.egov.kz/blogs/all-questions/753779
750604,"Здравствуйте! Хотелось бы узнать, почему ""Отдел образования Бухар-Жырауского района"" управления образования Карагандинской области, публикуя объявление на государственном портале ГосЗакуп о подвозе учащихся до школы и обратно, № 8129605-1, не указывают в технической спе",Образование,12.08.2022,85,водитель автобуса,https://dialog.egov.kz/blogs/all-questions/750604
750100/2,"Обращение с регистрационным номером 750100/2, направленное в Блог [ЗАЯВИТЕЛЬ] РК [ЗАЯВИТЕЛЬ] отклонено ГО 25.08.2022",Правоохранительные органы,12.08.2022,2,тротуар разбит,
747283,"Доброго дня! Наш коллектив поддерживает введение лицензирования для детских садов, особенно наведения порядка требуется в частных садиках. В нашем коллективе, много детей и все посещали детские сады. Многие из них посещают сейчас. Мы взволнованы, что в садиках не соблюдаются усло",Свободная тема,12.07.2022,82,уличное освещение,https://dialog.egov.kz/blogs/all-questions/747283
747250,"Доброго дня! Обращаемся к Вам за помощью в решении жизненно-важного ЖИЛИЩНОГО вопроса. Вопрос жизни и смерти напрямую стоит перед жильцами 1 подъезда, дома 36, микрорайон 9, Ауэзовского района г. Алматы. В нашем 1 подъезде в квартире 4 проживает жилец [ЗАЯВИТЕЛЬ] Проживает один","Строительство, дольщики, жилищные проблемы",12.07.2022,109,не вывозят мусор,https://dialog.egov.kz/blogs/all-questions/747250
743479,"Добрый день. Мы жители п.Коксай просим Вас решить проблему с прорывом канализации в п.Теректи, Алатауского района, г.Алматы. При въезде в п.Коксай постоянно прорывает канализацию, на дорогах образовываются большие ямы, постоянно вонь, отходы текут в п.Коксай. Данный участок терр",О работе государственных органов (госуслуги),12.06.2022,97,яма на дороге,https://dialog.egov.kz/blogs/all-questions/743479
739013,"Уважаемый [ЗАЯВИТЕЛЬ]! Я, Кольченко [ЗАЯВИТЕЛЬ] проживающий по адресу г.Алматы, Наурызбайский район, микрорайон Акжар, ул. Саттилик 17А, обращаюсь к вам лично и от лица всех жителей проживающих в нашем районе по улице Аккол, Саттилик и Тараз.","Строительство, дольщики, жилищные проблемы",12.05.2022,105,не вывозят мусор,https://dialog.egov.kz/blogs/all-questions/739013
738982/1,"[ЗАЯВИТЕЛЬ] Алматы облысы,Қарасай ауданы, Іргелы ауылы, Жаңа жұлдыз 6 үйдің тұрғыны. [ЗАЯВИТЕЛЬ] ауданына қарағанымен, Алматы қаласының іргесінде орналасқан. 2004-2006 жж.бастап салынған ауыл. Құрылғанына 20 жылға таяп қалды. Алматының іргесінде тұрған",Транспорт,12.05.2022,93,жарық жоқ,https://dialog.egov.kz/blogs/all-questions/738993
738982,"[ЗАЯВИТЕЛЬ] Алматы облысы,Қарасай ауданы, Іргелы ауылы, Жаңа жұлдыз 6 үйдің тұрғыны. [ЗАЯВИТЕЛЬ] ауданына қарағанымен, Алматы қаласының іргесінде орналасқан. 2004-2006 жж.бастап салынған ауыл. Құрылғанына 20 жылға таяп қалды. Алматының іргесінде тұрған",Транспорт,12.05.2022,119,жарық жоқ,https://dialog.egov.kz/blogs/all-questions/738982
734951/1,"Уважаемый [ЗАЯВИТЕЛЬ]! Прошу Вас оказать методическую помощь в части определения об отнесении к опасным техническим устройствам ионообменных колонн, применяемых в технологическом процессе переработки продуктивных урансодержащих растворов. На предприятии применяетс",Нацкомпании,12.04.2022,211,не работает лифт,https://dialog.egov.kz/blogs/all-questions/734986
734951,"Уважаемый [ЗАЯВИТЕЛЬ]! Прошу Вас оказать методическую помощь в части определения об отнесении к опасным техническим устройствам ионообменных колонн, применяемых в технологическом процессе переработки продуктивных урансодержащих растворов. На предприятии применяетс",Нацкомпании,12.04.2022,112,не работает лифт,https://dialog.egov.kz/blogs/all-questions/734951
734842,"Добрый день Уважаемый [ЗАЯВИТЕЛЬ] Гилимов! Меня зовут [ЗАЯВИТЕЛЬ], хочу оставить жалобу на сотрудника комитета транспортного контроля [ЗАЯВИТЕЛЬ] за превышение своих полномочий и нарушение моих прав! А именно, я имею безлимитную месячную проездную карточку, нам выдаю",Транспорт,12.04.2022,111,водитель автобуса,https://dialog.egov.kz/blogs/all-questions/734842
721907,"Добрый день, [ЗАЯВИТЕЛЬ]! Обращаюсь не в первый раз в правительство, наверное я бы тоже была в строю митингующих, если бы не мои дети о которых я забочусь. Я многодетная мама, живу в Алматы, и в нашем районе нет газа, отопления, воды ни холодной ни горячей ни поливной, канали",Земельные вопросы,12.01.2022,87,нет освещения во дворе,https://dialog.egov.kz/blogs/all-questions/721907
721899,"Добрый день! Обращаюсь не в первый раз в правительство, наверное я бы тоже была в строю митингующих, если бы не мои дети о которых я забочусь. Я многодетная мама, живу в Алматы, и в нашем районе нет газа, отопления, воды ни холодной ни горячей ни поливной, канализаций, для детей",Образование,12.01.2022,90,нет освещения во дворе,https://dialog.egov.kz/blogs/all-questions/721899
721893/1,"Добрый день, [ЗАЯВИТЕЛЬ]! Обращаюсь не в первый раз в правительство, наверное я бы тоже была в строю митингующих, если бы не мои дети о которых я забочусь. Я многодетная мама, живу в Алматы, и в нашем районе нет газа,топлю углем, засоряем планету, нет отопления, воды ни",Свободная тема,12.01.2022,23,нет освещения во дворе,https://dialog.egov.kz/blogs/all-questions/721926
721893,"Добрый день, [ЗАЯВИТЕЛЬ]! Обращаюсь не в первый раз в правительство, наверное я бы тоже была в строю митингующих, если бы не мои дети о которых я забочусь. Я многодетная мама, живу в Алматы, и в нашем районе нет газа,топлю углем, засоряем планету, нет отопления, воды ни",Свободная тема,12.01.2022,304,нет освещения во дворе,https://dialog.egov.kz/blogs/all-questions/721893
721892,"Обращение с регистрационным номером 721892, направленное в Блог Уполномоченный по правам человека в РК [ЗАЯВИТЕЛЬ] находится на рассмотрении у ГО",Социальное обеспечение,12.01.2022,0,нет освещения во дворе,
721888,"Добрый день, [ЗАЯВИТЕЛЬ]! Обращаюсь не в первый раз в правительство, наверное я бы тоже была в строю митингующих, если бы не мои дети о которых я забочусь. Я многодетная мама, живу в Алматы, и в нашем районе нет газа, отопления, воды ни холодной ни горячей ни поливной, кан",Социальное обеспечение,12.01.2022,31,нет освещения во дворе,https://dialog.egov.kz/blogs/all-questions/721888
721884,"Добрый день! Обращаюсь не в первый раз в правительство, наверное я бы тоже была в строю митингующих, если бы не мои дети о которых я забочусь. Я многодетная мама, живу в Алматы, и в нашем районе нет газа, отопления, воды ни холодной ни горячей ни поливной, канализаций, для детей",Социальное обеспечение,12.01.2022,81,нет освещения во дворе,https://dialog.egov.kz/blogs/all-questions/721884
721881/1,"Добрый день! Обращаюсь не в первый раз в правительство, наверное я бы тоже была в строю митингующих, если бы не мои дети о которых я забочусь. Я многодетная мама, живу в Алматы, и в нашем районе нет газа, отопления, воды ни холодной ни горячей ни поливной, канализаций, для детей",Социальное обеспечение,12.01.2022,25,нет освещения во дворе,https://dialog.egov.kz/blogs/all-questions/721913
721881,"Добрый день! Обращаюсь не в первый раз в правительство, наверное я бы тоже была в строю митингующих, если бы не мои дети о которых я забочусь. Я многодетная мама, живу в Алматы, и в нашем районе нет газа, отопления, воды ни холодной ни горячей ни поливной, канализаций, для детей",Социальное обеспечение,12.01.2022,91,нет освещения во дворе,https://dialog.egov.kz/blogs/all-questions/721881
721877,"Добрый день! Обращаюсь не в первый раз в правительство, наверное я бы тоже была в строю митингующих, если бы не мои дети о которых я забочусь. Я многодетная мама, живу в Алматы, и в нашем районе нет газа, отопления, воды ни холодной ни горячей ни поливной, канализаций, для детей",Социальное обеспечение,12.01.2022,251,нет освещения во дворе,https://dialog.egov.kz/blogs/all-questions/721877
721864,"Добрый день, [ЗАЯВИТЕЛЬ]! Обращаюсь не в первый раз в правительство, наверное я бы тоже была в строю митингующих, если бы не мои дети о которых я забочусь. Я многодетная мама, живу в Алматы, и в нашем районе нет газа, отопления, воды ни холодной ни горячей ни поливной, кан",Социальное обеспечение,12.01.2022,37,нет освещения во дворе,https://dialog.egov.kz/blogs/all-questions/721864
721862,"Добрый день, [ЗАЯВИТЕЛЬ]! Обращаюсь не в первый раз в правительство, наверное я бы тоже была в строю митингующих, если бы не мои дети о которых я забочусь. Я многодетная мама, живу в Алматы, и в нашем районе нет газа, отопления, воды ни холодной ни горячей ни поливной, канал",Социальное обеспечение,12.01.2022,146,нет освещения во дворе,https://dialog.egov.kz/blogs/all-questions/721862
721770,"Аса құрметті Министр, Аймағамбетов [ЗАЯВИТЕЛЬ] мырза! Сізді ең алдымен Президентіміз – Қасым-[ЗАЯВИТЕЛЬ] Тоқаев мырзаның бастамасымен бастау алған [ЗАЯВИТЕЛЬ] бағытының су жаңа Министрі лауазымына жаңадан сайлануыңызбен құттықтаймын! Менің атым-Жансерік. [ЗАЯВИТЕЛЬ]",Наука,12.01.2022,114,жарық жоқ,https://dialog.egov.kz/blogs/all-questions/721770
761518,"Здравствуйте Уважаемый Аким! Я житель Алматинской области Илийский район п.М Туймебаев. Я ранее писал вам обращение по поводу участка дороги который необходимо было отремонтировать, подъездные пути от ПКСТ Алмагуль, так вот хочу поблагодарить Вас дорогу наконец отремонтировали, з",Регионы,11.12.2022,91,уличное освещение,https://dialog.egov.kz/blogs/all-questions/761518
758949,"Уважаемая, [ЗАЯВИТЕЛЬ]! Наша организация занимается добычей урана методом ПСВ в системе АО «НАК «Казатомпром» Недавно в нашей организации прошла плановая профилактическая проверка со стороны областного [ЗАЯВИТЕЛЬ] промышленной безопасности [ЗАЯВИТЕЛЬ]. По результатам пла",Свободная тема,11.11.2022,100,нет горячей воды,https://dialog.egov.kz/blogs/all-questions/758949
758945,"Саламатсыз ба мен І-топ мүгедекпін, сирек кездесетін «Арқа бұлшық ет атрофиясымен ауырамын. 2021 жылдың 9-сәуір күні Мырзакент ауруханасына «Спинараза»дәрісін алу мақсатында құжаттарымды рәсімдеп,Түркістан облыстық денсаулық сақтау басқармасына тапсырдым. 2022 жылдың 07-қараша кү",Здравоохранение,11.11.2022,76,не топят,https://dialog.egov.kz/blogs/all-questions/758945
756957,"Необоснованное предъявление предписания ТОО ""Алматинские тепловые сети"" от 25 марта 2022 года о том, что мы пользуемся услугами тепловой энергии и горячей воды.","Строительство, дольщики, жилищные проблемы",11.10.2022,106,нет горячей воды,https://dialog.egov.kz/blogs/all-questions/756957
756926,"Настоящим письмом, дольщики ЖК «Capital Park Flowers» просят произвести замену грузовых и пассажирских лифтов ЖК Capital Park flowers 5B- 1 и 5B-2, расположенного по адресу: г. Астана, улица 38-я, дом 11 (3-4 подъезды.) и дом 11/1 (1-6 подъезды). В связи с неоднократным нарушен","Строительство, дольщики, жилищные проблемы",11.10.2022,88,не работает лифт,https://dialog.egov.kz/blogs/all-questions/756926
756871/1,"От городского акимата и отдела ЖКХ г. Усть-Каменогорск ВКО на свое обращение получаем лишь формальные ответы и обещания, но никакие реальные действия не производятся! Так, в период с 2020-2022 гг. жители садоводческих товариществ «Ветеран-Инвестор», «Радуга», «Самоцветы», «Черем",Свободная тема,11.10.2022,112,автобус не ходит,https://dialog.egov.kz/blogs/all-questions/756930
756798/1,Құрметті мемлекеттік қызмет істер агенттігі төрағасы менің шағым жазу себебім .Шымкент қаласы Қаратау ауданы әкімі ұйымдастырумен аптасына бір екі кун болатын қалалық жәрменкеде тәтті тағамдар екі орында қасымда бірінші топ мүгедек сіңілімен бес алты жыл жұмыс істедім .Шымкент қа,О работе государственных органов (госуслуги),11.10.2022,95,не топят,https://dialog.egov.kz/blogs/all-questions/756970
753738,"Обращение с регистрационным номером 753738, направленное в Блог Уполномоченный по правам человека в РК [ЗАЯВИТЕЛЬ] находится на рассмотрении у ГО",Правоохранительные органы,11.09.2022,0,су жоқ,
750517,"Добрый день, уже не однократно обращалась по вопросу освещения и озеленения по адресу Лободы дом 46,согласно ответа на обращение номер ""740156"", до 1го августа должны были произвести работы, но как двор был тёмным, так и остался. Аварийные деревья так же стоят нетронут",Свободная тема,11.08.2022,68,нет освещения во дворе,https://dialog.egov.kz/blogs/all-questions/750517
750505,"Уважаемый [ЗАЯВИТЕЛЬ]! Я, Абилов [ЗАЯВИТЕЛЬ], проживающий по адресу: г. Нур-Султан, Ул. Отырар, д.9, прошу Вас посодействовать скорейшему решению вопроса прокладки труб теплотрассы вдоль нашего дома. Данный участок АО «Астана-Теплотранзит» перекопали с 2019 года. Ра","Строительство, дольщики, жилищные проблемы",11.08.2022,66,нет асфальта,https://dialog.egov.kz/blogs/all-questions/750505
750457,"На мои неоднократные обращения к Вам по поводу не рабочих светофоров на оживлённом перекрёстке рядом с ресторанным комплексом ""Zaman"" по адресу микрорайон Голубые пруды 18а, Вы даёте мне ответы с реальными сроками когда работы будут выполнены. Но светофоры до сих пор та",Транспорт,11.08.2022,69,не работает светофор,https://dialog.egov.kz/blogs/all-questions/750457
750451,"Добрый день! Прошу принять меры в отношении застройщика дома, который расположен в г. Алматы по улице Манаса, дом 7В, между домами номер 9 по улице Манаса и домом 644 по улице Ауэзова, Алмалинский район, скриншот точно адреса во вложении. Данная стройка продолжается уже не пер","Строительство, дольщики, жилищные проблемы",11.08.2022,79,нет асфальта,https://dialog.egov.kz/blogs/all-questions/750451
750100/1,Министру внутренних дел Республики Казахстан г -ну [ЗАЯВИТЕЛЬ] Адрес: город Нурсултан проспект Тауелсиздик 1 Генеральному прокурору Республики Казахстан г-ну [ЗАЯВИТЕЛЬ] Адрес: город Нурсултан улица [ЗАЯВИТЕЛЬ] 14 [ЗАЯВИТЕЛЬ] по противодействи,Правоохранительные органы,11.08.2022,83,тротуар разбит,https://dialog.egov.kz/blogs/all-questions/750514
743416,Уважаемый [ЗАЯВИТЕЛЬ]! 5 июня 2022 года состоялся исторический Референдум. Наш народ проявил свою зрелость и поддержал принятие поправок в [ЗАЯВИТЕЛЬ] Казахстан. [ЗАЯВИТЕЛЬ] Казахстан Касым-[ЗАЯВИТЕЛЬ] его программу «Новый Казахстан» под,Свободная тема,11.06.2022,147,автобус не ходит,https://dialog.egov.kz/blogs/all-questions/743416
738770,"Добрый день. У моего дома (Вознесенская, 2) стоит мусорный бак. При проводимых субботниках акиматом было заявлено, чтобы мусор выносили в бакам для мусора и впоследствии он должен быть вывезен. За два субботника в апрелке и мае нам около бака накидали кучу мусора в виде травы, ве","Строительство, дольщики, жилищные проблемы",11.05.2022,137,не вывозят мусор,https://dialog.egov.kz/blogs/all-questions/738770
738684,"Сәлеметсіз бе! Мен, Аблекова [ЗАЯВИТЕЛЬ], м.ж.: Тараз қ., Аскарова көшесі 295 г., 7-і кәмелетке толмаған балдарыммен тұрмын. Біздің үй жақта өте қараңғы, жарық жоқ. (Нет освещения, очень темно). Түнде шығу қорқынышты. Көшенің басында 7-інші түрме бар. Тараз қаласы, Асқаро",Социальное обеспечение,11.05.2022,131,жарық жоқ,https://dialog.egov.kz/blogs/all-questions/738684
738683,"Сәлеметсіз бе! Мен, Аблекова [ЗАЯВИТЕЛЬ], м.ж.: Тараз қ., Аскарова көшесі 295 г., 7-і кәмелетке толмаған балдарыммен тұрмын. Біздің үй жақта өте қараңғы, жарық жоқ. (Нет освещения, очень темно). Түнде шығу қорқынышты. Көшенің басында 7-інші түрме бар. Тараз қаласы, Асқаро",Социальное обеспечение,11.05.2022,94,жарық жоқ,https://dialog.egov.kz/blogs/all-questions/738683
734818,"Уважаемый [ЗАЯВИТЕЛЬ],пишут Вам потребители с города Сатпаев,Карагандинской области. Наше обращение состоит в том,что ПТВС г.Сатпаев,ссылается на температурный режим,который подается с ПТЭ г.Сатпаев. Температура подачи горячей воды и отопления в в системах не отвечает нормам.",Свободная тема,11.04.2022,89,холодные батареи,https://dialog.egov.kz/blogs/all-questions/734818
734626,"Здравствуйте! К меня так же вопрос по общественному транспорту города Алматы. В своем ответе [ЗАЯВИТЕЛЬ], которая оставила обращение 08.04.2022 года, Вы ответили: ""... Перевозчику было направлено поручение провести разъяснительную беседу с водительским составом д",Транспорт,11.04.2022,89,водитель автобуса,https://dialog.egov.kz/blogs/all-questions/734626
734622,"Уважаемый Аким! Я являюсь жителем города Караганда, ранее подавал запрос 705745, на него не получил полный ответ, кто контролирует предоставление ответов ? по данной жалобе так же ничего не устранено, предлагаю, что бы провели выезд ваших работников и посмотрели и объяснили как",О работе государственных органов (госуслуги),11.04.2022,96,разбитая дорога,https://dialog.egov.kz/blogs/all-questions/734622
734603,"Обращение с регистрационным номером 734603, направленное в Блог [ЗАЯВИТЕЛЬ] РК [ЗАЯВИТЕЛЬ] отклонено ГО 25.04.2022",Свободная тема,11.04.2022,6,жарық жоқ,
734601,"Жамбыл облысы Тараз қаласы 15 ші мөлтек ауданы 27 үй тұрғыны атынан хат жолдаймын. Құрметті басшы мырзалар!!! біз жаңа пәтерімізге көшіп келгелі 2 жылдан асып жатыр, 15 мөлтек ауданында 20 шы дамнан бастап соңына дейін қалалық электр жүйесіне бүгінгі күнге дейін қосылмаған, бі",Свободная тема,11.04.2022,73,жарық жоқ,https://dialog.egov.kz/blogs/all-questions/734601
734517/1,"Добрый День. [ЗАЯВИТЕЛЬ] с ВКО г.Семей В г.Семей по улице Терешкой в начале улицы расположены многочисленные базы, поток большегрузных авто очень большой, в связи с чем как заканчивается асфальтированная дорога и начинается проселочная , проселочная дорога вся разбита и продавлена,",Транспорт,11.04.2022,97,разбитая дорога,https://dialog.egov.kz/blogs/all-questions/734726
721729,"Уважаемый [ЗАЯВИТЕЛЬ], обращаюсь к вам по просьбе жителей города, угла улиц Муканова и Университетской. В нашем районе расположен большой пустырь за домами по адресу Муканова 6/2 и Муканова 6/3, на данном пустыре постоянна наблюдается, стихийная свалка, вдоль теплотрассы",Свободная тема,11.01.2022,88,стихийная свалка,https://dialog.egov.kz/blogs/all-questions/721729
721681,"Здравствуйте. Меня как и всех остальных обманутых дольщиков Астаны, в частности ЖК Шыгыс группа 2А (8 подъезд) интересует вопрос ужасающих признаков коррупции и ""закатанных в бетон"" бюджетных средств выделенных государством на завершение строительства проблемных объекто","Строительство, дольщики, жилищные проблемы",11.01.2022,80,не работает лифт,https://dialog.egov.kz/blogs/all-questions/721681
721643/1,"Добрый день, ранее мной был выкуплен билет на рейс Алматы - Уральск, Актобе -Алматы на сайте агентства Авиата КЗ. Однако рейс по маршруту Актобе- Алматы был отменен, возврат данного билета заранее не предоставлялось возможным из за отсутствия интернета в виду введенного чрезвычай",Транспорт,11.01.2022,105,отменили маршрут,https://dialog.egov.kz/blogs/all-questions/721680
721643,"Добрый день, ранее мной был выкуплен билет на рейс Алматы - Уральск, Актобе -Алматы на сайте агентства Авиата КЗ. Однако рейс по маршруту Актобе- Алматы был отменен, возврат данного билета заранее не предоставлялось возможным из за отсутствия интернета в виду введенного чрезвычай",Транспорт,11.01.2022,91,отменили маршрут,https://dialog.egov.kz/blogs/all-questions/721643
758847,"Здравствуйте, [ЗАЯВИТЕЛЬ]. Лицензирование деятельности в сфере архитектуры, градостроительства и строительства, осуществляется в соответствии с [ЗАЯВИТЕЛЬ] Казахстан «О разрешениях и уведомлениях» (далее – Закон). На основании пункта 6 статьи 17 Закона, в приложени",Свободная тема,10.11.2022,110,нет холодной воды,https://dialog.egov.kz/blogs/all-questions/758847
756913,"[ЗАЯВИТЕЛЬ] Мы, владельцы квартир ЖК «Шолпан сити» обращаемся к вам по поводу изменения первоначального проекта дома, без одобрения соответствующих государственных структур РК. Согласно статье №40 Закона «О жилищных отношениях» при пере","Строительство, дольщики, жилищные проблемы",10.10.2022,108,нет холодной воды,https://dialog.egov.kz/blogs/all-questions/756913
756871,"От городского акимата и отдела ЖКХ г. Усть-Каменогорск ВКО на свое обращение получаем лишь формальные ответы и обещания, но никакие реальные действия не производятся! Так, в период с 2020-2022 гг. жители садоводческих товариществ «Ветеран-Инвестор», «Радуга», «Самоцветы», «Черем",Свободная тема,10.10.2022,105,автобус не ходит,https://dialog.egov.kz/blogs/all-questions/756871
756870,"От городского акимата и отдела ЖКХ г. Усть-Каменогорск ВКО на свое обращение получаем лишь формальные ответы и обещания, но никакие реальные действия не производятся! Так, в период с 2020-2022 гг. жители садоводческих товариществ «Ветеран-Инвестор», «Радуга», «Самоцветы», «Черем",Свободная тема,10.10.2022,108,автобус не ходит,https://dialog.egov.kz/blogs/all-questions/756870
756869,"От городского акимата и отдела ЖКХ г. Усть-Каменогорск ВКО на свое обращение получаем лишь формальные ответы и обещания, но никакие реальные действия не производятся! Так, в период с 2020-2022 гг. жители садоводческих товариществ «Ветеран-Инвестор», «Радуга», «Самоцветы», «Черем",Свободная тема,10.10.2022,98,автобус не ходит,https://dialog.egov.kz/blogs/all-questions/756869
756868,"От городского акимата и отдела ЖКХ г. Усть-Каменогорск ВКО на свое обращение получаем лишь формальные ответы и обещания, но никакие реальные действия не производятся! Так, в период с 2020-2022 гг. жители садоводческих товариществ «Ветеран-Инвестор», «Радуга», «Самоцветы», «Черем",Свободная тема,10.10.2022,86,автобус не ходит,https://dialog.egov.kz/blogs/all-questions/756868
756724/1,"Копия письма в Партию «Аманат» Копия письма в «Управление жилья и жилищной инспекции» Уважаемый [ЗАЯВИТЕЛЬ] ! Просим Вас помочь в вопросе жилого дома по ул. Пушкина дом 13, наш дом не подготовлен обслуживающей организацией «[ЗАЯВИТЕЛЬ]» к отопительному сезону 2022 году, в",О работе государственных органов (госуслуги),10.10.2022,96,нет горячей воды,https://dialog.egov.kz/blogs/all-questions/756900
753714,"Обращение с регистрационным номером 753714, направленное в Блог [ЗАЯВИТЕЛЬ] РК [ЗАЯВИТЕЛЬ] отклонено ГО 27.09.2022",О работе государственных органов (госуслуги),10.09.2022,3,қоғамдық көлік,
750392,"Обращение с регистрационным номером 750392, направленное в Блог [ЗАЯВИТЕЛЬ] РК [ЗАЯВИТЕЛЬ] отклонено ГО 24.08.2022",Правоохранительные органы,10.08.2022,3,су жоқ,
749930/2,"Обращение с регистрационным номером 749930/2, направленное в Блог Министр науки и высшего образования РК [ЗАЯВИТЕЛЬ] находится на рассмотрении у ГО",Образование,10.08.2022,2,жол жөндеу,
749930/1,"Обращение с регистрационным номером 749930/1, направленное в Блог [ЗАЯВИТЕЛЬ] РК [ЗАЯВИТЕЛЬ] отклонено ГО 24.08.2022",Образование,10.08.2022,0,жол жөндеу,
743325,"Здравствуйте, ожидается в ближайшем будущем, электрофикация железных дорог и двухпутка в Западном регионе Казахстана? Когда будет железная дорога с Уральска до Атырау??? с Атырау до Индербора уже есть дорога, неужели сложно проложить до Уральска? Этот вопрос поднимался ранее! Сей",Транспорт,10.06.2022,114,разбитая дорога,https://dialog.egov.kz/blogs/all-questions/743325
734556,"Здравствуйте, уважаемый [ЗАЯВИТЕЛЬ]. На перекрестке улиц Рабочая и Бородина уже около недели работает только один светофор из четырех. Начали случаться аварии.",Свободная тема,10.04.2022,106,не работает светофор,https://dialog.egov.kz/blogs/all-questions/734556
730326,"Добрый день, Уважаемый [ЗАЯВИТЕЛЬ] и общественный Совет города Усть-[ЗАЯВИТЕЛЬ], жильцы дома, расположенного по адресу Набережная им. Славского 18. Просим Вас решить вопрос по благоустройству нашего двора, который расположен в центре города Усть","Строительство, дольщики, жилищные проблемы",10.03.2022,121,нет освещения во дворе,https://dialog.egov.kz/blogs/all-questions/730326
726478,"Здравствуйте уважаемый Аким. Не раз обращались в наш КСК по поводу освещения двора. В том году нам установили новое освещение, НО почему то оно не горит. В КСК нам сказали, что акимат отключает. Мы каждый месяц оплачиваем коммунальные услуги. Хочется спросить на каком основании","Строительство, дольщики, жилищные проблемы",10.02.2022,32,нет освещения во дворе,https://dialog.egov.kz/blogs/all-questions/726478
726347,"Добрый день! Я Есенжолова [ЗАЯВИТЕЛЬ] беременная с помощью ЭКО встала на учет 9 поликлиники дали направления на 1 скрининг 08.02.22 8,00 но меня не приняли так как я взяла не тот талон, меня на счет талона не кто не сообщил я пришла 7,30 мне санитарка спросила взяла ли",Здравоохранение,10.02.2022,236,не работает лифт,https://dialog.egov.kz/blogs/all-questions/726347
721601,"Здравствуйте. Меня как и всех остальных обманутых дольщиков Астаны, в частности ЖК Шыгыс группа 2А (8 подъезд) интересует вопрос ужасающих признаков коррупции и ""закатанных в бетон"" бюджетных средств выделенных государством на завершение строительства проблемных объекто","Строительство, дольщики, жилищные проблемы",10.01.2022,82,не работает лифт,https://dialog.egov.kz/blogs/all-questions/721601
721600,"Обращение с регистрационным номером 721600, направленное в Блог [ЗАЯВИТЕЛЬ] РК [ЗАЯВИТЕЛЬ] отклонено ГО 25.01.2022","Строительство, дольщики, жилищные проблемы",10.01.2022,17,не работает лифт,
761457,"Министер мырза менің № 753897/1 13/09/2022 хатыма қашан жауап қайтарасыздар??? Алматы облысының әкім 13 қазанда жауап берем деген, содан бері міне 2 айдың жүзі болды. Мен 1 аптаның ішінде жауап берілмесе сотқа жүгінуіме тура келеді.....! Алматы облысы Іле ауданы Ащыбұлақ окру",Транспорт,09.12.2022,73,қоғамдық көлік,https://dialog.egov.kz/blogs/all-questions/761457
761455,753897/1 13/09/2022 менің хатыма қашан жауап қайтарасыз??? Алматы облысы Іле ауданы Ащыбұлақ округі Төле би ауылы Бөлек батыр к-сі №4 үй тұрғыны Қоғамдық кеңес төрайымы [ЗАЯВИТЕЛЬ] Байланыс телефон: + 7 701 295 06 74 ЖСН [ИИН] Ашық хат Ащыбұлақ ок,Транспорт,09.12.2022,76,қоғамдық көлік,https://dialog.egov.kz/blogs/all-questions/761455
761447,"Доброго времени суток! Я житель города Актобе ЖМ Каргалы ул. Байтерек- у меня к Вам интересный вопрос живу здесь на протяжении долгого времени на нашей улице нет элементарного освещения. Улица Байтерек расположена вдоль Орской трассы у лесополосы, года 4 назад были установлены на",Свободная тема,09.12.2022,719,уличное освещение,https://dialog.egov.kz/blogs/all-questions/761447
761423,"Здравствуйте. Я являюсь жильцом ЖК ""Ақжайык"", по улице Мангилик ел 19/2. Просим Ваш помочь в решение вопроса касательно подачи тепла в нашем доме. Дело в том что, у нас в квартирах холодно, батареи слабо греют, Обслуживающая компания ссылается что город так подает тепло",Свободная тема,09.12.2022,69,холодные батареи,https://dialog.egov.kz/blogs/all-questions/761423
758791,"Құрметті [ЗАЯВИТЕЛЬ]! Сізге 14.09.2022 жылы Түркістан қаласы Жаңа қала мөлтекауданы 5/1 үй 8 пәтер сыртындағы қаптауыш тастар түсіп қалғандығын, соның себебіне үйге суық кіріп үй жылынбайтындығын айтып өтініш қалдырған болатынмын. Өтінішке ""Қайырлы күн! Жаңа қала мөл","Строительство, дольщики, жилищные проблемы",09.11.2022,91,пәтер суық,https://dialog.egov.kz/blogs/all-questions/758791
758784,"Саламатсызба [ЗАЯВИТЕЛЬ] мен Тұран 2 , мөлтек ауданы 58-А үй тұрғыны мемлекеттік бағдарламамен үй кезегіне 2016-жылы тұрып, 2022 жылдың қыркүйек айында ипотекаға үй алдым. Қазіргі уақытта жаңа үй деген аты болмаса, ол үйде тұруымыз қорқынышты. Пәтеріміздің іші жақсы жы","Строительство, дольщики, жилищные проблемы",09.11.2022,65,лифт жұмыс істемейді,https://dialog.egov.kz/blogs/all-questions/758784
758783,ҚР Ішкі істер министрі [ЗАЯВИТЕЛЬ] мырзаға Арыз «Жемқорлыққа жол жоқ» Республикалық қоғамдық саяси мәдени газетінің редакциясына 19 қыркүйек 2022 жылы Түркістан облысы Бәйдібек ауданы Мыңбұлақ ауылы тұрғыны [ЗАЯВИТЕЛЬ],Правоохранительные органы,09.11.2022,63,қоғамдық көлік,https://dialog.egov.kz/blogs/all-questions/758783
758769,"Здравствуйте г-н [ЗАЯВИТЕЛЬ] Ногаев, Прошу вас посодействовать жителям дома №55 микрорайона №4 г. Актау В соответствии со ст.11 Закона Республики Казахстан от 16 ноября 2015 года «О доступе к информации» прошу вас посодействовать в получении следующей информации: 1)","Строительство, дольщики, жилищные проблемы",09.11.2022,80,нет освещения во дворе,https://dialog.egov.kz/blogs/all-questions/758769
758700/1,"Здравствуйте! Уважаемый аким Алматинской области Султангазиев [ЗАЯВИТЕЛЬ]! Обращаюсь от лица жильцов города Конаев, 3 микрорайона дома 8 и магазина 8/1. Не раз обращались за решением проблемы затопления после дождя. Акимат игнорирует, а это находится в самом центре города.",Регионы,09.11.2022,96,нет асфальта,https://dialog.egov.kz/blogs/all-questions/758778
753667,"Обращение с регистрационным номером 753667, направленное в Блог [ЗАЯВИТЕЛЬ] РК [ЗАЯВИТЕЛЬ] отклонено ГО 30.09.2022",Правоохранительные органы,09.09.2022,2,жол жөндеу,
753583,"Обращение с регистрационным номером 753583, направленное в Блог [ЗАЯВИТЕЛЬ] РК [ЗАЯВИТЕЛЬ] отклонено ГО 27.09.2022",О работе государственных органов (госуслуги),09.09.2022,0,жол бұзылған,
753582,"Шағым /лауазымды тұлға [ЗАЯВИТЕЛЬ] заңсыз іс әрекеттері туралы/ Менің шағым беру себебім, Ақмола облысының денсаулық сақтау басқармасы мемлекеттік мекемесінің басшысы [ЗАЯВИТЕЛЬ] заңсыз әрекеттері үшін менің құқықтарыммен мүдделерім бұзылуда. Атап айтқанда, білім мекемес",О работе государственных органов (госуслуги),09.09.2022,89,жол бұзылған,https://dialog.egov.kz/blogs/all-questions/753582
750222,"Аса қадірменді [ЗАЯВИТЕЛЬ] мен Кулжанов [ЗАЯВИТЕЛЬ] Үрпек ауылының тұрғынымын. Үрпек ауылы Совет үкіметі құлағаннан кейін ауыл тұрғындарының еңбекқорлығы және табандылығы арқасында сақталып қалған Амангелді ауданының алдыңғы қатарлы ауылдарының бірі, әрі бірегейі.","Строительство, дольщики, жилищные проблемы",09.08.2022,100,су жоқ,https://dialog.egov.kz/blogs/all-questions/750222
750216,"Добрый день. Прошу Вас проложить асфальт на участке, расположенном в конце улицы Калдаякова. Начиная от ЖК Мынжылдык до ЖК Урбан (Калдаякова 40, 40/1 и 40/2). Ранее жители ЖК Урбан подавали заявку на продление маршрутов 3 и 14. Пришел отказ, т.к. качество дороги не позволяет этог",Транспорт,09.08.2022,72,нет асфальта,https://dialog.egov.kz/blogs/all-questions/750216
750171,"Добрый день. Уважаемый [ЗАЯВИТЕЛЬ], Прошу принять меры. 08/08/22 в 19,00 ч. произошло отключение электричества ул.Иссыкская уг .ул. Жангильдина, весь вечер пытались дозвониться в РЭС 1 г. Алматы, дозвониться удалось только 1 раз, при этом сотрудники очень грубые, не досл",О работе государственных органов (госуслуги),09.08.2022,84,не работает светофор,https://dialog.egov.kz/blogs/all-questions/750171
750144,"Добрый день! Обращаюсь повторно к Вам, касательно уличного освещения улицы Отеген 126/1 в с.Кордай. После обращения с выездом на местность по вышеуказанному адресу выехал зам.акима Кордайского сельского округа, который в свою очередь пообещал сделать уличное освещение в ближаещее",Свободная тема,09.08.2022,77,уличное освещение,https://dialog.egov.kz/blogs/all-questions/750144
750134,"Обращение с регистрационным номером 750134, направленное в Блог Председатель Агентства РК по противодействию коррупции (Антикоррупционной службы) [ЗАЯВИТЕЛЬ] отклонено ГО 10.08.2022",Здравоохранение,09.08.2022,3,нет холодной воды,
750112,"Прошу вас принять меры в отношении безответственного и халатного отношения к своим обязанностям ответственных лиц акимата Сайрамского района ,а также других ответственных лиц. Дело в том .что я с начала года не могу добиться стабильного , упорядоченного вывоза мусора из своего",О работе государственных органов (госуслуги),09.08.2022,71,не вывозят мусор,https://dialog.egov.kz/blogs/all-questions/750112
747043,"Уважаемый [ЗАЯВИТЕЛЬ]! В 2020 году был отремонтирован тротуар вдоль дороги по улице Алтынсарина от ул.Кошерова до ул.Атамекен в мкр.Кайтпас-1, г.Шымкент. По непонятной причине в процессе ремонта тротуара был снят асфальт с самой дороги, шириной до метра. В результате чего","Строительство, дольщики, жилищные проблемы",09.07.2022,76,яма на дороге,https://dialog.egov.kz/blogs/all-questions/747043
743239,"[ЗАЯВИТЕЛЬ] о ненадлежащем исполнении своих обязанностей ТОО «Базис А» и КСК «Барит» в отношении сдачи в эксплуатацию ЖК «Миллениум парк-Аллея тысячелетия», находящегося по адресу: г. Нур-Султан, р-н Алматы, ул. 23-15, дом 11Б. Как известно, Холдинговая компания «Bazis A» раб","Строительство, дольщики, жилищные проблемы",09.06.2022,78,нет холодной воды,https://dialog.egov.kz/blogs/all-questions/743239
743238,"[ЗАЯВИТЕЛЬ] о ненадлежащем исполнении своих обязанностей ТОО «Базис А» и КСК «Барит» в отношении сдачи в эксплуатацию ЖК «Миллениум парк-Аллея тысячелетия», находящегося по адресу: г. Нур-Султан, р-н Алматы, ул. 23-15, дом 11Б. Как известно, Холдинговая компания «Bazis A» раб","Строительство, дольщики, жилищные проблемы",09.06.2022,30,нет холодной воды,https://dialog.egov.kz/blogs/all-questions/743238
743237,"[ЗАЯВИТЕЛЬ] о ненадлежащем исполнении своих обязанностей ТОО «Базис А» и КСК «Барит» в отношении сдачи в эксплуатацию ЖК «Миллениум парк-Аллея тысячелетия», находящегося по адресу: г. Нур-Султан, р-н Алматы, ул. 23-15, дом 11Б. Как известно, Холдинговая компания «Bazis A» раб","Строительство, дольщики, жилищные проблемы",09.06.2022,109,нет холодной воды,https://dialog.egov.kz/blogs/all-questions/743237
743092,"Обращение с регистрационным номером 743092, направленное в Блог Уполномоченный по правам человека в РК [ЗАЯВИТЕЛЬ] находится на рассмотрении у ГО",Правоохранительные органы,09.06.2022,0,разбитая дорога,
743091,Қазақстан республикасының президенті Қ.[ЗАЯВИТЕЛЬ] мырзаға,Правоохранительные органы,09.06.2022,82,разбитая дорога,https://dialog.egov.kz/blogs/all-questions/743091
743090,"Обращение с регистрационным номером 743090, направленное в Блог [ЗАЯВИТЕЛЬ] РК [ЗАЯВИТЕЛЬ] отклонено ГО 23.06.2022",Правоохранительные органы,09.06.2022,0,разбитая дорога,
738628,"Обращение с регистрационным номером 738628, направленное в Блог Аким Актюбинской области [ЗАЯВИТЕЛЬ] отклонено ГО 11.05.2022",О работе государственных органов (госуслуги),09.05.2022,5,разбитая дорога,
734518,"Добрый День. [ЗАЯВИТЕЛЬ] с ВКО г.Семей В г.Семей по улице Терешкой в начале улицы расположены многочисленные базы, поток большегрузных авто очень большой, в связи с чем как заканчивается асфальтированная дорога и начинается проселочная , проселочная дорога вся разбита и продавлена,",Транспорт,09.04.2022,74,разбитая дорога,https://dialog.egov.kz/blogs/all-questions/734518
734517,"Добрый День. [ЗАЯВИТЕЛЬ] с ВКО г.Семей В г.Семей по улице Терешкой в начале улицы расположены многочисленные базы, поток большегрузных авто очень большой, в связи с чем как заканчивается асфальтированная дорога и начинается проселочная , проселочная дорога вся разбита и продавлена,",Транспорт,09.04.2022,100,разбитая дорога,https://dialog.egov.kz/blogs/all-questions/734517
730162,"Добрый день. Обращаюсь к Вам от имени жителей комплекса, как Акиму города Алматы. Я являюсь жителем Наурызбайского района города Алматы, Жилой комплекс Премьера. На момент приобретения квартиры в данном жилом комплексе в 2016 году, все дороги, фонари, детские площадки были в испр","Строительство, дольщики, жилищные проблемы",09.03.2022,55,детская площадка сломана,https://dialog.egov.kz/blogs/all-questions/730162
726273,"Уважаемый [ЗАЯВИТЕЛЬ]! Правилами приобретения недропользователями и их подрядчиками товаров, работ и услуг, используемых при проведении операций по добыче твердых полезных ископаемых, утвержденными [ЗАЯВИТЕЛЬ] по инвестициям и развитию Республики Казахстан от 21 мая 2",Свободная тема,09.02.2022,153,не вывозят мусор,https://dialog.egov.kz/blogs/all-questions/726273
761369,Вечер добрый. Прошу Акимат г. Алматы и соответствующие службы города провести служебную проверку юго-восточной части (от центрального входа) национальной библиотеки г Алматы на пр. Абылай-Хана и Абая. С момента капитального ремонта на данной территории здесь уже давным давно (к,Свободная тема,08.12.2022,87,не горят фонари,https://dialog.egov.kz/blogs/all-questions/761369
761341,"Доброго времени суток! Приобрели квартиру в городе Алматы на 12 этаже ([ЗАЯВИТЕЛЬ] жырау, 23). На техническом этаже расположены помещения, которые сдаются в аренду. Арендаторы работают круглосуточно, вследствие чего лифт работает без остановки 24/7. Наша квартира расположена по","Строительство, дольщики, жилищные проблемы",08.12.2022,99,не работает лифт,https://dialog.egov.kz/blogs/all-questions/761341
758727,"Здравствуйте. Я [ЗАЯВИТЕЛЬ] житель города Жанаозен, гражданин с ограниченными возможностями 1й группы. Дело в том что с 2019- 20 года обращался в акимат, и лично к акиму города, тогда еще г-ну Ибагарову по поводу дорог по месту проживания Арай 1. ул [ЗАЯВИТЕЛЬ], а именно съе",О работе государственных органов (госуслуги),08.11.2022,60,нет асфальта,https://dialog.egov.kz/blogs/all-questions/758727
758700,"Здравствуйте! Уважаемый аким Алматинской области Султангазиев [ЗАЯВИТЕЛЬ]! Обращаюсь от лица жильцов города Конаев, 3 микрорайона дома 8 и магазина 8/1. Не раз обращались за решением проблемы затопления после дождя. Акимат игнорирует, а это находится в самом центре города.",Регионы,08.11.2022,84,нет асфальта,https://dialog.egov.kz/blogs/all-questions/758700
758653,"Я житель дома №55 микрорайона №4 города Актау, прошу Вас посодействовать мне и жителям дома, в разъяснении вопроса о законности строительства, на территории, прилегающей к нашему дому. На свободном участке перед домом, усаженным зелёными насаждениями, начинается строительство об","Строительство, дольщики, жилищные проблемы",08.11.2022,76,нет освещения во дворе,https://dialog.egov.kz/blogs/all-questions/758653
756799,Құрметті ҚР Сыбайлас жемқорлыққа қарсы іс қимыл Агенттігі төрағасы.Мен ШЫМКЕНТ [ЗАЯВИТЕЛЬ] ..ШЫМКЕНТ [ЗАЯВИТЕЛЬ],О работе государственных органов (госуслуги),08.10.2022,104,не топят,https://dialog.egov.kz/blogs/all-questions/756799
756798,Құрметті мемлекеттік қызмет істер агенттігі төрағасы менің шағым жазу себебім .Шымкент қаласы Қаратау ауданы әкімі ұйымдастырумен аптасына бір екі кун болатын қалалық жәрменкеде тәтті тағамдар екі орында қасымда бірінші топ мүгедек сіңілімен бес алты жыл жұмыс істедім .Шымкент қа,О работе государственных органов (госуслуги),08.10.2022,99,не топят,https://dialog.egov.kz/blogs/all-questions/756798
756797,"Уважаемый Председатель Антикоррупционной служды [ЗАЯВИТЕЛЬ] Подачу водоснабжения в жилые дома ЖМ [ЗАЯВИТЕЛЬ] осуществляет ТОО «Алатаукомсервис», который является субъектом естественных монополий. 02 октября 2022 года на объекте данной организации произошла аварийная ситуация, в","Строительство, дольщики, жилищные проблемы",08.10.2022,91,нет холодной воды,https://dialog.egov.kz/blogs/all-questions/756797
756791,"Уважаемый, аким Алматинской области [ЗАЯВИТЕЛЬ] Подачу водоснабжения в жилые дома ЖМ [ЗАЯВИТЕЛЬ] осуществляет ТОО «Алатаукомсервис», который является субъектом естественных монополий. 02 октября 2022 года на объекте данной организации произошла аварийная ситуация, в результа","Строительство, дольщики, жилищные проблемы",08.10.2022,106,нет холодной воды,https://dialog.egov.kz/blogs/all-questions/756791
756790,"Обращение с регистрационным номером 756790, направленное в Блог Аким Алматинской области Аринов [ЗАЯВИТЕЛЬ] отклонено ГО 10.10.2022","Строительство, дольщики, жилищные проблемы",08.10.2022,0,нет холодной воды,
756788,"Подачу водоснабжения в жилые дома ЖМ [ЗАЯВИТЕЛЬ] осуществляет ТОО «Алатаукомсервис», который является субъектом естественных монополий. 02 октября 2022 года на объекте данной организации произошла аварийная ситуация, в результате которой уже несколько дней целый жилой комплекс со","Строительство, дольщики, жилищные проблемы",08.10.2022,102,нет холодной воды,https://dialog.egov.kz/blogs/all-questions/756788
753494,"Добрый день! Я ранее к Вам обращался № 736716 с вопросом о ремонте дорог в квадрате улиц Алматы (Алатауский район): Сокпакбаева - Кудерина, Райымбека - Рыскулова. В своем ответе Вы сообщили, что планируется в рамках текущего года. Наступила осень, а до холодного периода года уже","Строительство, дольщики, жилищные проблемы",08.09.2022,87,нет асфальта,https://dialog.egov.kz/blogs/all-questions/753494
753428/1,"П рошу вас принять меры в отношении безответственного и халатного отношения к своим обязанностям ответственных лиц акимата Сайрамского района , акимат Туркестанской области ,а также других лиц. Дело в том .что я с начала 2022 года не могу добиться стабильного , упорядоченног",О работе государственных органов (госуслуги),08.09.2022,77,не вывозят мусор,https://dialog.egov.kz/blogs/all-questions/753544
750100,Министру внутренних дел Республики Казахстан г -ну [ЗАЯВИТЕЛЬ] Адрес: город Нурсултан проспект Тауелсиздик 1 Генеральному прокурору Республики Казахстан г-ну [ЗАЯВИТЕЛЬ] Адрес: город Нурсултан улица [ЗАЯВИТЕЛЬ] 14 [ЗАЯВИТЕЛЬ] по противодействи,Правоохранительные органы,08.08.2022,77,тротуар разбит,https://dialog.egov.kz/blogs/all-questions/750100
750098,Министру внутренних дел Республики Казахстан г -ну [ЗАЯВИТЕЛЬ] Адрес: город Нурсултан проспект Тауелсиздик 1 Генеральному прокурору Республики Казахстан г-ну [ЗАЯВИТЕЛЬ] Адрес: город Нурсултан улица [ЗАЯВИТЕЛЬ] 14 [ЗАЯВИТЕЛЬ] по противодействи,Правоохранительные органы,08.08.2022,80,тротуар разбит,https://dialog.egov.kz/blogs/all-questions/750098
750097,"Обращение с регистрационным номером 750097, направленное в Блог [ЗАЯВИТЕЛЬ] РК [ЗАЯВИТЕЛЬ] отклонено ГО 22.08.2022",Правоохранительные органы,08.08.2022,1,тротуар разбит,
750071,Добрый день. Прошу не давать банальную отписку а хотя бы по рекомендовать как решить проблему. В 2019 году я и десятки водителей работали со своими автобусами работали по договору аренды у ТОО Хэппибас. По итогу учебного года ТОО нам не заплатило и обмануло сотни родителей которы,Малый и средний бизнес,08.08.2022,171,водитель автобуса,https://dialog.egov.kz/blogs/all-questions/750071
750053,"Уважаемый Аким! Прошу принять меры в отношении подрядчика и лиц технадзора, которые ведут строительство развязки на пересечении улиц Байдибек би угол ул Аргынбекова, в том что техника выезжает на асфальт дорогу общего пользования без мытья колес, в результате чего поднимается ог","Культура, информация и экология",08.08.2022,66,нет асфальта,https://dialog.egov.kz/blogs/all-questions/750053
743060,"Атырау облысының әкімі С.[ЗАЯВИТЕЛЬ] мырзаға Сүйіндік ауылының бір топ ата-аналары атынан Құрметті [ЗАЯВИТЕЛЬ]! Өзіңізге жақсы мәлім, Құрманғазы ауданы облыс үшін маңызы бөлек өңір. Себебі, олай дейтініміз аудан еліміздің батыс қақпасында орналасқаннан",Образование,08.06.2022,121,жарық жоқ,https://dialog.egov.kz/blogs/all-questions/743060
743031,"Добрый день. Спасибо за ответ № 739332. Позвольте уточнить, если водитель автобуса едет домой и везет пассажиров домой с базы нашей компании, может ли он пройти послесменное медицинское освидетельствование на базе перед отъездом домой? Его смена как бы еще не окончена, но эта пое",Свободная тема,08.06.2022,180,водитель автобуса,https://dialog.egov.kz/blogs/all-questions/743031
742990,Добрый день! Обращается к Вам жительница г. Актау с наболевшей проблемой города - отсутствие питьевой воды. На протяжении нескольких лет каждое лето в городе (в частности в 13 микрорайоне) отсутвует питевая вода. На данный момент нет ни горячей воды (в связи с какими-то ремонтным,"Строительство, дольщики, жилищные проблемы",08.06.2022,126,нет холодной воды,https://dialog.egov.kz/blogs/all-questions/742990
734341,"Добрый день. В Республике Казахстан стали выходить профессиональные Стандарты (приказ [ЗАЯВИТЕЛЬ] Правления Национальной палаты предпринимателей Республики Казахстан «Атамекен» от 30.12.2019г. № 270), а именно: 1. Экспертиза промышленной безопасности при эксплуатац",О работе государственных органов (госуслуги),08.04.2022,112,не работает лифт,https://dialog.egov.kz/blogs/all-questions/734341
734289,"Обращение с регистрационным номером 734289, направленное в Блог [ЗАЯВИТЕЛЬ] РК [ЗАЯВИТЕЛЬ] отклонено ГО 21.04.2022",Социальное обеспечение,08.04.2022,0,водитель автобуса,
734283,"Городские пассажирские перевозки Здравствуйте, уважаемый [ЗАЯВИТЕЛЬ]! Вынуждена обратиться в связи с творящимися безобразиями в городских пассажирских перевозках по городу Алматы. Низкой культурой поведения либо полной ее отсутствием как у перевозчиков, их работников",Транспорт,08.04.2022,83,нет расписания на остановке,https://dialog.egov.kz/blogs/all-questions/734283
734243,"Здравствуйте [ЗАЯВИТЕЛЬ]! Убедительная просьба оперативно отреагировать на сложившуюся ситуацию в нашем дворе по улице Ломова, 36, за зданием ЦРМИ. После недавних порывистых ветров одно из деревьев было сломано и накренилось на рядом стоящие деревья и есть угроза падения",Свободная тема,08.04.2022,176,детская площадка сломана,https://dialog.egov.kz/blogs/all-questions/734243
730097,"Уважаемый [ЗАЯВИТЕЛЬ], обращаюсь к Вам от имени жильцов ЖК ""Арай"" в городе Алматы. Закон ""О жилищных отношениях"" обязал жильцов МЖК создать Объединение собственников имущества до 1 июля 2022 года. 18 января 2022 года зарегистрировано [ЗАЯВИТЕЛЬ] ""Арай&qu","Строительство, дольщики, жилищные проблемы",08.03.2022,104,не вывозят мусор,https://dialog.egov.kz/blogs/all-questions/730097
725939,Добрый день! Уже не первый год пытаемся добиться правосудия но все без успешно так как творится беспредел в Семейском городском суде где закрывают глаза на поделку документа акта ввода в эксплуатацию «[ЗАЯВИТЕЛЬ]» по адресу [ЗАЯВИТЕЛЬ] 135 ВКО г.Семей где поделаны подпись начал,Земельные вопросы,08.02.2022,91,нет освещения во дворе,https://dialog.egov.kz/blogs/all-questions/725939
725936,"Обращение с регистрационным номером 725936, направленное в Блог [ЗАЯВИТЕЛЬ] РК [ЗАЯВИТЕЛЬ] отклонено ГО 22.02.2022",Земельные вопросы,08.02.2022,2,нет освещения во дворе,
725926,"ТОО «High Vill Service» ([ЗАЯВИТЕЛЬ]) выражает Вам свое почтение и обращает Ваше внимание на нижеследующее. Наша компания обращается к вам, как управляющая компания жилым комплексом ЖК «High Vill Ishim» блоками «D1» и «D2», расположенного по адресу: г. Нур-Султан",Правоохранительные органы,08.02.2022,109,не работает светофор,https://dialog.egov.kz/blogs/all-questions/725926
725846,Здравствуйте Город Туркестан мкр Отырар сзади 10дома не горят уличные фонари с ноября как установили .я уже сколько раз писал акимат Туркестана и 109.эти обманшики ничего не делают.толбпо нагло врут.вопрос нафига нужен 109 и Аким Турашбеков.если нету результата. Второе мкр Отыр,Социальное обеспечение,08.02.2022,99,не горят фонари,https://dialog.egov.kz/blogs/all-questions/725846
761294,"Здравствуйте! Меня зовут Арзымбетова [ЗАЯВИТЕЛЬ], мама троих маленьких детей, патриот нашей страны. Мы проживаем по адресу Толе би 46 квартира 216,являемся собственником жилья, документ приложен. По адресу Толе би 42 находится школа Binom Altynsarin в которую с момента отк",Образование,07.12.2022,83,автобус не ходит,https://dialog.egov.kz/blogs/all-questions/761294
761240,"мен осы өтінішім арқылы төиендегі жағдайды білдіремін,мен 1 топ мүгедігімін,Жалағаш аудандық емханасының дәрігерлері және өзімнің мұң-мұқтажымды білдіру мақсатында жақын арада сіздің қабылдауыңызға жазылуға рұқсат етсеңіз",Здравоохранение,07.12.2022,509,не топят,https://dialog.egov.kz/blogs/all-questions/761240
758633,"Здравствуйте, Меня зовут [ЗАЯВИТЕЛЬ], до этого я писала обращение о том что была принята в один из лучших университетов Германии, который входит в топ-50 университетов мира - TUM. И что, к сожалению, так как университет является бесплатным, он не предоставляет финансировани",Финансы,07.11.2022,82,не топят,https://dialog.egov.kz/blogs/all-questions/758633
758600,"Здравствуйте, [ЗАЯВИТЕЛЬ]. Хочу оставить жалобу на поликлинику №12 г.Астана Есильского Района. Я болею, умея осложнение гриппа и в этой связи записалась на прием к врачу [ЗАЯВИТЕЛЬ] в 8.00 07.11.2022 через приложение Дамумед. Приезжаю в поликлинику №12 по адрес",Здравоохранение,07.11.2022,84,автобус не ходит,https://dialog.egov.kz/blogs/all-questions/758600
758568,"Здравствуйте, я ранее уже оставляла вам свою заявку под номером №754519. вы обещали, что данная яма на улице Кунаева, не доезжая ул.Гоголя перед магазином Deutsche Mode будет отремонтирована. Вы обещали, что яму закроете до конца октября. Сейчас уже 7 ноября, яма как была, так",Транспорт,07.11.2022,72,яма на дороге,https://dialog.egov.kz/blogs/all-questions/758568
756724,"Копия письма в Партию «Аманат» Копия письма в «Управление жилья и жилищной инспекции» Уважаемый [ЗАЯВИТЕЛЬ] ! Просим Вас помочь в вопросе жилого дома по ул. Пушкина дом 13, наш дом не подготовлен обслуживающей организацией «[ЗАЯВИТЕЛЬ]» к отопительному сезону 2022 году, в",О работе государственных органов (госуслуги),07.10.2022,97,нет горячей воды,https://dialog.egov.kz/blogs/all-questions/756724
756723,"Копия письма в Партию «Аманат» Копия письма в «Управление жилья и жилищной инспекции» Уважаемый [ЗАЯВИТЕЛЬ] ! Просим Вас помочь в вопросе жилого дома по ул. Пушкина дом 13, наш дом не подготовлен обслуживающей организацией «[ЗАЯВИТЕЛЬ]» к отопительному сезону 2022 году, в",О работе государственных органов (госуслуги),07.10.2022,74,нет горячей воды,https://dialog.egov.kz/blogs/all-questions/756723
756720,Добрый день! ЖК Мадрид сдан был в июне. Застройщик G Park . До сих пор нету горячей воды и отопления. А также наш ЖК подключен к временной ЭС. Как мы можем перейти на постоянную ЭС. Каждый день отключается свет. Дома нет отопления. А также есть претензий к работе сотовых оператор,"Строительство, дольщики, жилищные проблемы",07.10.2022,72,нет горячей воды,https://dialog.egov.kz/blogs/all-questions/756720
756635,"Здравствуйте. Обращаюсь с города Темиртау, Карагандинской области. Проживаю по адресу Темиртауская улица дом 23-2. С апреля месяца отсутствует горячее водоснабжение по сей день. По графику подачи отопления 30 сентября 2022 года - срыв отопительного сезона - не подано отопление. 3",Свободная тема,07.10.2022,82,нет холодной воды,https://dialog.egov.kz/blogs/all-questions/756635
756613,Құрметті қала әкімі 05 казан 2022жылгы жеке қабылдауға 85талонмен тіркелдім алайда кіре алмадым.құрметті қала әкімі мен бірінші топ мүгедек сіңіліммен Қаратау ауданы әкімі ұйымдастыруымен аптасына бір рет жәрменкеде жұмыс істеймін. Сатып тұрған тауарымды шокалад кампот печеньені,О работе государственных органов (госуслуги),07.10.2022,108,не топят,https://dialog.egov.kz/blogs/all-questions/756613
756605,"[ЗАЯВИТЕЛЬ] істер [ЗАЯВИТЕЛЬ]-атқару жүйесі Комитетінің төрағасы [ЗАЯВИТЕЛЬ] -жайы: Маңғыстау облысы Ақтау қаласы, 13-шағынаудан, 5 «Б» үй, 37 пәтер Тел.: [ТЕЛЕФОН] Өтініш",Правоохранительные органы,07.10.2022,100,су жоқ,https://dialog.egov.kz/blogs/all-questions/756605
756049/1,"Здравствуйте, мы жильцы 28 квартир, многоквартирного жилого дома, расположенного по адресу: г.Караганда, район имени Казыбек би, мкр.Степной-1, д.3/18 требуем принять меры по отношению КСК ""[ЗАЯВИТЕЛЬ] 2018"" (председатель [ЗАЯВИТЕЛЬ]) которая за период заключени",О работе государственных органов (госуслуги),07.10.2022,76,нет горячей воды,https://dialog.egov.kz/blogs/all-questions/756700
753429,"Прошу вас принять меры в отношении бездействия и полного игнорирования моего обращения ответственных лиц Сайрамского района Туркестанской области . Дело в том что на многих улицах района ,в частности села Аксукент необоснованно и незаконно жителями установлены импровизированные",О работе государственных органов (госуслуги),07.09.2022,96,нет асфальта,https://dialog.egov.kz/blogs/all-questions/753429
753428,"П рошу вас принять меры в отношении безответственного и халатного отношения к своим обязанностям ответственных лиц акимата Сайрамского района , акимат Туркестанской области ,а также других лиц. Дело в том .что я с начала 2022 года не могу добиться стабильного , упорядоченног",О работе государственных органов (госуслуги),07.09.2022,89,не вывозят мусор,https://dialog.egov.kz/blogs/all-questions/753428
749959,"Добрый день, уважаемый [ЗАЯВИТЕЛЬ]. Я неравнодушная жительница села [ЗАЯВИТЕЛЬ] района Акмолинской области, который находится от столицы нашей страны города Нур-Султан в 26 км. В прошлом году нас обрадовала новость о том, что в нашем селе с числом жителей око",Регионы,07.08.2022,99,нет асфальта,https://dialog.egov.kz/blogs/all-questions/749959
749951,Уважаемый аким просьба уладить проблемы 8 микрорайона 33 дома сделать дороги во дворе 33 дома и починить крышу как я обращался в местный акимат и мне сказали что 8 микрорайон будут делать ремонт в июле уже начало августа и досихпор нечего не сделано в 8 микрорайоне т33 доме не да,"Строительство, дольщики, жилищные проблемы",07.08.2022,67,яма на дороге,https://dialog.egov.kz/blogs/all-questions/749951
749931,Құрметті [ЗАЯВИТЕЛЬ]! [ЗАЯВИТЕЛЬ] Әуезов атындағы [ЗАЯВИТЕЛЬ] университетінің ұжымының атынан өтінішім бар еді. Аталмыш оқу орнында 2018 жылдың мамыр айында Қожамжарова [ЗАЯВИТЕЛЬ] ректор болып тағайындалғалы бері жаппай заң бұзушылықтар мен жемқорлық фактілері ор,Образование,07.08.2022,181,жол жөндеу,https://dialog.egov.kz/blogs/all-questions/749931
749930,Құрметті [ЗАЯВИТЕЛЬ]! [ЗАЯВИТЕЛЬ] Әуезов атындағы [ЗАЯВИТЕЛЬ] университетінің ұжымының атынан өтінішім бар еді. Аталмыш оқу орнында 2018 жылдың мамыр айында Қожамжарова [ЗАЯВИТЕЛЬ] ректор болып тағайындалғалы бері жаппай заң бұзушылықтар мен жемқорлық фактілері орын ал,Образование,07.08.2022,83,жол жөндеу,https://dialog.egov.kz/blogs/all-questions/749930
749929,Құрметті [ЗАЯВИТЕЛЬ]! [ЗАЯВИТЕЛЬ] Әуезов атындағы [ЗАЯВИТЕЛЬ] университетінің ұжымының атынан өтінішім бар еді. Аталмыш оқу орнында 2018 жылдың мамыр айында Қожамжарова [ЗАЯВИТЕЛЬ] ректор болып тағайындалғалы бері жаппай заң бұзушылықтар мен жемқорлық фактілері оры,Образование,07.08.2022,86,жол жөндеу,https://dialog.egov.kz/blogs/all-questions/749929
742861,"Довожу до Вашего сведения, что город Туркестан, мкр.Жаңа қала, 9-ая улица, в домах 32/1 и 32/2 неисправно работают лифты, постоянно выходят из строя. Вчера произошел случай когда маленькие дети застряли в лифте на полчаса и одному ребенку от шока не хватило воздуха чтоб дышать, ч","Строительство, дольщики, жилищные проблемы",07.06.2022,117,не работает лифт,https://dialog.egov.kz/blogs/all-questions/742861
725727,"Добрый день. Обращаюсь к Вам, как Акиму города Алматы. Являюсь жителем Наурызбайского района города Алматы, Жилой комплекс Премьера. На момент приобретения квартиры в данном жилом комплексе, все дороги, фонари, детская площадка была в исправном состоянии, все работало должным об","Строительство, дольщики, жилищные проблемы",07.02.2022,39,детская площадка сломана,https://dialog.egov.kz/blogs/all-questions/725727
725619,"Добрый день. Хотел бы обратиться Вам касательно Наурызбайского района, ЖК Премьера, где согласно программе «Благоустройства дворовых территорий» была проведена ремонтные работы в жилом комплексе «Премьера», однако не прошло и трёх лет, все дороги, дворы в ужасном состоянии, в доп",О работе государственных органов (госуслуги),07.02.2022,44,нет освещения во дворе,https://dialog.egov.kz/blogs/all-questions/725619
761156,"важаемый [ЗАЯВИТЕЛЬ]! Мы жители ЖК Фэмили парк, который находится по адресу Кабанбай батыра 75 а, обращались к Вам 03.03.2022, были неоднократно на приеме у вашего заместителя [ЗАЯВИТЕЛЬ] обращались к Вам на онлайн приеме, но до сих пор ситуация с нашим ЖК не изменилась. На","Строительство, дольщики, жилищные проблемы",06.12.2022,80,нет отопления,https://dialog.egov.kz/blogs/all-questions/761156
761141,"Добрый день , я человек проживающий в 10 микрорайоне , 3 доме , 3 подъезде. Хотел узнать у нас тоже по городу трубы взрываются ли ? Так как тепло не доходит до моей квартиры. Можете ли посодействовать что бы ГКП ""Таразтрансэнерго"" сделала проверку и выписала акт что до",Земельные вопросы,06.12.2022,119,нет отопления,https://dialog.egov.kz/blogs/all-questions/761141
761138,"Просим дать пояснение касательно Санитарных правил «Санитарно-эпидемиологические требования к санитарно-защитным зонам объектов, являющихся объектами воздействия на среду обитания и здоровье человека», утвержденных Приказом и.о. Министра здравоохранения Республики Казахстан от 11",Здравоохранение,06.12.2022,237,нет отопления,https://dialog.egov.kz/blogs/all-questions/761138
761134,"Уважаемый [ЗАЯВИТЕЛЬ]! Довожу до вашего сведения , что по данному вопросу я неоднократно обращалась в службу 109, в акимат обращение № 700180 от 24.11.2022г, к Комитет по транспорту обращение № 760204 от 24.11.2022. 1 )Вопрос о теплой остановке по ул [ЗАЯВИТЕЛЬ] (орие",Транспорт,06.12.2022,79,нет отопления,https://dialog.egov.kz/blogs/all-questions/761134
758544,"По вопросу ремонта автомобильной дороги по пер. Кольцевой и ул. Бадина с д. 217 по д. 257/1, и обустройства линий наружного освещения. В весенний и летний период 2022 года по пер. Кольцевой проводились работы по замене трубопровода и проведению газоснабжения, после данных работ",Транспорт,06.11.2022,76,яма на дороге,https://dialog.egov.kz/blogs/all-questions/758544
753195,"Обращение с регистрационным номером 753195, направленное в Блог [ЗАЯВИТЕЛЬ] РК [ЗАЯВИТЕЛЬ] отклонено ГО 26.09.2022",О работе государственных органов (госуслуги),06.09.2022,6,қоғамдық көлік,
749901,"[ЗАЯВИТЕЛЬ] мөлтек ауданы тұрғындары атынан. [ЗАЯВИТЕЛЬ] ханым, сізге Атырау қаласы, Жұлдыз мөлтек ауданы тұрғындары атынан өтінішіміз бар. [ЗАЯВИТЕЛЬ] мөлтек ауданында орталық кәріс жүйесі салынбағандықтан, жер асты су көтеріліп, қолдан салған септиктеріміз тесіл",Здравоохранение,06.08.2022,129,су жоқ,https://dialog.egov.kz/blogs/all-questions/749901
742724,"Россия бұлай айтып отырғанда біздікілер неге үндемей отыр? Как выживают люди на территориях, загрязненных гептилом [ЗАЯВИТЕЛЬ]: При определении качества жизни учитывается не только благосостояние граждан, но и климат, географическое положение и многое другое. Однако, согла",Свободная тема,06.06.2022,197,нет холодной воды,https://dialog.egov.kz/blogs/all-questions/742724
742721,"Обращение с регистрационным номером 742721, направленное в Блог Министр экологии и природных ресурсов РК [ЗАЯВИТЕЛЬ] отклонено ГО 07.06.2022",Свободная тема,06.06.2022,3,нет холодной воды,
742657,"Обращение с регистрационным номером 742657, направленное в Блог [ЗАЯВИТЕЛЬ] РК [ЗАЯВИТЕЛЬ] отклонено ГО 21.06.2022",О работе государственных органов (госуслуги),06.06.2022,0,уличное освещение,
742651,"Пишем с надеждой,на решение нашей проблемы.2019 году по ул.Амангельды была проведена замена водопроводных труб.В тот же год начались прорывы.В этом,2022году31мая прорвало в четвёртый раз.На наше обращение,нам просто перекрыли воду,ссылаясь на то,что работу производили не «Сужүйе",О работе государственных органов (госуслуги),06.06.2022,117,прорвало трубу,https://dialog.egov.kz/blogs/all-questions/742651
742650,"Пишем с надеждой,на решение нашей проблемы.2019 году по ул.Амангельды была проведена замена водопроводных труб.В тот же год начались прорывы.В этом,2022году31мая прорвало в четвёртый раз.На наше обращение,нам просто перекрыли воду,ссылаясь на то,что работу производили не «Сужүйе",О работе государственных органов (госуслуги),06.06.2022,68,прорвало трубу,https://dialog.egov.kz/blogs/all-questions/742650
738518,"Доброго времени суток. 1) Обращаюсь по поводу улучшения двора по адресу: ул. Толе би, дом 273 А, двор нуждается в ремонте покрытия старой детской площадки и замене коврового покрытия на футбольном поле, а также нуждаемся в установке новой детской площадки. 2) Вопрос касаемо бл","Строительство, дольщики, жилищные проблемы",06.05.2022,109,нет освещения во дворе,https://dialog.egov.kz/blogs/all-questions/738518
733887,"Не работает светофор [ЗАЯВИТЕЛЬ] ЧАСТО!!! В районе школы Бином-Капитал парк рядом с ЖК Саранда в районе улицы Тауелсыздык и улицы 38 постоянно не работают пешеходные светофоры. Данный участок дороги 8-ми полосный и отсутствуют камеры Сергек. Дети, перебегают дорогу рискую с",Транспорт,06.04.2022,74,не работает светофор,https://dialog.egov.kz/blogs/all-questions/733887
733886/1,"Добрый день, г-н Абдулин. Меня зовут [ЗАЯВИТЕЛЬ], я житель ЖК Саранда. Мы часто обращаемся в службу 109 и 102 о том, что в районе улицы Таулсыздык и улицы 38, рядом со школой [ЗАЯВИТЕЛЬ] парк, которая находится напротив нашего ЖК, а это порядка 1200 семей, не работает свето",Транспорт,06.04.2022,71,не работает светофор,https://dialog.egov.kz/blogs/all-questions/733898
733886,"Добрый день, г-н Абдулин. Меня зовут [ЗАЯВИТЕЛЬ], я житель ЖК Саранда. Мы часто обращаемся в службу 109 и 102 о том, что в районе улицы Таулсыздык и улицы 38, рядом со школой [ЗАЯВИТЕЛЬ] парк, которая находится напротив нашего ЖК, а это порядка 1200 семей, не работает свето",Транспорт,06.04.2022,102,не работает светофор,https://dialog.egov.kz/blogs/all-questions/733886
733880,"Здравствуйте, Хотелось бы сказать не человечьми словами... но попытаюсь выразиться корректно! Кто то в Казахстане вообще учитывает интересы услуополучателей, налооплательщиков и просто жителей маленьких городов?! Почему все делается вопреки мнению и желанию народа?! Хотелось бы у",Транспорт,06.04.2022,92,отменили маршрут,https://dialog.egov.kz/blogs/all-questions/733880
733466/1,"Добрый день! ЖК Восточка, год Алматы, Кульджинский тракт, не работают полотенесушители с момента заселения, зимой холодно в ванной, болеют дети постоянно, приме меры, еще лифты а полуаварийном состоянии, подтоплены подвалы, течет с крыш при каждом дожде.","Строительство, дольщики, жилищные проблемы",06.04.2022,96,не работает лифт,https://dialog.egov.kz/blogs/all-questions/734033
761108,Здравствуйте! В соответствии со статьей 69 Бюджетного кодекса Республики Казахстан натуральные нормы представляют собой натуральные показатели потребления или использования необходимых материальных или нематериальных благ; разрабатываются и утверждаются центральными государственн,Финансы,05.12.2022,116,нет холодной воды,https://dialog.egov.kz/blogs/all-questions/761108
761067,"[ЗАЯВИТЕЛЬ] осы арызымды жаза отырып сізден,Балам сотталушы Егизбаев [ЗАЯВИТЕЛЬ].Қазіргі таңда Ұлытау облысы Жезқазған қаласы №62мекемесінде жазасын өтеп жатыр.Сізден өтініп сұрарым балам ЕгизбаевТөлеген Аташұлын Астана қаласындағы Аршалы поселек ец-166/5 мекемесіне ауы",Правоохранительные органы,05.12.2022,77,не топят,https://dialog.egov.kz/blogs/all-questions/761067
756391,"Здравствуйте, Наш дом по улице Абая №11. в непосредственной близости, в нескольких метрах от Акимата Сарыаркинского района и г. Астаны, на сегодняшний день до сих пор находится без подачи отопления. Ввиду сильного холода все жители пользуются обогревательными приборами и проводк",Свободная тема,05.10.2022,83,нет холодной воды,https://dialog.egov.kz/blogs/all-questions/756391
756352,"Здравствуйте, [ЗАЯВИТЕЛЬ]. Два вопроса про командировку. 1-вопрос: Если сотрудника отправляют в командировку в другой город на 1 день, оплачивается ли суточные расходы? Для уточнения вопроса, дальность между местами постоянной работы и командировки составляет порядка 300",Финансы,05.10.2022,149,автобус не ходит,https://dialog.egov.kz/blogs/all-questions/756352
753118,[ЗАЯВИТЕЛЬ]— ата ана ретінде сіздердегі жатақана жөніндегі келеңсіздіктердің қашан реттелетінін сұрағым келеді? Менің балам былтыр 2021 жылы грантқа түскен сіздің универге — [ЗАЯВИТЕЛЬ] атындағы [ЗАЯВИТЕЛЬ]. Еліміздегі алдыңғы қатарлы жоғары оқу орнына түсті баламы,Образование,05.09.2022,37,су жоқ,https://dialog.egov.kz/blogs/all-questions/753118
753094,"Саламатсызба құрметті әкім мырза,жұмысыңызға табыстар тілеймін,Сізге мынадай өтінішпен жазып жатырмын, қаламызда Ерімбетов көшесінде Рысқұлов пен Арғынбеков көшелерінің арасында орталық жылу құбырларын ауыстыру жұмыстары жұргізілген болатын,одан кейін мердігер жолдың асфальтін қ",Регионы,05.09.2022,88,нет асфальта,https://dialog.egov.kz/blogs/all-questions/753094
753019,Уважаемый [ЗАЯВИТЕЛЬ] ! Просим Вас от жителей lдома по улице Пушкина д.13 помочь в вопросе дворового освещения подъезда номер 2. С 3 августа у нас во дворе нету дворового освещения. !!! Жители дома квартиры 1 по 62 контактный номер [ТЕЛЕФОН] ..,О работе государственных органов (госуслуги),05.09.2022,68,нет освещения во дворе,https://dialog.egov.kz/blogs/all-questions/753019
749889,"Добрый день. Поводом для обращения послужили факты вопиющего нарушения норм Экологического и [ЗАЯВИТЕЛЬ] РК, принятых эпидемиологических норм и правил содержания животных в селе [ЗАЯВИТЕЛЬ] области. Жители села Умирзак неоднократно обращались в местные орга",Земельные вопросы,05.08.2022,88,уличное освещение,https://dialog.egov.kz/blogs/all-questions/749889
749888,"От имени жителей микрорайона Акбулак , лично председателя ПКСК ""Солнышко"" , проживающей по улице [ЗАЯВИТЕЛЬ] дома 15 и 17 . Многоэтажки. Мы столкнулись с проблемой подключения к городским сетям холодной воды г. Алматы . Потому как сети проходящие по улице [ЗАЯВИТЕЛЬ]",Информационно-коммуникационные технологии,05.08.2022,63,нет холодной воды,https://dialog.egov.kz/blogs/all-questions/749888
746627,"Здравствуйте! Я являюсь жителем микрорайона Самгау, ул. Кок шокы д.5 кв. 1. Летом 2014 года в нашем микрорайоне положили впервые асфальт, мы и наши соседи были счастливы, асфальт был положен очень хорошо. В 2019 году начали вести городской трубопровод и канализацию, асфальто",Свободная тема,05.07.2022,86,уличное освещение,https://dialog.egov.kz/blogs/all-questions/746627
746560,"Северо-Казахстанская область Петропавловск, 04.07.2022 На ул. Алтынсарина и переулок Пионерской (Мира 125 район дома) имеются светодиодное уличное освещение. Два столба из которых не работают продолжительное время, хотя подключены. Данный участок должен освещаться так как здесь б",Свободная тема,05.07.2022,105,уличное освещение,https://dialog.egov.kz/blogs/all-questions/746560
746558,"Северо-Казахстанская область Петропавловск, 04.07.2022 На ул. Алтынсарина и переулок Пионерской (Мира 125 район дома) имеются светодиодное уличное освещение. Два столба из которых не работают продолжительное время, хотя подключены. Данный участок должен освещаться так как здесь б",Свободная тема,05.07.2022,74,уличное освещение,https://dialog.egov.kz/blogs/all-questions/746558
742606,"Здравствуйте, [ЗАЯВИТЕЛЬ]! Ваш ответ меня не удовлетворил, Вы ответили, что [ЗАЯВИТЕЛЬ] назначен ""Заведующим кафедрой"", когда он является ""Руководителем отдела"". [ЗАЯВИТЕЛЬ] ответа я еще раз побывала в ЦОНе г.Актобе в 1 отделе, где обратилась",О работе государственных органов (госуслуги),05.06.2022,88,не работает лифт,https://dialog.egov.kz/blogs/all-questions/742606
738409,Акиму г.Алматы КОПИЯ: Генеральному прокурору г.Алматы КОПИЯ: Городское управление полиции г.Алматы КОПИЯ: Санимэпидемстанция г.Алматы КОПИЯ: Департамент Пожарная безопасности г.Алматы КОПИЯ: Департамент по Черезвычайной ситуации г. Алматы КОПИЯ: [ЗАЯВИТЕЛЬ],"Строительство, дольщики, жилищные проблемы",05.05.2022,118,не вывозят мусор,https://dialog.egov.kz/blogs/all-questions/738409
729957,"Добрый день, Я являюсь жителем ЖК «Central Esentai Residence», расположенный по адресу г.Алматы, мкр.Көктем-3, дом 24. Рядом с домом находится многоуровневый автомобильный паркинг Национального банка РК. В настоящее время прилегающая территория данного паркинга превратилась в сти",Свободная тема,05.03.2022,88,стихийная свалка,https://dialog.egov.kz/blogs/all-questions/729957
721519,"Здравствуйте! Обращаюсь к акиму Каратауского района, но так как его нет в списке блогов, то обращаюсь к вам. Мы проживаем в ж/м Тассай, на улице Аксумбе, дом 32. 1. У нас в мусорном баке скопился мусор с прошлого года, его почему-то не убрали, рядом стоит 2 мешка с мусором, это",О работе государственных органов (госуслуги),05.01.2022,109,не вывозят мусор,https://dialog.egov.kz/blogs/all-questions/721519
761022,Қайырлы күн сәлеметсізбе Ажар ханым. [ЗАЯВИТЕЛЬ] Маңғыстау обылысы [ЗАЯВИТЕЛЬ] қаласы тұрғынымын. Мен денсаулығыма байланысты 2-ші топ мүгедекпін қазір жұмыста жоқпын. [ЗАЯВИТЕЛЬ] мүгедектігі бар адамдарға қандай қолдау көрсетіледі? Және 2-ші,Здравоохранение,04.12.2022,166,не топят,https://dialog.egov.kz/blogs/all-questions/761022
761021,"[ЗАЯВИТЕЛЬ] Комитетінің төрағасы Әділет генерал майоры Ж.Б Ешмағамбетовке.""Өтыныш"" [ЗАЯВИТЕЛЬ] 16.10.1986 ж.т. Маңғыстауда облысы [ЗАЯВИТЕЛЬ] қаласының тұрғынымын. Құрметті генерал майор Бұл өтінішімді жазу себебім Өзім жалғыз басты Анамын екі б",Правоохранительные органы,04.12.2022,78,не топят,https://dialog.egov.kz/blogs/all-questions/761021
758515,"Здравствуйте, Меня зовут [ЗАЯВИТЕЛЬ], и в этом году я была принята на программу Management&Technology в один из лучших университетов Германии, который входит в топ-50 университетов мира - TUM([ЗАЯВИТЕЛЬ](https://www.topuniversities.com/universitie",Образование,04.11.2022,76,не топят,https://dialog.egov.kz/blogs/all-questions/758515
758505,"[ЗАЯВИТЕЛЬ] ! Мен ҚР-ның азаматы Малимов [ЗАЯВИТЕЛЬ], Жамбыл облысы Тараз қаласы, массив Қарасу 36 үй, 53 пәтер тұрғынымын. Мен тұрып жатқан үйге 13.10.2022 жылдан бастап жылу беріле бастады. Үйім 3 бөлмелі, төртінші қабатта орналасқан. Жылу екі","Строительство, дольщики, жилищные проблемы",04.11.2022,87,пәтер суық,https://dialog.egov.kz/blogs/all-questions/758505
758471,"Обращаюсь с жалобой на ПКСК Управдом по г.Уральск. С 16 октября дали по городу отопление а в нашем доме по адресу Север-Восток-2 д.13 все ещё нет отопление. В квартире батареи холодные, дома маленькие дети постоянно болеют. Я оплачиваю за отопление полную стоимость а в итоге нагр",О работе государственных органов (госуслуги),04.11.2022,64,холодные батареи,https://dialog.egov.kz/blogs/all-questions/758471
758429/1,"Уважаемый, [ЗАЯВИТЕЛЬ]. Обращаюсь к Вам как житель ЖК Времена года Лето 3 (г. Астана, ул. Сауран, 15/4) с проблемой возникшей с лифтами. При продаже застройщиком (BI Group) упоминались, что в нашем ЖК будут установлены лифты Корейского производства, аналогично соседним до","Строительство, дольщики, жилищные проблемы",04.11.2022,75,не работает лифт,https://dialog.egov.kz/blogs/all-questions/758485
756338,"Прошу Вас дать правовую оценку действиям ответственных лиц акимата Сайрамского района Туркестанской области и акимата самой Туркестанской области. Дело в том что, с начала 2022 года я не могу добиться адекватного , своевременного вывоза твердых бытовых отходов (ТБО), со стороны Т",О работе государственных органов (госуслуги),04.10.2022,114,не вывозят мусор,https://dialog.egov.kz/blogs/all-questions/756338
756256,"Құрметті [ЗАЯВИТЕЛЬ]! Cізге өтініш жазып отырған Астана қаласы Сарыарқа даңғылы 31/2 үй, 175 пәтер иесі Аблгазинова [ЗАЯВИТЕЛЬ]. Мен осы 175 пәтерді ипотекаға алып, 17 қыркүйекте көшіп келдім. Келген кезде ыстық су болған жоқ. Себебін сұраған кезде повалдағы трубалард","Строительство, дольщики, жилищные проблемы",04.10.2022,82,су жоқ,https://dialog.egov.kz/blogs/all-questions/756256
756248,"Добрый день, я подавала обращение №750797 об отсыпке разбитой дороги, так как в осенне-весенний период невозможно пройти до своего жилища, так как утопаешь в грязи и прикладывала фотографии. Мне пришел ответ, что нет инертных материалов и ремонт дороги переносится на 2023 год. Пр","Строительство, дольщики, жилищные проблемы",04.10.2022,72,разбитая дорога,https://dialog.egov.kz/blogs/all-questions/756248
756206,"Уважаемый [ЗАЯВИТЕЛЬ]! АО «Усть-Каменогорские тепловые сети» выражает Вам свое почтение и обращается по следующему вопросу. АО «[ЗАЯВИТЕЛЬ]» оказывает услуги производства тепловой энергии, передачи и распределения тепловой энергии, снабжения тепловой энергией потребителей города",Свободная тема,04.10.2022,222,нет горячей воды,https://dialog.egov.kz/blogs/all-questions/756206
756058/1,"Добрый день. 10.08.2022 г. обращалась в инстаграм касательно установки освещения и видеокамеры во дворе по адресу: г.Караганда, мкр. Степной-1, д.3 (/18-28) ответ в комментариях от службы senim.109.kz (обращение СС.2022.0010996) был дан ответ, что до конца августа будет освещени",Информационно-коммуникационные технологии,04.10.2022,77,нет освещения во дворе,https://dialog.egov.kz/blogs/all-questions/756307
756047/2,"Здравствуйте, мы жильцы 28 квартир, многоквартирного жилого дома, расположенного по адресу: г.Караганда, район имени Казыбек би, мкр.Степной-1, д.3/18 требуем принять меры по отношению КСК ""[ЗАЯВИТЕЛЬ] 2018"" (председатель [ЗАЯВИТЕЛЬ]) которая за период заключени",О работе государственных органов (госуслуги),04.10.2022,82,нет горячей воды,https://dialog.egov.kz/blogs/all-questions/756201
752975,"Добрый день! Я, Туруспекова (Бакаева) [ЗАЯВИТЕЛЬ], уроженка города Конаев. Сейчас усиленными темпами ремонтируются некоторые дороги в нашем городе. Прошу обратить внимание Акима области на качество ремонта дорог и целесообразность ремонта некоторых улиц. В городе очень мно",Транспорт,04.09.2022,100,разбитая дорога,https://dialog.egov.kz/blogs/all-questions/752975
749750,"Уважаемый [ЗАЯВИТЕЛЬ], Я обращаюсь к Вам от своего и от имени жителей дачного массива ЦБКО, села Талкайран, Кайыршахтинского сельского округа, города Атырау. Уже сколько лет мы подаем заявление на изменение целевого назначения с садоводство на ИЖС, вызывали телевидение чтоб",Свободная тема,04.08.2022,75,нет асфальта,https://dialog.egov.kz/blogs/all-questions/749750
749745,"Добрый день, наша компания работает на опасном производственном объекте (выполняет строительно-монтажные работы: земляные, бетонные, сварочные, монтаж металлоконструкций и оборудования, пуско-наладка и т. д.). [ЗАЯВИТЕЛЬ] по чрезвычайным ситуациям [ЗАЯВИТЕЛЬ]",Образование,04.08.2022,200,водитель автобуса,https://dialog.egov.kz/blogs/all-questions/749745
749710,"Неоднократно на протяжении 6 месяцев (с апреля месяца 2022 по август 2022 г.) мной были направлены письма соответствующего характера на требование произвести дорожно-ремонтные работы по адресу п. Отеген батыра, Карасу 1, ул. Молодежная. Ответом исполнительного органа было пись",О работе государственных органов (госуслуги),04.08.2022,135,нет асфальта,https://dialog.egov.kz/blogs/all-questions/749710
749709,"Здравствуйте, у меня просьба обратить внимание на ТЦ, ТРЦ(бутики тд.) магазины, города Нур-Султан, где работают студенты. У них рабочий день с 9.00 ч до 22.00ч (посменно), но в 22:00 их никто не отпустит домой, так как их заставляют ""сдавать все"" и только потом домой, в",Свободная тема,04.08.2022,254,автобус не ходит,https://dialog.egov.kz/blogs/all-questions/749709
749662,"Сәлеметсіз бе. [ЗАЯВИТЕЛЬ] ауданы Іргелі ауылы Квартал 4 тұрғынымын. Біздегі мәселе көшемізде асфальт жоқ, мүлдем болмаған, ауыл әкімі ештеңе шеше алмай отыр. Шаң жұтып, батпақ кешуден шаршадық. Осы сұрақтың шешімі болады ма?",Регионы,04.08.2022,82,нет асфальта,https://dialog.egov.kz/blogs/all-questions/749662
746497,"Уважаемый [ЗАЯВИТЕЛЬ]! К вам обращаются жители города Алматы, проживающие по ул.Толе би 278. Нашей проблемой является услуги по подаче холодной и горячей воды, в частности: 1) напор холодной воды в течении дня очень маленький, что требует постоянно набирать запасы; 2)пер","Строительство, дольщики, жилищные проблемы",04.07.2022,86,нет холодной воды,https://dialog.egov.kz/blogs/all-questions/746497
733671,"Обращение с регистрационным номером 733671, направленное в Блог Директор ТОО «Центр по управлению пассажирскими перевозками» [ЗАЯВИТЕЛЬ] находится на рассмотрении у ГО",Транспорт,04.04.2022,1,отменили маршрут,
733614,"Мен 2012 жылдаң бері Шымкент қаласы, Асар 2 ықшамауданы, кадастрлық нөмері (19-309-202-1452) жерім бар еді. АПС алайын десем қызыл сызыққа түсіп тұр. Менің әлі күнге дейін басымда баспана жоқ. Бірақ менің жерімде мемелекет су, жарық, газ, тас жол төсеп қойды. көршілерім үй соғып",Земельные вопросы,04.04.2022,98,жарық жоқ,https://dialog.egov.kz/blogs/all-questions/733614
725308,Уважаемый [ЗАЯВИТЕЛЬ] Просим вас отреагировать на экологическую катастрофу вокруг пригородов столицы. К вам обращаются жители Талапкерского сельского округа Целиноградского района Акмолинской области. У нас образовались стихийные свалки в связи с отсутствием полигонов по перера,Регионы,04.02.2022,104,стихийная свалка,https://dialog.egov.kz/blogs/all-questions/725308
761015,Қайырлы кеш [ЗАЯВИТЕЛЬ] мырза мен Кәрібаев [ЗАЯВИТЕЛЬ] академик Е.[ЗАЯВИТЕЛЬ] атындағы Қарағанды университетінің М-Фо-51-21 тобының екінші курс магистранты сізді мынадай өтінішпен жазып отырмын .Қазіргі кезде университетте аралық бақылау болу үстінде. Күні кеше ғана менде,Образование,03.12.2022,62,жол жөндеу,https://dialog.egov.kz/blogs/all-questions/761015
761006,"Здравствуйте уважаемый аким .Меня зовут Максим. Обращаюсь к вам с вопросом от моей мамы которая проживает в Алматинской области, Илийский район село Караой. Моей маме 57 лет , она еще не пенсионерка и ездит в город Алмат на работу , раньше с с.Караой ходили автобусы до автовокз",Транспорт,03.12.2022,87,автобус не ходит,https://dialog.egov.kz/blogs/all-questions/761006
758429,"Уважаемый, [ЗАЯВИТЕЛЬ]. Обращаюсь к Вам как житель ЖК Времена года Лето 3 (г. Астана, ул. Сауран, 15/4) с проблемой возникшей с лифтами. При продаже застройщиком (BI Group) упоминались, что в нашем ЖК будут установлены лифты Корейского производства, аналогично соседним до","Строительство, дольщики, жилищные проблемы",03.11.2022,87,не работает лифт,https://dialog.egov.kz/blogs/all-questions/758429
756183,"Құрметті Алматы қаласының әкімі [ЗАЯВИТЕЛЬ] мырза [ЗАЯВИТЕЛЬ] Құрманбай ұлы Дастан, [ЗАЯВИТЕЛЬ] және тағы 200 отбасы 2005 жылдан бері Алатау ауданы Шанырақ-1 ы/а қарасты Ертарғын көшесінің «Сай жақ» бөлігінің тұрғындарымыз. Біздің үйлеріміз","Строительство, дольщики, жилищные проблемы",03.10.2022,109,су жоқ,https://dialog.egov.kz/blogs/all-questions/756183
756182,"Здравствуйте. Я [ЗАЯВИТЕЛЬ] проживающая по адресу Абылайхана 57/1-4, состоящая в составе инициативной группы дома сообщаю следующие: Проживая год по данному адресу, я была не однократным свидетелем того, что ТОО Альфараби Астана 2008 грубо нарушал свои договорные обязатель","Строительство, дольщики, жилищные проблемы",03.10.2022,86,нет холодной воды,https://dialog.egov.kz/blogs/all-questions/756182
756170,"ҚР Ғылым және жоғары білім министрі [ЗАЯВИТЕЛЬ] мырзаға АРЫЗ [ЗАЯВИТЕЛЬ] ЖСН:[ИИН]. Мен 2016 жылдың тамыз айында [ЗАЯВИТЕЛЬ] атындағы Павлодар [ЗАЯВИТЕЛЬ] (ПМУ), «Энергетика» факультетіне аталмыш бағдарламамен оқуға қабылдандым. Осы ж",Образование,03.10.2022,41,не топят,https://dialog.egov.kz/blogs/all-questions/756170
756139,"25 сентября 2022 года, в 5:25 утра был задержан рейс Нур-Султан–Дубай FZ1304. Представители компании flydubai вели себя некомпетентно, невежливо в частности [ЗАЯВИТЕЛЬ]. Представители не предоставили своевременно, соответственно регламенту, воду и питание; жилье на время ожидан",Транспорт,03.10.2022,88,нет горячей воды,https://dialog.egov.kz/blogs/all-questions/756139
756138,"25 сентября 2022 года, в 5:25 утра был задержан рейс Нур-Султан–Дубай FZ1304. Представители компании flydubai вели себя некомпетентно, невежливо в частности [ЗАЯВИТЕЛЬ]. Представители не предоставили своевременно, соответственно регламенту, воду и питание; жилье на время ожидан",Транспорт,03.10.2022,87,нет горячей воды,https://dialog.egov.kz/blogs/all-questions/756138
756117,"Приветствую и обращаюсь от имени жителей дома №31 мкр. Аксай 1А с просьбой прояснить ситуацию с установкой новых арыков (параллельно улицы Толе би) согласно программе благоустройства Алматинские дворы. Мы неоднократно писали в прошлые годы, что наш двор топит при каждом дожде, та",Информационно-коммуникационные технологии,03.10.2022,80,не топят,https://dialog.egov.kz/blogs/all-questions/756117
756110,"Обращение с регистрационным номером 756110, направленное в Блог [ЗАЯВИТЕЛЬ] РК [ЗАЯВИТЕЛЬ] отклонено ГО 10.11.2022","Строительство, дольщики, жилищные проблемы",03.10.2022,0,нет горячей воды,
756047/1,"Здравствуйте, мы жильцы 28 квартир, многоквартирного жилого дома, расположенного по адресу: г.Караганда, район имени Казыбек би, мкр.Степной-1, д.3/18 требуем принять меры по отношению КСК ""[ЗАЯВИТЕЛЬ] 2018"" (председатель [ЗАЯВИТЕЛЬ]) которая за период заключени",О работе государственных органов (госуслуги),03.10.2022,102,нет горячей воды,https://dialog.egov.kz/blogs/all-questions/756115
756044/1,"Здравствуйте, мы жильцы 28 квартир, многоквартирного жилого дома, расположенного по адресу: г.Караганда, район имени Казыбек би, мкр.Степной-1, д.3/18 требуем принять меры по отношению КСК ""[ЗАЯВИТЕЛЬ] 2018"" (председатель [ЗАЯВИТЕЛЬ]) которая за период заключени",О работе государственных органов (госуслуги),03.10.2022,80,нет горячей воды,https://dialog.egov.kz/blogs/all-questions/756166
755931/1,"Ассалаумағалейкум! Аймағанбетов мырза. ""ШЫМКЕНТ [ЗАЯВИТЕЛЬ] БАСҚАРМАСЫНЫҢ №122 ""АҚ-КӨГЕРШІН"" БӨБЕКЖАЙ-БАҚШАСЫ"" МКҚК , Г.ШЫМКЕНТ, АБАЙСКИЙ РАЙОН, [ЗАЯВИТЕЛЬ] ҒИМАРАТ 15 (КАТО: 791110000) (орысшасы ГККП ""ЯСЛИ-САД №122 ""АҚ",Образование,03.10.2022,93,қоғамдық көлік,https://dialog.egov.kz/blogs/all-questions/756081
742383,"Акиму города Алматы [ЗАЯВИТЕЛЬ] От: [ЗАЯВИТЕЛЬ] 01.12.1998 г.р. ИИН:[ИИН], адрес: г.Алматы, ул.Желтоксан, д.96, оф.107 моб.: 8 (776) 294 00 00, email: [EMAIL] ОБРАЩЕНИЕ 14.05.2022г. около 15ч.20м. водитель автобуса маршрута №22, бортов",Транспорт,03.06.2022,98,автобус не ходит,https://dialog.egov.kz/blogs/all-questions/742383
742315,"Обращение с регистрационным номером 742315, направленное в Блог Аким Актюбинской области [ЗАЯВИТЕЛЬ] отклонено ГО 03.06.2022",Занятость населения,03.06.2022,1,яма на дороге,
737902,"Добрый день! Постоянные проблемы по Алатаускому району, Аким района не реагирует, улица [ЗАЯВИТЕЛЬ], и угол от автобазара [ЗАЯВИТЕЛЬ]. Нет тротуаров, дороги у ужасном состоянии. АО АЖК вырыли ямы для установки столбов, но прошло больше года, ничего нет. Когда дожди, все эти ямы","Строительство, дольщики, жилищные проблемы",03.05.2022,98,яма на дороге,https://dialog.egov.kz/blogs/all-questions/737902
737841/1,"09 Карагандинская область, г. Караганда, 29.04.2022 рядом с домом по ул. Сатыбалдина 7 расположена большая яма на дороге представляющая опасность для водителей, а также наносит материальный вред ТС. Требуется устранить данный дефект дороги. Материалы по ссылке: https://vk.com/zb_",Свободная тема,03.05.2022,100,яма на дороге,https://dialog.egov.kz/blogs/all-questions/737958
733466,"Добрый день! ЖК Восточка, год Алматы, Кульджинский тракт, не работают полотенесушители с момента заселения, зимой холодно в ванной, болеют дети постоянно, приме меры, еще лифты а полуаварийном состоянии, подтоплены подвалы, течет с крыш при каждом дожде.","Строительство, дольщики, жилищные проблемы",03.04.2022,84,не работает лифт,https://dialog.egov.kz/blogs/all-questions/733466
729662,"В Дома по пр. Кабанбай батыра 20, 22. 24 осенью была проведена временная теплотрасса, т.к, благодаря халатному отношению ТОО Теплотранзит и КСК Империя комфорта просто сгнила. Временную теплотрассу обещали начать демонтировать к концу отопительного сезона, однако до сегодняшнего","Строительство, дольщики, жилищные проблемы",03.03.2022,80,прорвало трубу,https://dialog.egov.kz/blogs/all-questions/729662
729661,"В Дома по пр. Кабанбай батыра 20, 22. 24 осенью была проведена временная теплотрасса, т.к, благодаря халатному отношению ТОО Теплотранзит и КСК Империя комфорта просто сгнила. Временную теплотрассу обещали начать демонтировать к концу отопительного сезона, однако до сегодняшнего","Строительство, дольщики, жилищные проблемы",03.03.2022,74,прорвало трубу,https://dialog.egov.kz/blogs/all-questions/729661
725168,"Обращение с регистрационным номером 725168, направленное в Блог Аким Атырауской области [ЗАЯВИТЕЛЬ] отклонено ГО 07.02.2022","Строительство, дольщики, жилищные проблемы",03.02.2022,5,не вывозят мусор,
725165,"Акиму Атырауской области , акиму города Атырау от гражданина [ЗАЯВИТЕЛЬ]С ИНН: [ИИН] Контактный телефон: [ТЕЛЕФОН] Адрес: г. Атырау, ул. Монкеулы, д.4 ЗАЯВЛЕНИЕ Я, полковник запаса, [ЗАЯВИТЕЛЬ], ветеран войны (закон РК «О ветеранах», от 6 мая, 2020 года N322-Vl ЗРК),","Строительство, дольщики, жилищные проблемы",03.02.2022,93,не вывозят мусор,https://dialog.egov.kz/blogs/all-questions/725165
760910,"Здравствуйте!Прошу решить проблему отопления в многоквартирном доме по ул. [ЗАЯВИТЕЛЬ], дом 33.Радиаторы отопления биметаллические в квартире сверху теплые, снизу прохладные.Нагрев радиаторов 30-40% максимум.Квартира не нагревается, дома ходим тепло одетые как в 90-е годы, пр","Строительство, дольщики, жилищные проблемы",02.12.2022,72,нет отопления,https://dialog.egov.kz/blogs/all-questions/760910
760908,"Добрый день! Уважаемый [ЗАЯВИТЕЛЬ], к Вам обращаются жители нашего города, на тему переноса рынков нашего города за его пределы. Просим Вас, пожалуйста, не убирайте продавцов с этих базаров и рынки в городе Алматы, Алмалинский район, это рынки: Тастак, Тулпар и нашу люб",Свободная тема,02.12.2022,88,автобус не ходит,https://dialog.egov.kz/blogs/all-questions/760908
760900,"Здравствуйте! В соответствии с примечанием приложения 10 к конкурсной документации «Сведения о квалификации и критериях, влияющих на конкурсное ценовое предложение при закупках работ, не связанных со строительством)» Правил осуществления государственных закупок, потенциальные пос",О работе государственных органов (госуслуги),02.12.2022,199,уличное освещение,https://dialog.egov.kz/blogs/all-questions/760900
758362,"Добрый день Уважаемый Министр внутренних дел РК [ЗАЯВИТЕЛЬ] Я [ЗАЯВИТЕЛЬ]А инвалид 2 группы обращался к вам по номеру 662311, 667312, 667322, 668715,690062,690064 ОБРАЩАЮСЬ С ЖАЛОБОЙ по поводу дела № 207570030002336 01.03.2020 года в г.Алматы Медеуский район по Медеускому",Правоохранительные органы,02.11.2022,63,нет горячей воды,https://dialog.egov.kz/blogs/all-questions/758362
758361,"Добрый день Уважаемый Министр внутренних дел РК [ЗАЯВИТЕЛЬ] Я [ЗАЯВИТЕЛЬ]А инвалид 2 группы обращался к вам по номеру 662311, 667312, 667322, 668715,690062,690064 ОБРАЩАЮСЬ С ЖАЛОБОЙ по поводу дела № 207570030002336 01.03.2020 года в г.Алматы Медеуский район по Медеускому",Правоохранительные органы,02.11.2022,59,нет горячей воды,https://dialog.egov.kz/blogs/all-questions/758361
758295,"Обращение с регистрационным номером 758295, направленное в Блог [ЗАЯВИТЕЛЬ] РК [ЗАЯВИТЕЛЬ] отклонено ГО 22.11.2022",Правоохранительные органы,02.11.2022,3,автобус не ходит,
758294,[ЗАЯВИТЕЛЬ] Казахстан Г-ну Касым – [ЗАЯВИТЕЛЬ]. Председат,Правоохранительные органы,02.11.2022,91,автобус не ходит,https://dialog.egov.kz/blogs/all-questions/758294
756060,"Обращение с регистрационным номером 756060, направленное в Блог Аким Карагандинской области [ЗАЯВИТЕЛЬ] отклонено ГО 03.10.2022",Занятость населения,02.10.2022,1,нет освещения во дворе,
756059,"Обращение с регистрационным номером 756059, направленное в Блог Аким Карагандинской области [ЗАЯВИТЕЛЬ] отклонено ГО 03.10.2022",Информационно-коммуникационные технологии,02.10.2022,1,нет освещения во дворе,
756058,"Добрый день. 10.08.2022 г. обращалась в инстаграм касательно установки освещения и видеокамеры во дворе по адресу: г.Караганда, мкр. Степной-1, д.3 (/18-28) ответ в комментариях от службы senim.109.kz (обращение СС.2022.0010996) был дан ответ, что до конца августа будет освещени",Информационно-коммуникационные технологии,02.10.2022,91,нет освещения во дворе,https://dialog.egov.kz/blogs/all-questions/756058
756057,"Добрый день. 10.08.2022 г. обращалась в инстаграм касательно установки освещения и видеокамеры во дворе по адресу: г.Караганда, мкр. Степной-1, д.3 (/18-28) ответ в комментариях от службы senim.109.kz (обращение СС.2022.0010996) был дан ответ, что до конца августа будет освещени",Информационно-коммуникационные технологии,02.10.2022,83,нет освещения во дворе,https://dialog.egov.kz/blogs/all-questions/756057
756056,"Обращение с регистрационным номером 756056, направленное в Блог Аким Карагандинской области [ЗАЯВИТЕЛЬ] отклонено ГО 03.10.2022","Строительство, дольщики, жилищные проблемы",02.10.2022,0,нет горячей воды,
756055,"Здравствуйте, мы жильцы 28 квартир, многоквартирного жилого дома, расположенного по адресу: г.Караганда, район имени Казыбек би, мкр.Степной-1, д.3/18 требуем принять меры по отношению КСК ""[ЗАЯВИТЕЛЬ] 2018"" (председатель [ЗАЯВИТЕЛЬ]) которая за период заключени","Строительство, дольщики, жилищные проблемы",02.10.2022,186,нет горячей воды,https://dialog.egov.kz/blogs/all-questions/756055
756053,"Обращение с регистрационным номером 756053, направленное в Блог Председатель Комитета государственных услуг [ЗАЯВИТЕЛЬ] находится на рассмотрении у ГО","Строительство, дольщики, жилищные проблемы",02.10.2022,0,нет горячей воды,
756052,"Здравствуйте, мы жильцы 28 квартир, многоквартирного жилого дома, расположенного по адресу: г.Караганда, район имени Казыбек би, мкр.Степной-1, д.3/18 требуем принять меры по отношению КСК ""[ЗАЯВИТЕЛЬ] 2018"" (председатель [ЗАЯВИТЕЛЬ]) которая за период заключени","Строительство, дольщики, жилищные проблемы",02.10.2022,62,нет горячей воды,https://dialog.egov.kz/blogs/all-questions/756052
756051,"Здравствуйте, мы жильцы 28 квартир, многоквартирного жилого дома, расположенного по адресу: г.Караганда, район имени Казыбек би, мкр.Степной-1, д.3/18 требуем принять меры по отношению КСК ""[ЗАЯВИТЕЛЬ] 2018"" (председатель [ЗАЯВИТЕЛЬ]) которая за период заключени","Строительство, дольщики, жилищные проблемы",02.10.2022,71,нет горячей воды,https://dialog.egov.kz/blogs/all-questions/756051
756050,"Здравствуйте, мы жильцы 28 квартир, многоквартирного жилого дома, расположенного по адресу: г.Караганда, район имени Казыбек би, мкр.Степной-1, д.3/18 требуем принять меры по отношению КСК ""[ЗАЯВИТЕЛЬ] 2018"" (председатель [ЗАЯВИТЕЛЬ]) которая за период заключени","Строительство, дольщики, жилищные проблемы",02.10.2022,94,нет горячей воды,https://dialog.egov.kz/blogs/all-questions/756050
756049,"Здравствуйте, мы жильцы 28 квартир, многоквартирного жилого дома, расположенного по адресу: г.Караганда, район имени Казыбек би, мкр.Степной-1, д.3/18 требуем принять меры по отношению КСК ""[ЗАЯВИТЕЛЬ] 2018"" (председатель [ЗАЯВИТЕЛЬ]) которая за период заключени",О работе государственных органов (госуслуги),02.10.2022,77,нет горячей воды,https://dialog.egov.kz/blogs/all-questions/756049
756048,"Здравствуйте, мы жильцы 28 квартир, многоквартирного жилого дома, расположенного по адресу: г.Караганда, район имени Казыбек би, мкр.Степной-1, д.3/18 требуем принять меры по отношению КСК ""[ЗАЯВИТЕЛЬ] 2018"" (председатель [ЗАЯВИТЕЛЬ]) которая за период заключени",Земельные вопросы,02.10.2022,100,нет горячей воды,https://dialog.egov.kz/blogs/all-questions/756048
756047,"Здравствуйте, мы жильцы 28 квартир, многоквартирного жилого дома, расположенного по адресу: г.Караганда, район имени Казыбек би, мкр.Степной-1, д.3/18 требуем принять меры по отношению КСК ""[ЗАЯВИТЕЛЬ] 2018"" (председатель [ЗАЯВИТЕЛЬ]) которая за период заключени",О работе государственных органов (госуслуги),02.10.2022,109,нет горячей воды,https://dialog.egov.kz/blogs/all-questions/756047
752893,"Добрый день! [ЗАЯВИТЕЛЬ] ответ на мое обращение ""750697/1"". Хотелось бы получить от Вас больше конкретики По ряду вопросов. Ваш ответ: ""В настоящее время, услугодателем по вывозу ТБО устанавливается потребность в количестве необходимых контейнеров и площадок для",О работе государственных органов (госуслуги),02.09.2022,78,не вывозят мусор,https://dialog.egov.kz/blogs/all-questions/752893
752835,"Уважаемый [ЗАЯВИТЕЛЬ]! Вот перенаправляю Ваш ответ, направленный Вами же в мой адрес в начале текущего года: ""Уважаемая [ЗАЯВИТЕЛЬ] обращение, сообщаю следующее. Строительство дороги по улице Батыр баян и Сырым батыра предусмотрены проектом «Инженерн","Строительство, дольщики, жилищные проблемы",02.09.2022,82,нет асфальта,https://dialog.egov.kz/blogs/all-questions/752835
752800,"Уважаемый Аким, меня зовут [ЗАЯВИТЕЛЬ] , город Алматы мкр Думан 1 Казыгурт 48, наша улица центральная и у нас до сих пор не функционирует нормально освещение перед домом уже 3 месяца фонари не горят. Обещали сделать до августа, пришло письмо что все работы выполнены , н","Строительство, дольщики, жилищные проблемы",02.09.2022,89,не горят фонари,https://dialog.egov.kz/blogs/all-questions/752800
752480/1,"Северо-Казахстанская область Петропавловск, 26.08.2022 На ул. Жабаева 161 имеется светодиодное уличное освещение. Один столб не работает, хотя подключен. Данный участок должен освещаться. Требуем установить данный недостаток. Материалы по ссылке: https://vk.com/wall-170724219_145",Свободная тема,02.09.2022,86,уличное освещение,https://dialog.egov.kz/blogs/all-questions/752856
752479/1,"Северо-Казахстанская область Петропавловск, 26.08.2022 На ул. Жабаева 137 имеется светодиодное уличное освещение. Один столб не работает, хотя подключен. Данный участок должен освещаться. Требуем установить данный недостаток. Материалы по ссылке: https://vk.com/wall-170724219_145",Свободная тема,02.09.2022,85,уличное освещение,https://dialog.egov.kz/blogs/all-questions/752854
749580,"ҚР Индустрия және инфрақұрылымдық даму министріне Сұрақ-жауап «Автомобиль жолдары туралы» [ЗАЯВИТЕЛЬ] 2001 жылғы 17 шілдедегі N 245 Заңының 16-бабының 1-тармағына сәйкес, жол қызметiн лицензиялау Қазақстан","Строительство, дольщики, жилищные проблемы",02.08.2022,79,жол жөндеу,https://dialog.egov.kz/blogs/all-questions/749580
749566,"Обращение с регистрационным номером 749566, направленное в Блог Министр науки и высшего образования РК [ЗАЯВИТЕЛЬ] находится на рассмотрении у ГО",Наука,02.08.2022,3,су жоқ,
749558,"Добрый день уважаемый Аким! Обращаюсь к Вам второй раз, первый раз Вы нам помогли с поломкой насоса водозаборной башни в мае месяца, по адресу с.Кордай ул. Отегена 126/1 (район топбазы). У нас в ночное время отсутствует уличное освещение, хотя по центральной улице и соседней улиц",Регионы,02.08.2022,94,уличное освещение,https://dialog.egov.kz/blogs/all-questions/749558
749493,"Северо-Казахстанская область Петропавловск, 01.08.2022 На ул. Мира 119 и 121 имеется светодиодное уличное освещение. Один столб частно не работает, хотя подключен. Данный участок должен освещаться. Требуем установить данный недостаток. Материалы по ссылке: https://vk.com/wall-170","Строительство, дольщики, жилищные проблемы",02.08.2022,93,уличное освещение,https://dialog.egov.kz/blogs/all-questions/749493
749482,"Уважаемый [ЗАЯВИТЕЛЬ]! Я жительница микрорайона Тастыбулак, Наурызбайского района города Алматы. Обращаюсь к Вам за разъяснениями по ситуации с холодной водой в нашем микрорайоне. Я проживаю в жилом доме, участок очень маленький и практически весь занят строением, в дом",Свободная тема,02.08.2022,69,нет холодной воды,https://dialog.egov.kz/blogs/all-questions/749482
746357,"Уважаемый [ЗАЯВИТЕЛЬ] ! Просим Вас от жителей lдома по улице Пушкина д.13 помочь в вопросе дворового освещения. С 7 июня у нас во дворе нету дворового освещения, КСК и все коммунальные службы к которым мы обращались бездействуют !!! Жители дома квартиры 1 по 62 контактный н","Строительство, дольщики, жилищные проблемы",02.07.2022,65,нет освещения во дворе,https://dialog.egov.kz/blogs/all-questions/746357
733338,"Уважаемый, [ЗАЯВИТЕЛЬ]! Я, Гомартели [ЗАЯВИТЕЛЬ]. Прошу Вас в помощи решения вопроса. Наш аким населенного пункта [ЗАЯВИТЕЛЬ], Карасайского района, Алматинской области - [ЗАЯВИТЕЛЬ]. Не принимает никаких мер по устранению проблем на улице Майлина",О работе государственных органов (госуслуги),02.04.2022,90,разбитая дорога,https://dialog.egov.kz/blogs/all-questions/733338
724952,[ЗАЯВИТЕЛЬ] ОП г.Усть-Каменогорска подполковнику полиции,Регионы,02.02.2022,73,не вывозят мусор,https://dialog.egov.kz/blogs/all-questions/724952
724932,"Добрый день! Для дома, расположенного по адресу: ул. Жарокова 273а имеется только пять парковочных мест на 8 подъездов! 1) Необходимо расширение парковочных мест путем перемещения детской площадки расположенной у 5-7 подъездов севернее футбольного поля (схема прилагается). 2) Так","Строительство, дольщики, жилищные проблемы",02.02.2022,54,нет освещения во дворе,https://dialog.egov.kz/blogs/all-questions/724932
760853,"Алматы қаласының әкімі [ЗАЯВИТЕЛЬ] мырзаға Алматы қаласының тұрғыны [ЗАЯВИТЕЛЬ]. Алматы қаласы, Гастелло көшесі, 18 үй Сот: [ТЕЛЕФОН] ӨТІНІШ Мен, [ЗАЯВИТЕЛЬ], 01.09.1936 жылы Алматы облысы, Нарынқол ауданы, Шалкөде өңірінде дүниеге келгенмін. [ЗАЯВИТЕЛЬ]",Свободная тема,01.12.2022,66,су жоқ,https://dialog.egov.kz/blogs/all-questions/760853
760814,"Добрый день [ЗАЯВИТЕЛЬ]! В районе остановки""Березка"", не работает светофор (вырвана кнопка - вызвать зеленый свет), через эту дорогу, как спускаться с моста, по маршруту Автобуса №1, машины и автобусы , летят с завышенной скоростью. На другой стороне дороги находит",О работе государственных органов (госуслуги),01.12.2022,84,не работает светофор,https://dialog.egov.kz/blogs/all-questions/760814
760806,"Здравствуйте. Прошу вас проверить систему отопления в 75 школе нашего города, адрес мангилик ел 28/1. В школе очень холодно. Как начались морозы дети постоянно жалуются. Четвёртая неделя пошла уже. Писала завучу и классному руководителю и завхозу даже- толку нет. Учитель по труду",Образование,01.12.2022,69,нет отопления,https://dialog.egov.kz/blogs/all-questions/760806
760760,"Обращение с регистрационным номером 760760, направленное в Блог [ЗАЯВИТЕЛЬ] РК [ЗАЯВИТЕЛЬ] отклонено ГО 08.12.2022",О работе государственных органов (госуслуги),01.12.2022,0,нет отопления,
758231,Кайырлы кун. Саламатсыздарма. [ЗАЯВИТЕЛЬ] 2-ши топ мугедектик аныктамам бар. Менде кант диабетинен ауыз куысында аздаган кемшиликтер бар еди. Емдеп тис салдыргым келеди. Бирак мугедектерге скидка жок екен сурайын дегеним мен сиякты каражат жагынан киналган жанд,Здравоохранение,01.11.2022,93,не топят,https://dialog.egov.kz/blogs/all-questions/758231
752759,"АРЫЗ Біз тұрып жатқан мекен-жайда, Темірлан тас жолы мен Шымкент-Алматы тас жолы арасы, жылдан жылға жақсы өзгерістер болғаны мәлім: көшелерге асфальт салынды, автобустық маршруттар қосылды. Бірақ та әлі шешілмеген мәселелер бар, солардың ең маңыздыларына тоқтала кетсек: Бірін","Строительство, дольщики, жилищные проблемы",01.09.2022,84,су жоқ,https://dialog.egov.kz/blogs/all-questions/752759
752722,"Добрый день. Обращаюсь к вам касательно отсутствия подъездных путей к ЖК ALTYN DALA, расположенному по адресу: г. Нур-Султан, ул. Мухамедханова, д.12/3. К нашему дому совершенно нет дороги. На сегодняшний день, мы заезжаем нарушая правила дорожного движения с ул. Мухамедханова по",Свободная тема,01.09.2022,69,яма на дороге,https://dialog.egov.kz/blogs/all-questions/752722
752710,[ЗАЯВИТЕЛЬ] Шымкент қаласы Самал 3 мөлтек ауданында орналасқан атына заты сай болмай тұрған Мәңгілік ел көшесі бар.Осы көшенің тұрғындары өз қаржымызға асфальт төсеп алғанбыз (сіздерден қайраң болмаған соң) сол төселген асфальітмізді ағымдағы жылы кәріз құ,Земельные вопросы,01.09.2022,83,нет асфальта,https://dialog.egov.kz/blogs/all-questions/752710
742046,"Біздің балаларымызға көмектесіңіз… Құрметті [ЗАЯВИТЕЛЬ]! Сізден біздің проблемамызға назар аударуыңызды сұраймыз. Біз, Нұр-сұлтан қаласы әкімдігінің «Техникалық колледж» МКҚК білім алушыларының ата-аналары, біздің балаларымызға көмектесу туралы өтініш білдіреміз, өйткені біз",Образование,01.06.2022,156,жарық жоқ,https://dialog.egov.kz/blogs/all-questions/742046
741716/2,"[ЗАЯВИТЕЛЬ] службы Республики Казахстан Господину [ЗАЯВИТЕЛЬ] Николаевны 24.09.1984 года рождения ИИН [ИИН] Прож-ей г.Алматы ул. Спасская, дом 66 кв.48 тел.: +7 (778) 126 73 65 Уважаемый [ЗАЯВИТЕЛЬ], прошу Вас оказать содействие",Правоохранительные органы,01.06.2022,84,водитель автобуса,https://dialog.egov.kz/blogs/all-questions/742096
741716/1,"Обращение с регистрационным номером 741716/1, направленное в Блог [ЗАЯВИТЕЛЬ] РК [ЗАЯВИТЕЛЬ] отклонено ГО 15.06.2022",Правоохранительные органы,01.06.2022,1,водитель автобуса,
737846,"Добрый день. Хочу обратить ваше внимание на улицу Набережную и Тепличную в мкр Айгерим 1. В 2021 году проводилось отличное благоустройство улицы Ырысты, сдан в эксплуатацию наконец то мост на пересечении Рыскулова и проложен новый асфальт с тротуарными дорожками. По улице Набереж","Строительство, дольщики, жилищные проблемы",01.05.2022,112,стихийная свалка,https://dialog.egov.kz/blogs/all-questions/737846
737842,"09 Карагандинская область, г. Караганда, 29.04.2022 рядом с домом по ул. Сатыбалдина 7 расположена большая яма на дороге представляющая опасность для водителей, а также наносит материальный вред ТС. Требуется устранить данный дефект дороги. Материалы по ссылке: https://vk.com/zb_",Свободная тема,01.05.2022,102,яма на дороге,https://dialog.egov.kz/blogs/all-questions/737842
737841,"09 Карагандинская область, г. Караганда, 29.04.2022 рядом с домом по ул. Сатыбалдина 7 расположена большая яма на дороге представляющая опасность для водителей, а также наносит материальный вред ТС. Требуется устранить данный дефект дороги. Материалы по ссылке: https://vk.com/zb_",Свободная тема,01.05.2022,117,яма на дороге,https://dialog.egov.kz/blogs/all-questions/737841
737840,"09 Карагандинская область, г. Караганда, 29.04.2022 рядом с домом по ул. Сатыбалдина 7 расположена большая яма на дороге представляющая опасность для водителей, а также наносит материальный вред ТС. Требуется устранить данный дефект дороги. Материалы по ссылке: https://vk.com/zb_","Строительство, дольщики, жилищные проблемы",01.05.2022,209,яма на дороге,https://dialog.egov.kz/blogs/all-questions/737840
737839,"09 Карагандинская область, г. Караганда, 29.04.2022 рядом с домом по ул. Сатыбалдина 7 расположена большая яма на дороге представляющая опасность для водителей, а также наносит материальный вред ТС. Требуется устранить данный дефект дороги. Материалы по ссылке: https://vk.com/zb_","Строительство, дольщики, жилищные проблемы",01.05.2022,112,яма на дороге,https://dialog.egov.kz/blogs/all-questions/737839
733319,"Уважаемый [ЗАЯВИТЕЛЬ], пишет Вам житель ЖК Женис. В конце 2021 года мимо наших домов компания Каскор СМУ прокладывала газовую трубу. По окончании работ мы остались без дорог. Компания не только не исправила разбитую дорогу, но и оставила открытым канализационный люк, а такж","Строительство, дольщики, жилищные проблемы",01.04.2022,202,разбитая дорога,https://dialog.egov.kz/blogs/all-questions/733319
733305,"В Комитет внутреннего государственного аудита Министерства финансов Республики Казахстан Прошу Вас проверить проводимые работы АО «НК КазАвтожол» на участках дорог «Калбатау-Майкапшагай» и «Караганда-Балхаш». Так трасса республиканского значения, реконструкция которой началась тр",Нацкомпании,01.04.2022,73,разбитая дорога,https://dialog.egov.kz/blogs/all-questions/733305
733147,Господин министр Индустрии РК Прошу поручить Банкам РК Создать отдельную льготную программу кредитования Лицам работающим в сервисах такси [ЗАЯВИТЕЛЬ] выдовать автокредиты без первоначальных взносов и подтверждения доходов [ЗАЯВИТЕЛЬ] выполните эту прозьбу,Социальное обеспечение,01.04.2022,65,водитель автобуса,https://dialog.egov.kz/blogs/all-questions/733147
733146,Господин министр Индустрии РК Прошу поручить Банкам РК Создать отдельную льготную программу кредитования Лицам работающим в сервисах такси [ЗАЯВИТЕЛЬ] выдовать автокредиты без первоначальных взносов и подтверждения доходов [ЗАЯВИТЕЛЬ] выполните эту прозьбу,Занятость населения,01.04.2022,74,водитель автобуса,https://dialog.egov.kz/blogs/all-questions/733146
724736,[ЗАЯВИТЕЛЬ] Орман шаруашылығы және жануарлар дүниесі комитетінің төрағасының м.а. [ЗАЯВИТЕЛЬ] --------------------------------------------------------------------,Регионы,01.02.2022,317,жол бұзылған,https://dialog.egov.kz/blogs/all-questions/724736
724733,"ҚР Экология, геология және табиғи ресурстар министрі [ЗАЯВИТЕЛЬ] -------------------------------------------------------------------- Нұр-Сұлтан қ., [ЗАЯВИТЕЛЬ] көшесі, 8, Министрліктер үйі, 14",О работе государственных органов (госуслуги),01.02.2022,119,жол бұзылған,https://dialog.egov.kz/blogs/all-questions/724733
703214,"27.08.2021ж. №58 [ЗАЯВИТЕЛЬ] Iшкi iстер министрі Е.[ЗАЯВИТЕЛЬ] «Сынақ» мүмкіндігі шектеулі жандарды оңалту және әлеуметтік құқықтарын іске асыру, қорғау» ҚБ [ЗАЯВИТЕЛЬ] Абдукаримовичтен (Шымкент қ",Свободная тема,31.08.2021,75,жол бұзылған,https://dialog.egov.kz/blogs/all-questions/703214
703203,"27.08.2021ж. №57 ҚР-ың Қаржылық мониторингі агенттігінің төрағасы [ЗАЯВИТЕЛЬ] Элимановқа «Сынақ» мүмкіндігі шектеулі жандарды оңалту және әлеуметтік құқықтарын іске асыру, қорғау» ҚБ [ЗАЯВИТЕЛЬ] Абдукаримо",Свободная тема,31.08.2021,111,жол бұзылған,https://dialog.egov.kz/blogs/all-questions/703203
688055,"Коллективное обращение жителей приграничного аула [ЗАЯВИТЕЛЬ] района ВКО Многоуважаемые руководители государственных органов обращаются к вам жители Акшокинского сельского округа Урджарского района ВКО, так как на местах (областной Акимат, районный Акимат) к проблемам на",Земельные вопросы,31.05.2021,100,разбитая дорога,https://dialog.egov.kz/blogs/all-questions/688055
688054,"Коллективное обращение жителей приграничного аула [ЗАЯВИТЕЛЬ] района ВКО Многоуважаемые руководители государственных органов обращаются к вам жители Акшокинского сельского округа Урджарского района ВКО, так как на местах (областной Акимат, районный Акимат) к проблемам на",Регионы,31.05.2021,74,разбитая дорога,https://dialog.egov.kz/blogs/all-questions/688054
688052,"Коллективное обращение жителей приграничного аула [ЗАЯВИТЕЛЬ] района ВКО Многоуважаемые руководители государственных органов обращаются к вам жители Акшокинского сельского округа Урджарского района ВКО, так как на местах (областной Акимат, районный Акимат) к проблемам на",Земельные вопросы,31.05.2021,207,разбитая дорога,https://dialog.egov.kz/blogs/all-questions/688052
688051/1,"Коллективное обращение жителей приграничного аула [ЗАЯВИТЕЛЬ] района ВКО Многоуважаемые руководители государственных органов обращаются к вам жители Акшокинского сельского округа Урджарского района ВКО, так как на местах (областной Акимат, районный Акимат) к проблемам на",Регионы,31.05.2021,106,разбитая дорога,https://dialog.egov.kz/blogs/all-questions/688069
688051,"Коллективное обращение жителей приграничного аула [ЗАЯВИТЕЛЬ] района ВКО Многоуважаемые руководители государственных органов обращаются к вам жители Акшокинского сельского округа Урджарского района ВКО, так как на местах (областной Акимат, районный Акимат) к проблемам на",Регионы,31.05.2021,106,разбитая дорога,https://dialog.egov.kz/blogs/all-questions/688051
688050,"Коллективное обращение жителей приграничного аула [ЗАЯВИТЕЛЬ] района ВКО Многоуважаемые руководители государственных органов обращаются к вам жители Акшокинского сельского округа Урджарского района ВКО, так как на местах (областной Акимат, районный Акимат) к проблемам на",Информационно-коммуникационные технологии,31.05.2021,93,разбитая дорога,https://dialog.egov.kz/blogs/all-questions/688050
688048,"Обращение с регистрационным номером 688048, направленное в Блог Аким города Астаны [ЗАЯВИТЕЛЬ] отклонено ГО 01.06.2021","Строительство, дольщики, жилищные проблемы",31.05.2021,2,не работает лифт,
688047,Акиму города Нур-Султан г-ну КУЛЬГИНОВУ А.[ЗАЯВИТЕЛЬ] акима города Н,"Строительство, дольщики, жилищные проблемы",31.05.2021,95,не работает лифт,https://dialog.egov.kz/blogs/all-questions/688047
707701,"[ЗАЯВИТЕЛЬ]Куламбаев, ағымдағы жылдың 30-шы тамызында Қызылорда облыстық полиция департаменті өзіндік қызмет басқармасының (әрі қарай - [ЗАЯВИТЕЛЬ]) бастығына патрульдік полиция қызметкерлерінің үстінен арызданған болатынмын. Алайда 13.09.2021 жылы Қызылорда қаласының полиция басқармасы",Правоохранительные органы,30.09.2021,100,жол бұзылған,https://dialog.egov.kz/blogs/all-questions/707701
703077,"27.08.2021ж. №56 [ЗАЯВИТЕЛЬ] сыбайлас жемқорлыққа қарсы іс-қимыл агенттігі төрағасы [ЗАЯВИТЕЛЬ] Адресі: Индекс:010000, Нұр-Сұлтан қаласы, [ЗАЯВИТЕЛЬ] көшесі №37. «Сынақ» мүмкіндігі шектеулі жандарды оңалту және",Свободная тема,30.08.2021,147,жол бұзылған,https://dialog.egov.kz/blogs/all-questions/703077
703075,"Обращение с регистрационным номером 703075, направленное в Блог [ЗАЯВИТЕЛЬ] РК [ЗАЯВИТЕЛЬ] отклонено ГО 13.09.2021",Свободная тема,30.08.2021,5,жол бұзылған,
698119,"Добрый день, [ЗАЯВИТЕЛЬ]! Уже пять месяцев нас жителей дома ЖК ""Жайна"" по адресу Кошкарбаева 56 блок 1б, кормит завтраками представитель лифтовой компании ТОО [ЗАЯВИТЕЛЬ] по имени Айдын. У нас в протяжении пяти месяцев не работает грузовой лифт. дом 18 этажный. на","Строительство, дольщики, жилищные проблемы",30.07.2021,82,не работает лифт,https://dialog.egov.kz/blogs/all-questions/698119
693383,Поводом моей жалобы послужило сфабрикованная ситуация то есть изначально запланированная наигранная сценария [ЗАЯВИТЕЛЬ] и участкового инспектора Медета против моих двух несовершеннолетних детей. 15.04.2021 г. примерно в 09:30 вечера гражданка [ЗАЯВИТЕЛЬ] находясь н,Правоохранительные органы,30.06.2021,108,детская площадка сломана,https://dialog.egov.kz/blogs/all-questions/693383
682548,"Обращение с регистрационным номером 682548, направленное в Блог Аким Карагандинской области [ЗАЯВИТЕЛЬ] отклонено ГО 30.04.2021","Строительство, дольщики, жилищные проблемы",30.04.2021,0,детская площадка сломана,
676056,Министру внутренних дел Республики Казахстан генерал-лейтенанту полиции ТУРГУМБАЕВУ [ЗАЯВИТЕЛЬ] Джулановны 18.10.1954 г.р ИИН [ИИН],Правоохранительные органы,30.03.2021,63,отменили маршрут,https://dialog.egov.kz/blogs/all-questions/676056
721120,"Обращение с регистрационным номером 721120, направленное в Блог Аким города Алматы [ЗАЯВИТЕЛЬ]A. находится на рассмотрении у ГО",Правоохранительные органы,29.12.2021,0,холодные батареи,
720892/1,Добрый день! Компания в которой я работаю приобретает услуги у сторонней организации по техническому обслуживанию оборудования лифтового хозяйства (обслуживание лифтов в административном здании). Сторонняя организация в качестве подтверждения права ведения работ в области промышл,Нацкомпании,29.12.2021,182,не работает лифт,https://dialog.egov.kz/blogs/all-questions/721101
712032,ҚР Президент әкімшілігінің төрағасы [ЗАЯВИТЕЛЬ] Бас прокуроры [ЗАЯВИТЕЛЬ] Бектаевқа Алматы қаласының әкімі [ЗАЯВИТЕЛЬ] С,Земельные вопросы,29.10.2021,225,жарық жоқ,https://dialog.egov.kz/blogs/all-questions/712032
712027,"Обращение с регистрационным номером 712027, направленное в Блог [ЗАЯВИТЕЛЬ] РК [ЗАЯВИТЕЛЬ] отклонено ГО 11.11.2021",Земельные вопросы,29.10.2021,0,жарық жоқ,
707623,"Обращение с регистрационным номером 707623, направленное в Блог Аким города Алматы [ЗАЯВИТЕЛЬ]A. находится на рассмотрении у ГО","Строительство, дольщики, жилищные проблемы",29.09.2021,12,стихийная свалка,
707510/1,"Обращение с регистрационным номером 707510/1, направленное в Блог Аким Атырауской области [ЗАЯВИТЕЛЬ] отклонено ГО 13.10.2021","Строительство, дольщики, жилищные проблемы",29.09.2021,0,холодные батареи,
702976,[ЗАЯВИТЕЛЬ] директора ТОО «ЖАСА 4» [ЗАЯВИТЕЛЬ]Р Пово,О работе государственных органов (госуслуги),29.08.2021,94,стихийная свалка,https://dialog.egov.kz/blogs/all-questions/702976
682432,"Обращение с регистрационным номером 682432, направленное в Блог Аким Карагандинской области [ЗАЯВИТЕЛЬ] отклонено ГО 29.04.2021","Строительство, дольщики, жилищные проблемы",29.04.2021,0,детская площадка сломана,
682431,"Обращение с регистрационным номером 682431, направленное в Блог Аким Карагандинской области [ЗАЯВИТЕЛЬ] отклонено ГО 29.04.2021","Строительство, дольщики, жилищные проблемы",29.04.2021,0,детская площадка сломана,
682430,"Добрый день! Я являюсь жильцом дома, расположенного по адресу: г.Караганда, ул.Абая (бывш.Ленина), д.62, кв.8. С момента переезда и по сегодняшний день, меня очень волнует вопрос необорудованной детской площадки во дворе дома. Площадка, как таковая, имеется, однако, она наход","Строительство, дольщики, жилищные проблемы",29.04.2021,106,детская площадка сломана,https://dialog.egov.kz/blogs/all-questions/682430
664799,Е.[ЗАЯВИТЕЛЬ]. [ЗАЯВИТЕЛЬ] бас прокуроры [ЗАЯВИТЕЛЬ] блог платформасына 2020 жылғы 10 наурыздағы (бірегей нөмірі [СЧЁТ]) арызым ведомстволық бағыныстылығы бойынша қарау үшін [ЗАЯВИТЕЛЬ] ішкі істер министірлі,Финансы,29.01.2021,160,жол бұзылған,https://dialog.egov.kz/blogs/all-questions/664799
720892,Добрый день! Компания в которой я работаю приобретает услуги у сторонней организации по техническому обслуживанию оборудования лифтового хозяйства (обслуживание лифтов в административном здании). Сторонняя организация в качестве подтверждения права ведения работ в области промышл,Нацкомпании,28.12.2021,91,не работает лифт,https://dialog.egov.kz/blogs/all-questions/720892
720889,"Обращение с регистрационным номером 720889, направленное в Блог Аким города Алматы [ЗАЯВИТЕЛЬ]A. находится на рассмотрении у ГО",Свободная тема,28.12.2021,2,автобус жүрмейді,
720778,"Уважаемый [ЗАЯВИТЕЛЬ]! Прошу Вас, обратить на внимание на мое обрашение, так как Конституционные права моей семьи были нарушены. Я являюсь гражданкой Респулики Казахстан, временно проживаюшей в Германии. В Казахстане, в городе Жезказган, Карагандинской области у меня п",Правоохранительные органы,28.12.2021,113,не горят фонари,https://dialog.egov.kz/blogs/all-questions/720778
720777,"Обращение с регистрационным номером 720777, направленное в Блог [ЗАЯВИТЕЛЬ] РК [ЗАЯВИТЕЛЬ] отклонено ГО 11.01.2022",Правоохранительные органы,28.12.2021,11,не горят фонари,
707510,"Добрый день ,Уважаемый господин, [ЗАЯВИТЕЛЬ] К вам обращаются жильцы г.Атырау ,живущие по улице Баймуханова (СМП -163),дом 9. В этом году Акимат, дал добро на проведение модернизации нашего дома , в связи с аварийном состоянии подвала , (отопление в течение зимнего периода, п","Строительство, дольщики, жилищные проблемы",28.09.2021,188,холодные батареи,https://dialog.egov.kz/blogs/all-questions/707510
707371,"Обращение с регистрационным номером 707371, направленное в Блог Аким города Алматы [ЗАЯВИТЕЛЬ]A. находится на рассмотрении у ГО","Строительство, дольщики, жилищные проблемы",28.09.2021,8,стихийная свалка,
707370,"Обращение с регистрационным номером 707370, направленное в Блог Аким города Алматы [ЗАЯВИТЕЛЬ]A. находится на рассмотрении у ГО","Строительство, дольщики, жилищные проблемы",28.09.2021,1,стихийная свалка,
702931,"Здравствуте,обращаемся к Вам всем двором город Темиртау ул.Байсеитовой дом 19, мы живем в двух этажках наша улица забыта не только Богом но и местными властями. По тратуару не горят фонари, людям очень дорого востанавливать дома ведь в доме всего 12 кв. А облицовка дома в ужастно","Строительство, дольщики, жилищные проблемы",28.08.2021,92,не горят фонари,https://dialog.egov.kz/blogs/all-questions/702931
682226,"Обращение с регистрационным номером 682226, направленное в Блог Аким города Алматы [ЗАЯВИТЕЛЬ]A. находится на рассмотрении у ГО","Строительство, дольщики, жилищные проблемы",28.04.2021,9,не горят фонари,
720755,"[ЗАЯВИТЕЛЬ] мырза сізге жазу себебіміз- біз алматы облысы , Іле ауданы, Ащыбулақ округі, Батыр саяжайында тұрамыз. Сізге көп рахмет, алдында сізге жазғаннан кейін газымызды подстанцияға қосып, газымыз Аллаға шүкір жанып тұр. Ендігі мәселе свет болып тұр. Светіміз үнемі ес",Свободная тема,27.12.2021,246,жарық жоқ,https://dialog.egov.kz/blogs/all-questions/720755
720623,"Обращение с регистрационным номером 720623, направленное в Блог Аким города Алматы [ЗАЯВИТЕЛЬ]A. находится на рассмотрении у ГО","Строительство, дольщики, жилищные проблемы",27.12.2021,1,жарық жоқ,
707342,Доброго времени суток. Мое обращение направлено на состояние улицы на которой я проживаю. В середине лета этого года по нашей улице начались работы по прокладке центральной канализации. Посреди дороги был выкопан огромный ров с ямой и брошен. По словам инженеров кто выполнял рабо,"Строительство, дольщики, жилищные проблемы",27.09.2021,141,стихийная свалка,https://dialog.egov.kz/blogs/all-questions/707342
692860,"Обращение с регистрационным номером 692860, направленное в Блог Аким города Алматы [ЗАЯВИТЕЛЬ]A. находится на рассмотрении у ГО",Свободная тема,27.06.2021,0,стихийная свалка,
692819,"Уважаемый [ЗАЯВИТЕЛЬ]! Обращаемся очередной раз. Инициативная группа дома по адресу Город Алматы, ул. Курмангазы дом 43. Норма законодательства о запрете деятельности ресторана в жилом доме в случае превышения более чем 50 мест должна наконец-то начать работать. Надо в",Здравоохранение,27.06.2021,89,мусорные контейнеры переполнены,https://dialog.egov.kz/blogs/all-questions/692819
687448,"Обращение с регистрационным номером 687448, направленное в Блог Аким города Алматы [ЗАЯВИТЕЛЬ]A. находится на рассмотрении у ГО",Здравоохранение,27.05.2021,4,прорвало трубу,
720538,"Обращение с регистрационным номером 720538, направленное в Блог Аким города Алматы [ЗАЯВИТЕЛЬ]A. находится на рассмотрении у ГО","Строительство, дольщики, жилищные проблемы",26.12.2021,1,холодные батареи,
716631,"В РГП "" Комитет промышленной безопасности Министерства по чрезвычайным ситуациям Республики Казахстан"" ТОО «[ЗАЯВИТЕЛЬ] Казахстан» просит Вас дать разъяснение касательно аттестата, выданного на имя нашего предприятия на право проведения работ в обл","Строительство, дольщики, жилищные проблемы",26.11.2021,149,не работает лифт,https://dialog.egov.kz/blogs/all-questions/716631
707137,"ИЗЪЯВЛЕНИЕ:ПРАВДА : Человек, Суверен ,Выгодоприобретатель ,[ЗАЯВИТЕЛЬ] Канахин (далее – Заявитель) согласно Волеизъявления в форме Декларации от 14.01.2021 г. является бенефициаром (учредителем и выгодоприобретателем) бланка паспорта физического лица [ЗАЯВИТЕЛЬ]",О работе государственных органов (госуслуги),26.09.2021,102,детская площадка сломана,https://dialog.egov.kz/blogs/all-questions/707137
707128,"Ассалому алейкум [ЗАЯВИТЕЛЬ] мырза ,сізді Мангстау обылысының әкімі болғаныңыз бенен шын жүректен құтықтаймын .[ЗАЯВИТЕЛЬ] ауданы Баянды елді мекенінің тұрғынымын .[ЗАЯВИТЕЛЬ] тұрғындарының өтінішін шешіп қарап шешіп беріуді өз қолыңызға алсаңыз деймін .[ЗАЯВИТЕЛЬ]",Свободная тема,26.09.2021,110,автобус жүрмейді,https://dialog.egov.kz/blogs/all-questions/707128
697378,"Уважаемый [ЗАЯВИТЕЛЬ]! Я, Аубакирова [ЗАЯВИТЕЛЬ], обращаюсь к Вам от лица жителей 30-квартирного жилого дома по адресу г.Кокшетау, м-н Сарыарка 9/14. Заселение было в августе-сентябре 2020 года, застройщиком дома является ТОО «Дело ФБК» (далее – Застройщик). Так ка","Строительство, дольщики, жилищные проблемы",26.07.2021,117,прорвало трубу,https://dialog.egov.kz/blogs/all-questions/697378
687273,"Обращаюсь повторно с жалобой на застройщика (АО ""Samruk Kazyna Constraction""), продавшего нам квартиры в ЖК по адресу пр.[ЗАЯВИТЕЛЬ] 17 и 17-1. Качество возведенного жилья очень низкое (вероятно были использованы стройматериалы не соответствующие технической спецификации),","Строительство, дольщики, жилищные проблемы",26.05.2021,90,не работает лифт,https://dialog.egov.kz/blogs/all-questions/687273
675298,"Прошу Вас дать поручение коммунальным службам города Экибастуза - убрать стихийную свалку мусора по адресу: г. Экибастуз ул. Баянаульская возле дома 4. В этом месте некоторые граждане складируют золу от печного отопления, крупный мусор. Данный вопрос требует постоянного контроля.","Строительство, дольщики, жилищные проблемы",26.03.2021,85,стихийная свалка,https://dialog.egov.kz/blogs/all-questions/675298
670704,"Обращение с регистрационным номером 670704, направленное в Блог Аким города Алматы [ЗАЯВИТЕЛЬ]A. находится на рассмотрении у ГО",Транспорт,26.02.2021,7,автобус жүрмейді,
664160,"Здравствуйте, уважаемый [ЗАЯВИТЕЛЬ]! Обращаемся к вам повторно по поводу недостаточного теплоснабжения ЖК Туркестан находящегося по адресу Кошкарбаева 34. Изза невыносимого холода, жильцы были вынуждены обратиться в службу 109, неоднократно. Хочу заметить, что служба 109",О работе государственных органов (госуслуги),26.01.2021,481,холодные батареи,https://dialog.egov.kz/blogs/all-questions/664160
711317,"Құрметті [ЗАЯВИТЕЛЬ]! Талғар ауданы,Бесағаш ауылының тұрғындарының атынан бірнеше жылдан бері шешімін таппай келе жатқан мәселелерді айтуға тура келіп отыр. Басқа мәселелерді айтпағанның өзінде: күнделікті халыққа ең қажетті су,жарық,жол т.б бірқалыпты жұмыс істеуін",О работе государственных органов (госуслуги),25.10.2021,136,жарық жоқ,https://dialog.egov.kz/blogs/all-questions/711317
711305,"Обращение с регистрационным номером 711305, направленное в Блог [ЗАЯВИТЕЛЬ] РК [ЗАЯВИТЕЛЬ] отклонено ГО 08.11.2021",О работе государственных органов (госуслуги),25.10.2021,1,детская площадка сломана,
711152,УПРАВЛЕНИЕ [ЗАЯВИТЕЛЬ] СИТУАЦИЯМ РАЙОНА АЛМАТЫ [ЗАЯВИТЕЛЬ] СИТУАЦИЯМ ГОРОДА НУРСУЛТАНА [ЗАЯВИТЕЛЬ] КАЗАХСТАН» От руководителя обслуживающей компании ТОО «[ЗАЯВИТЕЛЬ]» дома Айнаколь 58 [ЗАЯВИТЕЛЬ] ЖАЛОБА. Прошу,"Строительство, дольщики, жилищные проблемы",25.10.2021,361,не работает лифт,https://dialog.egov.kz/blogs/all-questions/711152
707081,"ИЗЪЯВЛЕНИЕ:ПРАВДА : Человек, Суверен ,Выгодоприобретатель ,[ЗАЯВИТЕЛЬ] Канахин (далее – Заявитель) согласно Волеизъявления в форме Декларации от 14.01.2021 г. является бенефициаром (учредителем и выгодоприобретателем) бланка паспорта физического лица [ЗАЯВИТЕЛЬ]",О работе государственных органов (госуслуги),25.09.2021,116,детская площадка сломана,https://dialog.egov.kz/blogs/all-questions/707081
707080,"Обращение с регистрационным номером 707080, направленное в Блог [ЗАЯВИТЕЛЬ] РК [ЗАЯВИТЕЛЬ] отклонено ГО 08.10.2021",О работе государственных органов (госуслуги),25.09.2021,1,детская площадка сломана,
707072,"Здравствуйте, [ЗАЯВИТЕЛЬ]! Я хочу пожаловаться Вам на комплексное административно-управленческое обслуживание паркинга Кооперативом собственников помещений (квартир) (далее КСП(К)) ""Қалдаяқов 11"" БИН [ИИН] расположенный по адресу г. Нур-Султан, район Алматы,","Строительство, дольщики, жилищные проблемы",25.09.2021,105,разбитая дорога,https://dialog.egov.kz/blogs/all-questions/707072
686894,Добрый день уважаемый [ЗАЯВИТЕЛЬ] ! Ранее обращался к вам на блог 02.11.2020г. обращение № 650044 по вопросу не работающего светофора на трассе в Атбасар пересечении на дорогу на Щучинск и на с. Зеренда этот светофор как его установили проработал наверное 10 дней и теперь,Свободная тема,25.05.2021,163,не работает светофор,https://dialog.egov.kz/blogs/all-questions/686894
663879,"Здравствуйте, уважаемый [ЗАЯВИТЕЛЬ]! Я живу по Кошкарбаева 39, и в нашей квартире очень холодно, по сравнению с прошлым годом. КСК это обьясняет наличием автоматики, при этом, в том году автоматики не было в нашем доме? не понятно! Все жители жалуются на похолодание, но К","Строительство, дольщики, жилищные проблемы",25.01.2021,84,холодные батареи,https://dialog.egov.kz/blogs/all-questions/663879
716228,Уважаемый [ЗАЯВИТЕЛЬ]. Ранее я обращалась подключить светофоры возле школы гимназии №74. Однако подключение светофора произошло только на перекрестках. На пешеходном переходе по улице [ЗАЯВИТЕЛЬ] возле школы светофор до сих пор не работающий. Сейчас в зимнее время очень,Транспорт,24.11.2021,236,не работает светофор,https://dialog.egov.kz/blogs/all-questions/716228
702141,"[ЗАЯВИТЕЛЬ] Добрый день! Хочу обратить ваше внимание не нецелесообразность возможности передачи здания школы для одаренных детей №9 Зерде, расположенный по адресу: г. Нур-Султан, проспект Сарыарка, 20 Техническому колледжу. ГККП «Технический колледж» акимата города Нур-Султа",Образование,24.08.2021,75,не работает лифт,https://dialog.egov.kz/blogs/all-questions/702141
692595,"Уважаемый [ЗАЯВИТЕЛЬ]. Обращаемся к вам от имени жителей мкр. Алгабас, Теректы и г. Алматы, чьи родственники покоятся на кладбище, находящемся рядом с мкр. Алгабас на пересечении ул. [ЗАЯВИТЕЛЬ] и ул. Монкеби. Кладбище было основано в довоенные годы и служило для захор",Земельные вопросы,24.06.2021,110,стихийная свалка,https://dialog.egov.kz/blogs/all-questions/692595
686728,"Уважаемый [ЗАЯВИТЕЛЬ]! Данным письмом хотели бы обратить Ваше внимание и попросить разобраться в решении вопроса относительно прокладки сетей водоснабжения и состоянии дорог в Жетысуском районе города Алматы, а именно по улице Шелихова (частный сектор, дома на два и на че",Социальное обеспечение,24.05.2021,164,разбитая дорога,https://dialog.egov.kz/blogs/all-questions/686728
686723,Доброго времени суток! Много Уважаемый Аймагамбетов. А.К Приношу вам свои извинения что обращаюсь! Но сейчас остро интересует вопрос который сложился в нашем селе! А именно в нашем селе нет оборудованных детских площадок и стадионов единственное такое место это территория школьно,О работе государственных органов (госуслуги),24.05.2021,105,разбитая дорога,https://dialog.egov.kz/blogs/all-questions/686723
674983,"Обращение с регистрационным номером 674983, направленное в Блог Аким города Алматы [ЗАЯВИТЕЛЬ]A. находится на рассмотрении у ГО","Строительство, дольщики, жилищные проблемы",24.03.2021,1,холодные батареи,
670322,"Салеметсізбе [ЗАЯВИТЕЛЬ] ауданы,Елтай ауылы тұрғынымын 2021 жылдан бастап қоғамдық көлік жүрмейді, жүрседе 2-3 сағатта бір автобус жүреді. Біз жылдан жылға жағдай түзелема десек төмендеп барады, Қалаға қатынап жұмыс жасаймыз қоғамдық көлік жоқ, Табатын табысты",Образование,24.02.2021,156,автобус жүрмейді,https://dialog.egov.kz/blogs/all-questions/670322
670217,"Добрый день! [ЗАЯВИТЕЛЬ]. Я житель ЖО Кордайского района, с. Кордай. У нас в 2020 году в конце лета провели уличное освещение, мы этому очень обрадовались, однако по сегодняшний день фонари стоят линия подсоединена но нет света. Мой сын и еще много детей с нашей улицы хо",Свободная тема,24.02.2021,82,не горят фонари,https://dialog.egov.kz/blogs/all-questions/670217
701942,"Министру по чрезвычайным ситуациям Республики Казахстан г-ну [ЗАЯВИТЕЛЬ] промышленной безопасности Министерства по чрезвычайным ситуациям Республики Казахстан г-ну [ЗАЯВИТЕЛЬ] Уважаемый [ЗАЯВИТЕЛЬ], Товарищество с ограниченной ответственностью",О работе государственных органов (госуслуги),23.08.2021,176,не работает лифт,https://dialog.egov.kz/blogs/all-questions/701942
696998,"Обращение с регистрационным номером 696998, направленное в Блог Аким города Алматы [ЗАЯВИТЕЛЬ]A. находится на рассмотрении у ГО",Земельные вопросы,23.07.2021,1,разбитая дорога,
696947,"Уважаемый [ЗАЯВИТЕЛЬ]! Прошу Вас посодействовать в решение вопросов жильцов ЖК ""Сарайшык"", находящийся в 35 микрорайоне 17 дома города Актау. 1. Лифтовое хозяйство. На сегодняшний день лифтовое хозяйство обслуживает не какая компания. При этом, что бы использов","Строительство, дольщики, жилищные проблемы",23.07.2021,128,не работает лифт,https://dialog.egov.kz/blogs/all-questions/696947
692228,"Обращение с регистрационным номером 692228, направленное в Блог Аким Туркестанской области [ЗАЯВИТЕЛЬ] отклонено ГО 23.06.2021",Финансы,23.06.2021,1,көше жарығы,
692227,"Обращение с регистрационным номером 692227, направленное в Блог Министр энергетики РК [ЗАЯВИТЕЛЬ] отклонено ГО 23.06.2021",Финансы,23.06.2021,1,көше жарығы,
692226,"Обращение с регистрационным номером 692226, направленное в Блог [ЗАЯВИТЕЛЬ] РК [ЗАЯВИТЕЛЬ] отклонено ГО 07.07.2021",Финансы,23.06.2021,0,көше жарығы,
686595,"[ЗАЯВИТЕЛЬ], здравствуйте! Посреством социальной сети Facebook (https://www.facebook.com/groups/[СЧЁТ]/permalink/[СЧЁТ]/ https://www.facebook.com/groups/[СЧЁТ]/permalink/[СЧЁТ]/) неоднократно обращался в территориальные органы внутр",Свободная тема,23.05.2021,85,не работает светофор,https://dialog.egov.kz/blogs/all-questions/686595
706462/1,"Добрый день уважаемый Председатель Комитета автомобильных дорог [ЗАЯВИТЕЛЬ] По данному вопросу я раннее, т.е. 05.10.2019 уже обращался, обращение № 573684. Повторно хочу поднять этот вопрос о необходимости строительства моста через ж. д. пути на выезде со ст. Сороковой. По сей день п",Транспорт,22.09.2021,101,не работает светофор,https://dialog.egov.kz/blogs/all-questions/706583
696871,"Министру экологии РК От директора ТОО «ЖАСА 4» [ЗАЯВИТЕЛЬ]Р Поводом нашего обращения является ситуация в коммунальных сферах Ордабасинского и Сайрамского районов Туркестанской области. ЖАСА 4 является компанией по вывозу ТБО с районов с 2016 года. С того момента МИО, ЖКХ",О работе государственных органов (госуслуги),22.07.2021,104,стихийная свалка,https://dialog.egov.kz/blogs/all-questions/696871
696784,"Добрый день! Хотел бы к Вам обратиться по поводу состояния дорог Уалихановского района. От села Талшик до поселка Бидаик временами дороги нет вообще.Дороги страшно разбиты, в одном месте, между поселками Кондыбай и Актуесай вообще приходится ехать по полю, что вообще нонсенс в на",Транспорт,22.07.2021,180,разбитая дорога,https://dialog.egov.kz/blogs/all-questions/696784
691963,"Уважаемый Кабденов [ЗАЯВИТЕЛЬ]! [ЗАЯВИТЕЛЬ] свое почтение и желаем успехов и процветания в Вашем деле! Настоящим обращением, прошу Вас посодействовать в сложившейся ситуации...Буквально на прошлой неделе компания ТОО ""ЭССА Астана"" получил выездую визу В20 на одн","Строительство, дольщики, жилищные проблемы",22.06.2021,94,отменили маршрут,https://dialog.egov.kz/blogs/all-questions/691963
681148,"Здраствуйте. Ул. Бокейхана участок дороги от Бухар жырау до АЗС Гелиус вдоль дома 15, 17 разбитый участок дороги без асфальта накатанная грунтовка. Возможно ли этот участок длинной 200 метров временно разровнять грейдером 15 минут работы, пока не сделают капитальную дорогу. (Немн",Транспорт,22.04.2021,112,разбитая дорога,https://dialog.egov.kz/blogs/all-questions/681148
681094/1,"Уважаемый Министр! Я являюсь жителем города Нур-Султан ЖК Медина, ул.[ЗАЯВИТЕЛЬ] 16. Мы ежегодно с 2016 года обращаемся в городской и районный акимат по вопросу завершения строительства дороги [ЗАЯВИТЕЛЬ] на участке от 5 поликлиники до ул. Окжетпес (дорога проходит вдоль нашего ЖК).",Свободная тема,22.04.2021,119,не горят фонари,https://dialog.egov.kz/blogs/all-questions/681098
681094,"Уважаемый Министр! Я являюсь жителем города Нур-Султан ЖК Медина, ул.[ЗАЯВИТЕЛЬ] 16. Мы ежегодно с 2016 года обращаемся в городской и районный акимат по вопросу завершения строительства дороги [ЗАЯВИТЕЛЬ] на участке от 5 поликлиники до ул. Окжетпес (дорога проходит вдоль нашего ЖК).",Свободная тема,22.04.2021,92,не горят фонари,https://dialog.egov.kz/blogs/all-questions/681094
674861,"Добрый день! Прошу сообщить, по какой причине практически новый (ему нет и 2 лет) и единственный светофор в селе [ЗАЯВИТЕЛЬ] района не работает уже более 1 месяца. На установку данного светофора на пересечении улиц Абая и Азербаева были потрачены средства из государственног",Транспорт,22.03.2021,77,не работает светофор,https://dialog.egov.kz/blogs/all-questions/674861
669792,"Здравствуйте [ЗАЯВИТЕЛЬ] ! Я [ЗАЯВИТЕЛЬ] проживаю по адресу г.Павлодар ул.Бекхожина д.11.кв.37. 10 этаж. тел. сот [ТЕЛЕФОН]. [ЗАЯВИТЕЛЬ] сказать что в квартире стало прохладно начиная с 2019 года, а сейчас вообще холодно. не однократные обращения в КСК р",Свободная тема,22.02.2021,71,холодные батареи,https://dialog.egov.kz/blogs/all-questions/669792
669564,"Добрый день, я хотел бы уточнить, с момента, когда два самолета Q400 авиакомпании Qazaq Air встали на причал из-за проблем с шасси сколько задержек и отмен авиарейсов авиакомпании пришлось объявить за прошедшую неделю? Какому количеству пассажиров пришлось ждать задержанных рейсо",Нацкомпании,22.02.2021,60,отменили маршрут,https://dialog.egov.kz/blogs/all-questions/669564
719943,Здравствуйте. Меня как и всех остальных обманутых дольщиков ЖК Шыгыс группы 2А (8 подъезд) интересует вопрос ужасающих признаков коррупции и закатанных в бетон бюджетных средств выделенных государством на завершение строительства проблемных объектов. В октябре месяце 2021 года на,"Строительство, дольщики, жилищные проблемы",21.12.2021,109,не работает лифт,https://dialog.egov.kz/blogs/all-questions/719943
719917,"Я, Цыкун [ЗАЯВИТЕЛЬ], 04.03.1957 года рождения, пенсионер, проживаю в п.[ЗАЯВИТЕЛЬ] области (адрес: 15-10-2 (ДСУ), настоящей жалобой хочу разобраться в сложившейся ситуации, а именно: на протяжении уже 3-х лет, в зимний период, я вынуждена мерзнуть в собственном д",Свободная тема,21.12.2021,88,холодные батареи,https://dialog.egov.kz/blogs/all-questions/719917
710825,"Обращение с регистрационным номером 710825, направленное в Блог Аким города Алматы [ЗАЯВИТЕЛЬ]A. находится на рассмотрении у ГО",Транспорт,21.10.2021,0,не работает светофор,
710682,"Менің, Сізге шағым жазу себебім, 1995 жылы 30 тамызда республикалық референдумда қабылданған Конституцияның 33-бабының 4-тармағы және 2015 жылғы 23 қарашадағы № 416-V ҚРЗ [ЗАЯВИТЕЛЬ] мемлекеттік қызметі туралы Заңы 27-бабының 6-тармағы, [ЗАЯВИТЕЛЬ]",О работе государственных органов (госуслуги),21.10.2021,214,жол бұзылған,https://dialog.egov.kz/blogs/all-questions/710682
706477,"Добрый день уважаемый Председатель Комитета транспорта [ЗАЯВИТЕЛЬ] По данному вопросу я раннее, т.е. 05.10.2019 уже обращался, обращение № 573684. Повторно хочу поднять этот вопрос о необходимости строительства моста через ж. д. пути на выезде со ст. Сороковой. По сей день повторяетс",Транспорт,21.09.2021,122,не работает светофор,https://dialog.egov.kz/blogs/all-questions/706477
706466,"Добрый день уважаемый и.о. председателя Комитета административной полиции [ЗАЯВИТЕЛЬ]. По данному вопросу я раннее, т.е. 05.10.2019 уже обращался, обращение № 573684. Повторно хочу поднять этот вопрос о необходимости строительства моста через ж. д. пути на выезде со ст. Сороковой. По",Транспорт,21.09.2021,98,не работает светофор,https://dialog.egov.kz/blogs/all-questions/706466
706462,"Добрый день уважаемый Председатель Комитета автомобильных дорог [ЗАЯВИТЕЛЬ] По данному вопросу я раннее, т.е. 05.10.2019 уже обращался, обращение № 573684. Повторно хочу поднять этот вопрос о необходимости строительства моста через ж. д. пути на выезде со ст. Сороковой. По сей день п",Транспорт,21.09.2021,113,не работает светофор,https://dialog.egov.kz/blogs/all-questions/706462
706398,Уважаемый [ЗАЯВИТЕЛЬ]! К вам обращаются жители села Жана-ауыл Щербактинского района Павлодарской области. Мы знаем что вы всегда неравнодушно относитесь к проблемам жителей сел. Мы уверенны на положительный результат решения нашей проблемы. Крик души!!! Мы уже устали от ка,"Строительство, дольщики, жилищные проблемы",21.09.2021,106,разбитая дорога,https://dialog.egov.kz/blogs/all-questions/706398
696518,"Обращение с регистрационным номером 696518, направленное в Блог [ЗАЯВИТЕЛЬ] РК [ЗАЯВИТЕЛЬ] отклонено ГО 04.08.2021",Земельные вопросы,21.07.2021,3,не работает светофор,
691689,"Уважаемый [ЗАЯВИТЕЛЬ]! Выезжая с проспекта Райымбека г.Алматы на трассу “Алматы-Бишкек” Алматинской обл. попадаешь в интенсивный автомобильный поток который в вечернее время становиться опасным для всех участников движения. Опасность состоит в том, что на трассе “Алматы-Би",О работе государственных органов (госуслуги),21.06.2021,101,не горят фонари,https://dialog.egov.kz/blogs/all-questions/691689
680725,"Уважаемый аким г. Шымкент! Переехали в г. Шымкент из г. Алматы и удивилась, что нет цифровых площадок для обращений жителей по различным вопросам и жалобам напрямую без егов (например open almaty в Instagram). Там оперативно решают вопросы различного характера. Теперь непосредс",Свободная тема,21.04.2021,71,детская площадка сломана,https://dialog.egov.kz/blogs/all-questions/680725
715742,"Обращение с регистрационным номером 715742, направленное в Блог Аким города Алматы [ЗАЯВИТЕЛЬ]A. находится на рассмотрении у ГО",О работе государственных органов (госуслуги),20.11.2021,4,пәтер суық,
706358,"Обращение с регистрационным номером 706358, направленное в Блог [ЗАЯВИТЕЛЬ] РК [ЗАЯВИТЕЛЬ] отклонено ГО 04.10.2021","Строительство, дольщики, жилищные проблемы",20.09.2021,16,не работает светофор,
706287,"Здравствуйте. Участок дороги Караганда-Павлодар между селами Алгабас-Керней-[ЗАЯВИТЕЛЬ]-Жырауского района Карагандинской области в ужасном разбитом состоянии. Для реального понимания, Аким области и другое руководство области может выехать, чтобы увидеть все сами. Неужел",Транспорт,20.09.2021,97,разбитая дорога,https://dialog.egov.kz/blogs/all-questions/706287
691674,"Обращаюсь к вам в связи с тем, что ни один гос.орган не реагирует на жалобы на застройщика (АО ""Samruk Kazyna Constraction""), продавшего нам квартиры в ЖК по адресу пр.[ЗАЯВИТЕЛЬ] 17 и 17-1. Качество возведенного жилья очень низкое (вероятно были использованы стройматериал",О работе государственных органов (госуслуги),20.06.2021,95,не работает лифт,https://dialog.egov.kz/blogs/all-questions/691674
691672,"Обращаюсь повторно с жалобой на застройщика (АО ""Samruk Kazyna Constraction""), продавшего нам квартиры в ЖК по адресу пр.[ЗАЯВИТЕЛЬ] 17 и 17-1. Качество возведенного жилья очень низкое (вероятно были использованы стройматериалы не соответствующие технической спецификации),","Строительство, дольщики, жилищные проблемы",20.06.2021,61,не работает лифт,https://dialog.egov.kz/blogs/all-questions/691672
686112,"[ЗАЯВИТЕЛЬ] минстрі М. [ЗАЯВИТЕЛЬ] облысы бойынша Сот сараптамалары институты орталығының директоры Ш.[ЗАЯВИТЕЛЬ] АПБ-ның бастығы Полиция подполковнигі Е.[ЗАЯВИТЕЛЬ] облысы, Қазығұрт ауданы, Жаңабазар ауылы, [ЗАЯВИТЕЛЬ] №7",Транспорт,20.05.2021,109,жол бұзылған,https://dialog.egov.kz/blogs/all-questions/686112
680501,"Доброго времени суток! Меня зовут Ли [ЗАЯВИТЕЛЬ], мы представляем ТОО ""Инженерно-[ЗАЯВИТЕЛЬ]-ОНИКС"" (ТОО ""ИМК-Оникс"") в г.Шымкент. По роду нашей деятельности наша компания реализует оборудование и программное обеспечение в сфере бе",Информационно-коммуникационные технологии,20.04.2021,89,не работает светофор,https://dialog.egov.kz/blogs/all-questions/680501
680491,"[ЗАЯВИТЕЛЬ] әкімі! Сіздердің менің №677345/1 хатыма берген жауаптарыңызда көрсетілген мәліметтермен келіспеймін. Себебі хатта көрсетілген №15,16, 20, 26, 35 бағыттағы автобустар мүлдем жоқ, аталған автобустар жолаушылар қатынасында іске қосылмаған. Мұндай жалған",Транспорт,20.04.2021,142,автобус жүрмейді,https://dialog.egov.kz/blogs/all-questions/680491
710426,"здравствуйте обращаюсь к вам с ТОО ''АКТОБЕ ЛИФТ 04'' структурное подразделение Турецкой фирмы RADIKAL ASANSOR.[ЗАЯВИТЕЛЬ] граждане,занимаемся монтажом,ремонтом и техническим обслуживанием лифтов.Хотим получить Казахстанский аттестат,чтобы работать в Казахстанской республике,но У",Свободная тема,19.10.2021,128,не работает лифт,https://dialog.egov.kz/blogs/all-questions/710426
701553,"Уважаемый [ЗАЯВИТЕЛЬ], жители 18 микрорайона домов с 1 по 6, 39б (14 квартир) г.Капшагай обрашаемся с большой просьбой по укладке асфальта, так как неоднократные обращения (письменные и явочно) в акимат г. Капшагай не дают положительного результата. Последнее явоч",О работе государственных органов (госуслуги),19.08.2021,129,разбитая дорога,https://dialog.egov.kz/blogs/all-questions/701553
701505,"Обращение с регистрационным номером 701505, направленное в Блог Аким города Алматы [ЗАЯВИТЕЛЬ]A. находится на рассмотрении у ГО","Строительство, дольщики, жилищные проблемы",19.08.2021,0,разбитая дорога,
701504,"Обращение с регистрационным номером 701504, направленное в Блог Аким города Алматы [ЗАЯВИТЕЛЬ]A. находится на рассмотрении у ГО","Строительство, дольщики, жилищные проблемы",19.08.2021,1,разбитая дорога,
696444,"Касательно ДТП. Прошу дать поручение Начальнику ДВД города Алматы. Около часа назад произошло ДТП на ул Сатпаева около центральной части ТРЦ ""Алмалы"", прям на дороге. Мотоциклист сбил девушку с коляской с ребенком, подозреваю что девушка переходила дорогу в неположенно",Свободная тема,19.07.2021,85,не работает светофор,https://dialog.egov.kz/blogs/all-questions/696444
696416,"Добрый день! Я житель дома по адресу г. Нур-Султан, пр-т Женис 28. Обращаюсь к Вам с жалобой, что участились случаи когда Астана энергосбыт отключает наш дом от электроэнергии.Ранее это было в виде частых морганий света, перепада напряжений, что сказывается на работе бытового об","Строительство, дольщики, жилищные проблемы",19.07.2021,100,не работает лифт,https://dialog.egov.kz/blogs/all-questions/696416
685704/1,"Здравствуйте, меня зовут [ЗАЯВИТЕЛЬ], я с города Актау. В нашем городе недостаточно парковочных мест для автомобилей во дворах и вдоль улиц (а также неисправны дороги и многие другие дорожные проблемы), из-за чего, практический в каждом дворе жителям приходится парковать свои ав",Правоохранительные органы,19.05.2021,93,детская площадка сломана,https://dialog.egov.kz/blogs/all-questions/685796
706115,"Здравствуйте, меня зовут [ЗАЯВИТЕЛЬ] , я проживаю в городе Косшы, Акмолинской области. Я хотела к Вам обратиться от всех жителей нашего ЖК Сиреневый сад, застройщиком которого является «Жилстрой Group» дело в том, что наш дом сдали в эксплуатацию без подключения к коммуна","Строительство, дольщики, жилищные проблемы",18.09.2021,598,не работает лифт,https://dialog.egov.kz/blogs/all-questions/706115
685704,"Здравствуйте, меня зовут [ЗАЯВИТЕЛЬ], я с города Актау. В нашем городе недостаточно парковочных мест для автомобилей во дворах и вдоль улиц (а также неисправны дороги и многие другие дорожные проблемы), из-за чего, практический в каждом дворе жителям приходится парковать свои ав",Правоохранительные органы,18.05.2021,137,детская площадка сломана,https://dialog.egov.kz/blogs/all-questions/685704
668946,"Обращение с регистрационным номером 668946, направленное в Блог Аким города Алматы [ЗАЯВИТЕЛЬ]A. находится на рассмотрении у ГО",О работе государственных органов (госуслуги),18.02.2021,1,стихийная свалка,
706094,"Здравствуйте, меня зовут [ЗАЯВИТЕЛЬ] , я проживаю в городе Косшы, Акмолинской области. Я хотела к Вам обратиться от всех жителей нашего ЖК Сиреневый сад, застройщиком которого является «Жилстрой Group» дело в том, что наш дом сдали в эксплуатацию без подключения к коммуна","Строительство, дольщики, жилищные проблемы",17.09.2021,124,не работает лифт,https://dialog.egov.kz/blogs/all-questions/706094
701166,"Здравствуйте ! По улице Акмешит от улицы Улы дала до улицы Бухар жырау вообще не горят фонари,а также на данном участке не производится уборка и уход за газоном. Тёмное время суток на данном участке не безопасно ходить. Прошу Вас принять меры для безопасности жителей нашей стол","Строительство, дольщики, жилищные проблемы",17.08.2021,78,не горят фонари,https://dialog.egov.kz/blogs/all-questions/701166
696136,"Здравствуйте, хочу обратить ваше внимание на вот что: Когда у нас будет освещение двора и парковки по адресу пр. Республики 1/2, микрорайон Шапагат? Это первый вопрос. Второй, когда будет сделан ремонт дороги по дачному маршруту №11? Особенно между КарГУ и дачами Машиностроитель?","Строительство, дольщики, жилищные проблемы",17.07.2021,78,разбитая дорога,https://dialog.egov.kz/blogs/all-questions/696136
691213,"Добрый день! Я проживаю в г.Сатпаев 4х этажном доме ода комнатной квартире.Проблема у меня одна, зимой батареи толком не греют хотя их три и все новые,трубы пропилен окна пластиковые температура максимум поднимается 15-18 гр. Воды холодной уже более трёх лет нету, еле капает 5 ли","Строительство, дольщики, жилищные проблемы",17.06.2021,119,холодные батареи,https://dialog.egov.kz/blogs/all-questions/691213
662327,"[ЗАЯВИТЕЛЬ] Скаков мырзаға жолдау хат. Сәлеметсіз бе! Мен, Павлодар облысы, Екібастұз қаласының тұрғыны [ЗАЯВИТЕЛЬ], мекен-жайы: [ЗАЯВИТЕЛЬ] 155, 43 пәтер; тел.номері: [ТЕЛЕФОН]. Жолдау хат [ЗАЯВИТЕЛЬ] хат жолдап отырған себебім мына төмендегідей. Менің жолдасы","Строительство, дольщики, жилищные проблемы",17.01.2021,92,пәтер суық,https://dialog.egov.kz/blogs/all-questions/662327
715034,"ОСИ «Улица Чкалова д.10» просит Вас рассмотреть проблему сбора твердо-бытовых отходов в районе домов ул. Быковского 7(120кв), ул. Маяковского 104(60кв), ул. Маяковского 106(60кв), Маяковского 108/1 (60кв), Маяковского 108(120кв), ул.Чкалова 10(169кв). На данный момент на 6","Строительство, дольщики, жилищные проблемы",16.11.2021,219,мусорные контейнеры переполнены,https://dialog.egov.kz/blogs/all-questions/715034
700958,"Уважаемы [ЗАЯВИТЕЛЬ], здравствуйте. Прошу разъяснить следующий вопрос. Компанией получена лицензия второй категории на строительно-монтажные работы в 2011 году на все подвиды деятельности, для осуществления которых требуется наличие лицензии, согласно разделу 6 Приложения",Малый и средний бизнес,16.08.2021,133,не работает лифт,https://dialog.egov.kz/blogs/all-questions/700958
695997,"Здравствуйте! Мы жители г.[ЗАЯВИТЕЛЬ] 46/1 4 подъезд 10квартир с утра 14.07.21 (3 суток) сидим без какой-либо воды, у соседей прорвало трубу, КСК- 37 в подвале перекрыли воду и дальше бездействуют.. Я звонила в Акимат оставить жалобу, но мне ответили звонить в аварийную служ","Строительство, дольщики, жилищные проблемы",16.07.2021,89,прорвало трубу,https://dialog.egov.kz/blogs/all-questions/695997
695985,[ЗАЯВИТЕЛЬ] мое повторное заявление от 17.06.2021года (ранее писал заявление от 26.05.2021г.) в части законности установки дорожного знака 3.27. «Остановка запрещена» и нанесения горизонтальной разметки 1.4. от Департамента полиции Карагандинской области получен ответ,Правоохранительные органы,16.07.2021,102,не работает светофор,https://dialog.egov.kz/blogs/all-questions/695985
714886,"ПРЕСС-РЕЛИЗ 16 ноября 2021 года в 12.00 в [ЗАЯВИТЕЛЬ]-клубе (мкр. Самал 2, дом 58, [ЗАЯВИТЕЛЬ], первый подъезд, 2 этаж) состоится пресс-конференция, посвященная проблемам, возникающим у граждан Казахстана и гостей страны, пользующихся услугами казахстанских авиаперевозчико",Транспорт,15.11.2021,271,отменили маршрут,https://dialog.egov.kz/blogs/all-questions/714886
714884,"ПРЕСС-РЕЛИЗ 16 ноября 2021 года в 12.00 в [ЗАЯВИТЕЛЬ]-клубе (мкр. Самал 2, дом 58, [ЗАЯВИТЕЛЬ], первый подъезд, 2 этаж) состоится пресс-конференция, посвященная проблемам, возникающим у граждан Казахстана и гостей страны, пользующихся услугами казахстанских авиаперевозчико",Свободная тема,15.11.2021,222,отменили маршрут,https://dialog.egov.kz/blogs/all-questions/714884
714759,"Обращение с регистрационным номером 714759, направленное в Блог [ЗАЯВИТЕЛЬ] РК [ЗАЯВИТЕЛЬ] отклонено ГО 26.11.2021",О работе государственных органов (госуслуги),15.11.2021,0,не работает лифт,
714679,"Уважаемый [ЗАЯВИТЕЛЬ]! В г.Уральск на некоторых переулках отсутствует уличное дворовое освещение, а именно: - При повороте с автодороги пр-т Абулхайырхана на переулок в сторону оптовой-торговой базы ТОО “Шанс” ул.[ЗАЯВИТЕЛЬ] 2/11 на пути отсутствуют или не работают фонар","Строительство, дольщики, жилищные проблемы",15.11.2021,103,не работает светофор,https://dialog.egov.kz/blogs/all-questions/714679
705653,"день добрый, обращаюсь к вам с вопросом: ""Когда будет произведен ремонт дороги в жилом массиве Кирпичный, начиная от светофора до п.Акжар?"" . Являясь законопослушной налогоплательщицей и владея единственным автотранспортом я потратила в этом году не мало денег на ремонт","Строительство, дольщики, жилищные проблемы",15.09.2021,155,разбитая дорога,https://dialog.egov.kz/blogs/all-questions/705653
705521/1,"Здравствуйте, меня зовут [ЗАЯВИТЕЛЬ], я проживаю в г.Косшы, ЖК ""Сиреневый сад"" . Наше село недавно получило статус города, теперь наш город должен соответствовать статусу города областного значения, Вы прекрасно знаете, что город находится рядом со столицей, и в","Строительство, дольщики, жилищные проблемы",15.09.2021,175,не работает светофор,https://dialog.egov.kz/blogs/all-questions/705553
690712,"Здравствуйте [ЗАЯВИТЕЛЬ]! обращаюсь к Вам я [ЗАЯВИТЕЛЬ] , старшая по дому и жители следующего адреса: город тараз , улица Байзак батыра 199. В прошлом году мы обращались в ЖКХ и акимат города тараз. Нам ответили 02 октября 2020 года , что ремонт двора и",О работе государственных органов (госуслуги),15.06.2021,116,разбитая дорога,https://dialog.egov.kz/blogs/all-questions/690712
690703,"Обращение с регистрационным номером 690703, направленное в Блог Аким города Алматы [ЗАЯВИТЕЛЬ]A. находится на рассмотрении у ГО",Транспорт,15.06.2021,2,разбитая дорога,
661947/1,[ЗАЯВИТЕЛЬ] по финансовому мониторингу Министерства финансов Республики Казахстан Элиманову [ЗАЯВИТЕЛЬ]: Директора ТОО «ZALIA TRANS» [ЗАЯВИТЕЛЬ] К Вам обращается компания Товарищество с ограниченной ответственностью «ZALIA TRANS&r,Малый и средний бизнес,15.01.2021,89,отменили маршрут,https://dialog.egov.kz/blogs/all-questions/662046
719216,"Обращение с регистрационным номером 719216, направленное в Блог Аким города Алматы [ЗАЯВИТЕЛЬ]A. находится на рассмотрении у ГО","Строительство, дольщики, жилищные проблемы",14.12.2021,1,холодные батареи,
709815,"Обращение с регистрационным номером 709815, направленное в Блог [ЗАЯВИТЕЛЬ] РК [ЗАЯВИТЕЛЬ] отклонено ГО 28.10.2021",Занятость населения,14.10.2021,2,отменили маршрут,
709814,"[ЗАЯВИТЕЛЬ] ИИН [ИИН] Адрес проживания: г Нур-султан, ул. Акмечеть 17, квартира 901 На блог платформу [ЗАЯВИТЕЛЬ] внутреннего государственного аудита [ЗАЯВИТЕЛЬ] 09.06.2020 года поступило обращение Номер обращения 622189 от [ЗАЯВИТЕЛЬ] ИП ""Нұрғ",Занятость населения,14.10.2021,93,отменили маршрут,https://dialog.egov.kz/blogs/all-questions/709814
709768,"Добрый День! В 2020 году по ул.Серикбаева, 23, 23/1 проводилось благоустройство двора, установили детские площадки, расширили зону проезжей части двора, установили ночные фонари. Зимой 2020 года и по сей день сталкиваемся с проблемой, которую никто из госорганов не может и не хоч","Строительство, дольщики, жилищные проблемы",14.10.2021,141,не горят фонари,https://dialog.egov.kz/blogs/all-questions/709768
709446/1,"[ЗАЯВИТЕЛЬ] ИИН [ИИН] Адрес проживания: г Нур-султан, ул. Акмечеть 17, квартира 901 На блог платформу [ЗАЯВИТЕЛЬ] внутреннего государственного аудита [ЗАЯВИТЕЛЬ] 09.06.2020 года поступило обращение Номер обращения 622189 от [ЗАЯВИТЕЛЬ] ИП ""Нұр",Занятость населения,14.10.2021,146,отменили маршрут,https://dialog.egov.kz/blogs/all-questions/709793
705521,"Здравствуйте, меня зовут [ЗАЯВИТЕЛЬ], я проживаю в г.Косшы, ЖК ""Сиреневый сад"" . Наше село недавно получило статус города, теперь наш город должен соответствовать статусу города областного значения, Вы прекрасно знаете, что город находится рядом со столицей, и в","Строительство, дольщики, жилищные проблемы",14.09.2021,112,не работает светофор,https://dialog.egov.kz/blogs/all-questions/705521
667925,"Обращение с регистрационным номером 667925, направленное в Блог [ЗАЯВИТЕЛЬ] РК [ЗАЯВИТЕЛЬ] отклонено ГО 26.02.2021",Нацкомпании,14.02.2021,0,не работает светофор,
667924,"В начале 2020г. в АО «НК «КТЖ» был составлен список КВОИКИ (критически важных объектов информационно-коммуникационной инфраструктуры). В него вошли сервера обработки движения поездов и системы МПДЦ (микропроцессорной диспетчерской централизации, позволяющей производить переключен",Нацкомпании,14.02.2021,69,не работает светофор,https://dialog.egov.kz/blogs/all-questions/667924
661947,[ЗАЯВИТЕЛЬ] по финансовому мониторингу Министерства финансов Республики Казахстан Элиманову [ЗАЯВИТЕЛЬ]: Директора ТОО «ZALIA TRANS» [ЗАЯВИТЕЛЬ] К Вам обращается компания Товарищество с ограниченной ответственностью «ZALIA TRANS&r,Малый и средний бизнес,14.01.2021,99,отменили маршрут,https://dialog.egov.kz/blogs/all-questions/661947
718980/1,"Пишу от имени жильцов дома г. Алматы, ул Жургенева 38 кв 1. Из - за того, что подвальные помещения залиты водой, которая попадает на трубы отопления, образуется пар. Он проникает в жилые помещения, все отсыревает и нет возможности жить нормально. Т.к. осыпается штукатурка",Здравоохранение,13.12.2021,252,затопило подвал,https://dialog.egov.kz/blogs/all-questions/719115
718980,"Пишу от имени жильцов дома г. Алматы, ул Жургенева 38 кв 1. Из - за того, что подвальные помещения залиты водой, которая попадает на трубы отопления, образуется пар. Он проникает в жилые помещения, все отсыревает и нет возможности жить нормально. Т.к. осыпается штукатурка",Здравоохранение,13.12.2021,137,затопило подвал,https://dialog.egov.kz/blogs/all-questions/718980
718977/2,"Обращение с регистрационным номером 718977/2, направленное в Блог Аким города Алматы [ЗАЯВИТЕЛЬ]A. находится на рассмотрении у ГО",Здравоохранение,13.12.2021,5,затопило подвал,
718977/1,"Обращение с регистрационным номером 718977/1, направленное в Блог Аким города Алматы [ЗАЯВИТЕЛЬ]A. находится на рассмотрении у ГО",Здравоохранение,13.12.2021,102,затопило подвал,
718977,"Пишу от имени жильцов дома г. Алматы, ул Жургенева 38 кв 1. Из - за того, что подвальные помещения залиты водой, которая попадает на трубы отопления, образуется пар. Он проникает в жилые помещения, все отсыревает и нет возможности жить нормально. Т.к. осыпается штукатурка",Здравоохранение,13.12.2021,203,затопило подвал,https://dialog.egov.kz/blogs/all-questions/718977
714545,"Обращение с регистрационным номером 714545, направленное в Блог Аким города Алматы [ЗАЯВИТЕЛЬ]A. находится на рассмотрении у ГО","Строительство, дольщики, жилищные проблемы",13.11.2021,11,холодные батареи,
684480,"Ассалаумағалейкум құрметті Самат мырза. [ЗАЯВИТЕЛЬ] облысы, Темір ауданы, Шұбарқұдық кентінің тұрғынымын. 2018-2019 жылдары аралығында Шұбарқұдық-Болгарка-Ақтөбе жолы жөндеуден өтті. Осының арқасында аудан тұрғындарына облыс орталығына тегіс жолмен қатынау бақыты бұйырды. Алайда",Транспорт,13.05.2021,98,жол бұзылған,https://dialog.egov.kz/blogs/all-questions/684480
678976,"[ЗАЯВИТЕЛЬ] Казахстан Госп. [ЗАЯВИТЕЛЬ] _____________________________________ Адрес: г. Нур-Султан, ул. [ЗАЯВИТЕЛЬ] 6 Дом Правительства, 8717-745631. www.Akorda.kz Копия – [ЗАЯВИТЕЛЬ]-Отан г. Шымкента. ___________________________________________________ ул. Акша",Регионы,13.04.2021,73,разбитая дорога,https://dialog.egov.kz/blogs/all-questions/678976
678966/1,"[ЗАЯВИТЕЛЬ] Казахстан Госп. [ЗАЯВИТЕЛЬ] _____________________________________ Адрес: г. Нур-Султан, ул. [ЗАЯВИТЕЛЬ] 6 Дом Правительства, 8717-745631. www.Akorda.kz Копия – [ЗАЯВИТЕЛЬ]-Отан г. Шымкента. ___________________________________________________ ул. Акша",Регионы,13.04.2021,85,разбитая дорога,https://dialog.egov.kz/blogs/all-questions/679083
678966,"[ЗАЯВИТЕЛЬ] Казахстан Госп. [ЗАЯВИТЕЛЬ] _____________________________________ Адрес: г. Нур-Султан, ул. [ЗАЯВИТЕЛЬ] 6 Дом Правительства, 8717-745631. www.Akorda.kz Копия – [ЗАЯВИТЕЛЬ]-Отан г. Шымкента. ___________________________________________________ ул. Акша",Регионы,13.04.2021,370,разбитая дорога,https://dialog.egov.kz/blogs/all-questions/678966
678953,"Обращение с регистрационным номером 678953, направленное в Блог [ЗАЯВИТЕЛЬ] РК [ЗАЯВИТЕЛЬ] отклонено ГО 27.04.2021",Регионы,13.04.2021,1,разбитая дорога,
678952,"Уважаемый господин Председатель комитета! Обращаюсь к Вам по поводу состояния автодороги в Талгарском районе Алматинской области. Автодорога, соединяющая село Кызылту-1 Талгарского района с Алматинским аэропортом, находится в ужасном состоянии, вот уже 2 года никакого ремонта не",Регионы,13.04.2021,127,разбитая дорога,https://dialog.egov.kz/blogs/all-questions/678952
678949/1,"[ЗАЯВИТЕЛЬ] Казахстан Госп. [ЗАЯВИТЕЛЬ] _____________________________________ Адрес: г. Нур-Султан, ул. [ЗАЯВИТЕЛЬ] 6 Дом Правительства, 8717-745631. www.Akorda.kz Копия – [ЗАЯВИТЕЛЬ]-Отан г. Шымкента. ___________________________________________________ ул. Акша",Свободная тема,13.04.2021,103,разбитая дорога,https://dialog.egov.kz/blogs/all-questions/678961
678949,"[ЗАЯВИТЕЛЬ] Казахстан Госп. [ЗАЯВИТЕЛЬ] _____________________________________ Адрес: г. Нур-Султан, ул. [ЗАЯВИТЕЛЬ] 6 Дом Правительства, 8717-745631. www.Akorda.kz Копия – [ЗАЯВИТЕЛЬ]-Отан г. Шымкента. ___________________________________________________ ул. Акша",Свободная тема,13.04.2021,87,разбитая дорога,https://dialog.egov.kz/blogs/all-questions/678949
714343,"Добрый день, с начала отопительного сезона в г. Экибастуз по адресу [ЗАЯВИТЕЛЬ] 30 кв 5 и в целом по дому постоянные перебои с подачей тепла в квартиры, температура в квартирах не поднимается выше 18 градусов, при плюсовой температуре воздуха на улице, температура батарей в рай","Строительство, дольщики, жилищные проблемы",12.11.2021,123,холодные батареи,https://dialog.egov.kz/blogs/all-questions/714343
709446,"[ЗАЯВИТЕЛЬ] ИИН [ИИН] Адрес проживания: г Нур-султан, ул. Акмечеть 17, квартира 901 На блог платформу [ЗАЯВИТЕЛЬ] внутреннего государственного аудита [ЗАЯВИТЕЛЬ] 09.06.2020 года поступило обращение Номер обращения 622189 от [ЗАЯВИТЕЛЬ] ИП ""Нұр",Занятость населения,12.10.2021,129,отменили маршрут,https://dialog.egov.kz/blogs/all-questions/709446
705110,"Мы жители многоквартирного дома по адресу г. Тараз 9мкр Мынбулак, 49а, просим Вашей помощи. 1. В 2018 году мы подали заявление на ремонт по кандоминимуму, нас пропустили, так как наше заявление затерялось. 2. В 2019 году на ремонт нашего дома не хватило бюджета 3. В 20","Строительство, дольщики, жилищные проблемы",12.09.2021,80,прорвало трубу,https://dialog.egov.kz/blogs/all-questions/705110
695125,"Уважаемый [ЗАЯВИТЕЛЬ]! Помогите решить проблему стихийной свалки строительного и прочего мусора, образованной возле многоквартирного жилого дома по адресу: г. Семей, ул. Глинки, 31а. Данная свалка образована предпринимателем, который строит здание на данном участке. Многокра",Свободная тема,12.07.2021,96,стихийная свалка,https://dialog.egov.kz/blogs/all-questions/695125
673143,Акиму Западно-Казахстанской области Искалиеву,Свободная тема,12.03.2021,100,тротуар разбит,https://dialog.egov.kz/blogs/all-questions/673143
667718,"Здравствуйте, [ЗАЯВИТЕЛЬ]! Я, [ЗАЯВИТЕЛЬ], жительница города Уральска. В нашем городе с прошлого года меняют коллектор, по причине того, что трубы, которые до этого положили, не соответствовали своему назначению. Но это отдельная тема. Так вот, делали они в",О работе государственных органов (госуслуги),12.02.2021,52,не работает светофор,https://dialog.egov.kz/blogs/all-questions/667718
661397,"Акиму города Нурсултан [ЗАЯВИТЕЛЬ] от [ЗАЯВИТЕЛЬ] прож. Ул.187 д.14/3 кв.26 тел.[ТЕЛЕФОН] эл.адрес: [EMAIL] Заявление Прошу Вас рассмотреть наше заявление по поводу похолодания в квартирах по адресу г. Нур-Султан,улица 187 дом.14/3. С наступление",О работе государственных органов (госуслуги),12.01.2021,66,холодные батареи,https://dialog.egov.kz/blogs/all-questions/661397
713369/1,"Обращение с регистрационным номером 713369/1, направленное в Блог Аким города Алматы [ЗАЯВИТЕЛЬ]A. находится на рассмотрении у ГО","Строительство, дольщики, жилищные проблемы",11.11.2021,10,холодные батареи,
709365,"Д.д! Меня не устраивает ваша отписка. Круглосуточно фонари по ул [ЗАЯВИТЕЛЬ] вот горят уже месяц, контролирует ли акимат астаны график ремонтных работ Горсвета? Кто оплачивает за электроэнергию от включенных днем фонарей во время сомнительных ремонтных работ? Почему горсвет групп н",Финансы,11.10.2021,102,не горят фонари,https://dialog.egov.kz/blogs/all-questions/709365
709237,"Здравствуйте ! обращаюсь Вам по поводу освещения возле моего дома, я Саукимбеков [ЗАЯВИТЕЛЬ] пол года назад неоднократно обращался в акимат города Жезказган, насчет освещения возле моего дома адрес; (город Жезказган ,91 - квартал, улица Иманжана дом 9/1) два раза ходил в а",О работе государственных органов (госуслуги),11.10.2021,99,не горят фонари,https://dialog.egov.kz/blogs/all-questions/709237
690118,Добрый день! Прошу Вас принять меры по ликвидации стихийной свалки мусора у жилых домов по улице Малайсары 43 и 45/1 города Павлодар! На мои неоднократные обращения вами и вашими подчиненными нет никакой реакции.,Свободная тема,11.06.2021,122,стихийная свалка,https://dialog.egov.kz/blogs/all-questions/690118
684035,"Обращение с регистрационным номером 684035, направленное в Блог [ЗАЯВИТЕЛЬ] РК [ЗАЯВИТЕЛЬ] отклонено ГО 25.05.2021",Транспорт,11.05.2021,1,отменили маршрут,
683979,"Обращение с регистрационным номером 683979, направленное в Блог [ЗАЯВИТЕЛЬ] РК [ЗАЯВИТЕЛЬ] отклонено ГО 25.05.2021",О работе государственных органов (госуслуги),11.05.2021,0,жол бұзылған,
683976,"Обращение с регистрационным номером 683976, направленное в Блог [ЗАЯВИТЕЛЬ] РК [ЗАЯВИТЕЛЬ] отклонено ГО 25.05.2021",О работе государственных органов (госуслуги),11.05.2021,0,жол бұзылған,
683974,"Обращение с регистрационным номером 683974, направленное в Блог [ЗАЯВИТЕЛЬ] РК [ЗАЯВИТЕЛЬ] отклонено ГО 25.05.2021",О работе государственных органов (госуслуги),11.05.2021,0,пәтер суық,
718818,"Здравствуйте, обращаюсь к вам с проблемой которую решить местные исполнительные органы не в силах. Близ нашего села с разрешения акимата Целиноградского района организована свалка. Мусоровывозящая компания «[ЗАЯВИТЕЛЬ]» собирает мусор с Косшы и вывозит в степь к нам в Тайтобе.",О работе государственных органов (госуслуги),10.12.2021,132,не вывозят мусор,https://dialog.egov.kz/blogs/all-questions/718818
709141,Саламатсыз ба! Мен Кызылорда қаласы Наурыз саяжайы Жөнбаев 5 а тұрғынымын. Саяжай тұрғындарының атынан жазудамын. Электр жарығымыз күніне 2 рет сөнеді. Кешкілік 20:00 ден 23:30 га дейн. Кей күндері күндіз де жарық болмай қиналамыз. Напряжение өте төмен. Жазда кондиционерды ста,Свободная тема,10.10.2021,125,жарық жоқ,https://dialog.egov.kz/blogs/all-questions/709141
709139,"Обращение с регистрационным номером 709139, направленное в Блог Аким города Алматы [ЗАЯВИТЕЛЬ]A. находится на рассмотрении у ГО",Свободная тема,10.10.2021,2,холодные батареи,
699918,"Министру по чрезвычайным ситуациям Республики Казахстан г-ну [ЗАЯВИТЕЛЬ] промышленной безопасности Министерства по чрезвычайным ситуациям Республики Казахстан г-ну [ЗАЯВИТЕЛЬ] Уважаемый [ЗАЯВИТЕЛЬ], Товарищество с",О работе государственных органов (госуслуги),10.08.2021,113,не работает лифт,https://dialog.egov.kz/blogs/all-questions/699918
683862,"Уважаемый [ЗАЯВИТЕЛЬ]! Во дворе домов ул. Курмангазы 177 и 179 полностью отсутствует уличное освещение (столбы есть а фонарей и электропроводов нет), что не положено по закону, так же во дворах ул.Курмангазы 175 и [ЗАЯВИТЕЛЬ] 64 на нескольких столбах не горит свет. Прошу дать","Строительство, дольщики, жилищные проблемы",10.05.2021,112,не горят фонари,https://dialog.egov.kz/blogs/all-questions/683862
661128,"Обращение с регистрационным номером 661128, направленное в Блог [ЗАЯВИТЕЛЬ] РК [ЗАЯВИТЕЛЬ] отклонено ГО 22.01.2021","Строительство, дольщики, жилищные проблемы",10.01.2021,0,холодные батареи,
718637/1,"Я [ЗАЯВИТЕЛЬ] проживающая в городе Актобе жилой масив Бауырластар 2 уч 417. Я обращяюсь к вам с проблемом о мoшeнничecтве со стороны работника УК №26 [ЗАЯВИТЕЛЬ], она хочеть пpeдcтaвлять coбoй пoвышeниe плaты пpи взимaнии плaты cвязaнныe c oплaтoй кoммyнaльнoй",Информационно-коммуникационные технологии,09.12.2021,138,не вывозят мусор,https://dialog.egov.kz/blogs/all-questions/718640
713760,"Добрый вечер уважаемый Аким Карагандинской области [ЗАЯВИТЕЛЬ] Обращаюсь на официальный блог впервые! Прошу Вас понять и помочь нам жителям м-на ВОСТОК- 3, п. Сахалин, ул. [ЗАЯВИТЕЛЬ] д.3, частично п.Берлин (майкудук). Спасибо, что благоустраиваете наш район, тротуары, освещение,а",Транспорт,09.11.2021,95,отменили маршрут,https://dialog.egov.kz/blogs/all-questions/713760
704829,"Уважаемый Досмухамбетов [ЗАЯВИТЕЛЬ]! Просим вас обратить внимание на ухудшающее состояние тротуаров и детских площадок находящихся в Ретро-парке. На данный момент, плитки тротуара проваливаются из-за отсутствия водоотвода и сорняки вырастают прямо на плитках, мешая",Свободная тема,09.09.2021,134,детская площадка сломана,https://dialog.egov.kz/blogs/all-questions/704829
704667,"Обращение с регистрационным номером 704667, направленное в Блог Аким города Алматы [ЗАЯВИТЕЛЬ]A. находится на рассмотрении у ГО","Строительство, дольщики, жилищные проблемы",09.09.2021,2,канализация засор,
699737,"Обращение с регистрационным номером 699737, направленное в Блог Аким города Алматы [ЗАЯВИТЕЛЬ]A. находится на рассмотрении у ГО",Свободная тема,09.08.2021,0,не горят фонари,
694780,"Уважаемый Цой [ЗАЯВИТЕЛЬ]! Здравствуйте! Хотим доложить Вам о возмутительной ситуации, сложившейся в городском родильном доме города [ЗАЯВИТЕЛЬ] области. 23 июня в 10:00 часов состоялся обход во главе с главным акушер-гинекологом Мангистауского ОУЗ Аршынай С",Здравоохранение,09.07.2021,134,не работает лифт,https://dialog.egov.kz/blogs/all-questions/694780
694760,ШАҒЫМ Жек сот орындаушының өз аумағындағы жерден тыс жерде отырып жұмыс жасауына және қызмет сапасына Өкінішке орай Түркістан облысының жек сот орындаушыс Ашаев [ЗАЯВИТЕЛЬ] атқарушылық азаматық істерді орындау кезінде заңдарды өрескел бұзып отыр. Бұл өз кезегінде хал,О работе государственных органов (госуслуги),09.07.2021,172,жол бұзылған,https://dialog.egov.kz/blogs/all-questions/694760
689710,"Уважаемый [ЗАЯВИТЕЛЬ], я [ЗАЯВИТЕЛЬ], инвалид 3 группы с детства, как сирота получил из государственного жилищного фонда однокомнатную квартиру по адресу: 5-ый микрорайон ([ЗАЯВИТЕЛЬ]), дом 1, квартира 153, на 9 этаже на основании постановления акимата г. Уральск. Инв","Строительство, дольщики, жилищные проблемы",09.06.2021,101,не работает лифт,https://dialog.egov.kz/blogs/all-questions/689710
689114/1,"Я проживаю по ул. Мустафина, д. 7. Наш дом в 5 этажей, имеет 8 подъездов и 119 квартир. К сожалению на дворовую территорию нашего дома очень длительное время органы местной исполнительной власти не обращают внимание. В результате дворовая территория постепенно приходит в упадок",Свободная тема,09.06.2021,82,детская площадка сломана,https://dialog.egov.kz/blogs/all-questions/689699
683748,"Я, [ЗАЯВИТЕЛЬ] владелец участка Едиль 16/1. Рядом с моим домом есть свободный участок (отмечено на гугл карте) ,который местные жители превратили в стихийную свалку, постоянно выбрасывали туда мусор. Мы очистили участок от мусора и засыпали его щебнем. Подскажит",Земельные вопросы,09.05.2021,106,стихийная свалка,https://dialog.egov.kz/blogs/all-questions/683748
678453,"Добрый день! Обещаюсь к Вам по поводу проблемы с прилежащей территорией к ЖК [ЗАЯВИТЕЛЬ] в г. Нур-Султан. Ужасающее положение дел. В центре левого берега грязь и вода, передвигаться невозможно. Обращения в местные органы ничего не дают. Нет пути к дороге по Кабанбай батыра, нет в",Свободная тема,09.04.2021,75,разбитая дорога,https://dialog.egov.kz/blogs/all-questions/678453
672629,"[ЗАЯВИТЕЛЬ] гражданской авиации [ЗАЯВИТЕЛЬ] : г. Нур-Султан, ул.38, дом 13, кв.62 к.т. [ТЕЛЕФОН] [ЗАЯВИТЕЛЬ] был приобретен авиабилет в авиакомпании FlyArystan, я должен был вылететь с города Семей в город Нур-Султан",Транспорт,09.03.2021,87,отменили маршрут,https://dialog.egov.kz/blogs/all-questions/672629
672372,"В октябре 2019 г. был куплен билет № 655 2408249591(T), перевозчик авиакомпания Scat, с датой вылета 22 декабря 2019 по маршруту Нур-Султан- Москва. Билет был не возвратный, но по непредвиденной ситуации поездка была отменена, при этом позвонили для консультации оператору кол це",Транспорт,09.03.2021,58,отменили маршрут,https://dialog.egov.kz/blogs/all-questions/672372
704554,"Обращение с регистрационным номером 704554, направленное в Блог Аким города Алматы [ЗАЯВИТЕЛЬ]A. находится на рассмотрении у ГО",Транспорт,08.09.2021,13,нет расписания на остановке,
704495,"Обращение с регистрационным номером 704495, направленное в Блог Аким города Алматы [ЗАЯВИТЕЛЬ]A. находится на рассмотрении у ГО","Строительство, дольщики, жилищные проблемы",08.09.2021,9,не горят фонари,
704473,"Уважаемый [ЗАЯВИТЕЛЬ]! Я являясь временным жителем города Нур-Султан, часто вижу достоинства и недостатки этого города. Один из недостатков города является тем что, не все улицы оборудованы рабочими светофорами, фонарями и камерами контроля улиц. По улице Орынбор, на участк",Транспорт,08.09.2021,84,не работает светофор,https://dialog.egov.kz/blogs/all-questions/704473
694573,Акиму Акмолинской области [ЗАЯВИТЕЛЬ] Акиму г. Нур-Султан [ЗАЯВИТЕЛЬ] от жителей села [ЗАЯВИТЕЛЬ] района Акмолинской области Уважаемый [ЗАЯВИТЕЛЬ]! Уважаемый [ЗАЯВИТЕЛЬ]! К Вам вынужденно обращаются жители села [ЗАЯВИТЕЛЬ] р,Регионы,08.07.2021,98,не работает светофор,https://dialog.egov.kz/blogs/all-questions/694573
694570,Акиму Акмолинской области [ЗАЯВИТЕЛЬ] Акиму г. Нур-Султан [ЗАЯВИТЕЛЬ] от жителей села [ЗАЯВИТЕЛЬ] района Акмолинской области Уважаемый [ЗАЯВИТЕЛЬ]! Уважаемый [ЗАЯВИТЕЛЬ]! К Вам вынужденно обращаются жители села [ЗАЯВИТЕЛЬ] р,Регионы,08.07.2021,125,не работает светофор,https://dialog.egov.kz/blogs/all-questions/694570
683700,"ҚМ [ЗАЯВИТЕЛЬ]Тоқаевқа! ҚР ІІМинистрі [ЗАЯВИТЕЛЬ]! АТЫРАУ [ЗАЯВИТЕЛЬ] . Ұлтым деген әр азаматқа жала жауып, заңға тартып түрмеде шірітсек, ұлт болашағы, ел тағдыры мен ұрпақ қамы не болмақ? Құрметті",О работе государственных органов (госуслуги),08.05.2021,201,пәтер суық,https://dialog.egov.kz/blogs/all-questions/683700
683698,"Обращение с регистрационным номером 683698, направленное в Блог [ЗАЯВИТЕЛЬ] РК [ЗАЯВИТЕЛЬ] отклонено ГО 11.05.2021",О работе государственных органов (госуслуги),08.05.2021,0,пәтер суық,
683697,"ҚМ [ЗАЯВИТЕЛЬ]Тоқаевқа! ҚР ІІМинистрі [ЗАЯВИТЕЛЬ]! Маңызды механизмдер ескерілмей жатыр АПД, ЖАПБ, прокуратура басқа да көрінбейтін ұйымдармен бірлесе отырып [ЗАЯВИТЕЛЬ] 174 баппен қасақана қылмыстық іс қозғап, іс соттың қарауында. [ЗАЯВИТЕЛЬ]Шапқараевқа таққан айыптары «ұ",О работе государственных органов (госуслуги),08.05.2021,112,жол бұзылған,https://dialog.egov.kz/blogs/all-questions/683697
683696,"Обращение с регистрационным номером 683696, направленное в Блог [ЗАЯВИТЕЛЬ] РК [ЗАЯВИТЕЛЬ] отклонено ГО 11.05.2021",О работе государственных органов (госуслуги),08.05.2021,0,жол бұзылған,
683693,"ҚМ [ЗАЯВИТЕЛЬ]Тоқаевқа! ҚР ІІМинистрі [ЗАЯВИТЕЛЬ]! ҚР Қылмыстық Кодексi 145-бап. Адамның және азаматтың тең құқықтылығын бұзу 1. Адамның (азаматтың) құқықтары мен бостандықтарын тегiне, әлеуметтiк, лауазымдық немесе мүлiктiк жағдайына, жынысына, нәсiліне, ұлтына, тiліне, дiн",О работе государственных органов (госуслуги),08.05.2021,152,жол бұзылған,https://dialog.egov.kz/blogs/all-questions/683693
683692,"Обращение с регистрационным номером 683692, направленное в Блог [ЗАЯВИТЕЛЬ] РК [ЗАЯВИТЕЛЬ] отклонено ГО 11.05.2021",О работе государственных органов (госуслуги),08.05.2021,0,жол бұзылған,
678164,"Уважаемый [ЗАЯВИТЕЛЬ]! Я являюсь жителем ЖК Медина ([ЗАЯВИТЕЛЬ] 16). В прошлом году я обращалась к вам по вопросу строительства дороги [ЗАЯВИТЕЛЬ] вдоль нашего дома и вы заявили, что в 2021 году планируется реализация вышеуказанного проекта, а также завершение его в полном объем","Строительство, дольщики, жилищные проблемы",08.04.2021,83,не горят фонари,https://dialog.egov.kz/blogs/all-questions/678164
660904,"Обращение с регистрационным номером 660904, направленное в Блог Аким города Алматы [ЗАЯВИТЕЛЬ]A. находится на рассмотрении у ГО",Свободная тема,08.01.2021,1,не горят фонари,
660805,"Добрый день, Я Турмаганбетова [ЗАЯВИТЕЛЬ], проживаю по адресу г Нур-Султан, ул Иле 30/2, кв 18, в арендуемом доме выданной для социально-уязвимого слоя населения. К сожалению с первого дня (в течении 1,5года) этот дом в место радости приносит одни расстройства. В данно",Свободная тема,08.01.2021,60,холодные батареи,https://dialog.egov.kz/blogs/all-questions/660805
708855,"Обращение с регистрационным номером 708855, направленное в Блог Аким города Алматы [ЗАЯВИТЕЛЬ]A. находится на рассмотрении у ГО","Строительство, дольщики, жилищные проблемы",07.10.2021,7,пәтер суық,
694444,"Здравствуйте! У нас в доме г.Рудный, ул.ленина 153А не работает лифт уже 3ую неделю. В доме проживают много пенсионеров, дети, инвалиды. В течении последнего календарного года лифт выходил из строя 4 раза на длит.сроки. Обслуживающая компания ТОО Спутник2005 постоянно утверждае",Регионы,07.07.2021,117,не работает лифт,https://dialog.egov.kz/blogs/all-questions/694444
672302,"Уважаемый, [ЗАЯВИТЕЛЬ]! Во-первых, хочу выразить благодарность за помощь в решении проблемы, изложенной в обращении №670167. Светофор уже установили. Он еще однако не работает, но надеюсь скоро это исправят. Во-вторых хотела бы обратить ваше внимание на обращение №669733. Бу",Свободная тема,07.03.2021,220,не работает светофор,https://dialog.egov.kz/blogs/all-questions/672302
713369,"Уважаемый, [ЗАЯВИТЕЛЬ]! Обращаюсь к Вам, с просьбой решить вопрос с теплом. Когда была подача тепла в жилые дома по г. Алматы, отопление у нас было только в двух комнатах, и то батареи бвли слегка теплые. В других двух комнатах батареи были ледяные. Соседи снизу вызвали","Строительство, дольщики, жилищные проблемы",06.11.2021,99,холодные батареи,https://dialog.egov.kz/blogs/all-questions/713369
713336,"Обращение с регистрационным номером 713336, направленное в Блог [ЗАЯВИТЕЛЬ] РК [ЗАЯВИТЕЛЬ] отклонено ГО 18.11.2021",О работе государственных органов (госуслуги),06.11.2021,1,детская площадка сломана,
713335,"Обращение с регистрационным номером 713335, направленное в Блог Министр энергетики РК [ЗАЯВИТЕЛЬ] отклонено ГО 09.11.2021",О работе государственных органов (госуслуги),06.11.2021,0,детская площадка сломана,
694287,"Обращение с регистрационным номером 694287, направленное в Блог [ЗАЯВИТЕЛЬ] РК [ЗАЯВИТЕЛЬ] отклонено ГО 19.07.2021",О работе государственных органов (госуслуги),06.07.2021,1,жол бұзылған,
694286,"Турлыбаевичтен ЖСН:[ИИН] Ү/б:[ТЕЛЕФОН] Түркістан облысы Мақтаарал ауданы [ЗАЯВИТЕЛЬ] ауылдық округі Өнімкер елді мекені [ЗАЯВИТЕЛЬ] көшесі №10 үй тұрғыны ШАҒЫМ [ЗАЯВИТЕЛЬ] Аймағанбетов! Менің арыз жазу себебім, Түркістан облысы, Мақтаарал ауданы, [ЗАЯВИТЕЛЬ]",О работе государственных органов (госуслуги),06.07.2021,111,жол бұзылған,https://dialog.egov.kz/blogs/all-questions/694286
660656,"Здравствуйте. 11 лет проживаю по адресу Абылайхана 9/2, впервые в этом году у нас в квартире холодно. Раньше в шортах и майке ходили, в этом году в теплых штанах и кофте ходим. 17 градусов квартире, приложила фотографию термометра. Неоднократно с соседями обращались председате","Строительство, дольщики, жилищные проблемы",06.01.2021,68,холодные батареи,https://dialog.egov.kz/blogs/all-questions/660656
713274,"Сәлеметсіз бе! Мен, Аблекова [ЗАЯВИТЕЛЬ], м.ж.: Тараз қ., Аскарова көшесі 295 г., 7-і кәмелетке толмаған балдарыммен тұрмын. Біздің үй жақта өте қараңғы, жарық жоқ. (Нет освещения, очень темно). Түнде шығу қорқынышты. Көшенің басында 7-інші түрме бар.",Свободная тема,05.11.2021,135,жарық жоқ,https://dialog.egov.kz/blogs/all-questions/713274
713252,"Обращение с регистрационным номером 713252, направленное в Блог [ЗАЯВИТЕЛЬ] РК [ЗАЯВИТЕЛЬ] отклонено ГО 18.11.2021",Свободная тема,05.11.2021,0,холодные батареи,
713241,"ВОЛЕИЗЪЯВЛЕНИЕ -Ё ИЗЪЯВЛЕНИЕ:ПРАВДА : Человек, Суверен ,Выгодоприобретатель ,Николай сын Василия из рода Канахиных (далее – Заявитель) согласно Волеизъявления в форме Декларации от 14.01.2021 г. является бенефициаром (учредителем и выгодоприобретателем) бланка паспорта физическог",О работе государственных органов (госуслуги),05.11.2021,109,детская площадка сломана,https://dialog.egov.kz/blogs/all-questions/713241
713240,"Обращение с регистрационным номером 713240, направленное в Блог Министр энергетики РК [ЗАЯВИТЕЛЬ] отклонено ГО 05.11.2021",О работе государственных органов (госуслуги),05.11.2021,3,детская площадка сломана,
713239,"Обращение с регистрационным номером 713239, направленное в Блог [ЗАЯВИТЕЛЬ] РК [ЗАЯВИТЕЛЬ] отклонено ГО 18.11.2021",О работе государственных органов (госуслуги),05.11.2021,1,детская площадка сломана,
689114,"Я проживаю по ул. Мустафина, д. 7. Наш дом в 5 этажей, имеет 8 подъездов и 119 квартир. К сожалению на дворовую территорию нашего дома очень длительное время органы местной исполнительной власти не обращают внимание. В результате дворовая территория постепенно приходит в упадок",Свободная тема,05.06.2021,231,детская площадка сломана,https://dialog.egov.kz/blogs/all-questions/689114
683229,"Уважаемый [ЗАЯВИТЕЛЬ]! Обращается к Вам житель города Актобе – Исламов [ЗАЯВИТЕЛЬ]. Хочу обратить Ваше внимание на одну из острейших проблем города, а именно, на состояние дороги по улице [ЗАЯВИТЕЛЬ] от улицы [ЗАЯВИТЕЛЬ] до проспекта [ЗАЯВИТЕЛЬ] и на",Регионы,05.05.2021,102,разбитая дорога,https://dialog.egov.kz/blogs/all-questions/683229
713024,день добрый устала писать о детской площадке.. может новую поставите или улучшите существующую.. там скамейки металлические . качели порваны. горки сломаны.. для галочки покрасили в этом году.. мкр Боралдай пересечение улиц Азат и Меруерт,"Строительство, дольщики, жилищные проблемы",04.11.2021,125,детская площадка сломана,https://dialog.egov.kz/blogs/all-questions/713024
703956,"Алдымыздағы 2022 жылы 4.6 миллион қазақ халқының өмірін жалмаған, 1932 жылы қазақ жерінде орын алған зұлматқа 90 жыл толады. Жазықсыз халықтың қырылуына алып келген қайғылы оқиғалардың әлі де болса мән-жағдайы толық ашылмағандығы, сонымен қатар халыққа шындығы айқын түрде жетпе","Культура, информация и экология",04.09.2021,196,жарық жоқ,https://dialog.egov.kz/blogs/all-questions/703956
698931,Жалоба на бездействие акимата Караоткельского сельского округа Целиноградского района по вопросу создания благоприятных жизненных условий для повышения благосостояния жителей Целиноградского района Обращаюсь к вам с жалобой на акимат Караоткельского сельского округа Целиногра,Социальное обеспечение,04.08.2021,176,мусорные контейнеры переполнены,https://dialog.egov.kz/blogs/all-questions/698931
698688/1,"Здравствуйте, уважаемый министр! Обращается к вам житель г.Косшы, Ж/М Лесная поляна, дом 21. Обращаюсь по поводу обустройства контейнерных площадок возле жилого дома. Около нашего дома собираются ставить дополнительные мусорные контейнеры в количестве 5-6 штук, помимо них уже сто","Строительство, дольщики, жилищные проблемы",04.08.2021,117,стихийная свалка,https://dialog.egov.kz/blogs/all-questions/698827
708113,"Маңғыстау облысының өңір басшысы [ЗАЯВИТЕЛЬ]. [ЗАЯВИТЕЛЬ] мырза, Жаңаөзен қаласында орналасқан «Жалымбетов медициналық орталығы» жауапкершілігі шектеулі серіктестігі денсаулығымызға байланысты кепілдірілген тегін медициналық көмек алуға жағдай жасалмағанын анықта",Здравоохранение,03.10.2021,115,жол бұзылған,https://dialog.egov.kz/blogs/all-questions/708113
703616/1,"Құрметті министр, Біз Алматы облысы Қарасай ауданы Іргелі ауылындағы [ЗАЯВИТЕЛЬ] ТК тұрамыз. Облыс болғанымен, [ЗАЯВИТЕЛЬ] Алматы қаласының түбінде, өте жақын орналасқан. Мұнда бірнеше проблема бар, солардың бірі мектеп және оған балаларды жеткізу. Бізде әлі күнге дейін",Образование,03.09.2021,127,автобус жүрмейді,https://dialog.egov.kz/blogs/all-questions/703788
703379/1,"27.08.2021ж. №60 [ЗАЯВИТЕЛЬ] қызмет істері агенттігінің төрайымы А.[ЗАЯВИТЕЛЬ] «Сынақ» мүмкіндігі шектеулі жандарды оңалту және әлеуметтік құқықтарын іске асыру, қорғау» ҚБ Төрағасы Ж",О работе государственных органов (госуслуги),03.09.2021,97,жол бұзылған,https://dialog.egov.kz/blogs/all-questions/703833
698690,"Здравствуйте, уважаемый министр! Обращается к вам житель г.Косшы, Ж/М Лесная поляна, дом 21. Обращаюсь по поводу обустройства контейнерных площадок возле жилого дома. Около нашего дома собираются ставить дополнительные мусорные контейнеры в количестве 5-6 штук, помимо них уже сто","Строительство, дольщики, жилищные проблемы",03.08.2021,109,стихийная свалка,https://dialog.egov.kz/blogs/all-questions/698690
698688,"Здравствуйте, уважаемый министр! Обращается к вам житель г.Косшы, Ж/М Лесная поляна, дом 21. Обращаюсь по поводу обустройства контейнерных площадок возле жилого дома. Около нашего дома собираются ставить дополнительные мусорные контейнеры в количестве 5-6 штук, помимо них уже сто","Строительство, дольщики, жилищные проблемы",03.08.2021,104,стихийная свалка,https://dialog.egov.kz/blogs/all-questions/698688
688806,"Осы арызымды жолдай отырып сізден қазіргі таңдағы «Ақтөбе-Атырау» тас жолынын күрделі жөндеу жұмыстарының өтіп жатқанына байланысты, менің меншігімдегі кәсіпкерлік нысаным Ақтөбе-Атырау тас жол маңы Сағыз ауылдық округінде орналасқан «Алихан» Қонақ-үй/Шайхана жұмысының 2019 жылда",Малый и средний бизнес,03.06.2021,105,жол бұзылған,https://dialog.egov.kz/blogs/all-questions/688806
682866,"Обращение с регистрационным номером 682866, направленное в Блог [ЗАЯВИТЕЛЬ] РК [ЗАЯВИТЕЛЬ] отклонено ГО 17.05.2021",Земельные вопросы,03.05.2021,0,прорвало трубу,
717418,"Здравствуйте! Просим восстановить уличное (дворовое) освещение в микрорайоне Арай-2. После ураганного ветра который обрушился на город 17 ноября 2021 года, фонари до сих пор не горят. Прошло уже две недели. Очень просим помочь в решений данного вопроса. Спасибо!",Свободная тема,02.12.2021,80,не горят фонари,https://dialog.egov.kz/blogs/all-questions/717418
708045,"Құрметті облыс әкімі! Тараз қаласы Құмшағал шағын мөлтек ауданы 11-аумақттың тұрғындары атынан өтінішті білдіріп жеткізгелі жатырмыз. Сол баяғы жартас Құмшағалдың мәселесі.Құмшағалдың станция бетінде 205үй (екі жүз бес) және төрт көше ,екі бұрылыс орналасқан(Бурабай,Үшқоңыр, Байқ","Строительство, дольщики, жилищные проблемы",02.10.2021,103,көше жарығы,https://dialog.egov.kz/blogs/all-questions/708045
708040,"Д.д! Я живу в г [ЗАЯВИТЕЛЬ] и регулярно замечаю, то по городу днем горят уличные фонари освещения в разных частях города. Тогда я звоню на 109 и оставляю заявку об этом, потому что бюджетные средства используются впустую из за халатности и бесхозяйственности работников, забывающих",Свободная тема,02.10.2021,88,не горят фонари,https://dialog.egov.kz/blogs/all-questions/708040
703616,"Құрметті министр, Біз Алматы облысы Қарасай ауданы Іргелі ауылындағы [ЗАЯВИТЕЛЬ] ТК тұрамыз. Облыс болғанымен, [ЗАЯВИТЕЛЬ] Алматы қаласының түбінде, өте жақын орналасқан. Мұнда бірнеше проблема бар, солардың бірі мектеп және оған балаларды жеткізу. Бізде әлі күнге дейін",Образование,02.09.2021,110,автобус жүрмейді,https://dialog.egov.kz/blogs/all-questions/703616
688055/1,"Обращение с регистрационным номером 688055/1, направленное в Блог [ЗАЯВИТЕЛЬ]-Министра – Министр искусственного интеллекта и цифрового развития РК [ЗАЯВИТЕЛЬ] отклонено ГО 02.06.2021",Земельные вопросы,02.06.2021,0,разбитая дорога,
676951,"Обращение с регистрационным номером 676951, направленное в Блог Аким города Алматы [ЗАЯВИТЕЛЬ]A. находится на рассмотрении у ГО","Строительство, дольщики, жилищные проблемы",02.04.2021,3,не горят фонари,
676841,"К Вам обращаются жители Талапкерского сельского округа. У нас очень много наболевших вопросов и проблем, решения которых мы ждем годами. В нашем селе проживает около 30 000 человек и каждый из них проживает жизнь в неблагополучных условиях. Ответы, полученный из акимата област",Регионы,02.04.2021,162,не работает светофор,https://dialog.egov.kz/blogs/all-questions/676841
671250,"Обращение с регистрационным номером 671250, направленное в Блог Аким города Алматы [ЗАЯВИТЕЛЬ]A. находится на рассмотрении у ГО","Строительство, дольщики, жилищные проблемы",02.03.2021,0,не горят фонари,
671249,"Обращение с регистрационным номером 671249, направленное в Блог Аким города Алматы [ЗАЯВИТЕЛЬ]A. находится на рассмотрении у ГО","Строительство, дольщики, жилищные проблемы",02.03.2021,0,не горят фонари,
671248,"ИП «Турксиб-Сервис» ИИН [ИИН] [ЗАЯВИТЕЛЬ] г.Алматы, СТ Коргаушы 13 Копия для сведения: Акиму г.Алматы, [ЗАЯВИТЕЛЬ] Копия для сведения: Управления жилья г.Алматы Копия для сведения: Акиму Медеуского района г.Алматы [ЗАЯВИТЕЛЬ] г.Алматы, ул.Пушкина 72 Копия для","Строительство, дольщики, жилищные проблемы",02.03.2021,75,не горят фонари,https://dialog.egov.kz/blogs/all-questions/671248
671247,"Согласно протокола общего собрания жителей наших домов от 27.08.2009г. мы предоставили свое согласие на надстройку 2-х жилых этажей ТОО «[ЗАЯВИТЕЛЬ]» взамен на благоустройство наших домов, а именно: строительство котельной для отопления и горячего водоснабжения, проведение газа в к","Строительство, дольщики, жилищные проблемы",02.03.2021,33,не горят фонари,https://dialog.egov.kz/blogs/all-questions/671247
703379,"27.08.2021ж. №60 [ЗАЯВИТЕЛЬ] қызмет істері агенттігінің төрайымы А.[ЗАЯВИТЕЛЬ] «Сынақ» мүмкіндігі шектеулі жандарды оңалту және әлеуметтік құқықтарын іске асыру, қорғау» ҚБ Төрағасы Ж",О работе государственных органов (госуслуги),01.09.2021,124,жол бұзылған,https://dialog.egov.kz/blogs/all-questions/703379
693512,"ҚР Сыбайлас жемқорлыққа қарсы іс-қимыл агенттігінің [ЗАЯВИТЕЛЬ] Сыбайлас жемқорлыққа қарсы іс-қимыл агенттігі, Парасаттылық департаментінің экс-сарапшысы [ЗАЯВИТЕЛЬ] : Нұр-Сұлтан қ., Ақмешіт 17. Тел.нөмер: [ТЕЛЕФОН] Эл.пошта: S.G.A_0208@mail.",Правоохранительные органы,01.07.2021,146,жол бұзылған,https://dialog.egov.kz/blogs/all-questions/693512
688341,"Обращение с регистрационным номером 688341, направленное в Блог Аким города Алматы [ЗАЯВИТЕЛЬ]A. находится на рассмотрении у ГО",Свободная тема,01.06.2021,1,не работает лифт,
688155,"Обращение с регистрационным номером 688155, направленное в Блог [ЗАЯВИТЕЛЬ] РК [ЗАЯВИТЕЛЬ] отклонено ГО 15.06.2021",Правоохранительные органы,01.06.2021,4,отменили маршрут,
682786,"Обращение с регистрационным номером 682786, направленное в Блог Аким города Алматы [ЗАЯВИТЕЛЬ]A. находится на рассмотрении у ГО",Социальное обеспечение,01.05.2021,0,не горят фонари,
671029,"Уважаемый [ЗАЯВИТЕЛЬ]! Прошу Вас дать указание Управлению пассажирского транспорта и автомобильных дорог чтобы они установили дорожный знак ""Пешеходный переход"" в районе [ЗАЯВИТЕЛЬ] правильно, дорожный знак ""Пешеходный переход"" напротив Департамента полиции",Свободная тема,01.03.2021,79,не горят фонари,https://dialog.egov.kz/blogs/all-questions/671029
665198,"Обращение с регистрационным номером 665198, направленное в Блог [ЗАЯВИТЕЛЬ] РК [ЗАЯВИТЕЛЬ] отклонено ГО 15.02.2021",О работе государственных органов (госуслуги),01.02.2021,3,жол бұзылған,
638683,"# Неге бұлай...? Атырау обылысы Мақат кентінде, Жәнгелдин көшесі 8- ші үйдің 1 - ші пәтерінде 1993 жылдан тұрамын. Өркениет жемісін көруге әркім ақ құштар. Бізің үйдің салынғанына 30 - жылдан асты. Жаңбыр жауса айнала балшық, 70 - ке келген адамға жүру қыйын. Ана бір жылы қатт",Социальное обеспечение,31.08.2020,130,көше жарығы,https://dialog.egov.kz/blogs/all-questions/638683
638679,"Обращение с регистрационным номером 638679, направленное в Блог [ЗАЯВИТЕЛЬ] РК [ЗАЯВИТЕЛЬ] отклонено ГО 14.09.2020",Правоохранительные органы,31.08.2020,80,не работает светофор,
638678,"Обращение с регистрационным номером 638678, направленное в Блог [ЗАЯВИТЕЛЬ] РК [ЗАЯВИТЕЛЬ] отклонено ГО 14.09.2020",Правоохранительные органы,31.08.2020,16,не работает светофор,
592711,"Құрметті [ЗАЯВИТЕЛЬ]! Біз халықтың әлеуметтік жағынан осал топтары санатында кезекте 12-13 жыл тұрып 2019 жылы Сатып алу құқығынсыз, коммуналдық тұрғын үй қорынан Алатау ауданы, «Көкқайнар» ш\а , Аркалық көшесі 51 үйден жалға пәтер алдық. Жалға берілген тұрғы","Строительство, дольщики, жилищные проблемы",31.01.2020,222,пәтер суық,https://dialog.egov.kz/blogs/all-questions/592711
592594,"Ранее отправлял обращение №574462 о том что в п Алмалыбак по уице Ерлепесова не горят фонари. В данный момент есть много перегоревших ламп, акимат карасайского района вообще не следит за уличным освещением. И после 00-00 (полуночи) фонари выключают. Просьба разобраться и дать",Транспорт,31.01.2020,159,не горят фонари,https://dialog.egov.kz/blogs/all-questions/592594
654837,"Обращение с регистрационным номером 654837, направленное в Блог [ЗАЯВИТЕЛЬ] РК [ЗАЯВИТЕЛЬ] отклонено ГО 14.12.2020",Занятость населения,30.11.2020,0,течет стояк,
644587,Уважаемый [ЗАЯВИТЕЛЬ]! Возле автодороги по ул. Курмангазы (с пересечения ул.Абая до Ж/Д Вокзал) на некоторых новых светодиодных фонарях уличного освещения не горит свет. Так же начиная с домов ул. Курмангазы 166 и 168 и до Ж/Ж вокзала не установлены светодиодные фонари.,О работе государственных органов (госуслуги),30.09.2020,86,не горят фонари,https://dialog.egov.kz/blogs/all-questions/644587
654662,"Мен, ЖК «Ақан» «Тапсырыс беруші» «Жалағаш аудандық білім бөлімі»КММ мен «Өнім беруші»-лер арасындағы заңдылықтарды бұза отырып шығарылған конкурс қорытындысымен жасалған келісім шарттардың күшін жоюды сұрап талабпен экономикалық",О работе государственных органов (госуслуги),29.11.2020,192,жол бұзылған,https://dialog.egov.kz/blogs/all-questions/654662
644361,"Предоставьте видео съёмку что 35 фонарей горят в селе Пресногорьковка. Я каждый день общаюсь ,и все жители говорят что света нет . Если хотите что был свет платите, акимат на этом деньги делает . А где законы о которых выпишите. И должны светильники быть светодиодными . Получа",О работе государственных органов (госуслуги),29.09.2020,76,не горят фонари,https://dialog.egov.kz/blogs/all-questions/644361
638567,"Уважаемый, [ЗАЯВИТЕЛЬ]! Я, Борисенко [ЗАЯВИТЕЛЬ], (ИИН [ИИН]) приобрела билеты на рейсы, выполняемые авиакомпанией SCAT по маршруту: Нур-Султан-Алматы на 1 августа 2020 г. - заказ #74TDRC, и обратные авиабилеты по маршруту: Алматы - Нур-Султан на 30 августа 2020",Транспорт,29.08.2020,54,отменили маршрут,https://dialog.egov.kz/blogs/all-questions/638567
598232,"Доброго дня! Я хотела бы поблагодарить Вас за оперативное и результативное решение проблем, указанных в моем предыдущем обращении к Вам. И снова хотелось бы указать на еще имеющиеся вопросы в нашем Ельтайском округе Карасайского района. Наш Дом культуры, наследие времен СССР н",Молодёжная политика,29.02.2020,152,не горят фонари,https://dialog.egov.kz/blogs/all-questions/598232
649476,"Обращение с регистрационным номером 649476, направленное в Блог Аким города Алматы [ЗАЯВИТЕЛЬ]A. находится на рассмотрении у ГО",Свободная тема,28.10.2020,0,не работает светофор,
638391,"Құрметті [ЗАЯВИТЕЛЬ] менің арыздарыма жауаптарды Сіз өзіңіз жазған жоқсыз деп ойлаймын, себебі бұндай арыздарға бұндай жауаптарды құдайдан қорықпайтын, бойында титтей болсада адамгершілік қасиеттен жұрдай болған, жалғанды белінен басатын адамдар ғана жазады деп ойлаймын",О работе государственных органов (госуслуги),28.08.2020,132,жол бұзылған,https://dialog.egov.kz/blogs/all-questions/638391
602607,"Добрый день! На пересечении улиц Вильямса и Тулькубасской в Жетысуйском районе образовалась стихийная свалка мусора. Организация по вывозу ТБО не происходит вывоз, мусор лежит в непосредственной близости от насосной станции. Прошу оказать содействие.",О работе государственных органов (госуслуги),28.03.2020,94,стихийная свалка,https://dialog.egov.kz/blogs/all-questions/602607
654424,прошу дать указание ЖКХ г. Экибастуза убрать стихийную свалку по улице Баянаульской г.Экибастуза напротив дома №3. И повестить объявление о недопустимости складирования возле мусорных контейнеров золы от печного отопления.,"Строительство, дольщики, жилищные проблемы",27.11.2020,89,стихийная свалка,https://dialog.egov.kz/blogs/all-questions/654424
631265,"Обращение с регистрационным номером 631265, направленное в Блог [ЗАЯВИТЕЛЬ] РК [ЗАЯВИТЕЛЬ] отклонено ГО 06.08.2020",Свободная тема,27.07.2020,2,жол бұзылған,
597843,В целях улучшения предпринимательского сервиса по городу Актобе в текущем году создана компания «Акула-Сервис» по предоставлению услуг потребителям (клиентам) в сфере технического обслуживания (наружные и внутренние) сетей водопровода и канализации. В этой связи ка,Малый и средний бизнес,27.02.2020,67,канализация засор,https://dialog.egov.kz/blogs/all-questions/597843
654241,"Мен, Асанов [ЗАЯВИТЕЛЬ] 2020 жылғы 20 қазанда өзім басқарып отырған «Фольсцваген гольф» маркалы мемлекеттік номері 744 DKA 11 аймақ автокөлікпен Қызылорда қаласы, Қазантаев көшесіннен шығайындеп тұрдым. Сол жақта тұруға болмайтын жерде бір автокөлік түрды.",Правоохранительные органы,26.11.2020,116,жол бұзылған,https://dialog.egov.kz/blogs/all-questions/654241
619149,"Я [ЗАЯВИТЕЛЬ] являюсь пенсионером и инвалидом группы и собственником квартиры, расположенной в многоквартирном пятиэтажном жилом доме, построенном 50 лет назад. В Соответствии с п.47 ст.2 Закона РК ""О жилищных отношениях"" к обще домовым инженерным системам отнес","Строительство, дольщики, жилищные проблемы",26.05.2020,100,холодные батареи,https://dialog.egov.kz/blogs/all-questions/619149
619144,"Обращение с регистрационным номером 619144, направленное в Блог [ЗАЯВИТЕЛЬ] РК [ЗАЯВИТЕЛЬ] отклонено ГО 26.05.2020","Строительство, дольщики, жилищные проблемы",26.05.2020,2,холодные батареи,
597516,Уважаемый [ЗАЯВИТЕЛЬ]! сообщаю что по улице Гоголя угол улицы Абдирова днем горят фонари (фото прилагаю). Прошу принять меры,Свободная тема,26.02.2020,171,не горят фонари,https://dialog.egov.kz/blogs/all-questions/597516
591641,"Ассаламуалейкім [ЗАЯВИТЕЛЬ] мырза. Сізге хат жазбасыма амалым қалмады.Осы бір қиындықтың шешімі табылады деп, үміттеніп жазып отырмын. [ЗАЯВИТЕЛЬ],Жаңаөзен қаласы,Көктем ш\ауданы,21-үй,1-пәтер түрғынымын.Осы 2019-2020 жыл жылыту маусымы басталғалы менің пәтерімде және о",О работе государственных органов (госуслуги),26.01.2020,210,пәтер суық,https://dialog.egov.kz/blogs/all-questions/591641
659194,"Шымкент қаласының қалалық орта сапасы және бақылау басқармасының бастығына Менің, 17.09.2020 жылғы ҚР Президентіне жазған арызыма Сізбен 30.09.2020ж. тағыда сырғытпа жауап жолданған. Яғни, 2020 жылғы 1 қантардан бастап 2023 жылғы 1 қантарға дейін шағын кәсіпкерлік субъектілері","Строительство, дольщики, жилищные проблемы",25.12.2020,164,жол бұзылған,https://dialog.egov.kz/blogs/all-questions/659194
659187,"Здравствуйте, я являюсь жителем и собственником квартиры по адресу: Алмалинский район, проспект Абая, дом 157, кв. 13. В марте месяце 2020 года наш дом перешел из КСК «Жансая» в КСК «NEW Жансау 96» БИН [ИИН] и сложилась такая проблема, что предсе","Строительство, дольщики, жилищные проблемы",25.12.2020,141,холодные батареи,https://dialog.egov.kz/blogs/all-questions/659187
637741,"Обращение с регистрационным номером 637741, направленное в Блог [ЗАЯВИТЕЛЬ] РК [ЗАЯВИТЕЛЬ] отклонено ГО 08.09.2020",Транспорт,25.08.2020,0,отменили маршрут,
637740,"Обращение с регистрационным номером 637740, направленное в Блог [ЗАЯВИТЕЛЬ] РК [ЗАЯВИТЕЛЬ] отклонено ГО 08.09.2020",Транспорт,25.08.2020,0,отменили маршрут,
637739,"Обращение с регистрационным номером 637739, направленное в Блог [ЗАЯВИТЕЛЬ] РК [ЗАЯВИТЕЛЬ] отклонено ГО 08.09.2020",Транспорт,25.08.2020,0,отменили маршрут,
637736,"Обращение с регистрационным номером 637736, направленное в Блог [ЗАЯВИТЕЛЬ] РК [ЗАЯВИТЕЛЬ] отклонено ГО 08.09.2020",Транспорт,25.08.2020,0,отменили маршрут,
637573,"Здравствуйте Уважаемый [ЗАЯВИТЕЛЬ]! Хочу обратиться к Вам с просьбой в решении вопроса о проведении ремонта нашего дома по улице Манаса 20. Я, Камзин [ЗАЯВИТЕЛЬ], являюсь собственником квартиры ""№ 33 в этом доме с 2011 года. Проживаю с семьёй. За период наше",О работе государственных органов (госуслуги),25.08.2020,90,детская площадка сломана,https://dialog.egov.kz/blogs/all-questions/637573
625392,"Здравствуйте! Я житель микрорайона Жетысу-2, дом 10. У меня вопрос почему наш двор не ремонтируется, точнее наша детская площадка, там очень опасно находиться детям, игровые горки и т. д. сломаны, торчать железки. Мне с моим ребенком, приходится ездить в парки или в другие дво","Строительство, дольщики, жилищные проблемы",25.06.2020,78,детская площадка сломана,https://dialog.egov.kz/blogs/all-questions/625392
630766,"Обращение с регистрационным номером 630766, направленное в Блог [ЗАЯВИТЕЛЬ] РК [ЗАЯВИТЕЛЬ] отклонено ГО 05.08.2020",О работе государственных органов (госуслуги),24.07.2020,0,жол бұзылған,
625108,"Здравствуйте, уважаемый Кульгинов, по улице Габдуллина 9/3, с вашими акимами мы разговаривали на счёт новой детской площадки, ничего толком не делается, пока не позвонишь не накричишь, сидите в своих кабинетах и только штаны просиживание, деньги вам выделили а все оборудование",Свободная тема,24.06.2020,126,детская площадка сломана,https://dialog.egov.kz/blogs/all-questions/625108
648592,"Комитет труда, социальной за-щиты и миграции Министер-ства труда и социальной защи-ты населения [ЗАЯВИТЕЛЬ] на незаконные действия ГУ «Управление государственной инспекции тру-да Мангистауской области» В соответствии со ст. 198 [ЗАЯВИТЕЛЬ]: В случае нарушения прав и законн",О работе государственных органов (госуслуги),23.10.2020,189,отменили маршрут,https://dialog.egov.kz/blogs/all-questions/648592
643243,Добрый день. Уважаемый аким г. Нур-Султан. Недавно был на кладбище (по Карагандинской трассе между постом ГАИ и п. [ЗАЯВИТЕЛЬ]) и увидел печальную картину. Возле могил имеется стихийная свалка строительного и др. мусора. Хотел бы Вас попросить принять неотлагательные меры по ли,Свободная тема,23.09.2020,141,стихийная свалка,https://dialog.egov.kz/blogs/all-questions/643243
630435,"Северо-Казахстанская область Петропавловск, 21.07.2020 год., 15:39 По ул. Жабаева 169 запечатлен гос автомобиль гос.номер 013АК15, нарушил ПДД: 1) осуществление маневра без сигнала поворота. 2) Не работает левый стоп сигнал. 3) Также по ул. Жабаева 201 и [ЗАЯВИТЕЛЬ] водитель",Свободная тема,23.07.2020,108,не работает светофор,https://dialog.egov.kz/blogs/all-questions/630435
630434,"Северо-Казахстанская область Петропавловск, 21.07.2020 год., 15:39 По ул. Жабаева 169 запечатлен гос автомобиль гос.номер 013АК15, нарушил ПДД: 1) осуществление маневра без сигнала поворота. 2) Не работает левый стоп сигнал. 3) Также по ул. Жабаева 201 и [ЗАЯВИТЕЛЬ] водитель",Свободная тема,23.07.2020,104,не работает светофор,https://dialog.egov.kz/blogs/all-questions/630434
625009,"Здравствуйте уважаемый [ЗАЯВИТЕЛЬ]! В соответствии со статьей 1 Закона Республики Казахстан от 27 декабря 2018 года ""О естественных монополиях"" одними из целей Закона являются достижение баланса интересов потребителей и субъектов естественных монополий, обеспе","Строительство, дольщики, жилищные проблемы",23.06.2020,115,прорвало трубу,https://dialog.egov.kz/blogs/all-questions/625009
625006,"Здравствуйте уважаемый [ЗАЯВИТЕЛЬ]! В соответствии со статьей 1 Закона Республики Казахстан от 27 декабря 2018 года ""О естественных монополиях"" одними из целей Закона являются достижение баланса интересов потребителей и субъектов естественных монополий, обеспе","Строительство, дольщики, жилищные проблемы",23.06.2020,110,прорвало трубу,https://dialog.egov.kz/blogs/all-questions/625006
653511,"Проie взять под контроль предоставление отчета ТОО ""ИВЦ"" о проделанной работе с 01.09.2019 г касательно дома №60а по улице Райымбека в г. Каскелен . Данный дом перешел на обслуживание ТОО ИВЦ в августе 2019г, и до следующего отопительного сезона было обещано поменять","Строительство, дольщики, жилищные проблемы",22.11.2020,75,холодные батареи,https://dialog.egov.kz/blogs/all-questions/653511
648445,"Акиму г.Нур-Султан г-ну [ЗАЯВИТЕЛЬ] от жильцов домов по улице Таттимбет Уважаемый [ЗАЯВИТЕЛЬ]! Мы, жильцы домов по улице Таттимбет в городе Нур-Султан, просим Вас разобраться в сложившейся сложной ситуации. Уже на протяжении десяти лет ждем сноса своих домов. По генер","Строительство, дольщики, жилищные проблемы",22.10.2020,57,стихийная свалка,https://dialog.egov.kz/blogs/all-questions/648445
648323,"Уважаемый Кульгинов [ЗАЯВИТЕЛЬ]! Хочу обратиться с просьбой наладить расписание общественного транспорта, а именно городских автобусов. Дело в том, что интервалы некоторых маршрутов городских автобусов (таких как №47, №60 и т.д.) превышают 30 минут, соответственно людям п",Транспорт,22.10.2020,78,нет расписания на остановке,https://dialog.egov.kz/blogs/all-questions/648323
643171,"Здравствуйте. Я не нашёл как написать обращение к акиму города, поэтому пишу Вам. К Вам обращаются жители дома Гагарина 81 (1 подъезд), помогите нам решить проблему, а то мы не можем найти этому делу конца. У нас состоит проблема с горячей водой, из крана подачи горячей воды т","Строительство, дольщики, жилищные проблемы",22.09.2020,83,не работает светофор,https://dialog.egov.kz/blogs/all-questions/643171
630367,"Обращение с регистрационным номером 630367, направленное в Блог [ЗАЯВИТЕЛЬ] РК [ЗАЯВИТЕЛЬ] отклонено ГО 03.08.2020",О работе государственных органов (госуслуги),22.07.2020,3,стихийная свалка,
653363,"Здравствуйте, сложилась такая проблема, что председатель КСК «Жансау96», которое обслуживает наш дом по адресу г.Алматы, проспект Абая, дом 157 – не предоставляет никакой отчетности. Хотя я неоднократно запрашивала данную информацию. Так как нет номера КСК, н","Строительство, дольщики, жилищные проблемы",21.11.2020,117,холодные батареи,https://dialog.egov.kz/blogs/all-questions/653363
636976,"Уважаемый [ЗАЯВИТЕЛЬ]! С 16 марта 2020 года была приостановлена деятельность автовокзалов по международным, междугородным и внутриобластным перевозкам. Несмотря на то, что автовокзалы и перевозчики применяли все необходимые санитарные и противоэпидемиологические меры для",Транспорт,21.08.2020,104,отменили маршрут,https://dialog.egov.kz/blogs/all-questions/636976
636851,"Мы являемся жителями ЖК Медина по ул. [ЗАЯВИТЕЛЬ], д.16. Наш дом был заселен в 2016 году, к нашему дому не было на тот момент совершенно ни каких подъездных путей. По неоднократным обращениям жильцов ЖК Медина в сентябре 2017 года нам построили одну полосу дороги от поликлиники",Свободная тема,21.08.2020,81,не горят фонари,https://dialog.egov.kz/blogs/all-questions/636851
618140,"Уважаемый [ЗАЯВИТЕЛЬ]! Ранее мы обращались к вам, но так и остались без какого-либо содействия. Наше обращение: жилищные проблемы от 23.07.2019 106 Номер обращения 559779 Ответы (1) [ЗАЯВИТЕЛЬ] 06.08.2019, 12:28 [ЗАЯВИТЕЛЬ] обращение о водоснабжении и стихийной св","Строительство, дольщики, жилищные проблемы",21.05.2020,127,стихийная свалка,https://dialog.egov.kz/blogs/all-questions/618140
618015,"Уважаемый [ЗАЯВИТЕЛЬ]! Обращается к [ЗАЯВИТЕЛЬ] с ограниченной ответственностью «ЕСИК-БЕРЕКЕ», мы являемся Товариществом со 100% Казахстанским участием, осуществляющим деятельность в области геологической разведки и изысканий (добыча песчано-гравийной с",Малый и средний бизнес,21.05.2020,150,стихийная свалка,https://dialog.egov.kz/blogs/all-questions/618015
596575,"Здравствуйте Уважаемый Аким города Костанай мы жильцы мкр Юдилейный д8, взяли жилье под ипотеку в Жилстройсбербанке просим Вас принять меры в отношении застройщика ТОО РСУ-2008, а именно по качеству строительства нашего дома. Во всех квартирах имеются глубокие трещины в стенах, с","Строительство, дольщики, жилищные проблемы",21.02.2020,23,лифт сломан,https://dialog.egov.kz/blogs/all-questions/596575
590707,"Уважаемый [ЗАЯВИТЕЛЬ]! Просим вас дать поручение на подключение уличного освещения в районах между Арки Талдыкорган и 3 отделение, а также по улицам 3-отделения где есть уже фонари. Так как улица с пешеходными переходами, там есть маршрут 13 автобуса, освещения машины н","Строительство, дольщики, жилищные проблемы",21.01.2020,172,не горят фонари,https://dialog.egov.kz/blogs/all-questions/590707
657845,"Здравствуйте, прошу Вас разобраться с возникшей ситуацией, а именно по кабанбай батыра между орынбор и бухар жырау не работает пешеходный светофор со стороны Астана арена. При нажатии кнопки ""стоп"" пешеходный зеленый сигнал не загорается до того момента пока на проти",Свободная тема,20.12.2020,85,не работает светофор,https://dialog.egov.kz/blogs/all-questions/657845
653276,"Обращение с регистрационным номером 653276, направленное в Блог Аким города Алматы [ЗАЯВИТЕЛЬ]A. находится на рассмотрении у ГО","Строительство, дольщики, жилищные проблемы",20.11.2020,2,холодные батареи,
647797,"Обращение с регистрационным номером 647797, направленное в Блог Аким города Алматы [ЗАЯВИТЕЛЬ]A. находится на рассмотрении у ГО","Строительство, дольщики, жилищные проблемы",20.10.2020,9,пәтер суық,
629477,Здравствуйте [ЗАЯВИТЕЛЬ]! Прошу Вас обратиться в суд для защиты моих прав для возврата денежных средств за 3( три) неиспользованных авиабилета (В СУММЕ 625.000 тенге) приобретенных в Агенстве Chocotravel 24 февраля 2020 г. по маршруту Нур-Султан - Эркан-Левкосия (Никоси,Транспорт,20.07.2020,154,отменили маршрут,https://dialog.egov.kz/blogs/all-questions/629477
642578,"Здравствуйте. Я Сапаев [ЗАЯВИТЕЛЬ] 12 марта 2020 года приобрел авиабилеты через сайт Tickets.kz (номер бронирования LIJRKW) авиакомпании Pegasus Airlines на дату 19.03.2020 по маршруту: Берлин- Стамбул, рейс PC-980; Стамбул - Алматы, рейс PC-100. Общая сумма билета 990",Транспорт,19.09.2020,106,отменили маршрут,https://dialog.egov.kz/blogs/all-questions/642578
636584,"Здравствуйте! 4.08.20 написала обращение к iKomek по поводу отсутствия освещения по ул.Толстого в границах улиц Баймагамбетова-1 мая. Из 5 фонарей работает всего один. Вечером там очень темно. Из 5 фонарей, горит всего 1, улица не освещена. Один из фонарей двусторонний, которы","Строительство, дольщики, жилищные проблемы",19.08.2020,236,не горят фонари,https://dialog.egov.kz/blogs/all-questions/636584
652792,"Обращение с регистрационным номером 652792, направленное в Блог Аким города Алматы [ЗАЯВИТЕЛЬ]A. находится на рассмотрении у ГО",О работе государственных органов (госуслуги),18.11.2020,0,пәтер суық,
652703,"Прошу сообщить исполнение совещания под председательством Премьер-[ЗАЯВИТЕЛЬ] Казахстан [ЗАЯВИТЕЛЬ] от 28.09.2019 года. Как следует из пункта 2 протокола, необходимо было: 1) в месячный срок определить объемы финансирования для восстановления и передачи систем энергосн",Регионы,17.11.2020,125,не работает светофор,https://dialog.egov.kz/blogs/all-questions/652703
623939,"Здравствуйте, обращаюсь с жалобой по работе коммунальных служб. Мы живём по улице Чкалова,в нашем районе по пересечению улицы Советской и Чкалова меняют канализационные трубы,но из за замены труб страдаем мы жители улицы Чкалова д.24,11, т.к возле наших домов прорвало канализа","Строительство, дольщики, жилищные проблемы",17.06.2020,162,прорвало трубу,https://dialog.egov.kz/blogs/all-questions/623939
635767,"Здравствуйте уважаемый аким г Шымкент. Я [ЗАЯВИТЕЛЬ], Пишу от имени жителей дома который находится по адресу Сарымолдаева 1 А ( бывшая гидролизная) . Наш двор превращается в свалку. Предоставляю как доказательство -прикреплённые к этому обращению фото . Мусор который долже","Строительство, дольщики, жилищные проблемы",16.08.2020,81,детская площадка сломана,https://dialog.egov.kz/blogs/all-questions/635767
623646,"Обращение с регистрационным номером 623646, направленное в Блог Аким города Алматы [ЗАЯВИТЕЛЬ]A. находится на рассмотрении у ГО","Строительство, дольщики, жилищные проблемы",16.06.2020,7,канализация засор,
647169,"Заявление Просим Вас рассмотреть Наше обращение по ремонту и облагораживанию двора, находящегося в квадрате розыбакиева/басенова/радостовца, относящегося к домам на Басенова 29 и Розыбакиева 230. Ввиду того, что с момента ремонта нашего двора не прошло и года, а уже требуется","Строительство, дольщики, жилищные проблемы",15.10.2020,47,не горят фонари,https://dialog.egov.kz/blogs/all-questions/647169
647131,"Здравствуйте! Хочу обратиться с просьбой наладить освещение, светофоры, а также дорогу по ул. 38, между проспектом [ЗАЯВИТЕЛЬ] и улицой [ЗАЯВИТЕЛЬ]. Этот участок дороги граничит с большим жилищным комплексом Novа City. Есть столбы, но освещения нет, светофоры не работают. Ча",Транспорт,15.10.2020,106,не работает светофор,https://dialog.egov.kz/blogs/all-questions/647131
635641,"Просим Вас провести проверку по факту незаконной работы предприятия по вторичной переработке пластика по адресу г. Темиртау, ул. Тольяти 12 (Здание бывшего хлеб завода) далее База. Эта территория ранее принадлежала АО «[ЗАЯВИТЕЛЬ]» , на данный момент передан",О работе государственных органов (госуслуги),15.08.2020,64,канализация засор,https://dialog.egov.kz/blogs/all-questions/635641
635640,"Обращение с регистрационным номером 635640, направленное в Блог [ЗАЯВИТЕЛЬ] РК [ЗАЯВИТЕЛЬ] отклонено ГО 28.08.2020",О работе государственных органов (госуслуги),15.08.2020,2,канализация засор,
623416,"Четвертый раз обращаюсь по поводу освещения улицы [ЗАЯВИТЕЛЬ] (участок от ул.Е-10 до Е-16), так как на мое обращение дан ответ идентичный предыдущий ответ без никакого решения вопроса.Повторяюсь, опоры освещения работали в течение 1,5 года до марта т.г. (до отключения). Почем",Свободная тема,15.06.2020,76,не работает светофор,https://dialog.egov.kz/blogs/all-questions/623416
616455,"Уважаемый [ЗАЯВИТЕЛЬ]! Вынуждена обратиться к Вам с просьбой разобраться в ситуации и принять компетентное решение в отношении служащих отдела полиции Майского района Павлодарской области, также, возможно, и департамента полиции Павлодарской области. Неоднократно по дан",Правоохранительные органы,15.05.2020,133,детская площадка сломана,https://dialog.egov.kz/blogs/all-questions/616455
616364,"Обращение с регистрационным номером 616364, направленное в Блог Аким города Алматы [ЗАЯВИТЕЛЬ]A. находится на рассмотрении у ГО",Свободная тема,15.05.2020,0,не горят фонари,
600473,"Обращение с регистрационным номером 600473, направленное в Блог Аким города Алматы [ЗАЯВИТЕЛЬ]A. находится на рассмотрении у ГО",Свободная тема,15.03.2020,1,не горят фонари,
600470,Добрый день. Надеемся на Вашу помощь. В прошлом году мы писали письмо акиму Карагандинской области № 546015 от 18.04.2019. Так же писали неоднократно письмо в акимат Темиртау о благоустройстве детской площадки в нашем дворе. В этом году начиная с января месяца у нас во дворе п,"Строительство, дольщики, жилищные проблемы",15.03.2020,90,прорвало трубу,https://dialog.egov.kz/blogs/all-questions/600470
657303,"Акиму Западно-Казахстанской области [ЗАЯВИТЕЛЬ] От жительницы города Уральск [ЗАЯВИТЕЛЬ] Проживающей по адресу: Неусыпова 26/3 кв. 5 Сот.: [ТЕЛЕФОН] Заявление. Уважаемый [ЗАЯВИТЕЛЬ]! Просим Вас рассмотреть нашу проблему и помочь в ее решении. Я, Коняшина",Социальное обеспечение,14.12.2020,74,холодные батареи,https://dialog.egov.kz/blogs/all-questions/657303
646997,"Добрый вечер,[ЗАЯВИТЕЛЬ]. Меня зовут Астапков [ЗАЯВИТЕЛЬ].Я проживаю по адресу Северо-Западный мкрн 61 квартал, обращаюсь к Вам с такой проблемой, у нас между 61 и 60 кварталами в течение двух месяцев не горят уличные фонари. Трижды было обращение по телефону в отде","Строительство, дольщики, жилищные проблемы",14.10.2020,88,не горят фонари,https://dialog.egov.kz/blogs/all-questions/646997
646569/2,"Обращение с регистрационным номером 646569/2, направленное в Блог Аким Карагандинской области [ЗАЯВИТЕЛЬ] отклонено ГО 14.10.2020","Строительство, дольщики, жилищные проблемы",14.10.2020,1,прорвало трубу,
646569/1,"Обращение с регистрационным номером 646569/1, направленное в Блог Аким Карагандинской области [ЗАЯВИТЕЛЬ] отклонено ГО 14.10.2020","Строительство, дольщики, жилищные проблемы",14.10.2020,3,прорвало трубу,
635510,"Жалоба. Я [ЗАЯВИТЕЛЬ] являюсь собственником железнодорожного тупика по адресу г.Нур-Султан, район Байконыр, ул. Алаш, 22/16. Земельный участок с подъездными железнодорожными путями граничит с территориями нескольких хозяйственных субъектов (ТОО» [ЗАЯВИТЕЛЬ]», ТО",Малый и средний бизнес,14.08.2020,105,стихийная свалка,https://dialog.egov.kz/blogs/all-questions/635510
652220,"Здравствуйте! Прошу Вас помочь с проблемой отопления в квартире. Живу в городе Актау, в 3 микрорайоне, 43 доме 10 квартира, наш дом очень старый, ремонт в нем никогда не делался, на моей галерее скоро упадут перила, в подвале бегают мыши, прямо в окна балкона били ветки сухих","Строительство, дольщики, жилищные проблемы",13.11.2020,107,холодные батареи,https://dialog.egov.kz/blogs/all-questions/652220
646654,"Обращение с регистрационным номером 646654, направленное в Блог Аким города Алматы [ЗАЯВИТЕЛЬ]A. находится на рассмотрении у ГО",О работе государственных органов (госуслуги),13.10.2020,2,холодные батареи,
646573,"Здравствуйте! Я, вкладчик Жилстройсбербанка, обращаю Ваше внимание на проблему завершение строительства жилого дома №7 типа Трилистник города Караганды. Постоянно идёт смещение и затягивание сроков завершения дома. На какой стадии находится строительства дома и на сколько заве","Строительство, дольщики, жилищные проблемы",13.10.2020,130,прорвало трубу,https://dialog.egov.kz/blogs/all-questions/646573
646572,"Здравствуйте! Я, вкладчик Жилстройсбербанка, обращаю Ваше внимание на проблему завершение строительства жилого дома №7 типа Трилистник города Караганды. Постоянно идёт смещение и затягивание сроков завершения дома. На какой стадии находится строительства дома и на сколько заве","Строительство, дольщики, жилищные проблемы",13.10.2020,89,прорвало трубу,https://dialog.egov.kz/blogs/all-questions/646572
646569,"Здравствуйте! Я, вкладчик Жилстройсбербанка, обращаю Ваше внимание на проблему завершение строительства жилого дома №7 типа Трилистник города Караганды. Постоянно идёт смещение и затягивание сроков завершения дома. На какой стадии находится строительства дома и на сколько заве","Строительство, дольщики, жилищные проблемы",13.10.2020,64,прорвало трубу,https://dialog.egov.kz/blogs/all-questions/646569
646565,"Здравствуйте! Я, вкладчик Жилстройсбербанка, обращаю Ваше внимание на проблему завершение строительства жилого дома №7 типа Трилистник города Караганды. Постоянно идёт смещение и затягивание сроков завершения дома. На какой стадии находится строительства дома и на сколько заве","Строительство, дольщики, жилищные проблемы",13.10.2020,66,прорвало трубу,https://dialog.egov.kz/blogs/all-questions/646565
628109,"Уважаемый [ЗАЯВИТЕЛЬ]! Обращаюсь к Вам вынужденно, так как более чем годовая переписка с [ЗАЯВИТЕЛЬ] района ни к чему не привела. Я являюсь жильцом дома № 44Б в микрорайоне Казахфильм. Между мои домом и Детским садом Кулагер находится стихийная мусорная свалк",Свободная тема,13.07.2020,111,стихийная свалка,https://dialog.egov.kz/blogs/all-questions/628109
595064,"Менің өтініш беру себебім, 2017 жылы атлетикалық ауыл 5/13 үй-97 пәтер 14 қабаттан көп балалы санатта ипотекамен үй алғанмын. осы үйді алғалы пәтерім суық жылымайды, қабырғалардың бәрі көгеріп су, ығалданып тұрады. 2017-2019 жыл аралығында жазбаша түрде ауызша түрде КСК басшыс","Строительство, дольщики, жилищные проблемы",13.02.2020,177,пәтер суық,https://dialog.egov.kz/blogs/all-questions/595064
595062,"Обращение с регистрационным номером 595062, направленное в Блог Аким Алматинской области Аринов [ЗАЯВИТЕЛЬ] отклонено ГО 13.02.2020","Строительство, дольщики, жилищные проблемы",13.02.2020,2,пәтер суық,
646336,"здравствуйте! адрес майры 27/2 кв 131 нет тепла. хотя соседям тепло дали еще 24 сентября. говорим кск чтобы они подали заявку в энергоснабжающиую организацию и жилищную инспекцию для того чтобы составить акт о том что в квартире нет тепла, батареи холодные, но кск ""отфутб","Строительство, дольщики, жилищные проблемы",12.10.2020,109,холодные батареи,https://dialog.egov.kz/blogs/all-questions/646336
634837,"11 обращение в ваш Блог, после 6 лет обращений во все инстанции наконец то решился вопрос с дорогой. Теперь решите вопрос с освещением в п [ЗАЯВИТЕЛЬ] района, по улице Ерлепесова. Половина фонарей не горит, фонари после 00-00 уже не горят (экономия бюджетных средств",Свободная тема,12.08.2020,107,не горят фонари,https://dialog.egov.kz/blogs/all-questions/634837
656849,"К Вам обращается транспортная компания ТОО «Zalia Trans». Наша компания занимается международными перевозками. Основным направлением наших перевозок является направление Китай-Россия, Китай-Беларусь. 15 июля 2019 года, в ходе расширенного заседания [ЗАЯВИТЕЛЬ]",Малый и средний бизнес,11.12.2020,126,отменили маршрут,https://dialog.egov.kz/blogs/all-questions/656849
651692,Құрметті [ЗАЯВИТЕЛЬ]! [ЗАЯВИТЕЛЬ] Айбек Алматы облысы Қарасай ауданы [ЗАЯВИТЕЛЬ] қарасты Қырғауылды ауылы Көкжиек көшесі 5-ші үйдің тұрғынымын. 10 жылдан астам уақыттан бері осы ауылда тұрып келемін. Біздің ауылдың ауызбіршілігінің арқаснда көптеген игі іс шара,Земельные вопросы,11.11.2020,134,көше жарығы,https://dialog.egov.kz/blogs/all-questions/651692
622721,"Я [ЗАЯВИТЕЛЬ] являюсь пенсионером и инвалидом группы и собственником квартиры, расположенной в многоквартирном пятиэтажном жилом доме, построенном 50 лет назад. В Соответствии с п.47 ст.2 Закона РК ""О жилищных отношениях"" к обще домовым инженерным системам отнес","Строительство, дольщики, жилищные проблемы",11.06.2020,83,холодные батареи,https://dialog.egov.kz/blogs/all-questions/622721
622686,"Я [ЗАЯВИТЕЛЬ] являюсь пенсионером и инвалидом группы и собственником квартиры, расположенной в многоквартирном пятиэтажном жилом доме, построенном 50 лет назад. В Соответствии с п.47 ст.2 Закона РК ""О жилищных отношениях"" к обще домовым инженерным системам отнес","Строительство, дольщики, жилищные проблемы",11.06.2020,104,холодные батареи,https://dialog.egov.kz/blogs/all-questions/622686
656596,"В прошлом году обращались в жилищную инспекцию, акиму г.Актау по решению вопроса с отоплением. Спустя некоторое время вопрос решился. В этой году опять в доме холодно, тепло до 5го этажа не доходит, батареи холодные. Кроме этого, весь год в доме не было горячей воды, тогда как","Строительство, дольщики, жилищные проблемы",10.12.2020,102,холодные батареи,https://dialog.egov.kz/blogs/all-questions/656596
651579,"Добрый день, уважаемый [ЗАЯВИТЕЛЬ] ! 05 февраля 2020 г. нами, [ЗАЯВИТЕЛЬ] и [ЗАЯВИТЕЛЬ] были приобретены авиабилеты № 555-6368697810 и № 555-63686997811 компании «Аэрофлот» по направлению Алматы – Москва – Амстердам на 13 мая 2",Транспорт,10.11.2020,94,отменили маршрут,https://dialog.egov.kz/blogs/all-questions/651579
646211,"Обращение с регистрационным номером 646211, направленное в Блог [ЗАЯВИТЕЛЬ] РК [ЗАЯВИТЕЛЬ] отклонено ГО 22.10.2020",Занятость населения,10.10.2020,4,отменили маршрут,
634276,"Здравствуйте уважаемый аким! В микрорайоне Акбулак, уже месяц как отключили фонари на улице Еспаева и Карсакпаева. Так помпезно нам все сделали красиво ,но не долго музыка играла. Звонили в акимат, но руководитель благоустройства района сказал что не знает кто подрядчик, и что",О работе государственных органов (госуслуги),10.08.2020,93,не горят фонари,https://dialog.egov.kz/blogs/all-questions/634276
622526,"Здравствуйте, пишу Вам по поводу бездействия дознавателя Майора полиции [ЗАЯВИТЕЛЬ] (далее - Дознаватель), к которому я обращался несколько раз по адресу: отдел дознания, управление административной полиции (Отдел административной практики) ДВД г. Нур-Султан. ул.20-40, дом",Правоохранительные органы,10.06.2020,93,детская площадка сломана,https://dialog.egov.kz/blogs/all-questions/622526
622525,"Обращение с регистрационным номером 622525, направленное в Блог [ЗАЯВИТЕЛЬ] РК [ЗАЯВИТЕЛЬ] отклонено ГО 02.07.2020",Правоохранительные органы,10.06.2020,4,детская площадка сломана,
622519,[ЗАЯВИТЕЛЬ] С.ТРҰМОВ.[ЗАЯВИТЕЛЬ] ТҰРМЫН. 1-ШІ. 2018 ЖЫЛЫ 22-ОКТЯБРЬ [ЗАЯВИТЕЛЬ]-[ЗАЯВИТЕЛЬ] ҚАҒЫП О,Регионы,10.06.2020,234,автобус жүрмейді,https://dialog.egov.kz/blogs/all-questions/622519
622178/1,"Обращение с регистрационным номером 622178/1, направленное в Блог Аким Северо-Казахстанской области [ЗАЯВИТЕЛЬ] отклонено ГО 10.06.2020","Строительство, дольщики, жилищные проблемы",10.06.2020,0,не работает светофор,
589089,"Уважаемый [ЗАЯВИТЕЛЬ], ресторан ""[ЗАЯВИТЕЛЬ]"", находящийся по адресу Кошкунова 8, на регулярной основе смывает в канализацию отходы, которые засоряют общую канализацию и не предпринимают мер по устранению засоров. От этого страдают жители близлежащих домов. П",Свободная тема,10.01.2020,105,канализация засор,https://dialog.egov.kz/blogs/all-questions/589089
651435,"Добрый день. Жители города просят акимат возобновить движение экспрессов №№ 100, 102, 105, 107. Например, маршрут 100 позволял без пересадок доехать из района проспектов Жумабаева/Кошкарбаева до больницы УДП. А маршрут 107 позволял без пересадок доехать от района 67 школы до п",Транспорт,09.11.2020,115,отменили маршрут,https://dialog.egov.kz/blogs/all-questions/651435
627364,"Уважаемый господин Сагинтаев! Я живу по адресу Коктем-3, дом 10, кв. 14. В нашем дворе также находится больница сестринского ухода. Вокруг нашего дома давно отремонтированы и благоустроены все дворы, там обустроены детские площадки, установлено освещение. Но наш двор так и ост","Строительство, дольщики, жилищные проблемы",09.07.2020,83,детская площадка сломана,https://dialog.egov.kz/blogs/all-questions/627364
622270,"Қарасай ауданы Каскелең қаласы пер. [ЗАЯВИТЕЛЬ] Долан-2, Гауһар Тас, және [ЗАЯВИТЕЛЬ] көшелерінің [ЗАЯВИТЕЛЬ] !!! Сіздің облысқа басшылық еткен күннен бастап өңірге сіңірген еңбегіңіз өте зор. Бәрін естіп көріп жүрміз. Осы аталған көше т",О работе государственных органов (госуслуги),09.06.2020,163,көше жарығы,https://dialog.egov.kz/blogs/all-questions/622270
622145,"Обращение с регистрационным номером 622145, направленное в Блог Аким города Алматы [ЗАЯВИТЕЛЬ]A. находится на рассмотрении у ГО","Строительство, дольщики, жилищные проблемы",09.06.2020,11,детская площадка сломана,
622107,"Құрметті министр! Мен, Қызылорда қаласы, Ақтөбе 1 тұйығы 14 үй тұрғыны боламын. Біз осы көшеде 2007 жылдан бері тұрып келе жатырмыз. Алайда, осы жылдар арасында біздің көшенің жол мәселесі қиын болып тұр. Атап айтсақ, біздің көше асфальт жол мүлдем салынған жоқ. Қар ерісе, жаң",Свободная тема,09.06.2020,168,көше жарығы,https://dialog.egov.kz/blogs/all-questions/622107
656161,"Ассаляму аляйкум, уважаемый [ЗАЯВИТЕЛЬ]! Пользуясь случаем, хотел бы пожелать вам всего хорошего! Причиной моего обращения к вам, является - состояние жилого дома номер 77, расположенного по адресу микрорайон Астана, который был сдан в эксплуатацию 2017 году декабря ме","Строительство, дольщики, жилищные проблемы",08.12.2020,52,холодные батареи,https://dialog.egov.kz/blogs/all-questions/656161
645965,"Здравствуйте. мы жильцы дома по ул. Семенченко 21, в лице старшой, хотим узнать, когда же в нашем доме появится отопление и нормальная горячая вода. По спискам подачи теплоснабжения (у нашего дома был акт и поменяли теплообменик), наш дом подключили 23.09, в тот день появилась",Свободная тема,08.10.2020,123,течет стояк,https://dialog.egov.kz/blogs/all-questions/645965
634160,"Уважаемый, Айтенов [ЗАЯВИТЕЛЬ]. Я многодетная мать Оспанова [ЗАЯВИТЕЛЬ] живу по адресу:улица Пошанова дом 30 ,кв 44 .Которая относится к Абайскому району.У нас во дворе производиться благоустройства детской площадки.Но как выясняется именно наш дом не входить в с",Свободная тема,08.08.2020,78,детская площадка сломана,https://dialog.egov.kz/blogs/all-questions/634160
634096,"Комитета по защите прав потребителей МТиИ РК от [ЗАЯВИТЕЛЬ] ИИН: [СЧЁТ] проживающий по адресу: г.Алматы,ул.Сатпаева, дом 32 А, кв.11 тел.[ТЕЛЕФОН], еmail:[EMAIL] Я, Сычев [ЗАЯВИТЕЛЬ], приобрел авиабилеты перевозчикам которого",Транспорт,08.08.2020,82,отменили маршрут,https://dialog.egov.kz/blogs/all-questions/634096
656074,"ҚР Президентіне ҚР Сыбайлас жемқорлыққа қарсы іс-қимыл агенттігінің (Сыбайлас жемқорлыққа қарсы қызмет) төрағасына ҚР [ЗАЯВИТЕЛЬ] т.ж: п. Боралдай, мкр. Водник 1, д. 15, кВ. 13 ұ.ж: [ТЕЛЕФОН] Арыз-Шағым (Алматы облысы қылмыстық қудала",Правоохранительные органы,07.12.2020,153,жол бұзылған,https://dialog.egov.kz/blogs/all-questions/656074
656073,"Обращение с регистрационным номером 656073, направленное в Блог [ЗАЯВИТЕЛЬ] РК [ЗАЯВИТЕЛЬ] отклонено ГО 21.12.2020",Правоохранительные органы,07.12.2020,1,жол бұзылған,
633889,"Здравствуйте . 4 февраля 2020 г я купил в Агенстве Chocotravel 3 авиабилета на сумму 625 000 тенге по маршруту ( Нур-Султан - Эркан-Левкосия (Никосия) 18 марта (Ср), Эркан-Левкосия (Никосията) - Стамбул, (Стамбул - Нур-Султан (Астана). 26 марта.). В связи с режимом ЧП мной 16",Туризм,07.08.2020,566,отменили маршрут,https://dialog.egov.kz/blogs/all-questions/633889
605000,"Обращение с регистрационным номером 605000, направленное в Блог Аким города Алматы [ЗАЯВИТЕЛЬ]A. находится на рассмотрении у ГО","Строительство, дольщики, жилищные проблемы",07.04.2020,0,прорвало трубу,
633712,"Уважаемый аким! На новостном портале «Мой город» опубликована статья «Место стихийной свалки предложили охранять полицейским в Уральске». Наверное полицейских не хватит, чтобы охранять еще и мусорные свалки. Что у них мало дел по выполнению своих прямых",Свободная тема,06.08.2020,96,стихийная свалка,https://dialog.egov.kz/blogs/all-questions/633712
614024,"Обращение с регистрационным номером 614024, направленное в Блог Аким города Алматы [ЗАЯВИТЕЛЬ]A. находится на рассмотрении у ГО",Свободная тема,06.05.2020,2,детская площадка сломана,
650872,"Приветствую! Летом текущего года с ВКО, город Семей, переехал в село Коянды, и не возмущен работой местного сельского и районного акимата, а также территориальной принадлежности села Коянды в Целиноградский район (село Акмол). Не удовлетворен работой акимата по следующим причина",Свободная тема,05.11.2020,94,не горят фонари,https://dialog.egov.kz/blogs/all-questions/650872
650687,"Обращение с регистрационным номером 650687, направленное в Блог [ЗАЯВИТЕЛЬ] РК [ЗАЯВИТЕЛЬ] отклонено ГО 19.11.2020",Свободная тема,05.11.2020,6,жол бұзылған,
650686,"04.11.2020ж. №45 [ЗАЯВИТЕЛЬ] сыбайлас жемқорлыққа қарсы іс-қимыл агенттігі төрағасы [ЗАЯВИТЕЛЬ] «Сынақ» мүмкіндігі шектеулі жандарды оңалту және әлеуметтік құқықтарын іске асыру, қорғау» ҚБ [ЗАЯВИТЕЛЬ] Абдукаримови",Свободная тема,05.11.2020,111,жол бұзылған,https://dialog.egov.kz/blogs/all-questions/650686
645295,"Обращение с регистрационным номером 645295, направленное в Блог Министр внутренних дел РК [ЗАЯВИТЕЛЬ] отклонено ГО 07.10.2020",Правоохранительные органы,05.10.2020,1,не работает светофор,
633343,"2014-жылдың күз айларында күйеуім [ЗАЯВИТЕЛЬ] Алматы облысы, Қарасай ауданы, Қаскелең қаласында жасайтын жақсы араласып жүрген танысымыз [ЗАЯВИТЕЛЬ] дегенге менің атыма тіркелген Мерседес-Бенс МL 320 мемлекеттік нөмері 178 NBA 05 автокөлігін сатып беру үшін берген бол",Правоохранительные органы,05.08.2020,131,жол бұзылған,https://dialog.egov.kz/blogs/all-questions/633343
621534,"день добрый.неудобно уже писать.но ничего не изменилось.Алматы, Алатауский район, (рядом микрорайон Томирис) микрорайон Боралдай пересечение улиц [ЗАЯВИТЕЛЬ] находится ""типа"" детская площадка.просьба отремонтировать.1)сетка стена дырявая (футбольного поля).2","Строительство, дольщики, жилищные проблемы",05.06.2020,146,детская площадка сломана,https://dialog.egov.kz/blogs/all-questions/621534
613552,"Уважаемый [ЗАЯВИТЕЛЬ]! Меня зовут [ЗАЯВИТЕЛЬ], приехав в город Астана в 2009 я никого здесь не знал, только приобщившись к охоте и рыбалке у меня появилось очень много друзей и знакомых. Так я и стал выезжать с ними на природу по всей территории Акмолинской области",Свободная тема,05.05.2020,146,стихийная свалка,https://dialog.egov.kz/blogs/all-questions/613552
604364,"Здравствуйте. Прошу разобраться и принять меры в отношении нижеизложенной ситуации, так как, вы, Акимат г. Нур-Cултан бездействуете, несмотря на то, что контроль по данному вопросу возложен на вас, как на орган, отвечающий за качество городской среды. Ситуация: Являюсь жителем","Строительство, дольщики, жилищные проблемы",05.04.2020,116,детская площадка сломана,https://dialog.egov.kz/blogs/all-questions/604364
655484,[ЗАЯВИТЕЛЬ] государственных доходов Министерства финансов Республики Казахстан г-ну [ЗАЯВИТЕЛЬ] Копия: Председателю Правления Национальной палаты предпринимателей РК «Атамекен» г-ну [ЗАЯВИТЕЛЬ] К Вам обращается транспортная компания ТОО &laqu,Малый и средний бизнес,04.12.2020,119,отменили маршрут,https://dialog.egov.kz/blogs/all-questions/655484
650600,"Министру юстиции РК От ТОО «[ЗАЯВИТЕЛЬ]Е» БИН [ИИН] г.Шымкент, Енбекшинский район, ул.Койкелди батыра, 19/2 [ТЕЛЕФОН] (моб/вацап) [EMAIL] (эл.почта) aitc_aitc (скайп) Частный судебный исполнитель исполнительного округа города Шымкент Абдр",Правоохранительные органы,04.11.2020,215,отменили маршрут,https://dialog.egov.kz/blogs/all-questions/650600
621333,"Уважаемый господин Кульгинов! От имени жильцов наших домов по адресу улица Конаева 12 и 12/2 просим Вас принять меры по организации безопасности при ЧС, навестить порядок и отменить незаконные действия застройщиков по следующим безобразиям: 1) Между домами 10 и 12, 12/2 по ули",Свободная тема,04.06.2020,115,стихийная свалка,https://dialog.egov.kz/blogs/all-questions/621333
655330,"здравствуйте! я пенсионер, проживаю Майры 27/2 кв 131. у нас в сентябре и октябре не было тепла. обращалась в кск (так как они только могут подать заявку в ТОО павлодарэнергосбыт о том что нет тепла). но кск игнорировало и не принимало заявку и сами кск тоже ничего не делали,","Строительство, дольщики, жилищные проблемы",03.12.2020,59,холодные батареи,https://dialog.egov.kz/blogs/all-questions/655330
626671,"Уважаемый [ЗАЯВИТЕЛЬ]! От имени сообщества организаций лиц, имеющих инвалидность, во избежание нагнетания социальной напряженности, просим Вашей защиты и Вашего скорейшего вмешательства в сложившуюся ситуацию. 12 июня 2020 года один из лидеров организаций людей, имеющи",Свободная тема,03.07.2020,162,лифт сломан,https://dialog.egov.kz/blogs/all-questions/626671
650044,Добрый день уважаемый [ЗАЯВИТЕЛЬ] ! Ранее обращался в акимат Зерендинского района по вопросу не работающего светофора на трассе в Атбасар пересечении на дорогу на Щучинск и на с. Зеренда там светофор не работает хотя относительно недавно установлен и работал совсем не до,Регионы,02.11.2020,128,не работает светофор,https://dialog.egov.kz/blogs/all-questions/650044
650013,"Уважаемый [ЗАЯВИТЕЛЬ]! В настоящее время завершается ремонт асфальта по улице [ЗАЯВИТЕЛЬ] (р-н рынка Сарайшык). Подрядчик под строительную площадку (для складирования грунта и отходов стройматериалов) , использует прилегающую к автодороге по улице [ЗАЯВИТЕЛЬ]","Строительство, дольщики, жилищные проблемы",02.11.2020,98,тротуар разбит,https://dialog.egov.kz/blogs/all-questions/650013
644992,"Здравствуйте, уважаемый [ЗАЯВИТЕЛЬ]! Прошу Вас разобраться с проблемой отопления в доме, где я проживаю по адресу г.Костанай, 7-ой микрорайон, дом 25. На данный момент 2 октября 2020 года нам до сих пор не подключили отопление. По словам работников ПКСК ""Уют"", д","Строительство, дольщики, жилищные проблемы",02.10.2020,38,холодные батареи,https://dialog.egov.kz/blogs/all-questions/644992
644934,"Добрый вечер! Я, Сихимбаева [ЗАЯВИТЕЛЬ] с двумя малолетними детьми ( 4 и 2 года) и мамой (пенсионного возраста) прилетели в Турцию компанией Эйр Астана 2 июля 2020 года, когда воздушное пространство между Казахстаном и Турцией было возобновлено. Обратным рейсом мы должны",Туризм,02.10.2020,87,отменили маршрут,https://dialog.egov.kz/blogs/all-questions/644934
626533,"Мы, жители села Сайрам, доводим до Вашего сведения, что нашему селу, дали статус города, но до города нам еще далеко, потому что, взяли только число жителей, а проблем стало еще больше. Мы считаем, что наше село никому не нужно, мы относимся к Каратауской администрации, где од",Свободная тема,02.07.2020,69,не горят фонари,https://dialog.egov.kz/blogs/all-questions/626533
598465,"Здравствуйте. Прошу вас принять меры и посодействовать в уборке мусора, стихийно образовавшегося на перекрёстке двух улиц Енбекшинского района угол улицы [ЗАЯВИТЕЛЬ] и [ЗАЯВИТЕЛЬ].Неизвестные люди выбрасывают мусор в мешках и тем самым организовалась стихийная свалка",Свободная тема,02.03.2020,116,стихийная свалка,https://dialog.egov.kz/blogs/all-questions/598465
649971,"Приветствую! Летом текущего года с ВКО, город Семей переехал в село Коянды, и сильно не удовлетворен работой местного акимата и территориальной принадлежности данного села в Целиноградский район (село Акмол). Не удовлетворен работой акимата по следующим причинам: 1. село наход",Свободная тема,01.11.2020,81,не горят фонари,https://dialog.egov.kz/blogs/all-questions/649971
644727,"Обращение с регистрационным номером 644727, направленное в Блог Аким города Алматы [ЗАЯВИТЕЛЬ]A. находится на рассмотрении у ГО",О работе государственных органов (госуслуги),01.10.2020,0,стихийная свалка,
644726,"Акиму наурызбайского района Г-ну Тоғай [ЗАЯВИТЕЛЬ] Копия :Управлению энергоэффективности и инфраструктурного развития г.Алматы г-же [ЗАЯВИТЕЛЬ] От жителей г.Алматы, наурызбайского района, микрорайона «Таусамалы» микрорайона Алатау» Уважаемый [ЗАЯВИТЕЛЬ]",О работе государственных органов (госуслуги),01.10.2020,188,стихийная свалка,https://dialog.egov.kz/blogs/all-questions/644726
578117,"Добрый день, обращается к Вам жительница поселка [ЗАЯВИТЕЛЬ] района Алматинской области.Ранее не раз обращалась по своему вопросу в Карасайский акимат, но ответа и публикации моего вопроса не было. Проблема нашего поселка касается общественного транспорта. Маршрут под",Транспорт,30.10.2019,156,не горят фонари,https://dialog.egov.kz/blogs/all-questions/578117
565459,"Обращение с регистрационным номером 565459, направленное в Блог Аким Алматинской области Аринов [ЗАЯВИТЕЛЬ] отклонено ГО 02.09.2019",Свободная тема,30.08.2019,1,стихийная свалка,
565458,"Мы, нижеподписавшиеся, жители пос. Коксай просим Вас посодействовать тому, чтобы восстановили проезд маршрутного автобуса 344. (по прежнему проезду.) от улицы Наурызбай и Атшабарова до магазина Аксай. Ссылаясь на указ Президента РК от 15. 04. 2018 года, направленное на развити",Свободная тема,30.08.2019,173,стихийная свалка,https://dialog.egov.kz/blogs/all-questions/565458
538026,"день добрый.Алматы, Алатауский район, микрорайон Бурундай, на пересечении улиц Азат и Асановой есть детская площадка и футбольное поле. Но детская площадка опасна для жизни детей. 1) скамейки из металла, возможно простудиться, 2) качели разгромлены, 3) дети поднимаются на горк","Строительство, дольщики, жилищные проблемы",28.02.2019,158,детская площадка сломана,https://dialog.egov.kz/blogs/all-questions/538026
547567,"Добрый день. Мы жильцы Бостандыкского района, переулок Дружбы , дом1. Просим Вас ответить на несколько вопросов. 1. Подлежат ли сносу наш дом? Если да, прошу вас уточнить более подробнее когда это произойдет. 2. Если , не подлежит сносу просим Вас решить наши проблемы. Месяц н","Строительство, дольщики, жилищные проблемы",27.04.2019,271,прорвало трубу,https://dialog.egov.kz/blogs/all-questions/547567
542281,"Уважаемый [ЗАЯВИТЕЛЬ]! Просим Вас обратить внимание на состояние улиц Горького и Парфирьева.! В 2018 году встретили высоких гостей, хорошо. А посмотрите что творится ""за стеной"" теннисного корта. Самые крупные фирмы строительные города развернули не только круту",О работе государственных органов (госуслуги),27.03.2019,220,стихийная свалка,https://dialog.egov.kz/blogs/all-questions/542281
532288,"В Управление внутренных дел г. Алматы От гр. Мустафин [ЗАЯВИТЕЛЬ] житель г. Алматы ул. Дуйсенова д. 95 кв. 3 пенсионер- инвалид 2-группы тел. [ТЕЛЕФОН] Заявление. Я, [ЗАЯВИТЕЛЬ] более 10 лет обращался в Акимат Алмалинского района, Управления жилья и жилищной инспе",Правоохранительные органы,27.01.2019,263,детская площадка сломана,https://dialog.egov.kz/blogs/all-questions/532288
587020,"Уважаемый господин аким! Очень прошу Вас принять меры к КСК ""Семиречье"" и обслуживающей его сантехнической компании ""Лигас"". Ими не была проведена подготовка к отопительному сезону многоэтажного жилого дома по адресу пр.Назарбаева, 47/26. В результате многи",Свободная тема,25.12.2019,141,холодные батареи,https://dialog.egov.kz/blogs/all-questions/587020
582283,"Уважаемый [ЗАЯВИТЕЛЬ], добрый день. Прошу посодействовать в решении проблемы отопления в жилом доме, находящегося по адресу мкр. Орбита 4, дом 37, кв.5. Дело в том, что который год, не решается вопрос надлежащего отопления в квартире. В прошлом году заменила батареи, та","Строительство, дольщики, жилищные проблемы",25.11.2019,175,холодные батареи,https://dialog.egov.kz/blogs/all-questions/582283
560128,"Уважаемый [ЗАЯВИТЕЛЬ]! Обращаемся к Вам как к Акиму области, так как исполнительная власть в лице как районного, так и областного акимата бездействует и не решает годами накопившиеся проблемы. Мы жители поселка Кызылсуат, Целиноградского района, Акмолинской области, что","Строительство, дольщики, жилищные проблемы",25.07.2019,244,нет расписания на остановке,https://dialog.egov.kz/blogs/all-questions/560128
537328,"[ЗАЯВИТЕЛЬ] қызмет істері және сыбайлас жемқорлыққа қарсы іс-қимыл агенттігінің төрағасы [ЗАЯВИТЕЛЬ] арызым арқылы төмендегі жайды хабарлай отырып, басқарманың құзыры шегінде төменде көрсетілген мемлекеттік органға шара көруіңізді сұраймы",О работе государственных органов (госуслуги),25.02.2019,216,көше жарығы,https://dialog.egov.kz/blogs/all-questions/537328
537321,"Қызылорда облысының әкімі [ЗАЯВИТЕЛЬ] арызым арқылы төмендегі жайды хабарлай отырып, басқарманың құзыры шегінде төменде көрсетілген мемлекеттік органға шара көруіңізді сұраймын. Қызылорда қаласы әкімдігі, «Қызылорда қалалық коммуналдық шаруашылығы, жолауш",О работе государственных органов (госуслуги),25.02.2019,270,көше жарығы,https://dialog.egov.kz/blogs/all-questions/537321
537317,"Обращение с регистрационным номером 537317, направленное в Блог [ЗАЯВИТЕЛЬ] РК [ЗАЯВИТЕЛЬ] отклонено ГО 11.03.2019",О работе государственных органов (госуслуги),25.02.2019,0,көше жарығы,
537313,"Премьер-Министрдің орынбасары – Ауыл шаруашылығы министрі [ЗАЯВИТЕЛЬ] арызым арқылы төмендегі жайды хабарлай отырып, басқарманың құзыры шегінде төменде көрсетілген мемлекеттік органға шара көруіңізді сұраймын. Қызылорда қаласы әкімдігі, «Қызылорда қалал",О работе государственных органов (госуслуги),25.02.2019,187,көше жарығы,https://dialog.egov.kz/blogs/all-questions/537313
571294,"Проблемы с освещением! Добрый день! В связи с назначением нового акима, хотим поздравить его с назначением,пожелать удачи на новом месте! Обращаемся от имени жителей [ЗАЯВИТЕЛЬ] 75 и Ержанова 4. Уже много лет во дворах нет уличного освещения. Начался учебный год,ходят много де","Строительство, дольщики, жилищные проблемы",24.09.2019,183,не горят фонари,https://dialog.egov.kz/blogs/all-questions/571294
547048,"Добрый день [ЗАЯВИТЕЛЬ]! Обращаюсь к Вам со следующими проблемами: 1) Во дворе дома по ул. Чкалова 130 несколько лет назад установили отличную спортивную площадку с тренажерами. Между тем, половина тренажеров находятся в нерабочем состоянии. Тогда как и дети, и пожилые л","Строительство, дольщики, жилищные проблемы",24.04.2019,218,детская площадка сломана,https://dialog.egov.kz/blogs/all-questions/547048
546943,"Здравствуйте. В районе школ №30 и ШП, а именно на углу улиц Каменистая и Елебекова 21, строители бизнес центра ""Астана"", расположенного по адресу пр. Достык, 232, организовали стихийную свалку строительного мусора. Куча мусора препятствует стоку дождевой воды. В резу","Строительство, дольщики, жилищные проблемы",24.04.2019,191,стихийная свалка,https://dialog.egov.kz/blogs/all-questions/546943
546730,"Байбек, [ЗАЯВИТЕЛЬ] я житель Алатауского района адрес ул [ЗАЯВИТЕЛЬ] 86/13 кв 33 возле нашего жилого комплекса пустырь где выходит к частным домам поселка Ожет превратили в стихийную мусорную свалку. Жители комплекса ранее обращались с жалобой в Алатауский Акимат","Строительство, дольщики, жилищные проблемы",23.04.2019,354,стихийная свалка,https://dialog.egov.kz/blogs/all-questions/546730
581813,"Алматы қаласының әкімі Б.[ЗАЯВИТЕЛЬ] мырзаға Алматы облысы, Қарасай ауданы, Іргелі селолық округі Асыл-арман тұрғындарынан Құрметті [ЗАЯВИТЕЛЬ]! Біз Алматы облысы, Қарасай ауданы, Іргелі селолық округіне қарасты Асыл-арманның тұрғындарымыз. №16 автобус уақытымен жүрмейді",Транспорт,22.11.2019,167,автобус жүрмейді,https://dialog.egov.kz/blogs/all-questions/581813
559679,"Құрметті [ЗАЯВИТЕЛЬ]! Біздер 2002 жылдан бері Атырау қаласы, Өркен ықшам ауданы, [ЗАЯВИТЕЛЬ] көшесінде тұрып жатырмыз. Көшемізде біздер сияқты мүмкіндігі шектеулі жандардың жүріп тұруына ешқандай жағдай жоқ. Жаңбырдан кейін дені сау адамдар да жүре алмайды. Осы күнге дейін М",Социальное обеспечение,22.07.2019,263,автобус жүрмейді,https://dialog.egov.kz/blogs/all-questions/559679
559636,"Доброго времени суток, [ЗАЯВИТЕЛЬ]! Поздравляем всей семьей Вас с назначением акимом Алматы, нас порадовала эта новость, так как о Вас положительные отзывы от жителей Павлодарской области. Обращаюсь к Вам от имени всех жильцов домов Панфилова 138, Шевченко 48, Назарбаев",Свободная тема,22.07.2019,164,мусорные контейнеры переполнены,https://dialog.egov.kz/blogs/all-questions/559636
581795,"Құрметті [ЗАЯВИТЕЛЬ]! Мен, Калауова [ЗАЯВИТЕЛЬ], ""Күміс алқа"" иегері, Сайрам ауданына қарасты Таскешу ауылы [ЗАЯВИТЕЛЬ] көшесі 12-үй тұрғынымын. Біз тұратын Таскешу ауылы Сайрам ауданының ең шеткі аумағы саналғанымен, Шымкент қаласымен шекараласпыз. Яғни",Транспорт,21.11.2019,437,автобус жүрмейді,https://dialog.egov.kz/blogs/all-questions/581795
564129,"Уважаемый [ЗАЯВИТЕЛЬ] ! Обращаюсь к Вам от имени всех жильцов дома №52 в мкр.1 г.Алматы. В 2018 году Акиматом г.Алматы была произведена модернизация внутри дворовой части жилого дома №52, в именно установлены детские площадки, заменены бордюры и уложен асфальт. Но, все",Свободная тема,21.08.2019,148,стихийная свалка,https://dialog.egov.kz/blogs/all-questions/564129
551096,"Обращение с регистрационным номером 551096, направленное в Блог Аким города Алматы [ЗАЯВИТЕЛЬ]A. находится на рассмотрении у ГО","Строительство, дольщики, жилищные проблемы",21.05.2019,2,стихийная свалка,
576286,Уважаемый [ЗАЯВИТЕЛЬ] обращаюсь к Вам по поводу освещения улицы Айбергенова (между улицами Арман и Елибаева в Калкамане -2) после наших многочисленных обращении наконец то установили фонари освещения по данной улице на что мы благодарны но фонарь на столбе перед домом у,О работе государственных органов (госуслуги),19.10.2019,149,не горят фонари,https://dialog.egov.kz/blogs/all-questions/576286
570251,"Салеметсіздерме?.Менің есімім Рустемова [ЗАЯВИТЕЛЬ] 02.09.1985 жылы туылғанмын. Шымкент қаласының азаматшасымын. Бір анам бар,әкем жоқ.Бір ұл асырап отырған ,асыраушынан айырылған жалғыз басты анамын.Мені кундіз түні мазалайтын несие жайында сүрақ қойсам.Сіз ел басымызд",Социальное обеспечение,19.09.2019,217,пәтер суық,https://dialog.egov.kz/blogs/all-questions/570251
559211,"ще не заселились, а претензии есть: люди боятся заселяться в новый многоэтажный дом Уральска Июль 17, 2019, 15:5477240 Подвал многоэтажного дома по адресу Мункеулы, 108/5 топит канализационными водами уже больше недели, сообщает корреспондент портала ""Мой ГОРОД"". ￼ В",Ипотека,18.07.2019,215,затопило подвал,https://dialog.egov.kz/blogs/all-questions/559211
541183,"Уважаемый [ЗАЯВИТЕЛЬ]! Я обращаюсь к Вам с просьбой, так как считаю, что только Ваше участие может сдвинуть нижеуказанную проблему с мертвой точки. Так как я ранее обращался в Акимат города Кызылорды (дважды), но нижеуказанный вопрос до настоящего момента не решен. Я обра","Строительство, дольщики, жилищные проблемы",18.03.2019,201,прорвало трубу,https://dialog.egov.kz/blogs/all-questions/541183
569561,Уважаемый [ЗАЯВИТЕЛЬ]! Прошу Вас помочь в разрешении данной проблемы. Суть ее такова. В настоящее время складывается непростая ситуация с состоянием подвала многоквартирного дома №296 ул. Жарокова (4 подъезд) и расположенных в нем коммуникаций. Два месяца назад произошл,"Строительство, дольщики, жилищные проблемы",17.09.2019,328,прорвало трубу,https://dialog.egov.kz/blogs/all-questions/569561
580706,"Добрый день! В настоящее время обсуждается вопрос внедрения в г. Нур-Султан проекта умного города и т.д., однако в районе Сарыарка (это старый город, Целиноград, Акмола) элементарные проблемы не решены, к примеру по ул. Мынарал, Потанина установлены фонари, уже более 5 лет, од",О работе государственных органов (госуслуги),15.11.2019,173,не горят фонари,https://dialog.egov.kz/blogs/all-questions/580706
545375,"Прошу Вас помочь жителям дома, расположенного по адресу Е49, дом 4/2 решить наши проблемы. Нами было написано коллективное письмо Директору ТОО ""[ЗАЯВИТЕЛЬ]"" [ЗАЯВИТЕЛЬ], № 02/19-50 от 08.02.2019, письмо во вложении, которое осталось без ответа. На сегодняшний день","Строительство, дольщики, жилищные проблемы",15.04.2019,164,детская площадка сломана,https://dialog.egov.kz/blogs/all-questions/545375
540935,"Здравствуйте. 28.02.2019 г . мной было подано обращение № 538107 , Однако ,до настоящего момента, ничего в моей ситуации не изменилось. Да, ко мне приезжали и звонили сотрудники Акимата , но действиями этих сотрудников я не удовлетворена. 07.032019 г . Я пригласила куратора Ак","Строительство, дольщики, жилищные проблемы",15.03.2019,201,прорвало трубу,https://dialog.egov.kz/blogs/all-questions/540935
540746,"[ЗАЯВИТЕЛЬ]! Наурыз мерекесі құтты болсын! Сізге жұмысыңызға табыс тілеймиін. Сіздің халыққа жасап жатқан жұмыстарыңыз үшін сізге рахмет айтамын! Сізге қояр сұрағым, мен Асыл-арман тұрғын үй тұрғынымын. №16 автобус туралы, №16 автобус уақытымен жүрмейді, халық өте кө",Транспорт,15.03.2019,195,автобус жүрмейді,https://dialog.egov.kz/blogs/all-questions/540746
575080,"Құрметті Алматы қаласының әкімі Сағынтаев [ЗАЯВИТЕЛЬ]! Мен Алматы қаласы, Алатау ауданы, Нұркент ықшам ауданының тұрғынымын. Нұркент ықшам ауданы (2 – ші кезең) 2018 жылдың қазан айының ортасынан кейін беріле бастады. Салынған үйлерге тапсырыс беруші ""Бәйтерек","Строительство, дольщики, жилищные проблемы",14.10.2019,160,лифт жұмыс істемейді,https://dialog.egov.kz/blogs/all-questions/575080
575051,"Здравствуйте. Мы домами не раз уже обращались в разные инстанции по поводу освещения квадрата Толе би-Ауэзова-Карасай батыра-Розыбакиева. В этом квадрате находятся не один садик и не одна школа и много детей проживают и учатся в этом квадрате. Пожалуйста, проконтролируйте осве",О работе государственных органов (госуслуги),14.10.2019,167,не горят фонари,https://dialog.egov.kz/blogs/all-questions/575051
558590,"Здравствуйте Уважаемый [ЗАЯВИТЕЛЬ]! Мы жители двора, находящегосая по адресу г. Алматы, Аксай 2, дома 69, 70, 71, 72, 73, 73а обращаемся к вам с жалобой и просьбой. У нас во дворе проживают сотни семей! У всех есть дети. Двор в ужасном не пригодном для жизни, опасном дл","Строительство, дольщики, жилищные проблемы",13.07.2019,106,детская площадка сломана,https://dialog.egov.kz/blogs/all-questions/558590
584913,"Прошу проверить, почему больше месяца не горят наземные (нижние) фонари на аллее между домами №92 и №94 в микрорайоне Айнабулак 3 города Алматы и принять необходимые меры. [ЗАЯВИТЕЛЬ] 10.декабря 2019 г.",Свободная тема,10.12.2019,158,не горят фонари,https://dialog.egov.kz/blogs/all-questions/584913
584829,"Меня зовут Лаура, я проживаю в микрорайоне МТФ-1, поселка Рыскулов, Талгарского района. Обращаюсь к вам по поводу проблем существующих в нашем микрорайоне: 1). Отсутствие газификации. В Талгарском районе активно ведется работа по газификации всех поселков, поселок Рыскулов уже",О работе государственных органов (госуслуги),10.12.2019,128,стихийная свалка,https://dialog.egov.kz/blogs/all-questions/584829
584582,"Я обращаюсь к Вам с просьбой решить проблему отопления в жилом доме г. [ЗАЯВИТЕЛЬ] области, по адресу, ул. Мырзашева , 86 ( по старому 98). . Моя мать, одиноко проживающая пенсионерка, Ременская [ЗАЯВИТЕЛЬ], 1943 года рождения ,проживает в этом доме в квартире №2. П",Свободная тема,09.12.2019,142,холодные батареи,https://dialog.egov.kz/blogs/all-questions/584582
574462,"В поселке [ЗАЯВИТЕЛЬ] района, по улице Ерлепесова не горит ни один фонарь. Так же кроме данной улицы, необходимо уличное освещение по улице Алмалы. Просьба решить данную проблему!","Строительство, дольщики, жилищные проблемы",09.10.2019,231,не горят фонари,https://dialog.egov.kz/blogs/all-questions/574462
557852,"Уважаемый аким города Алматы! Обращаюсь к Вам вот по какой причине! Я живу в Алмалинском районе, окола парка имени Ганди, что на пересечении улиц Джамбула и Жарокова. В прошлом году на пересечении данных улиц сгорело кафе ""Динара"", после чего останки данного кафе ник",Свободная тема,09.07.2019,155,стихийная свалка,https://dialog.egov.kz/blogs/all-questions/557852
579698,"день добрый.Алматы, Алатауский район, микрорайон Бурундай, на пересечении улиц Азат и Асановой есть детская площадка и футбольное поле. Но детская площадка опасна для жизни детей. 1) скамейки из металла, возможно простудиться, 2) качели разгромлены, 3) дети поднимаются на горк","Строительство, дольщики, жилищные проблемы",08.11.2019,133,детская площадка сломана,https://dialog.egov.kz/blogs/all-questions/579698
562098,"Весной этого года по адресу г. Алматы, ул. Карасай батыра 91 и ул. Масанчи 56, был произведен ремонт территории, прилегающей к нашим домам. Была демонтирована детская площадка, на ее месте поставили новую, игровую зону снабдили мягким покрытием, полностью заменили асфальтовое",Свободная тема,08.08.2019,105,стихийная свалка,https://dialog.egov.kz/blogs/all-questions/562098
584070,"Уважаемый [ЗАЯВИТЕЛЬ]! 8 октября этого года Глава государства на совещании по вопросам развития столицы акцентировал внимание на обеспечении максимально комфортных условий для проживания людей. Прежде всего, это сфера ЖКХ. Последние случаи с отключением электроэнергии и в",Духовность и религия,05.12.2019,190,стихийная свалка,https://dialog.egov.kz/blogs/all-questions/584070
561679,[ЗАЯВИТЕЛЬ] астанасы Нұр-Сұлтан қаласына әкім болып келуіңізбен шын жүректен құттықтаймын! [ЗАЯВИТЕЛЬ] «Нұр-Сұлтан» (Астана) қаласына 2012 жылы барлық қазақ жастары сияқты арман қуып келдім! Бала к,"Строительство, дольщики, жилищные проблемы",05.08.2019,229,пәтер суық,https://dialog.egov.kz/blogs/all-questions/561679
548529,"Здравствуйте, уважаемый [ЗАЯВИТЕЛЬ]. Я часто гуляю с семьёй в окрестностях озера Сайран и вижу, что городские власти пытают пытаются их обустроить. Но почему-то никак не могут доделать до конца свои начинания, а те, что, всё же, делают, потом, почему-то, разламывают.",Свободная тема,03.05.2019,221,детская площадка сломана,https://dialog.egov.kz/blogs/all-questions/548529
543145,"Уважаемые [ЗАЯВИТЕЛЬ]! Я обращаюсь к Вам с просьбой, так как считаю, что только Ваше участие может сдвинуть нижеуказанную проблему с мертвой точки. Так как я ранее обращался в Акимат города Кызылорды (дважды), но нижеуказанный вопрос до настоящего момента не решен. Соглас","Строительство, дольщики, жилищные проблемы",02.04.2019,215,прорвало трубу,https://dialog.egov.kz/blogs/all-questions/543145
583410,"Уважаемый [ЗАЯВИТЕЛЬ]! Обращаемся к Вам, как к единственному человеку, который может решить нашу проблему. Мы, жители города Атбасар дома по улице [ЗАЯВИТЕЛЬ] 109,уже третий год проводим зимние дни в холоде. Наш дом , кроме последних трех лет, был всегда самым теплым. Жил",Социальное обеспечение,01.12.2019,152,холодные батареи,https://dialog.egov.kz/blogs/all-questions/583410
521169,"Уважаемый [ЗАЯВИТЕЛЬ]! В 2013 году я приобрела нежилое помещение, расположенное по адресу: ул. Шарипова, 72, помещение 32. Это часть подвального помещения жилого дома. Я сделала ремонт и поменяла все старые трубы. После этого данное помещение задействовала под бизне","Строительство, дольщики, жилищные проблемы",31.10.2018,207,канализация засор,https://dialog.egov.kz/blogs/all-questions/521169
524984,"Обращение с регистрационным номером 524984, направленное в Блог [ЗАЯВИТЕЛЬ] РК [ЗАЯВИТЕЛЬ] отклонено ГО 04.12.2018",Правоохранительные органы,30.11.2018,1,нет расписания на остановке,
513261,Здравствуйте в Караганде рядом с Михайловским рынком по ул Челябинской 4А в прорвало водопроводную трубу в колодце Сильный поток воды затапливает три жилых дома Водоканал звонили приезжала аварийка и не чего не сделали Вода уже доходит до четвертого дома,О работе государственных органов (госуслуги),28.08.2018,231,прорвало трубу,https://dialog.egov.kz/blogs/all-questions/513261
505513,"Уважаемый [ЗАЯВИТЕЛЬ]! Обращается к вам жительница ЖК ""Tau-House"" по Тайманова 136 (Застройщик Tau House Development). Квартиру в новом доме купила в августе 2017 года. Дом был сдан в эксплуатацию в первом квартале 2017 года по документам. Однако до сих пор","Строительство, дольщики, жилищные проблемы",28.06.2018,237,лифт сломан,https://dialog.egov.kz/blogs/all-questions/505513
486745,"Добрый день, вот уже третий день, с 26 февраля 2018г у нас на улице г Алматы, Алатауский район, ул [ЗАЯВИТЕЛЬ] уг Ачинской создалась аварийная обстановка. С земли идет вода и затопило улицу, земля осела. Мы звоним в Алматы Су уже третий день -круглосуточно принимают зво",Свободная тема,28.02.2018,167,прорвало трубу,https://dialog.egov.kz/blogs/all-questions/486745
528306,"Помогите поменять лифт до истечения срока эксплуатации в 25 лет (дом сдан в эксплуатацию в 2006 году, ЖК ""Жастар"" по Момышулы 18, подъезд 1). Он очень часто ломается и часто не работает. А поменять по программе модернизации ЖКХ не вариант, так как в подъезде живут в","Строительство, дольщики, жилищные проблемы",27.12.2018,213,лифт сломан,https://dialog.egov.kz/blogs/all-questions/528306
520578,"Обращение с регистрационным номером 520578, направленное в Блог Министр внутренних дел РК [ЗАЯВИТЕЛЬ] отклонено ГО 10.04.2019",Правоохранительные органы,27.10.2018,0,детская площадка сломана,
520574,"27октября 2018 года люди занимающиеся вырубкой деревьев, сломали и изувечили заборы, ограждающие территорию ГУ СОШ № 29 города Павлодара, люди, которые срезали деревья не смотрели даже на то, что их деревья падают на детскую площадку, расположенную на территории СОШ № 29. Ужас",Регионы,27.10.2018,228,детская площадка сломана,https://dialog.egov.kz/blogs/all-questions/520574
520570,"бря 2018 года люди занимающиеся вырубкой деревьев, сломали и изувечили заборы, ограждающие территорию ГУ СОШ № 29 города Павлодара, люди, которые срезали деревья не смотрели даже на то, что их деревья падают на детскую площадку, расположенную на территории СОШ № 29. Ужас какой",Регионы,27.10.2018,217,детская площадка сломана,https://dialog.egov.kz/blogs/all-questions/520570
516807,"Обращение с регистрационным номером 516807, направленное в Блог Аким Алматинской области Аринов [ЗАЯВИТЕЛЬ] отклонено ГО 27.09.2018",Транспорт,27.09.2018,2,нет расписания на остановке,
516783,"Уважаемый [ЗАЯВИТЕЛЬ], прошу Вас навести порядок в сфере междугородних пассажирских перевозок. Особенно, что касается перевозок между Алматы и Талдыкорганом. В последнее время построена хорошая автодорога между двумя городами, но пассажирские перевозки - это больше похо",Транспорт,27.09.2018,220,нет расписания на остановке,https://dialog.egov.kz/blogs/all-questions/516783
527968,"Добрый день, Уважаемый [ЗАЯВИТЕЛЬ]! 5 лет тому назад обещали построить спортивные и детские площадки. Для жителей мкр. Рембаза, г. Атырау. Площадки детские вдоль перекрестка поставили. Типа пусть умирают не наши дети! Вам не стыдно так заботится о своем городе и народе? С",Молодёжная политика,25.12.2018,319,детская площадка сломана,https://dialog.egov.kz/blogs/all-questions/527968
524208,"На протяжении более 10 лет наше с.Токсан би, находящее СКО р-н им.[ЗАЯВИТЕЛЬ] переживает не лучшее время, но с приходом новых инвесторов и нового ТОО, обещание перед населением было более чем достаточным, для того чтобы народ подписал договора. Но вот уже 3 год, так и не сдерж",Социальное обеспечение,24.11.2018,178,детская площадка сломана,https://dialog.egov.kz/blogs/all-questions/524208
508973,"09 Карагандинская обл. Темиртау 20.07.2018 14:00. По проспекту Республики в районе дома 47. Местные жители устроили стихийную свалку мусора, на лавочках распивают алкогольные напитки лица без определенного места жительства. Сквер зарос травой, хотя это излюбленное место отдыха",Регионы,24.07.2018,238,стихийная свалка,https://dialog.egov.kz/blogs/all-questions/508973
508969,"09 Карагандинская обл. Темиртау 20.07.2018 14:00. По проспекту Республики в районе дома 47. Местные жители устроили стихийную свалку мусора, на лавочках распивают алкогольные напитки лица без определенного места жительства. Сквер зарос травой, хотя это излюбленное место отдыха",Регионы,24.07.2018,186,стихийная свалка,https://dialog.egov.kz/blogs/all-questions/508969
504909,"Уважаемый [ЗАЯВИТЕЛЬ]! Я в ваш блог дважды подавал обращение о том, что возле гаражей по ул. Курмангазы 192,194, 192/1 (детский садик), 196 и ул. [ЗАЯВИТЕЛЬ] 181, 183, 185 19.06.18 г. разбросан повсеместно мусор. И 19.06.18 г. от вашего имени пришел ответ на мой запрос под",О работе государственных органов (госуслуги),24.06.2018,175,стихийная свалка,https://dialog.egov.kz/blogs/all-questions/504909
508713,"Уважаемый [ЗАЯВИТЕЛЬ]!!! Обращаюсь к Вам за помощью.Я получил квартиру 12 декабря 2016г по адресу пос Зачаганск.мкрн Коктем ул .М , Мункеулы 107\1 кв 119.С самого начала в нашем доме проблемы .Подвал постоянно затапливается канализационными водами.буквально каждый месяц.В","Строительство, дольщики, жилищные проблемы",23.07.2018,193,затопило подвал,https://dialog.egov.kz/blogs/all-questions/508713
494173,"Довожу до Вашего сведения Восточно-Казахстанская область Семей, 15.04.2018 год В районе мкр. Юность находится стихийная мусорная свалка. Муниципальные власти и коммунальные службы игнорируют данную проблему. Материалы взяты по ссылке https://vk.com/zhanbotanov?w=wall-59388124_",О работе государственных органов (госуслуги),23.04.2018,185,стихийная свалка,https://dialog.egov.kz/blogs/all-questions/494173
494172,"Довожу до Вашего сведения Восточно-Казахстанская область Семей, 15.04.2018 год В районе мкр. Юность находится стихийная мусорная свалка. Муниципальные власти и коммунальные службы игнорируют данную проблему. Материалы взяты по ссылке https://vk.com/zhanbotanov?w=wall-59388124_",О работе государственных органов (госуслуги),23.04.2018,162,стихийная свалка,https://dialog.egov.kz/blogs/all-questions/494172
524002,"Уважаемый [ЗАЯВИТЕЛЬ], ранее обращался к Вам по поводу отсутствия методики расчета выбросов вредных веществ при сжигании бытовых отходов, но пришлось довольствоваться уклончивым ответом с цифрами из отчета департамента Кызылординской области по мерам к нарушителям эко",Свободная тема,22.11.2018,205,стихийная свалка,https://dialog.egov.kz/blogs/all-questions/524002
504410,"Здравствуйте! Более 2-х месяцев не вывозят ТБО ул. Н Кобландина 15, перезаключили договор с ТОО ""Управляющая компания 1"" ул.Алтынсарина 14а-303. Однако наши неоднократные звонки и похождения к ним в офис, также писали на блог к акима города Испанова И, но до сих пор",Свободная тема,21.06.2018,209,стихийная свалка,https://dialog.egov.kz/blogs/all-questions/504410
527489,"Уважаемый, [ЗАЯВИТЕЛЬ]! Пожалуйста, обратите своё внимание на наши трудности, которые продолжаются на протяжении нескольких лет. Обращается к Вам семья Адаевых мы живем по адресу ул.Ержанова 170 кв.2, воспитываем двоих детей, один из которых инвалид. На нашей улице з","Строительство, дольщики, жилищные проблемы",20.12.2018,205,канализация засор,https://dialog.egov.kz/blogs/all-questions/527489
523566,"Министру сельского хозяйства Републики Казахстан, Первому заместителю Премьер министра РК г-ну [ЗАЯВИТЕЛЬ] Генеральному прокурору Республики Казахстан г-ну [ЗАЯВИТЕЛЬ] Казахстан по делам государственной службы и противодействию коррупции",О работе государственных органов (госуслуги),20.11.2018,265,детская площадка сломана,https://dialog.egov.kz/blogs/all-questions/523566
523565,"Обращение с регистрационным номером 523565, направленное в Блог [ЗАЯВИТЕЛЬ] РК [ЗАЯВИТЕЛЬ] отклонено ГО 21.11.2018",О работе государственных органов (госуслуги),20.11.2018,1,детская площадка сломана,
523564,"Министру сельского хозяйства Републики Казахстан, Первому заместителю Премьер министра РК г-ну [ЗАЯВИТЕЛЬ] Генеральному прокурору Республики Казахстан г-ну [ЗАЯВИТЕЛЬ] Казахстан по делам государственной службы и противодействию коррупции",О работе государственных органов (госуслуги),20.11.2018,308,детская площадка сломана,https://dialog.egov.kz/blogs/all-questions/523564
507848,"Добрый день! Я проживаю по адресу пр. Райымбека 123/103. Проулок, ведущий к нашим домам, находится параллельно улице Казакова, но на более низком уровне. В связи с этим образуется склон. Данный склон никто не убирает, он очень замусорен, образовалась стихийная свалка. Сваливаю",О работе государственных органов (госуслуги),16.07.2018,161,стихийная свалка,https://dialog.egov.kz/blogs/all-questions/507848
515235,"Здраствуйте, [ЗАЯВИТЕЛЬ]! У меня к вам есть вопросы по поводу правомерности видеослежения за пациентом и качества обслуживания медицинских организаций. У меня была выявлена и сделана операция по грыжесечению 27 августа 2018 года в ТМЦ ""Сункар"" по адресу г. Алмат",Здравоохранение,14.09.2018,196,лифт сломан,https://dialog.egov.kz/blogs/all-questions/515235
487941,"Уважаемый [ЗАЯВИТЕЛЬ]. Обащаются к вам жители села Туздыбастау мкр Арман, улицы [ЗАЯВИТЕЛЬ]. В 2016 году обратились по вопросу асфальтирования нашей улицы. Но внятного ответа не получили. В Феврале прорвало трубу на улице. Водоконал вырыл яму, устранил теч трубы, а",О работе государственных органов (госуслуги),11.03.2018,278,прорвало трубу,https://dialog.egov.kz/blogs/all-questions/487941
518316,"Сәлеметсіз бе, [ЗАЯВИТЕЛЬ] мырза! [ЗАЯВИТЕЛЬ] Алматы Аренадан мемлекеттік бағдарламамен 13 үй, 97 пәтер, 14 қабаттан үй алдым. 4 балам бар. Үй алдым деп қуанып отырмын, бірақ осы үйді алғалы бері пәрерімізде е жылу жоқ, қыстай қатты қиналдым үй суық. Қыста терезелердің бар","Строительство, дольщики, жилищные проблемы",10.10.2018,240,пәтер суық,https://dialog.egov.kz/blogs/all-questions/518316
481457,"Уважаемый [ЗАЯВИТЕЛЬ]! Просим Вас обратить внимание на нашу школу №155 г. Алматы находящуюся в Ауэзовском районе. Наш район города густонаселенный и следовательно детей очень много. Но школ в нашем районе не так много. А точнее в микрорайонах Жетысу -1,2,3,4, так же М",Образование,10.01.2018,176,прорвало трубу,https://dialog.egov.kz/blogs/all-questions/481457
518166,"[ЗАЯВИТЕЛЬ] Республики Казахстан г-ну [ЗАЯВИТЕЛЬ] от [ЗАЯВИТЕЛЬ], 27.10.1974 г.р., прож. г.Астана, ул.Иманова д.44 кв.152, м.т. [ТЕЛЕФОН] ЖАЛОБА на неправомерные действия сотрудников полиции 30 сентября 2018 года в после обеденное время я",Правоохранительные органы,08.10.2018,213,нет расписания на остановке,https://dialog.egov.kz/blogs/all-questions/518166
501926,"Обращение с регистрационным номером 501926, направленное в Блог Аким Карагандинской области [ЗАЯВИТЕЛЬ] отклонено ГО",Социальное обеспечение,08.06.2018,2,автобус жүрмейді,
501925,"Мен, Касетова [ЗАЯВИТЕЛЬ] Қарағанды қаласы, Қазыбек-би ауданы, Күнгей ықшам ауданы, 20 «А» квартал, 20 жер телімінің тұрғынымын. Тұрмыстамын 2 балам бар. Екінші балам бала жастан мүгедек (ДЦП). Күнгей 2 кезек ықшам ауданында 2011 жылдан бастап тұрып жатырм",Социальное обеспечение,08.06.2018,199,автобус жүрмейді,https://dialog.egov.kz/blogs/all-questions/501925
522027,"Добрый день, Уважаемый [ЗАЯВИТЕЛЬ]В Медеуском районе на ул. Шухова угол ул.Южная по середине перекрестка прорвало трубу 5 ноября 2018, из-под асфальта льется вода. В тот же день мной в ""Алматы Су"" была подана заявка (№2126) на ремонт. До сих пор проблема не решена, с","Строительство, дольщики, жилищные проблемы",07.11.2018,198,прорвало трубу,https://dialog.egov.kz/blogs/all-questions/522027
522026,"Добрый день, Уважаемый [ЗАЯВИТЕЛЬ]В Медеуском районе на ул. Шухова угол ул.Южная по середине перекрестка прорвало трубу 5 ноября 2018, из-под асфальта льется вода. В тот же день мной в ""Алматы Су"" была подана заявка (№2126) на ремонт. До сих пор проблема не решена, с","Строительство, дольщики, жилищные проблемы",07.11.2018,188,прорвало трубу,https://dialog.egov.kz/blogs/all-questions/522026
514171,"Акиму города Астаны [ЗАЯВИТЕЛЬ] от [ЗАЯВИТЕЛЬ], г. Астана, пр. Сарыарка, 31/2 моб. тел. [ТЕЛЕФОН] Ж А Л О Б А Уважаемый [ЗАЯВИТЕЛЬ]! Обращаюсь к Вам с настоящей жалобой по следующему поводу: 04.09.2018 года в 09 час. 12 мин. на остановке ЖМ Коктал-",Транспорт,06.09.2018,326,нет расписания на остановке,https://dialog.egov.kz/blogs/all-questions/514171
495778,"Добрый день! Ранее мы писали о стихийной свалке в посёлке Кызылсуат. Результатов нет! Осенью жители посёлка вывозили мусор на легковых машинах, а теперь вывозят камазами. Просим срочно принять меры!",Регионы,02.05.2018,340,стихийная свалка,https://dialog.egov.kz/blogs/all-questions/495778
525065,"Добрый вечер , аким города Алматы. Я житель Наурызбайского района, мкр-н Карагайлы улица Надырова, дом 56 и соседние дома с 27 ноября 2018 года столкнулись с проблемой водоснабжения, была аварийная ситуация. На одном из срезов в водопроводе прорвало воду , наша доблестная АЛМА",Свободная тема,01.12.2018,159,прорвало трубу,https://dialog.egov.kz/blogs/all-questions/525065
471662,"Уважаемый, [ЗАЯВИТЕЛЬ]! Медеуский район г Алматы. Дорога по ул Космодемьянской (восточная сторона ВОАД, там где поворот на ул Диваева) в сторону садового товарищества Луч. Данная территория входит в черту города Алматы. Еще в прошлом году в результате оползня часть д",Свободная тема,28.08.2017,193,нет расписания на остановке,https://dialog.egov.kz/blogs/all-questions/471662
467009,"Обращение с регистрационным номером 467009, направленное в Блог [ЗАЯВИТЕЛЬ] РК [ЗАЯВИТЕЛЬ] отклонено ГО","Строительство, дольщики, жилищные проблемы",27.06.2017,4,лифт сломан,
471514,"Обращение с регистрационным номером 471514, направленное в Блог Министр транспорта РК [ЗАЯВИТЕЛЬ] отклонено ГО",Транспорт,25.08.2017,2,нет расписания на остановке,
453587,"Здравствуйте ! Получили квартиры в июле месяце 2015 года. Я обращалась в 14.06.2016 министру по делам государственной службы, номер обращения: 309869.Там было 15 пунктов. Деревья посадили, кое-как из дерева соорудили детскую площадку(все уже сломано, нет горки, песок с кусочка",О работе государственных органов (госуслуги),23.01.2017,226,лифт сломан,https://dialog.egov.kz/blogs/all-questions/453587
470967,"Я, [ЗАЯВИТЕЛЬ], житель 86-ой квартиры, дома №5, расположенный в Авангарде 2-ой мкрн. На данный момент для меня и жителей этого дома сложилась сложная ситуация. Подвал нашего подъезда всегда заполнена грязной сточной водой, из за чего образуется неблагоприятный запах в подъ","Строительство, дольщики, жилищные проблемы",17.08.2017,331,прорвало трубу,https://dialog.egov.kz/blogs/all-questions/470967
468200,"Здравствуйте уважаемый [ЗАЯВИТЕЛЬ]! Помогите нам решить проблему с потопом,в квартире которую мы купили по адресу г.Житикара 11 мкрн 14 дом 62 кв.Мы заметили что соседи сверху с 65 кв нас топят,обращаясь в КСК мы неоднократно слышим что сейчас нам некогда,придем завтра",Свободная тема,16.07.2017,262,течет стояк,https://dialog.egov.kz/blogs/all-questions/468200
470572,Жангелдин ауданының ішкі істер бөлімінің бастығы [ЗАЯВИТЕЛЬ] 2016жылы 5 қыркүйекте Торғай селосы [ЗАЯВИТЕЛЬ] көшесі 63 үй 2 пәтер тоналып ішкі істер бөліміне хабарланған. [ЗАЯВИТЕЛЬ] хабарламаны жасырып қылмыстық іс қозғамастан жауып тастаған.19.12.2016 жылы аудан прокуратура,Правоохранительные органы,15.08.2017,266,пәтер суық,https://dialog.egov.kz/blogs/all-questions/470572
476749,"Здравствуйте, [ЗАЯВИТЕЛЬ]! Обращаюсь к Вам с жалобой на работу Аварийной службы Горводоканала и на неизвестный мне банк который по залогу владеет домом по адресу Алматы мкр.Ужет ул.Новая 94. Дом с весны этого года заброшен хозяевами. С лета на участке этого дома прор","Строительство, дольщики, жилищные проблемы",13.11.2017,202,прорвало трубу,https://dialog.egov.kz/blogs/all-questions/476749
479553,Құрметті әкім мырза! [ЗАЯВИТЕЛЬ] ықшам ауданының (РДКБ Ақсай 5) турғынымын. Наурызбай ауданының тұрғындарының атынан Сізге ауданымызда жургізіліп жатқан жұмыстар үшін алғыс айтқым келеді. Біз қалаға қосылғалы бері көп деген жақсы жаңалықтар мен өзгерістер болып жатыр. Менің,Свободная тема,12.12.2017,230,көше жарығы,https://dialog.egov.kz/blogs/all-questions/479553
469891,"[ЗАЯВИТЕЛЬ] мырза. сізге осы арызым арқылы білдіргім келеді. менің жалғыз ұлым Есенов [ЗАЯВИТЕЛЬ] жанұяммен бірге президентіміз, Ақмола қаласын Қ.Р астанасы деп жариялаған уақыттан бастап, мен өз елімнің патриоты ретінде Астана қаласына өз үлесімді қосуым ке",Свободная тема,10.08.2017,304,пәтер суық,https://dialog.egov.kz/blogs/all-questions/469891
463632,"Обращение с регистрационным номером 463632, направленное в Блог [ЗАЯВИТЕЛЬ] РК [ЗАЯВИТЕЛЬ] отклонено ГО",Социальное обеспечение,10.05.2017,0,пәтер суық,
463631,1. [ЗАЯВИТЕЛЬ] Президенті [ЗАЯВИТЕЛЬ] Назарбаевқа 2. [ЗАЯВИТЕЛЬ] істер министрі 3. [ЗАЯВИТЕЛЬ] 4. [ЗАЯВИТЕЛЬ] сақтау және Әлеуметтік даму министрі [ЗАЯВИТЕЛЬ] 5.,Социальное обеспечение,10.05.2017,230,пәтер суық,https://dialog.egov.kz/blogs/all-questions/463631
463630,1. [ЗАЯВИТЕЛЬ] Президенті [ЗАЯВИТЕЛЬ] Назарбаевқа 2. [ЗАЯВИТЕЛЬ] істер министрі 3. [ЗАЯВИТЕЛЬ] 4. [ЗАЯВИТЕЛЬ] сақтау және Әлеуметтік даму министрі [ЗАЯВИТЕЛЬ] 5.,Социальное обеспечение,10.05.2017,290,пәтер суық,https://dialog.egov.kz/blogs/all-questions/463630
463629,1. [ЗАЯВИТЕЛЬ] Президенті [ЗАЯВИТЕЛЬ] Назарбаевқа 2. [ЗАЯВИТЕЛЬ] істер министрі 3. [ЗАЯВИТЕЛЬ] 4. [ЗАЯВИТЕЛЬ] сақтау және Әлеуметтік даму министрі [ЗАЯВИТЕЛЬ] 5.,Социальное обеспечение,10.05.2017,367,пәтер суық,https://dialog.egov.kz/blogs/all-questions/463629
479161,"Құрметті әкім мырза!!! Шахарымыздан АсылТау тұрғын үй кешенінен 3ші кезегінен 1 бөлмелі пәтер сатып алған болатынмын. Аталған тұрғын үй кешенін салған компания бәрімізге білгілі атақты “Bi Group” компаниясы. Кілтімізді алғалы 3 айдың жүзі болды, қазырғы уақытта жөн","Строительство, дольщики, жилищные проблемы",07.12.2017,283,пәтер суық,https://dialog.egov.kz/blogs/all-questions/479161
478805,"Здравствуйте, [ЗАЯВИТЕЛЬ]! Я подавала обращение №476749 от 13 ноября 2017 года. Однако его до сих нет в списке обращений, и соответственно, нет никаких подвижек в решении проблемы. Повторяю своё обращение: Обращаюсь к Вам с жалобой на работу Аварийной службы Горводок","Строительство, дольщики, жилищные проблемы",04.12.2017,174,прорвало трубу,https://dialog.egov.kz/blogs/all-questions/478805
451490,"Здравствуйте ! Получили квартиры в июле месяце 2015 года. Я обращалась в 14.06.2016 министру по делам государственной службы, номер обращения: 309869.Там было 15 пунктов. Деревья посадили, кое-как из дерева соорудили детскую площадку(все уже сломано, нет горки, песок с кусочка",О работе государственных органов (госуслуги),28.12.2016,253,лифт сломан,https://dialog.egov.kz/blogs/all-questions/451490
449432,"Добрый день, уважаемый [ЗАЯВИТЕЛЬ]. Обращаюсь к Вам с просьбой решить проблему . Дело в том, что у нас в поселке Панфилова бывшем [ЗАЯВИТЕЛЬ] как был беспорядок так и продолжается. Вчера возвращаясь вечером с работы проходя мимо нашего базара я заметил звук сильного п",Свободная тема,27.11.2016,361,прорвало трубу,https://dialog.egov.kz/blogs/all-questions/449432
447517,"Дата : 23.10.2016 Заявление Я [ЗАЯВИТЕЛЬ] прошу Вас разобраться в моем деле номер моего заявления зарегистрирован под №18878 , который находится в РОВД г. Алматы Ауезовского района, в отношений группы лиц по факту статьи хулиганство. Дело в том что я 01.09.2016г около 13:50 е",Правоохранительные органы,23.10.2016,329,тротуар разбит,https://dialog.egov.kz/blogs/all-questions/447517
444298,"Здравствуйте. У нас в квартире в туалете стояк холодного водоснабжения сильно покрыт ржавчиной и выделяет конденсат поверх металлической трубы. Этот конденсат спускается к соседям и оттого у них мокнет потолок. Уже имеется желтое пятно, которое увеличивается. Кроме того, эта в","Строительство, дольщики, жилищные проблемы",17.08.2016,277,прорвало трубу,https://dialog.egov.kz/blogs/all-questions/444298
445718,Саламатсыз ба? [ЗАЯВИТЕЛЬ] көшесінің №2 уйде тұрамын осы көше тұрғындары атынан хат жолдап отырмын. 1. Сұрақ; №20 мектеппен Нурдаулет дүкені аралығындағы көше мәселесі жаяу адам жүретін тротуар көшеге өте жақын орналасуына байланысты мектепке баратын балаларға жол жиегін,Информационно-коммуникационные технологии,14.09.2016,459,автобус жүрмейді,https://dialog.egov.kz/blogs/all-questions/445718
311220,"Обращение с регистрационным номером 311220, направленное в Блог Аким Карагандинской области [ЗАЯВИТЕЛЬ] отклонено ГО","Строительство, дольщики, жилищные проблемы",12.05.2016,4,тротуар разбит,
446830,"Құрметті әкім мырза! Біз Атырау қаласы, Жұмыскер-2 мөлтекауданы, ""[ЗАЯВИТЕЛЬ]"" көшесі тұрғындары өз өтінішімізді жолдай отырып, Көшеміздің инфоқұрылымын дамытуға көмек беруді сұраймыз. Жалпы біздің көшемі",О работе государственных органов (госуслуги),08.10.2016,396,көше жарығы,https://dialog.egov.kz/blogs/all-questions/446830
448381,"Заявление Я [ЗАЯВИТЕЛЬ] прошу Вас разобраться в моем деле . номер моего заявления зарегистрирован под №18878 , который находится в РОВД Ауезовского района, в отношений группы лиц по факту статьи хулиганство. Дело в том что я 01.09.2016г около 13:50 ехал на а/м Мерседес г/н 47",Правоохранительные органы,07.11.2016,257,тротуар разбит,https://dialog.egov.kz/blogs/all-questions/448381
446575,"Уважаемый [ЗАЯВИТЕЛЬ]!!! Благодаря мудрой и дальновидной политике Главы государства [ЗАЯВИТЕЛЬ] по всей стране ведется интенсивное строительство жилья для социально уязвимых слоев населения. И очень радует то, что Вашими усилиями в нашем городе ведется небывалое по масш",Свободная тема,04.10.2016,247,тротуар разбит,https://dialog.egov.kz/blogs/all-questions/446575
295824,"Обращение с регистрационным номером 295824, направленное в Блог Министр внутренних дел РК [ЗАЯВИТЕЛЬ] отклонено ГО 11.02.2019",Правоохранительные органы,31.03.2015,0,затопило подвал,
304292,"Здравствуйте Уважаемое Министерство! Примите пожалуйста обращение. 28 декабря 2015 года, в г. Алматы, находясь на автобусной остановке по адресу: Абая 34 угол Масанчи. В ожидании автобуса, увидел как на этой остановки торчат два штыря от арматуры, а также высокий бордюр у к",Транспорт,29.12.2015,416,тротуар разбит,https://dialog.egov.kz/blogs/all-questions/100218
298759,"Добрый день!помогите!!!моя тетя Ирина попала в омц карагандинский области в кардиологию в очень тяжелом состоянии.(отеки просто неописуемая, вес ее составляет 200 кг)врачи не могут сделать ряд анализов ссылаясь на ее полноту""у нас нет средств передвижения таких толтолс",Здравоохранение,06.07.2015,321,лифт сломан,https://dialog.egov.kz/blogs/all-questions/34698
259857,"Уважаемый [ЗАЯВИТЕЛЬ], мы, жильцы дома № 118 по улице Красной г. Кокшетау выражаем благодарность сотрудникам ДВД Акмолинской области, а именно полицейскому батальона патрульной полиции сержанту полиции [ЗАЯВИТЕЛЬ] и инспектору группы природоохранной пол",Правоохранительные органы,31.03.2014,249,прорвало трубу,https://dialog.egov.kz/blogs/all-questions/111539
246605,"Обращение с регистрационным номером 246605, направленное в Блог [ЗАЯВИТЕЛЬ]-Министра – Министр национальной экономики Республики Казахстан [ЗАЯВИТЕЛЬ] отклонено ГО","Строительство, дольщики, жилищные проблемы",29.01.2014,217,течет стояк,
283984,"Обращение с регистрационным номером 283984, направленное в Блог [ЗАЯВИТЕЛЬ]-Министра – Министр национальной экономики Республики Казахстан [ЗАЯВИТЕЛЬ] отклонено ГО","Строительство, дольщики, жилищные проблемы",28.07.2014,168,прорвало трубу,
283983,"Обращение с регистрационным номером 283983, направленное в Блог [ЗАЯВИТЕЛЬ]-Министра – Министр национальной экономики Республики Казахстан [ЗАЯВИТЕЛЬ] отклонено ГО","Строительство, дольщики, жилищные проблемы",28.07.2014,0,прорвало трубу,
283982,"Обращение с регистрационным номером 283982, направленное в Блог [ЗАЯВИТЕЛЬ]-Министра – Министр национальной экономики Республики Казахстан [ЗАЯВИТЕЛЬ] отклонено ГО","Строительство, дольщики, жилищные проблемы",28.07.2014,0,прорвало трубу,
272392,"Обращение с регистрационным номером 272392, направленное в Блог [ЗАЯВИТЕЛЬ]-Министра – Министр национальной экономики Республики Казахстан [ЗАЯВИТЕЛЬ] отклонено ГО",Свободная тема,26.05.2014,166,прорвало трубу,
271434,"Здравствуйте, [ЗАЯВИТЕЛЬ] ! Наша компания, ТОО ""FeelAR Казахстан"" в г. Караганда реализовывает ряд проектов в области IT технологий. На сегодняшний день, успешно функционирует проект ""Интернет для всех WiFi - в автобусах"" а также близится к реализац",Информационно-коммуникационные технологии,22.05.2014,286,нет расписания на остановке,https://dialog.egov.kz/blogs/all-questions/140612
282671,"Обращение с регистрационным номером 282671, направленное в Блог [ЗАЯВИТЕЛЬ]-Министра – Министр национальной экономики Республики Казахстан [ЗАЯВИТЕЛЬ] отклонено ГО","Строительство, дольщики, жилищные проблемы",19.07.2014,148,тротуар разбит,
277521,"Обращение с регистрационным номером 277521, направленное в Блог [ЗАЯВИТЕЛЬ]-Министра – Министр национальной экономики Республики Казахстан [ЗАЯВИТЕЛЬ] отклонено ГО",О работе государственных органов (госуслуги),18.06.2014,199,прорвало трубу,
277515,"Обращение с регистрационным номером 277515, направленное в Блог [ЗАЯВИТЕЛЬ]-Министра – Министр национальной экономики Республики Казахстан [ЗАЯВИТЕЛЬ] отклонено ГО",О работе государственных органов (госуслуги),18.06.2014,0,прорвало трубу,
264423,"Добрый вечер, Прошу рассмотреть в срочном порядке вопрос о правомерности планируемого повышения цен автоперевозчиками города Усть-Каменогорск в Восточно-Казахстанской области. Местные автоперевозчики выступили с требованием разрешить повышение цен за перевозку пассажиров в",Регионы,18.04.2014,259,нет расписания на остановке,https://dialog.egov.kz/blogs/all-questions/120493
251528,"В нашем доме в 2011 году по программе модернизации ЖКХ ТОО « Тұрғын үй жөндеу – Тараз» выполнялся капитальный ремонт систем теплоснабжения, канализации и кровли крыши. И уже в 2011 году, после первых осадков, кровля дала течь, а по ремонту систем теплоснаб",Регионы,18.02.2014,294,прорвало трубу,https://dialog.egov.kz/blogs/all-questions/120273
263548,"Здравствуйте! Обращаюсь к Вам, так как не вижу иных инструментов изменения ситуации, которая вызывает волну негодования среди жителей одного многоквартирного 9-ти этажного комплекса. Речь идет о доме, находящемся по адресу: г. Караганда, ул [ЗАЯВИТЕЛЬ] 3, это относительно","Строительство, дольщики, жилищные проблемы",15.04.2014,242,лифт сломан,https://dialog.egov.kz/blogs/all-questions/85732
269563,"Здравствуйте, [ЗАЯВИТЕЛЬ] ! Наша компания, ТОО ""FeelAR Казахстан"" в г. Караганда реализовывает ряд проектов в области IT технологий. На сегодняшний день, успешно функционирует проект ""Интернет для всех WiFi - в автобусах"" а также близится к реализац",Информационно-коммуникационные технологии,14.05.2014,228,нет расписания на остановке,https://dialog.egov.kz/blogs/all-questions/140569
242920,"Обращение с регистрационным номером 242920, направленное в Блог [ЗАЯВИТЕЛЬ]-Министра – Министр национальной экономики Республики Казахстан [ЗАЯВИТЕЛЬ] отклонено ГО","Строительство, дольщики, жилищные проблемы",13.01.2014,0,прорвало трубу,
242913,"Обращение с регистрационным номером 242913, направленное в Блог [ЗАЯВИТЕЛЬ]-Министра – Министр национальной экономики Республики Казахстан [ЗАЯВИТЕЛЬ] отклонено ГО","Строительство, дольщики, жилищные проблемы",13.01.2014,88,прорвало трубу,
292652,"Увааемая [ЗАЯВИТЕЛЬ]! Прошу разобраться в следующей ситуации: 1. На ж/д вокзале Алматы-1 нет парковки для инвалидов. Лифты для инвалидов не работают или сломаны. 2. Возле зданий УАП (бывшее горГАИ) (Тимирязева-Байтурсынова), гор. поликлиники №15 (пос. Дружба, ул. Ильич",Социальное обеспечение,12.11.2014,338,лифт сломан,https://dialog.egov.kz/blogs/all-questions/47189
276656,"Менің жолдасым ІІІ-топ мүгедегі (сол аяғы жоқ), сол себепті кезекке тұрып 3 бөлмелі (55,1 ш.м.) 3-ші қабаттан пәтер берілген болатын. Жанұямызда 6 адамбыз, 4 балам бар, 5-не жүктімін, жұмыс істемеймін. Жолдасым да денсаулығына байланысты жұмыс істемейді. Үйіміз угловой болғ","Строительство, дольщики, жилищные проблемы",12.06.2014,251,пәтер суық,https://dialog.egov.kz/blogs/all-questions/86233
269015,"Здравствуйте, [ЗАЯВИТЕЛЬ] ! Наша компания, ТОО ""FeelAR Казахстан"" в г. Караганда реализовывает ряд проектов в области IT технологий. На сегодняшний день, успешно функционирует проект ""Интернет для всех WiFi - в автобусах"" а также близится к реализаци",Информационно-коммуникационные технологии,12.05.2014,295,нет расписания на остановке,https://dialog.egov.kz/blogs/all-questions/140561
293243,"Обращение с регистрационным номером 293243, направленное в Блог Министр транспорта РК [ЗАЯВИТЕЛЬ] отклонено ГО",Транспорт,10.12.2014,0,нет расписания на остановке,
255592,"Добрый день. Помогите пожалуйста в решении проблем нашего дома. В нашем доме в 2011 году по программе модернизации ЖКХ ТОО "" Тұрғын үй жөндеу – Тараз выполнялся капитальный ремонт систем теплоснабжения, канализации и кровли крыши. И уже в 2011 году, после первых","Строительство, дольщики, жилищные проблемы",10.03.2014,384,прорвало трубу,https://dialog.egov.kz/blogs/all-questions/85422
275783,"Менің жолдасым ІІІ-топ мүгедегі (сол аяғы жоқ), сол себепті кезекке тұрып 3 бөлмелі (55,1 ш.м.) 3-ші қабаттан пәтер берілген болатын. Жанұямызда 6 адамбыз, 4 балам бар, 5-не жүктімін, жұмыс істемеймін. Жолдасым да денсаулығына байланысты жұмыс істемейді. Үйіміз угловой болғ",Правоохранительные органы,09.06.2014,248,пәтер суық,https://dialog.egov.kz/blogs/all-questions/113011
275014,"Менің жолдасым ІІІ-топ мүгедегі (сол аяғы жоқ), сол себепті кезекке тұрып 3 бөлмелі (55,1 ш.м.) 3-ші қабаттан пәтер берілген болатын. Жанұямызда 6 адамбыз, 4 балам бар, 5-не жүктімін, жұмыс істемеймін. Жолдасым да денсаулығына байланысты жұмыс істемейді. Үйіміз угловой болғ",Правоохранительные органы,06.06.2014,197,пәтер суық,https://dialog.egov.kz/blogs/all-questions/112951
267952,"Уважаемый [ЗАЯВИТЕЛЬ]! Обращаюсь к Вам от имени других родителей по поводу качества образования в средних школах Астаны, в частности по школе-лицей № 59. Во многих докладах звучало и звучит, что у нас не должно быть трёхсменных школ. Мы понимаем, что нет возможности сию",Образование,05.05.2014,245,нет расписания на остановке,https://dialog.egov.kz/blogs/all-questions/19339
267731,"Уважаемый [ЗАЯВИТЕЛЬ]! Обращаюсь к Вам от имени других родителей по поводу качества образования в средних школах Астаны, в частности по школе-лицей № 59. Во многих докладах звучало и звучит, что у нас не должно быть трёхсменных школ. Мы понимаем, что нет возможности сию",Образование,04.05.2014,312,нет расписания на остановке,https://dialog.egov.kz/blogs/all-questions/19300
292010,"Доброе утро! Я обращаюсь к Вам,так как никому нет до нас дела. Мы жители Лесной поляны,пос.Кощи,дом 12.. Во все дома дали отопление ещё 31 сентября вечером,в наш дом отопление не дали,с 9 по 14 подъезд,уже 4 дня КСК""Динназ"" никаких мер не принимает.Скоро морозы,батар",Свободная тема,03.10.2014,135,затопило подвал,https://dialog.egov.kz/blogs/all-questions/132390
286759/1,"Добрый день! являюсь жителем градостроительного микрорайона Достык, дом построенный по гос.программе (Сауран 12/1). Качество дома если честно сказать ""хромает"". Подъезды в аварийном состоянии, везде сырость и плесень, порталы лифтов давно разрушены, сам лифт ежедн",Свободная тема,02.09.2014,187,лифт сломан,https://dialog.egov.kz/blogs/all-questions/435371
205082,"Уважаемый [ЗАЯВИТЕЛЬ]. У нас проблема с монополистом [ЗАЯВИТЕЛЬ]. Проблема заключается в том ,что Караганда Су не выполняет свои обязательства перед потребителями. В конце ноября 2012 года перед нашим домой пр",Свободная тема,31.05.2013,155,прорвало трубу,https://dialog.egov.kz/blogs/all-questions/368887
240410,"На регулярных автобусных маршрутах Алматинской области работают сотни автобусов – дикарей и тысячи таксистов-нелегалов. Так, около автовокзала г.Капчагай из-за указанных перевозчиков невозможно даже пройти. ТОО «Капчагайский автобусный парк» обслуживает ре",Транспорт,26.12.2013,207,нет расписания на остановке,https://dialog.egov.kz/blogs/all-questions/426291
189007/1,У [ЗАЯВИТЕЛЬ] Правоохранительные органы 25.02.2013 189007/1 211 Подробнее,Правоохранительные органы,25.02.2013,211,тротуар разбит,https://dialog.egov.kz/blogs/all-questions/105825
228461,Құрметті [ЗАЯВИТЕЛЬ]! Мен өзім Алматы тұрғыны едім. Мына автобус мәселесін шешсеңіз екен. Айтатын болсақ мынау көлік құралдарын басқаруды автопарк жеке меншігіне немесе мемлекет меншігіне берсеңіз. Автопарк жеке меншігінің иелері жұмысшыларға белгілі бір сомманы күнде т,Транспорт,24.10.2013,277,автобус жүрмейді,https://dialog.egov.kz/blogs/all-questions/393733
184585,"[ЗАЯВИТЕЛЬ]! Что с точки зрения Закона делать, если соседи снизу не спят по ночам, кричат в пьяной истерике не переставая по 2-3 часа? Известно, что это квартиросъемщики, молодые парни, в первые же дни проживания в нашем подъезде исчиркали свежеокраженный лифт, курят в по",Правоохранительные органы,23.01.2013,214,лифт сломан,https://dialog.egov.kz/blogs/all-questions/105375
184293,"[ЗАЯВИТЕЛЬ] жалғызбасты анамын, күйеуім жоқ. [ЗАЯВИТЕЛЬ] ДЦП диагнозымен ауырады, соны білге [ЗАЯВИТЕЛЬ] Здравоохранение 22.01.2013 184293 225 Подробнее",Здравоохранение,22.01.2013,225,пәтер суық,https://dialog.egov.kz/blogs/all-questions/392705
194350,"Ассалаумағалейкүм! мен Қарағанды қаласынан жер телімін сатып алып, жеке үй салмақшы едім. Суық су құбырына қосылуға техникалық шарт алу үшін қызмет көрсететін Қарағанды су коммуналдық кәсіпорнына қажетті құжаттарымды өткізген едім. Енді кәсіпорын техникалық шарт алу үшін менің",Свободная тема,20.03.2013,171,пәтер суық,https://dialog.egov.kz/blogs/all-questions/406304
187672/1,"Обращение с регистрационным номером 187672/1, направленное в Блог Министр внутренних дел РК [ЗАЯВИТЕЛЬ] отклонено ГО 21.11.2018",Правоохранительные органы,19.02.2013,98,тротуар разбит,
221651/1,"Премьер министру Г-ну [ЗАЯВИТЕЛЬ] от жильцов дома г. Алматы Алатауского р-на, мкр-н. Акбулак, ул. Чуланова, дом 137 Уважаемый [ЗАЯВИТЕЛЬ]! Мы, жители дома №137, вынуждены обратиться к Вам, т.к. все наши попытки решить наболевшие вопросы не находят решения. Так, с мом",Свободная тема,17.09.2013,175,лифт сломан,https://dialog.egov.kz/blogs/all-questions/435590
211447,"Обращение с регистрационным номером 211447, направленное в Блог Министр внутренних дел РК [ЗАЯВИТЕЛЬ] отклонено ГО 21.11.2018","Строительство, дольщики, жилищные проблемы",15.07.2013,0,мусорные контейнеры переполнены,
211446,"Здравствуйте. Настоятельно просим вас обратить внимание на антисанитарное состояние территории и мусорной площадки в ЖК [ЗАЯВИТЕЛЬ] (г. Алматы, ул. Навои, уг. ул. Джандосова), управляющие компании ТОО «Дом Сервис&Клининг» и КСК «ЖК [ЗАЯВИТЕЛЬ]» Оплата за вывоз ТБО в нашем компле","Строительство, дольщики, жилищные проблемы",15.07.2013,180,мусорные контейнеры переполнены,https://dialog.egov.kz/blogs/all-questions/432098
211445,"Здравствуйте. Настоятельно просим вас обратить внимание на антисанитарное состояние территории и мусорной площадки в ЖК [ЗАЯВИТЕЛЬ] (г. Алматы, ул. Навои, уг. ул. Джандосова), управляющие компании ТОО «Дом Сервис&Клининг» и КСК «ЖК [ЗАЯВИТЕЛЬ]» Оплата за вывоз ТБО в нашем компле","Строительство, дольщики, жилищные проблемы",15.07.2013,190,мусорные контейнеры переполнены,https://dialog.egov.kz/blogs/all-questions/370358
211444,"Здравствуйте. Настоятельно просим вас обратить внимание на антисанитарное состояние территории и мусорной площадки в ЖК [ЗАЯВИТЕЛЬ] (г. Алматы, ул. Навои, уг. ул. Джандосова), управляющие компании ТОО «Дом Сервис&Клининг» и КСК «ЖК [ЗАЯВИТЕЛЬ]» Оплата за вывоз ТБО в нашем компле",Здравоохранение,15.07.2013,185,мусорные контейнеры переполнены,https://dialog.egov.kz/blogs/all-questions/434368
211440,"Здравствуйте. Настоятельно просим вас обратить внимание на антисанитарное состояние территории и мусорной площадки в ЖК [ЗАЯВИТЕЛЬ] (г. Алматы, ул. Навои, уг. ул. Джандосова), управляющие компании ТОО «Дом Сервис&Клининг» и КСК «ЖК [ЗАЯВИТЕЛЬ]» Оплата за вывоз ТБО в нашем компле","Строительство, дольщики, жилищные проблемы",15.07.2013,185,мусорные контейнеры переполнены,https://dialog.egov.kz/blogs/all-questions/411269
202746,"<p>Здравствуйте. Мы просто хотели поставить Вас в известность, что такое письмо написано и отправлено.</p> <p><span lang=""EN-US"">Bundeskanzleramt</span>, <span lang=""EN-US"">Bundeskanzlerin</span>, <span lang=""EN-US"">Angela Merkel&l",Социальное обеспечение,15.05.2013,177,нет расписания на остановке,https://dialog.egov.kz/blogs/all-questions/429634
238485,[ЗАЯВИТЕЛЬ] ! Талпкер ауылының тұрғындарының атанан [ЗАЯВИТЕЛЬ] жазып отырмын! № 126 шы шанхай-талапкер бағыты бойынша қатынайтын автобус уақытылы өз кестесімен жүрмейді. сол үшін барар жермізге көп кешігіп қаламыз. Автобус кешкі 6 дан кейін тоқтап қа,Транспорт,14.12.2013,238,автобус жүрмейді,https://dialog.egov.kz/blogs/all-questions/429455
216156,"Здравствуйте. Хочу получить от Вас исчерпывающий ответ на вопрос по поводу выставления счетов за превышение ПДК по сточным водам. Я являюсь частным предпринимателем, содержу кафе. Все технические документы на воду и канализацию у меня в порядке. Установлен счетчик на воду. Соглас",Малый и средний бизнес,12.08.2013,93,канализация засор,https://dialog.egov.kz/blogs/all-questions/382582
215990,"Здравствуйте! Прошу ответить мне на вопрос, я получил арендную 3 комнатную квартиру в 2-этажном доме, по категории госслужащий, ежемесячно я плачу аренду. Кто должен осуществлять текущий ремонт дома (на 2 этаже у жильцов протекает крыша, потолок весь в мокрых пятнах, люди ставят","Строительство, дольщики, жилищные проблемы",11.08.2013,211,прорвало трубу,https://dialog.egov.kz/blogs/all-questions/419397
201902,"<p>&nbsp;<b style=""mso-bidi-font-weight:normal""><span lang=""KZ"" style=""font-size:14.0pt;mso-ansi-language:KZ"">[ЗАЯВИТЕЛЬ]<span style=""mso-spacerun:yes"">&nbsp;&nbsp;</span></span></b></p> <p class=""Ms",Транспорт,08.05.2013,326,автобус жүрмейді,https://dialog.egov.kz/blogs/all-questions/372413
225374,"Добрый день! У нас по адресу ул. Мустафина 13/1 последние два года стоит всего три мусорных контейнера, хотя до этого было 6 штук. Неоднократные обращения к руководителям ""Астана Тазарту"" в лице [ЗАЯВИТЕЛЬ] результатов не принесли. Он каждый раз обещает, ч",Свободная тема,07.10.2013,360,мусорные контейнеры переполнены,https://dialog.egov.kz/blogs/all-questions/390796
214968,"Обращение с регистрационным номером 214968, направленное в Блог Министр внутренних дел РК [ЗАЯВИТЕЛЬ] отклонено ГО 21.11.2018",Свободная тема,05.08.2013,0,лифт сломан,
172066,"Обращение с регистрационным номером 172066, направленное в Блог [ЗАЯВИТЕЛЬ]-Министра – Министр национальной экономики Республики Казахстан [ЗАЯВИТЕЛЬ] отклонено ГО","Строительство, дольщики, жилищные проблемы",31.10.2012,0,затопило подвал,
172065,"Обращение с регистрационным номером 172065, направленное в Блог [ЗАЯВИТЕЛЬ]-Министра – Министр национальной экономики Республики Казахстан [ЗАЯВИТЕЛЬ] отклонено ГО","Строительство, дольщики, жилищные проблемы",31.10.2012,0,затопило подвал,
172045,"Президенту Р [ЗАЯВИТЕЛЬ] Строительство, дольщики, жилищные проблемы 30.10.2012 172045 167 Подробнее","Строительство, дольщики, жилищные проблемы",30.10.2012,167,затопило подвал,https://dialog.egov.kz/blogs/all-questions/402792
172044,"Обращение с регистрационным номером 172044, направленное в Блог [ЗАЯВИТЕЛЬ]-Министра – Министр национальной экономики Республики Казахстан [ЗАЯВИТЕЛЬ] отклонено ГО","Строительство, дольщики, жилищные проблемы",30.10.2012,0,затопило подвал,
180166,"Здравствуйте! меня зовут Альфия, я родом из Алматы, но временно живем в военном городе Приозерск, карагандинской области. Летом 2012 года собирались менять главные трубы на ул.[ЗАЯВИТЕЛЬ] 3, трубы привезли и во дворе 2 недели пролежали просто так, и нам не меняли.","Строительство, дольщики, жилищные проблемы",23.12.2012,182,прорвало трубу,https://dialog.egov.kz/blogs/all-questions/412950
171037,Добрый день [ЗАЯВИТЕЛЬ] ! Я пишу вам о проблеме которая касается целлого района. Я со своей семьей живу в Национальном заповеднике - Мед [ЗАЯВИТЕЛЬ] Транспорт 23.10.2012 171037 220 Подробнее,Транспорт,23.10.2012,220,нет расписания на остановке,https://dialog.egov.kz/blogs/all-questions/368605
162922,"Здрвствуйте! Я ранее написала письмо в Ваш адрес с просьбой разобраться с беспорядком, творящимся в коммунальной системе города Кызылорды. А именно, я приобрела квартиру в г. Кызылорда, по ул. Амангельды 101. Проблема состоит в том, что в указанном доме н",Социальное обеспечение,23.08.2012,237,прорвало трубу,https://dialog.egov.kz/blogs/all-questions/420053
145386,"Уважаемый Дархан! Речь идет, о [ЗАЯВИТЕЛЬ] Культура, информация и экология 22.05.2012 145386 557 Подробнее","Культура, информация и экология",22.05.2012,557,тротуар разбит,https://dialog.egov.kz/blogs/all-questions/137158
151518,Уважаемый [ЗАЯВИТЕЛЬ]!,Транспорт,20.06.2012,220,нет расписания на остановке,https://dialog.egov.kz/blogs/all-questions/368571
139026,[ЗАЯВИТЕЛЬ] Транспорт 19.04.2012 139026 269 Подробнее,Транспорт,19.04.2012,269,нет расписания на остановке,https://dialog.egov.kz/blogs/all-questions/377860
133069,&nbsp [ЗАЯВИТЕЛЬ] Туризм 19.03.2012 133069 407 Подробнее,Туризм,19.03.2012,407,нет расписания на остановке,https://dialog.egov.kz/blogs/all-questions/134598
156197,Министру транспорта и коммуникаций Республики Казахстан г-ну __Жумагалиеву [ЗАЯВИТЕЛЬ] &,Транспорт,17.07.2012,269,нет расписания на остановке,https://dialog.egov.kz/blogs/all-questions/398460
132721,"Здравствуйте! Прошу дать ответ на следующий вопрос. Я член инициативной группы КСК. В нашем доме сломался лифт. Встал вопрос оплаты. Жители 1 и 2 этажей отказываются вносить необходимую сумму, мотивируя это тем, что они лифтом не пользуются. Вместе с тем, согласно Закону ""О жи","Строительство, дольщики, жилищные проблемы",17.03.2012,248,лифт сломан,https://dialog.egov.kz/blogs/all-questions/406965
124056/1,"Ассалаумағалейкум!Премьер-министр мырза.Менің аты-жөнім [ЗАЯВИТЕЛЬ].Мен Астана қаласының Тай-төбе ауылында тұрамын.Біздің көршілес ауылымыз Қосшы.Қосшы ауылына автобус жүреді,ал Тай-төбеге жүрмейді.Менің өтінішім бізге Қосшыға дейін 4км жол салып беріңізші. &nbs",Свободная тема,14.02.2012,212,автобус жүрмейді,https://dialog.egov.kz/blogs/all-questions/390747
125428,"Уважаемый [ЗАЯВИТЕЛЬ]! Вам пишут жительница дома 7, расположенного в микрорайоне Голубые пруды,г. Караганды. суть нашей проблемы заключается в том что в течении долгого времени (а именно с ноября 2011 года), в нашем доме не","Строительство, дольщики, жилищные проблемы",13.02.2012,242,лифт сломан,https://dialog.egov.kz/blogs/all-questions/389347
161122,"Уважаемый, Серик, в нашем доме появилась проблема с которой мы не в состоянии справиться сами. Дело в следующем: в нашем доме работает незарегистрированная пекарня, из за неё у нас проблемы с канализацией, горводоканал регулярно приезжает и чистить засоры в виде теста и застыв","Строительство, дольщики, жилищные проблемы",11.08.2012,233,канализация засор,https://dialog.egov.kz/blogs/all-questions/390772
137370,"<p class=""MsoNormal"" align=""center"" style=""text-align:center""><b style=""mso-bidi-font-weight:&#xa;normal""><span style=""font-size:14.0pt;line-height:115%;font-family:&quot;Times New Roman&quot;,&quot;se",Духовность и религия,10.04.2012,400,пәтер суық,https://dialog.egov.kz/blogs/all-questions/373696
154738,"Здравствуйте. На 30 маршруте г. Алматы водители курят. Сегодня, 9 июля 2012 года это был водитель маршрута с гос. номером A279DYO. Но это не единственный пример. Также, в упомянутом автобусе остановки объявлялись не все, а, только [ЗАЯВИТЕЛЬ] Культура, информация и экология 09.07.2012 154738 267 Подробнее","Культура, информация и экология",09.07.2012,267,нет расписания на остановке,https://dialog.egov.kz/blogs/all-questions/388367
172381/1,"Обращение с регистрационным номером 172381/1, направленное в Блог Министр внутренних дел РК [ЗАЯВИТЕЛЬ] отклонено ГО 22.11.2018",Правоохранительные органы,05.11.2012,278,пәтер суық,
148333,800x600 Normal 0 false false false RU X-NONE X-NONE MicrosoftInternetExplorer4,Транспорт,05.06.2012,249,нет расписания на остановке,https://dialog.egov.kz/blogs/all-questions/423893
142467,"Доброго времени суток, уважаемый [ЗАЯВИТЕЛЬ], хотелось бы уточнить по поводу транспорта, а именно маршрутки № 109 и автобуса № 44. - Должна ли маршрутка № 109 со стороны города заезжать в военный городок (= воинская част",Транспорт,05.05.2012,211,нет расписания на остановке,https://dialog.egov.kz/blogs/all-questions/382947
142139/1,Сарыағаш ауданы Капланбек ауыл округі Қанағат елді мекені [ЗАЯВИТЕЛЬ] &nbs [ЗАЯВИТЕЛЬ] Здравоохранение 04.05.2012 142139/1 450 Подробнее,Здравоохранение,04.05.2012,450,лифт жұмыс істемейді,https://dialog.egov.kz/blogs/all-questions/395720
177086,"Обращение с регистрационным номером 177086, направленное в Блог Министр внутренних дел РК [ЗАЯВИТЕЛЬ] отклонено ГО 16.11.2018",Правоохранительные органы,03.12.2012,0,тротуар разбит,
168164,"Здравствуйте, [ЗАЯВИТЕЛЬ]. Я житель города Павлодара. Моя восмилетняя дочь учится в школе №4, во втором классе, со второй смены (с 14:00). Последний (четвертый) урок заканчивается в 17:40. Через несколько недель будет темно идти домой или до автобусной остановк",Транспорт,03.10.2012,249,тротуар разбит,https://dialog.egov.kz/blogs/all-questions/98052
141855,"Обращение с регистрационным номером 141855, направленное в Блог Министр труда и социальной защиты населения РК [ЗАЯВИТЕЛЬ] отклонено ГО",Социальное обеспечение,03.05.2012,0,прорвало трубу,
