id,text,category,language,region,urgency,date,source
hf-1-ru,"Здравствуйте! В городе Алматы, во дворе дома №50 по улице Абая, дороги в ужасном состоянии. Появилось много ям, на машине проехать невозможно. Просим провести ремонтные работы.",дороги,ru,Алматы,средняя,,huggingface
hf-1-kk,"Сәлеметсіз бе! Алматы қаласы, Абай көшесі, 50 үйдің ауласындағы жолдар өте нашар жағдайда. Шұңқырлар көбейіп кетті, көлікпен жүру мүмкін емес. Жөндеу жұмыстарын жүргізуіңізді сұраймыз.",дороги,kk,Алматы,средняя,,huggingface
hf-2-ru,"Добрый день. В столовой школы №24 в Астане ухудшилось качество питания. Дети жалуются, что еда невкусная. Прошу провести проверку.",образование,ru,Астана,высокая,,huggingface
hf-2-kk,Қайырлы күн. Астанадағы №24 мектептің асханасында тамақ сапасы төмендеп кетті. Балалар тамақтың дәмсіз екеніне шағымдануда. Тексеріс жүргізуіңізді өтінемін.,образование,kk,Астана,высокая,,huggingface
hf-3-ru,"В городе Шымкент по проспекту Тауке хана мусорные контейнеры постоянно переполнены. Их не вывозят вовремя, распространяется неприятный запах. Помогите решить проблему.",ЖКХ,ru,Шымкент,средняя,,huggingface
hf-3-kk,"Шымкент қаласы, Тәуке хан даңғылындағы қоқыс жәшіктері үнемі толып тұрады. Уақытылы тазаланбайды, айналаға жағымсыз иіс тарап жатыр. Мәселені шешуге көмектесіңіз.",ЖКХ,kk,Шымкент,средняя,,huggingface
hf-4-ru,Хочу пожаловаться на загрязнение воздуха в Атырауской области. Дым с заводов наносит вред здоровью. Необходимо усилить контроль за экологической обстановкой.,экология,ru,Атырауская область,высокая,,huggingface
hf-4-kk,Атырау облысындағы ауаның ластануына байланысты шағымданғым келеді. Зауыттардан шыққан түтін денсаулыққа зиян келтіруде. Экологиялық жағдайды бақылауды күшейту қажет.,экология,kk,Атырауская область,высокая,,huggingface
hf-5-ru,"Невозможно записаться на прием в поликлинику №5 в Караганде. Телефоны не отвечают, а через egov нет свободных талонов. Как попасть к врачу?",медицина,ru,Карагандинская область,высокая,,huggingface
hf-5-kk,"Қарағанды қаласындағы №5 емханаға жазылу мүмкін емес. Телефондары жауап бермейді, ал egov арқылы бос орын жоқ. Дәрігерге қалай қаралуға болады?",медицина,kk,Карагандинская область,высокая,,huggingface
hf-6-ru,В Павлодаре автобус №20 ходит не по расписанию. Утром постоянно опаздываем на работу. Просим отрегулировать работу маршрута.,общественный транспорт,ru,Павлодарская область,средняя,,huggingface
hf-6-kk,Павлодардағы №20 автобус кестеге сай жүрмейді. Таңертең жұмысқа үнемі кешігеміз. Жүргізушілердің жұмысын реттеуіңізді сұраймыз.,общественный транспорт,kk,Павлодарская область,средняя,,huggingface
hf-7-ru,"В Туркестанской области очень низкое качество интернета. Часто происходят обрывы, скорость низкая. Прошу повлиять на улучшение работы провайдеров.",интернет,ru,Туркестанская область,низкая,,huggingface
hf-7-kk,"Түркістан облысында интернет сапасы өте төмен. Жиі үзіледі, жылдамдық баяу. Провайдерлердің жұмысын жақсартуға ықпал етуіңізді сұраймын.",интернет,kk,Туркестанская область,низкая,,huggingface
hf-8-ru,"Я многодетная мать. Подала документы на получение социального пособия, но ответа нет уже долгое время. Можно ли ускорить процесс?",соцподдержка,ru,Жамбылская область,высокая,,huggingface
hf-8-kk,"Мен көпбалалы анамын. Тиісті әлеуметтік жәрдемақыны алу үшін құжаттарды тапсырдым, бірақ жауап ұзақ уақыттан бері жоқ. Процесті жылдамдатуға болама?",соцподдержка,kk,Жамбылская область,высокая,,huggingface
hf-9-ru,Не могу дозвониться до участкового инспектора в Актобе. Нарушения порядка во дворе участились. Нужно улучшить связь полиции с населением.,полиция,ru,Актюбинская область,средняя,,huggingface
hf-9-kk,"Ақтөбе қаласындағы учаскелік инспекторға телефон соқсам, ешқашан көтермейді. Аулада тәртіп бұзушылықтар жиілеп кетті. Полиция қызметкерлерінің халықпен байланысын жақсарту қажет.",полиция,kk,Актюбинская область,средняя,,huggingface
hf-10-ru,В госучреждении потребовали незаконное вознаграждение за выдачу справки. Разве это не коррупция? Прошу принять соответствующие меры.,коррупция,ru,Астана,высокая,,huggingface
hf-10-kk,Мемлекеттік мекемеде анықтама алу үшін заңсыз ақша талап етті. Бұл сыбайлас жемқорлық емес пе? Тиісті шара қолдануыңызды сұраймын.,коррупция,kk,Астана,высокая,,huggingface
hf-11-ru,Состояние дорог в Медеуском районе города Алматы не выдерживает критики. Водить автомобиль становится опасно.,дороги,ru,Алматы,средняя,,huggingface
hf-11-kk,"Алматы қаласы, Медеу ауданындағы жолдардың жағдайы сын көтермейді. Көлік жүргізу қауіпті болып барады.",дороги,kk,Алматы,средняя,,huggingface
hf-12-ru,"Автобус №102 (Астана) постоянно переполнен, особенно в утренние и вечерние часы. Прошу рассмотреть возможность добавления дополнительных автобусов на маршрут.",общественный транспорт,ru,Астана,средняя,,huggingface
hf-12-kk,"№102 автобус (Астана) үнемі толы болады, әсіресе таңертеңгі және кешкі уақытта. Қосымша автобустар қосу мүмкіндігін қарастыруыңызды сұраймын.",общественный транспорт,kk,Астана,средняя,,huggingface
hf-13-ru,Подвал нашего дома затапливает водой. КСК не принимает никаких мер. Кому можно пожаловаться?,ЖКХ,ru,Костанайская область,высокая,,huggingface
hf-13-kk,Үйіміздің жертөлесін су басып жатыр. КСК ешқандай шара қолданбайды. Кімге шағымдануға болады?,ЖКХ,kk,Костанайская область,высокая,,huggingface
hf-14-ru,Побережье Каспийского моря в Мангистауской области завалено мусором. Отдыхающие не убирают за собой. Нужно усилить работу экологических патрулей.,экология,ru,Мангистауская область,средняя,,huggingface
hf-14-kk,Маңғыстау облысындағы Каспий теңізінің жағалауы қоқысқа толы. Демалушылар өздерінен кейін тазаламайды. Экологиялық патрульдердің жұмысын күшейту керек.,экология,kk,Мангистауская область,средняя,,huggingface
hf-15-ru,Законно ли собирать деньги с родителей на ремонт в школе? Прошу взять этот вопрос на контроль.,образование,ru,Северо-Казахстанская область,низкая,,huggingface
hf-15-kk,Мектептегі жөндеу жұмыстарына ата-аналардан ақша жинау заңды ма? Бұл мәселені назарға алуыңызды сұраймын.,образование,kk,Северо-Казахстанская область,низкая,,huggingface
hf-16-ru,"В поликлинике города Кызылорда огромные очереди. Чтобы попасть к одному врачу, приходится ждать несколько часов.",медицина,ru,Кызылординская область,средняя,,huggingface
hf-16-kk,Қызылорда қаласындағы емханада ұзын-сонар кезек. Бір дәрігерге кіру үшін бірнеше сағат күтуге тура келеді.,медицина,kk,Кызылординская область,средняя,,huggingface
hf-17-ru,"Ночью не горят уличные фонари, ходить страшно. Прошу решить данную проблему.",ЖКХ,ru,Восточно-Казахстанская область,средняя,,huggingface
hf-17-kk,"Көшедегі шамдар түнде жанбайды, жүруге қорқынышты. Осы мәселені шешіп беруіңізді өтінемін.",ЖКХ,kk,Восточно-Казахстанская область,средняя,,huggingface
hf-18-ru,Сотрудники полиции закрывают глаза на нарушения ПДД. Это ведет к увеличению количества аварий.,полиция,ru,Шымкент,низкая,,huggingface
hf-18-kk,Полиция қызметкерлері жол ережесін бұзғандарға көз жұма қарайды. Бұл жол-көлік оқиғаларының көбеюіне әкеледі.,полиция,kk,Шымкент,низкая,,huggingface
hf-19-ru,Размер пособия для моего ребенка с инвалидностью очень мал. Есть ли возможность пересмотреть этот вопрос?,соцподдержка,ru,Западно-Казахстанская область,средняя,,huggingface
hf-19-kk,Мүгедектігі бар балама арналған жәрдемақы мөлшері өте аз. Осы мәселені қайта қарау мүмкіндігі бар ма?,соцподдержка,kk,Западно-Казахстанская область,средняя,,huggingface
hf-20-ru,Дороги возле новой стройки в Астане портят тяжелой техникой. Кто восстановит дорогу после завершения строительства?,дороги,ru,Астана,низкая,,huggingface
hf-20-kk,Астанадағы жаңа құрылыс алаңының жанындағы жолдарды ауыр техникалар бүлдіріп жатыр. Құрылыс аяқталған соң жолды кім қалпына келтіреді?,дороги,kk,Астана,низкая,,huggingface
hf-21-ru,Дым от металлургического комбината в городе Темиртау не дает дышать. Особенно сильные выбросы по ночам. Прошу установить датчики для проверки качества воздуха.,экология,ru,Карагандинская область,высокая,,huggingface
hf-21-kk,Теміртау қаласындағы металлургиялық комбинаттың түтіні демалуға мұрша бермейді. Әсіресе түнде қатты шығады. Ауа сапасын тексеретін датчиктер орнатуды сұраймын.,экология,kk,Карагандинская область,высокая,,huggingface
hf-22-ru,"Я инвалид I группы. Не могу вовремя получить положенные мне лекарства, в поликлинике постоянно говорят, что их нет в наличии.",соцподдержка,ru,Восточно-Казахстанская область,высокая,,huggingface
hf-22-kk,"Мен I топ мүгедегімін. Маған тиесілі дәрі-дәрмекті уақытында ала алмай жүрмін, емханада үнемі жоқ дейді.",соцподдержка,kk,Восточно-Казахстанская область,высокая,,huggingface
hf-23-ru,"На нашей улице собаки сбиваются в стаи и нападают на детей. Я обращался в службу отлова бродячих собак, но они не приехали.",ЖКХ,ru,Алматинская область,высокая,,huggingface
hf-23-kk,"Көшеміздегі иттер топтасып алып, балаларға шабуылдайды. Қаңғыбас иттерді аулау қызметіне хабарластым, бірақ олар келмеді.",ЖКХ,kk,Алматинская область,высокая,,huggingface
hf-24-ru,Сотрудники полиции останавливают без причины и хотят досмотреть салон автомобиля. Насколько это законно?,полиция,ru,Астана,низкая,,huggingface
hf-24-kk,"Полиция қызметкерлері себепсіз тоқтатып, көліктің ішін тексергісі келеді. Бұл қаншалықты заңды?",полиция,kk,Астана,низкая,,huggingface
hf-25-ru,В сельской школе нет учителя информатики. Дети пропускают важный предмет.,образование,ru,Жамбылская область,средняя,,huggingface
hf-25-kk,Ауылдық мектепте информатика пәнінің мұғалімі жоқ. Балалар маңызды сабақтан қалып жатыр.,образование,kk,Жамбылская область,средняя,,huggingface
hf-26-ru,Дороги возле автовокзала 'Север' в Шымкенте в ужасном состоянии. Автобусы не могут объезжать ямы.,дороги,ru,Шымкент,средняя,,huggingface
hf-26-kk,Шымкенттегі 'Север' автобекетінің маңындағы жолдар өте нашар. Автобустар шұңқырларды айналып өте алмайды.,дороги,kk,Шымкент,средняя,,huggingface
hf-27-ru,"Мне пришлось дать денег знакомому в местном акимате, чтобы устроить ребенка в детский сад вне очереди. Как решить эту проблему?",коррупция,ru,Кызылординская область,высокая,,huggingface
hf-27-kk,Балабақшаға кезекке тұру үшін жергілікті әкімдіктегі танысыма ақша беруге тура келді. Бұл мәселені қалай шешуге болады?,коррупция,kk,Кызылординская область,высокая,,huggingface
hf-28-ru,"Скорость домашнего интернета намного ниже, чем указано в договоре. Жалобы провайдеру ничего не меняют.",интернет,ru,Астана,низкая,,huggingface
hf-28-kk,"Үйдегі интернеттің жылдамдығы келісім-шартта көрсетілгеннен әлдеқайда төмен. Провайдерге шағымдансам, ештеңе өзгермейді.",интернет,kk,Астана,низкая,,huggingface
hf-29-ru,В общественном транспорте не включают кондиционеры. В летнюю жару ездить очень тяжело.,общественный транспорт,ru,Алматы,средняя,,huggingface
hf-29-kk,Қоғамдық көліктерде кондиционерлерді қоспайды. Жаздың ыстығында жол жүру өте қиын.,общественный транспорт,kk,Алматы,средняя,,huggingface
hf-30-ru,"Даже если я записываюсь на прием к врачу, не могу зайти в свое время. Постоянно приходится сидеть в живой очереди.",медицина,ru,Актюбинская область,низкая,,huggingface
hf-30-kk,"Дәрігердің қабылдауына жазылсам да, өз уақытымда кіре алмаймын. Үнемі кезек күтіп отыруға тура келеді.",медицина,kk,Актюбинская область,низкая,,huggingface
hf-31-ru,"В нашем подъезде уже месяц не горит свет. Несколько раз говорили в КСК, безрезультатно.",ЖКХ,ru,Павлодарская область,средняя,,huggingface
hf-31-kk,"Кіреберісімізде жарық бір айдан бері жанбайды. КСК-ға бірнеше рет айттық, нәтиже жоқ.",ЖКХ,kk,Павлодарская область,средняя,,huggingface
hf-32-ru,Качество нового дома очень плохое. На стенах появились трещины. Кто проверяет качество строительства?,ЖКХ,ru,Астана,высокая,,huggingface
hf-32-kk,Жаңа салынған үйдің сапасы өте нашар. Қабырғаларында жарықтар пайда болды. Құрылыс сапасын кім тексереді?,ЖКХ,kk,Астана,высокая,,huggingface
hf-33-ru,"Неизвестные сломали оборудование на спортивной площадке во дворе. Написали заявление в полицию, но дело закрыли, никого не найдя.",полиция,ru,Карагандинская область,низкая,,huggingface
hf-33-kk,"Ауладағы спорт алаңының жабдықтарын белгісіз біреулер сындырып кетті. Полицияға арыз жазсақ, істі таппай жауып тастады.",полиция,kk,Карагандинская область,низкая,,huggingface
hf-34-ru,На дороге к школе нет пешеходного перехода. Мы беспокоимся за безопасность детей.,дороги,ru,Туркестанская область,высокая,,huggingface
hf-34-kk,Мектепке баратын жолда жаяу жүргіншілер жолағы жоқ. Балалардың қауіпсіздігіне алаңдаймыз.,дороги,kk,Туркестанская область,высокая,,huggingface
hf-35-ru,Для госпитализации заставляют сдавать анализы за свой счет. Разве это не должно быть бесплатно в рамках ГОБМП?,медицина,ru,Западно-Казахстанская область,средняя,,huggingface
hf-35-kk,Ауруханаға жату үшін анализдерді өз ақшамызға тапсыруға мәжбүрлейді. Бұл ТМККК аясында тегін болуы керек емес пе?,медицина,kk,Западно-Казахстанская область,средняя,,huggingface
hf-36-ru,Возле нового моста вырубили деревья. Законно ли это?,экология,ru,Улытауская область,низкая,,huggingface
hf-36-kk,Жаңадан салынған көпірдің жанындағы ағаштарды кесіп тастады. Бұл заңды ма?,экология,kk,Улытауская область,низкая,,huggingface
hf-37-ru,"Я уже несколько месяцев стою на учете в центре занятости, но мне так и не предложили никакой работы.",соцподдержка,ru,Акмолинская область,средняя,,huggingface
hf-37-kk,"Жұмыспен қамту орталығына тіркелгеніме бірнеше ай болды, бірақ ешқандай жұмыс ұсынбады.",соцподдержка,kk,Акмолинская область,средняя,,huggingface
hf-38-ru,"В университете часто отменяют занятия, преподаватели не приходят. Качество образования вызывает беспокойство.",образование,ru,Алматы,низкая,,huggingface
hf-38-kk,"Университетте сабақтар жиі өткізілмейді, оқытушылар келмей қалады. Білім сапасы алаңдатады.",образование,kk,Алматы,низкая,,huggingface
hf-39-ru,В нашем селе совсем нет мобильного интернета. Когда программа '250+' дойдет до нашего села?,интернет,ru,Костанайская область,средняя,,huggingface
hf-39-kk,Ауылдағы мобильді интернет мүлдем жоқ. '250+' бағдарламасы біздің ауылға қашан жетеді?,интернет,kk,Костанайская область,средняя,,huggingface
hf-40-ru,"Водитель автобуса проехал мимо остановки, не остановившись. Я опоздал на работу.",общественный транспорт,ru,Астана,низкая,,huggingface
hf-40-kk,Автобус жүргізушісі аялдамаға тоқтамай өтіп кетті. Мен жұмысқа кешіктім.,общественный транспорт,kk,Астана,низкая,,huggingface
hf-41-ru,"Документы на оформление земельного участка рассматривают уже несколько месяцев. Кажется, что процесс затягивают намеренно.",коррупция,ru,Мангистауская область,средняя,,huggingface
hf-41-kk,Жер учаскесін рәсімдеу үшін құжаттарды бірнеше айдан бері қарайды. Процесті қасақана созып жатқан сияқты.,коррупция,kk,Мангистауская область,средняя,,huggingface
hf-42-ru,Стою в очереди на жилье уже 10 лет. Очередь совсем не двигается. Можно ли получить какую-то информацию?,соцподдержка,ru,Атырауская область,средняя,,huggingface
hf-42-kk,Тұрғын үй кезегіне тұрғаныма 10 жыл болды. Кезек мүлдем жылжымайды. Қандай да бір ақпарат алу мүмкін бе?,соцподдержка,kk,Атырауская область,средняя,,huggingface
hf-43-ru,Открытые люки на улице представляют опасность. Особенно беспокоимся за детей.,ЖКХ,ru,Шымкент,высокая,,huggingface
hf-43-kk,Көшедегі ашық жатқан люктер қауіп төндіреді. Әсіресе балалар үшін уайымдаймыз.,ЖКХ,kk,Шымкент,высокая,,huggingface
hf-44-ru,"Мы написали заявление в полицию о квартирной краже. Следователь не предпринимает никаких действий, не выходит на связь.",полиция,ru,Алматы,высокая,,huggingface
hf-44-kk,"Полицияға үйдің тоналғаны туралы арыз жаздық. Тергеуші ешқандай әрекет жасамайды, хабарласпайды.",полиция,kk,Алматы,высокая,,huggingface
hf-45-ru,Ремонт в школе моего ребенка начали посреди учебного года. Это мешает учебному процессу.,образование,ru,Жетысуская область,низкая,,huggingface
hf-45-kk,Баламның мектебіндегі жөндеу жұмыстары оқу жылының ортасында басталды. Бұл оқу процесіне кедергі келтіреді.,образование,kk,Жетысуская область,низкая,,huggingface
hf-46-ru,На дорогах города Риддер очень много ям. Устали бить подвеску автомобиля.,дороги,ru,Восточно-Казахстанская область,средняя,,huggingface
hf-46-kk,Риддер қаласының жолдарында шұңқырлар өте көп. Көліктің астын соғып алудан шаршадық.,дороги,kk,Восточно-Казахстанская область,средняя,,huggingface
hf-47-ru,"Какое-то предприятие сливает сточные воды в реку. Цвет воды изменился, появился неприятный запах.",экология,ru,Павлодарская область,высокая,,huggingface
hf-47-kk,"Өзенге белгісіз бір кәсіпорын сарқынды суларды ағызып жатыр. Судың түсі өзгеріп, жағымсыз иіс шықты.",экология,kk,Павлодарская область,высокая,,huggingface
hf-48-ru,Портал Egov.kz часто не работает. Стало сложно получать государственные услуги.,интернет,ru,Астана,низкая,,huggingface
hf-48-kk,Egov.kz порталы жиі істемей қалады. Мемлекеттік қызметтерді алу қиындап кетті.,интернет,kk,Астана,низкая,,huggingface
hf-49-ru,"На автобусной остановке нет скамеек для ожидания. Приходится стоять и в дождь, и в жару.",общественный транспорт,ru,Костанайская область,низкая,,huggingface
hf-49-kk,Автобус аялдамасында күтуге арналған орындықтар жоқ. Жаңбырда және ыстықта тұруға тура келеді.,общественный транспорт,kk,Костанайская область,низкая,,huggingface
hf-50-ru,"К участковому врачу нужно записываться за месяц. А как попасть на прием, если случай срочный?",медицина,ru,Северо-Казахстанская область,средняя,,huggingface
hf-50-kk,"Учаскелік дәрігерге бір ай бұрын жазылу керек. Жедел жағдай болса, қалай қаралуға болады?",медицина,kk,Северо-Казахстанская область,средняя,,huggingface
hf-51-ru,Крыша многоэтажного дома протекает. Нашу квартиру затопило. КСК ничего не делает.,ЖКХ,ru,Астана,высокая,,huggingface
hf-51-kk,Көп қабатты үйдің шатырынан су ағып жатыр. Пәтерімізді су алып кетті. КСК ештеңе істемейді.,ЖКХ,kk,Астана,высокая,,huggingface
hf-52-ru,"Сотрудники дорожной полиции останавливают в основном недорогие машины, а дорогие не трогают. Это несправедливо.",полиция,ru,Алматы,низкая,,huggingface
hf-52-kk,"Жол полициясы қызметкерлері тек қымбат көліктерді тоқтатпай, арзан көліктерді жиі тоқтатады. Бұл әділетсіздік.",полиция,kk,Алматы,низкая,,huggingface
hf-53-ru,Качество уроков английского языка в школе очень низкое. Мой ребенок вынужден ходить к репетитору.,образование,ru,Астана,низкая,,huggingface
hf-53-kk,Мектептегі ағылшын тілі сабағының сапасы өте төмен. Балам қосымша репетиторға баруға мәжбүр.,образование,kk,Астана,низкая,,huggingface
hf-54-ru,Просим установить искусственные неровности (лежачие полицейские) на внутридворовых дорогах. Машины ездят очень быстро.,дороги,ru,Карагандинская область,средняя,,huggingface
hf-54-kk,Аула ішіндегі жолдарға жасанды кедергілерді (лежачий полицейский) орнатып беруіңізді сұраймыз. Көліктер қатты жүреді.,дороги,kk,Карагандинская область,средняя,,huggingface
hf-55-ru,В аптеке вместо бесплатных лекарств предлагают дорогие аналоги. Законно ли это?,медицина,ru,Шымкент,средняя,,huggingface
hf-55-kk,Дәріханада тегін дәрі-дәрмектердің орнына қымбат аналогтарын ұсынады. Бұл заңды ма?,медицина,kk,Шымкент,средняя,,huggingface
hf-56-ru,Черный дым из трубы завода накрыл город. Невозможно открыть окна.,экология,ru,Темиртау,высокая,,huggingface
hf-56-kk,Зауыт мұржасынан шыққан қара түтін қаланы басып қалды. Терезе ашу мүмкін емес.,экология,kk,Темиртау,высокая,,huggingface
hf-57-ru,Для оформления пособия требуют очень много справок. Большинство из них ведь можно получить из электронных баз.,соцподдержка,ru,Туркестанская область,низкая,,huggingface
hf-57-kk,Жәрдемақыны рәсімдеу үшін өте көп анықтама сұрайды. Олардың көбісін электронды базадан алуға болады ғой.,соцподдержка,kk,Туркестанская область,низкая,,huggingface
hf-58-ru,"Качество интернета 4G ухудшилось, часто переключается на 3G.",интернет,ru,Актюбинская область,низкая,,huggingface
hf-58-kk,"4G интернетінің сапасы нашарлап кетті, жиі 3G-ге ауысып кетеді.",интернет,kk,Актюбинская область,низкая,,huggingface
hf-59-ru,Автобусы перестают ходить после 9 часов вечера. Сложно добираться с работы.,общественный транспорт,ru,Уральск,средняя,,huggingface
hf-59-kk,Автобустар кешкі сағат 9-дан кейін жүрмей қалады. Жұмыстан қайту қиын.,общественный транспорт,kk,Уральск,средняя,,huggingface
hf-60-ru,"Компания, выигравшая тендер, работает некачественно. Дорога разрушилась сразу после ремонта.",коррупция,ru,Атырауская область,средняя,,huggingface
hf-60-kk,Тендерді ұтып алған компанияның жұмысы сапасыз. Жолды жөндегеннен кейін бірден бұзылды.,коррупция,kk,Атырауская область,средняя,,huggingface
hf-61-ru,Лифт не работает уже несколько недель. Пожилым людям трудно подниматься на верхние этажи.,ЖКХ,ru,Алматы,высокая,,huggingface
hf-61-kk,Лифт бірнеше аптадан бері істемейді. Қарт адамдарға жоғары қабатқа көтерілу қиын.,ЖКХ,kk,Алматы,высокая,,huggingface
hf-62-ru,"Звонят мошенники, представляются сотрудниками полиции и требуют деньги. Нужно принять меры.",полиция,ru,Астана,средняя,,huggingface
hf-62-kk,"Алаяқтар телефон соғып, өздерін полиция қызметкері ретінде таныстырып, ақша талап етеді. Осыған шара қолдану керек.",полиция,kk,Астана,средняя,,huggingface
hf-63-ru,В колледже не хватает учебников. Студенты вынуждены искать материалы самостоятельно.,образование,ru,Павлодарская область,низкая,,huggingface
hf-63-kk,Колледжде оқулықтар жетіспейді. Студенттер материалдарды өздері іздеуге мәжбүр.,образование,kk,Павлодарская область,низкая,,huggingface
hf-64-ru,Очень плохое освещение на центральной улице. Вечером ходить опасно.,дороги,ru,Кызылорда,средняя,,huggingface
hf-64-kk,Орталық көшедегі жарықтандыру өте нашар. Кешкісін жүру қауіпті.,дороги,kk,Кызылорда,средняя,,huggingface
hf-65-ru,Очередь на аппарат МРТ очень длинная. Бесплатную очередь нужно ждать несколько месяцев.,медицина,ru,Карагандинская область,средняя,,huggingface
hf-65-kk,МРТ аппаратына кезек өте ұзын. Тегін кезек бірнеше айға созылады.,медицина,kk,Карагандинская область,средняя,,huggingface
hf-66-ru,Мусорный полигон за городом постоянно горит. Дым от него доходит до города.,экология,ru,Актобе,высокая,,huggingface
hf-66-kk,Қала сыртындағы қоқыс полигоны үнемі жанып жатыр. Түтіні қалаға дейін жетеді.,экология,kk,Актобе,высокая,,huggingface
hf-67-ru,Очень сложно пройти комиссию для подтверждения инвалидности. Врачи намеренно создают препятствия.,соцподдержка,ru,Мангистауская область,высокая,,huggingface
hf-67-kk,Мүгедектікті растау үшін комиссиядан өту өте қиын. Дәрігерлер қасақана кедергі жасайды.,соцподдержка,kk,Мангистауская область,высокая,,huggingface
hf-68-ru,"Интернет в селе есть только у одного оператора, и цена очень высокая. Нет конкуренции.",интернет,ru,Акмолинская область,низкая,,huggingface
hf-68-kk,"Ауылдағы интернет тек бір операторда ғана бар, бағасы өте қымбат. Бәсекелестік жоқ.",интернет,kk,Акмолинская область,низкая,,huggingface
hf-69-ru,Водители автобусов устраивают гонки на дороге. Это угрожает жизни пассажиров.,общественный транспорт,ru,Шымкент,высокая,,huggingface
hf-69-kk,Автобус жүргізушілері жолда бір-бірімен жарысады. Бұл жолаушылардың өміріне қауіп төндіреді.,общественный транспорт,kk,Шымкент,высокая,,huggingface
hf-70-ru,На входе в госорган охранник забирает удостоверение личности. Насколько это законно?,коррупция,ru,Астана,низкая,,huggingface
hf-70-kk,Мемлекеттік органға кіру үшін күзетші жеке куәлікті алып қояды. Бұл қаншалықты заңды?,коррупция,kk,Астана,низкая,,huggingface
hf-71-ru,Фундамент дома проседает. Трещин на стенах становится больше. Дом нужно признать аварийным.,ЖКХ,ru,Жезказган,высокая,,huggingface
hf-71-kk,Үйдің іргетасы шөгіп жатыр. Қабырғаларда жарықтар көбейді. Үй апатты жағдайда деп танылуы керек.,ЖКХ,kk,Жезказган,высокая,,huggingface
hf-72-ru,Стихийная торговля на улице полностью перекрыла тротуар. Пешеходам негде ходить.,полиция,ru,Алматы,низкая,,huggingface
hf-72-kk,Көшедегі сауда орындары тротуарды толығымен жауып тастаған. Жаяу жүргіншілерге орын жоқ.,полиция,kk,Алматы,низкая,,huggingface
hf-73-ru,В школьном спортзале зимой очень холодно. Дети вынуждены заниматься в верхней одежде.,образование,ru,Северо-Казахстанская область,средняя,,huggingface
hf-73-kk,Мектептегі спорт зал қыста өте суық. Балалар сырт киіммен жаттығуға мәжбүр.,образование,kk,Северо-Казахстанская область,средняя,,huggingface
hf-74-ru,"Качество велодорожек плохое, либо их нет совсем. Передвигаться по городу на велосипеде небезопасно.",дороги,ru,Астана,низкая,,huggingface
hf-74-kk,Велосипед жолдарының сапасы нашар немесе мүлдем жоқ. Қалада велосипедпен жүру қауіпсіз емес.,дороги,kk,Астана,низкая,,huggingface
hf-75-ru,Цены на стоматологические услуги очень высокие. Неужели нельзя получить лечение бесплатно?,медицина,ru,Алматы,низкая,,huggingface
hf-75-kk,Стоматологиялық қызметтердің бағасы өте қымбат. Тегін емделу мүмкін емес пе?,медицина,kk,Алматы,низкая,,huggingface
hf-76-ru,Пыль со строительной площадки накрыла все окрестные дома. Строительные нормы не соблюдаются.,экология,ru,Шымкент,средняя,,huggingface
hf-76-kk,Құрылыс алаңынан шыққан шаң айналадағы үйлерді басып қалды. Құрылыс нормалары сақталмайды.,экология,kk,Шымкент,средняя,,huggingface
hf-77-ru,Не могу получить подъемное пособие по программе 'С дипломом в село'.,соцподдержка,ru,Жамбылская область,средняя,,huggingface
hf-77-kk,'Дипломмен ауылға' бағдарламасы бойынша тиесілі көтерме жәрдемақыны ала алмай жүрмін.,соцподдержка,kk,Жамбылская область,средняя,,huggingface
hf-78-ru,Интернет-мошенники украли данные моей банковской карты и сняли деньги. Сможет ли полиция раскрыть дело?,полиция,ru,Карагандинская область,высокая,,huggingface
hf-78-kk,"Интернет-алаяқтар банктік картамның деректерін ұрлап, ақшамды шешіп алды. Полиция істі аша ала ма?",полиция,kk,Карагандинская область,высокая,,huggingface
hf-79-ru,Терминалы для приема платежных карт в автобусах часто не работают. Заставляют платить наличными.,общественный транспорт,ru,Астана,низкая,,huggingface
hf-79-kk,Автобустарда төлем картасын қабылдайтын терминалдар жиі істемейді. Қолма-қол ақшамен төлеуге мәжбүрлейді.,общественный транспорт,kk,Астана,низкая,,huggingface
hf-80-ru,Я не согласен с решением местного исполнительного органа. Куда можно подать жалобу?,коррупция,ru,Костанайская область,средняя,,huggingface
hf-80-kk,Жергілікті атқарушы органның шешімімен келіспеймін. Қайда шағымдануға болады?,коррупция,kk,Костанайская область,средняя,,huggingface
hf-81-ru,Очень низкое давление холодной воды в квартире. Вода не поднимается на верхние этажи.,ЖКХ,ru,Темиртау,средняя,,huggingface
hf-81-kk,Пәтердегі суық судың қысымы өте төмен. Жоғарғы қабаттарға су көтерілмейді.,ЖКХ,kk,Темиртау,средняя,,huggingface
hf-82-ru,В магазинах возле школы продают сигареты школьникам. Никто не обращает на это внимания.,полиция,ru,Петропавловск,средняя,,huggingface
hf-82-kk,Мектеп жанындағы дүкендерде оқушыларға темекі сатады. Бұған ешкім назар аудармайды.,полиция,kk,Петропавловск,средняя,,huggingface
hf-83-ru,Воспитатели в детском саду кричат на детей. Прошу проверить данный факт.,образование,ru,Уральск,высокая,,huggingface
hf-83-kk,Балабақшадағы тәрбиешілер балаларға айқайлайды. Осы мәселені тексеруіңізді сұраймын.,образование,kk,Уральск,высокая,,huggingface
hf-84-ru,Машины паркуют прямо на тротуаре. Невозможно пройти.,дороги,ru,Алматы,низкая,,huggingface
hf-84-kk,Жаяу жүргіншілер жолында көліктерді қойып кетеді. Жүру мүмкін емес.,дороги,kk,Алматы,низкая,,huggingface
hf-85-ru,"Невозможно бесплатно записаться на УЗИ, говорят, что быстро можно пройти только платно.",медицина,ru,Атырау,средняя,,huggingface
hf-85-kk,"УДЗ-ге тегін жазылу мүмкін емес, тек ақылы түрде ғана тез өтуге болады дейді.",медицина,kk,Атырау,средняя,,huggingface
hf-86-ru,Берег озера завален мусором. Необходимо очистить зону отдыха.,экология,ru,Боровое,низкая,,huggingface
hf-86-kk,Көлдің жағасын қоқыс басып кетті. Демалыс аймағын тазалау қажет.,экология,kk,Боровое,низкая,,huggingface
hf-87-ru,Условия ипотечных программ для молодых специалистов очень сложные. Невозможно накопить на первоначальный взнос.,соцподдержка,ru,Астана,низкая,,huggingface
hf-87-kk,Жас мамандарға арналған ипотекалық бағдарламалардың шарттары өте қиын. Бастапқы жарнаны жинау мүмкін емес.,соцподдержка,kk,Астана,низкая,,huggingface
hf-88-ru,Отделение 'Казпочты' в селе работает только до обеда. Это очень неудобно.,интернет,ru,Восточно-Казахстанская область,низкая,,huggingface
hf-88-kk,Ауылдағы 'Қазпошта' бөлімшесі түске дейін ғана жұмыс істейді. Бұл өте ыңғайсыз.,интернет,kk,Восточно-Казахстанская область,низкая,,huggingface
hf-89-ru,"Пандусы для инвалидов сделаны неправильно, слишком крутые. На коляске невозможно подняться.",общественный транспорт,ru,Караганда,средняя,,huggingface
hf-89-kk,"Мүгедектерге арналған пандустар дұрыс жасалмаған, тым тік. Арбамен көтерілу мүмкін емес.",общественный транспорт,kk,Караганда,средняя,,huggingface
hf-90-ru,Законен ли сбор денег с родителей на ремонт класса?,коррупция,ru,Шымкент,низкая,,huggingface
hf-90-kk,Сыныпты жөндеуге ата-аналардан ақша жинау заңды ма?,коррупция,kk,Шымкент,низкая,,huggingface
hf-91-ru,"Трансформатор возле дома сильно гудит, не дает спать по ночам.",ЖКХ,ru,Алматы,низкая,,huggingface
hf-91-kk,"Үйдің жанындағы трансформатор қатты гуілдейді, түнде ұйықтатпайды.",ЖКХ,kk,Алматы,низкая,,huggingface
hf-92-ru,Несовершеннолетние находятся в компьютерных клубах в ночное время. Куда смотрит полиция?,полиция,ru,Тараз,средняя,,huggingface
hf-92-kk,Кәмелетке толмағандар түнгі уақытта компьютерлік клубтарда жүреді. Полиция қайда қарап отыр?,полиция,kk,Тараз,средняя,,huggingface
hf-93-ru,Качество еды в школе плохое. Мой ребенок жалуется на боли в животе.,образование,ru,Астана,высокая,,huggingface
hf-93-kk,Мектептегі тамақтың сапасы нашар. Балам асқазаны ауыратынын айтып шағымданады.,образование,kk,Астана,высокая,,huggingface
hf-94-ru,Дорожные знаки не видно за ветками деревьев. Это может привести к аварийной ситуации.,дороги,ru,Алматы,средняя,,huggingface
hf-94-kk,"Жол белгілері ағаштардың бұтақтарының астында қалып, көрінбейді. Бұл апатты жағдай туғызуы мүмкін.",дороги,kk,Алматы,средняя,,huggingface
hf-95-ru,Врач во время приема разговаривал по телефону и не уделил мне должного внимания.,медицина,ru,Конаев,низкая,,huggingface
hf-95-kk,"Дәрігер қабылдау кезінде телефонымен сөйлесіп, маған дұрыс көңіл бөлмеді.",медицина,kk,Конаев,низкая,,huggingface
hf-96-ru,"Образовалась стихийная свалка. Никто не убирает, стоит ужасный запах.",экология,ru,Семей,средняя,,huggingface
hf-96-kk,"Стихиялық қоқыс орны пайда болды. Ешкім тазаламайды, иісі жаман.",экология,kk,Семей,средняя,,huggingface
hf-97-ru,Размера адресной социальной помощи не хватает на жизнь. Необходимо его пересмотреть.,соцподдержка,ru,Актобе,низкая,,huggingface
hf-97-kk,Атаулы әлеуметтік көмектің мөлшері өмір сүруге жетпейді. Оны қайта қарау керек.,соцподдержка,kk,Актобе,низкая,,huggingface
hf-98-ru,Не могу зайти в личный кабинет в интернет-банкинге. Служба технической поддержки не отвечает.,интернет,ru,Алматы,средняя,,huggingface
hf-98-kk,Интернет-банкингтегі жеке кабинетіме кіре алмаймын. Техникалық қолдау қызметі жауап бермейді.,интернет,kk,Алматы,средняя,,huggingface
hf-99-ru,"На остановке не работает электронное табло. Невозможно узнать, когда приедет автобус.",общественный транспорт,ru,Астана,низкая,,huggingface
hf-99-kk,Аялдамада электронды табло жұмыс істемейді. Автобустың қашан келетінін білу мүмкін емес.,общественный транспорт,kk,Астана,низкая,,huggingface
hf-100-ru,Процесс получения лицензии очень бюрократизирован. Нужно обходить каждый кабинет и собирать подписи.,коррупция,ru,Астана,низкая,,huggingface
hf-100-kk,"Лицензия алу процесі өте бюрократияланған. Әр кабинетке кіріп, қол жинау керек.",коррупция,kk,Астана,низкая,,huggingface
hf-101-ru,Здравствуйте. В городе Уральск на проспекте Евразия стерлась разметка пешеходного перехода. Ночью очень опасно. Просим обновить.,дороги,ru,Западно-Казахстанская область,средняя,,huggingface
hf-101-kk,"Сәлеметсіз бе. Орал қаласы, Еуразия даңғылындағы жаяу жүргіншілер өткелінің сызықтары өшіп қалған. Түнде өте қауіпті. Жаңартуын сұраймыз.",дороги,kk,Западно-Казахстанская область,средняя,,huggingface
hf-102-ru,"В нашем доме в городе Петропавловск часто отключают отопление. На улице мороз, а в квартире холодно. Прошу проверить систему теплоснабжения.",ЖКХ,ru,Северо-Казахстанская область,высокая,,huggingface
hf-102-kk,"Петропавл қаласындағы үйімізде жылу жиі сөніп қалады. Сыртта аяз, ал пәтерде суық. Жылу беру жүйесін тексеруіңізді өтінемін.",ЖКХ,kk,Северо-Казахстанская область,высокая,,huggingface
hf-103-ru,В поликлинике №3 города Актау дефицит детских вакцин. Не можем получить прививку уже несколько недель. Помогите решить проблему.,медицина,ru,Мангистауская область,высокая,,huggingface
hf-103-kk,Ақтау қаласындағы №3 емханада балаларға арналған вакцина тапшы. Бірнеше аптадан бері екпе ала алмай жүрміз. Мәселені шешуге көмектесіңіз.,медицина,kk,Мангистауская область,высокая,,huggingface
hf-104-ru,В школе №15 города Семей отсутствует спортивная площадка. Нет условий для проведения уроков физкультуры. Прошу обратить внимание на данный вопрос.,образование,ru,Абайская область,низкая,,huggingface
hf-104-kk,Семей қаласындағы №15 мектептің спорт алаңы жоқ. Дене шынықтыру сабақтарын өткізуге жағдай жасалмаған. Осы мәселеге назар аударуыңызды сұраймын.,образование,kk,Абайская область,низкая,,huggingface
hf-105-ru,Сотрудник дорожной полиции за мелкое нарушение предложил 'решить вопрос на месте'. Это создает условия для коррупции. Необходимо провести проверку.,коррупция,ru,Алматинская область,высокая,,huggingface
hf-105-kk,Жол полициясының қызметкері ұсақ ереже бұзушылық үшін мәселені 'орнында шешуді' ұсынды. Бұл сыбайлас жемқорлыққа жол ашады. Тексеріс жүргізу қажет.,коррупция,kk,Алматинская область,высокая,,huggingface
hf-106-ru,В лесу недалеко от города Кокшетау свалили строительный мусор. Это большой вред для экологии. Прошу найти и наказать виновных.,экология,ru,Акмолинская область,средняя,,huggingface
hf-106-kk,"Көкшетау қаласының маңындағы орманға құрылыс қалдықтарын тастап кеткен. Бұл экологияға үлкен зиян. Кінәлілерді тауып, жазалауды сұраймын.",экология,kk,Акмолинская область,средняя,,huggingface
hf-107-ru,Жалуюсь на задержку пенсионных выплат. Каждый месяц пенсия поступает с опозданием на несколько дней. В чем причина?,соцподдержка,ru,Павлодарская область,средняя,,huggingface
hf-107-kk,Зейнетақы төлемдерінің кешігуіне байланысты шағымданамын. Ай сайын бірнеше күнге кешігіп түседі. Себебі неде?,соцподдержка,kk,Павлодарская область,средняя,,huggingface
hf-108-ru,"В городе Тараз мои соседи сильно шумят по ночам. Несколько раз обращался к участковому, безрезультатно.",полиция,ru,Жамбылская область,низкая,,huggingface
hf-108-kk,"Тараз қаласында түнде көршілерім қатты шулайды. Учаскелік полицияға бірнеше рет хабарластым, еш нәтиже жоқ.",полиция,kk,Жамбылская область,низкая,,huggingface
hf-109-ru,"Водитель автобуса №4 в Усть-Каменогорске очень грубо разговаривает с пассажирами. Кондуктора нет, постоянно кричит при приеме оплаты.",общественный транспорт,ru,Восточно-Казахстанская область,низкая,,huggingface
hf-109-kk,"Өскемендегі №4 автобустың жүргізушісі жолаушылармен өте дөрекі сөйлеседі. Кондуктор жоқ, төлем қабылдау кезінде үнемі айқайлайды.",общественный транспорт,kk,Восточно-Казахстанская область,низкая,,huggingface
hf-110-ru,Очень плохой мобильный интернет на трассе 'Алматы - Конаев'. Связь в машине часто пропадает. Можно ли улучшить качество?,интернет,ru,Алматинская область,низкая,,huggingface
hf-110-kk,'Алматы - Қонаев' тас жолында мобильді интернет өте нашар. Көліктің ішінде байланыс жиі үзіледі. Сапаны жақсартуға болады ма?,интернет,kk,Алматинская область,низкая,,huggingface
hf-111-ru,В городе Атырау по улице Сатпаева провели некачественный ремонт дороги. Спустя несколько месяцев ямы появились снова.,дороги,ru,Атырауская область,средняя,,huggingface
hf-111-kk,"Атырау қаласы, Сәтпаев көшесіндегі жолға сапасыз жөндеу жүргізілген. Бірнеше айдан кейін қайтадан шұңқырлар пайда болды.",дороги,kk,Атырауская область,средняя,,huggingface
hf-112-ru,"Детская площадка в нашем дворе устарела. Качели сломаны, горки опасны. Просим установить новую.",ЖКХ,ru,Карагандинская область,средняя,,huggingface
hf-112-kk,"Біздің ауладағы балалар алаңы ескірген. Әткеншектер сынып, сырғанақтар қауіпті болып тұр. Жаңасын орнатып беруіңізді сұраймыз.",ЖКХ,kk,Карагандинская область,средняя,,huggingface
hf-113-ru,"Чтобы записаться к врачу в сельской местности, нужно ехать в райцентр. Нельзя ли внедрить систему онлайн-записи?",медицина,ru,Туркестанская область,низкая,,huggingface
hf-113-kk,Ауылдық жердегі дәрігерге жазылу үшін аудан орталығына бару керек. Онлайн жазылу жүйесін енгізуге болмай ма?,медицина,kk,Туркестанская область,низкая,,huggingface
hf-114-ru,Охранник в школе не выполняет свои обязанности должным образом. В учебное время в школу заходят посторонние.,образование,ru,Шымкент,средняя,,huggingface
hf-114-kk,Мектептегі күзетші өз міндетін дұрыс атқармайды. Сабақ уақытында мектепке бөгде адамдар кіріп кетеді.,образование,kk,Шымкент,средняя,,huggingface
hf-115-ru,Скорая помощь приезжает на вызов очень долго. Вчера ждали больше часа. Это опасно для жизни.,медицина,ru,Астана,высокая,,huggingface
hf-115-kk,"Жедел жәрдем шақырсақ, өте кеш келеді. Кеше бір сағаттан астам күттік. Бұл адам өміріне қауіпті.",медицина,kk,Астана,высокая,,huggingface
hf-116-ru,В центральном парке Костаная не хватает мусорных урн. Отдыхающим некуда выбрасывать мусор.,экология,ru,Костанайская область,низкая,,huggingface
hf-116-kk,Қостанайдағы орталық саябақта қоқыс жәшіктері жетіспейді. Демалушылар қоқысты қайда тастарын білмейді.,экология,kk,Костанайская область,низкая,,huggingface
hf-117-ru,Меня незаконно уволили с работы. Занимается ли инспекция труда такими вопросами?,соцподдержка,ru,Актюбинская область,высокая,,huggingface
hf-117-kk,Мені жұмыстан заңсыз шығарып жіберді. Еңбек инспекциясы бұл мәселемен айналыса ма?,соцподдержка,kk,Актюбинская область,высокая,,huggingface
hf-118-ru,Сотрудники полиции при проверке документов не представляются и ведут себя грубо. Насколько это законно?,полиция,ru,Кызылординская область,низкая,,huggingface
hf-118-kk,Полиция қызметкерлері құжаттарды тексеру кезінде өздерін таныстырмайды және дөрекі сөйлейді. Бұл қаншалықты заңды?,полиция,kk,Кызылординская область,низкая,,huggingface
hf-119-ru,Когда закончится строительство LRT в Астане? Огороженные территории портят вид города и создают пробки.,общественный транспорт,ru,Астана,низкая,,huggingface
hf-119-kk,"Астанадағы LRT құрылысы қашан аяқталады? Қоршалған аумақтар қаланың көрінісін бұзып, кептеліс тудыруда.",общественный транспорт,kk,Астана,низкая,,huggingface
hf-120-ru,"Я оплатил госпошлину через мобильный банкинг, но платеж не отображается в системе. Куда ушли деньги?",интернет,ru,Алматы,средняя,,huggingface
hf-120-kk,"Мобильді банкинг арқылы мемлекеттік баж салығын төледім, бірақ төлем жүйеде көрінбейді. Ақша қайда кетті?",интернет,kk,Алматы,средняя,,huggingface
hf-121-ru,"Здравствуйте. В городе Астана, в жилом комплексе 'Жагалау-3', очень плохое качество воды. Ржавая, с неприятным запахом. Прошу направить проверку СЭС.",ЖКХ,ru,Астана,высокая,,huggingface
hf-121-kk,"Сәлеметсіз бе. Астана қаласы, 'Жағалау-3' тұрғын үй кешеніндегі судың сапасы өте нашар. Тот басқан, жағымсыз иісі бар. СЭС тексерісін жіберуіңізді сұраймын.",ЖКХ,kk,Астана,высокая,,huggingface
hf-122-ru,В сельском фельдшерско-акушерском пункте часто нет врача. К кому обращаться в экстренном случае?,медицина,ru,Акмолинская область,высокая,,huggingface
hf-122-kk,Ауылдағы фельдшерлік-акушерлік пунктте дәрігер жиі болмайды. Жедел жағдайда кімге хабарласуға болады?,медицина,kk,Акмолинская область,высокая,,huggingface
hf-123-ru,Светофор на дороге к школе не работает. Беспокоимся за безопасность детей.,дороги,ru,Алматы,высокая,,huggingface
hf-123-kk,Мектепке баратын жолда бағдаршам істемейді. Балалардың қауіпсіздігіне алаңдаймыз.,дороги,kk,Алматы,высокая,,huggingface
hf-124-ru,Общежитие колледжа в плохом состоянии. Ремонт не проводился уже много лет.,образование,ru,Карагандинская область,низкая,,huggingface
hf-124-kk,Колледждегі жатақхананың жағдайы нашар. Жөндеу жұмыстары көптен бері жүргізілмеген.,образование,kk,Карагандинская область,низкая,,huggingface
hf-125-ru,"Считаю, что конкурс государственных закупок прошел несправедливо. У компании-победителя мало опыта.",коррупция,ru,Шымкент,средняя,,huggingface
hf-125-kk,Мемлекеттік сатып алу конкурсы әділетсіз өтті деп санаймын. Жеңімпаз компанияның тәжірибесі аз.,коррупция,kk,Шымкент,средняя,,huggingface
hf-126-ru,В городскую реку сбрасывают мусор. Необходимо усилить работу экологической полиции.,экология,ru,Атырауская область,средняя,,huggingface
hf-126-kk,Қала ішіндегі өзенге қоқыс тастайды. Экологиялық полицияның жұмысын күшейту керек.,экология,kk,Атырауская область,средняя,,huggingface
hf-127-ru,Процесс получения социальной выплаты по потере работы очень сложный.,соцподдержка,ru,Павлодарская область,низкая,,huggingface
hf-127-kk,Жұмысынан айырылғандарға берілетін әлеуметтік төлемді алу процесі өте күрделі.,соцподдержка,kk,Павлодарская область,низкая,,huggingface
hf-128-ru,Мой сосед сдает квартиру и не платит налоги. Насколько это законно?,полиция,ru,Астана,низкая,,huggingface
hf-128-kk,"Көршім пәтерін жалға беріп, салық төлемейді. Бұл қаншалықты заңды?",полиция,kk,Астана,низкая,,huggingface
hf-129-ru,На дороге в село совсем нет мобильной связи. В экстренном случае невозможно позвонить.,интернет,ru,Туркестанская область,средняя,,huggingface
hf-129-kk,Ауылға баратын жолда мобильді байланыс мүлдем жоқ. Шұғыл жағдайда хабарласу мүмкін емес.,интернет,kk,Туркестанская область,средняя,,huggingface
hf-130-ru,Интервал движения автобуса №52 очень большой. Иногда приходится ждать по 40 минут.,общественный транспорт,ru,Алматы,средняя,,huggingface
hf-130-kk,№52 автобустың арасы өте ұзақ. Кейде 40 минут күтуге тура келеді.,общественный транспорт,kk,Алматы,средняя,,huggingface
hf-131-ru,Новый асфальт раскопали для ремонта водопровода. Разве нет координации работ?,дороги,ru,Карагандинская область,низкая,,huggingface
hf-131-kk,Жаңа асфальтты су құбырын жөндеу үшін қайта қазып тастады. Жұмыстарды үйлестіру жоқ па?,дороги,kk,Карагандинская область,низкая,,huggingface
hf-132-ru,В парке возле дома нет освещения. Вечером гулять опасно.,ЖКХ,ru,Астана,средняя,,huggingface
hf-132-kk,Үйдің қасындағы саябақта жарықтандыру жоқ. Кешке серуендеу қауіпті.,ЖКХ,kk,Астана,средняя,,huggingface
hf-133-ru,Продают антибиотики без рецепта врача. Это очень опасно.,медицина,ru,Шымкент,средняя,,huggingface
hf-133-kk,Дәрігердің рецептінсіз антибиотиктерді сатып жатыр. Бұл өте қауіпті.,медицина,kk,Шымкент,средняя,,huggingface
hf-134-ru,Кабинет первой медицинской помощи в школе не оборудован.,образование,ru,Кызылординская область,низкая,,huggingface
hf-134-kk,Мектептегі алғашқы медициналық көмек кабинеті жабдықталмаған.,образование,kk,Кызылординская область,низкая,,huggingface
hf-135-ru,Как вы относитесь к использованию служебных автомобилей чиновниками в личных целях?,коррупция,ru,Астана,низкая,,huggingface
hf-135-kk,Шенеуніктердің қызметтік көліктерді жеке мақсатта пайдалануына қалай қарайсыздар?,коррупция,kk,Астана,низкая,,huggingface
hf-136-ru,В загородное озеро сливают сточные воды. Экология озера нарушается.,экология,ru,Алматинская область,высокая,,huggingface
hf-136-kk,Қала сыртындағы көлге ағынды сулар құйылып жатыр. Көлдің экологиясы бұзылуда.,экология,kk,Алматинская область,высокая,,huggingface
hf-137-ru,Для получения единовременного пособия по рождению ребенка нужно собирать много документов.,соцподдержка,ru,Западно-Казахстанская область,низкая,,huggingface
hf-137-kk,Бала туғанда берілетін бір реттік жәрдемақыны алу үшін көп құжат жинау керек.,соцподдержка,kk,Западно-Казахстанская область,низкая,,huggingface
hf-138-ru,Ночью мотоциклисты гоняют и нарушают тишину. Полиция не принимает мер.,полиция,ru,Алматы,средняя,,huggingface
hf-138-kk,"Түнде мотоциклшілер қатты жүріп, тыныштықты бұзады. Полиция еш шара қолданбайды.",полиция,kk,Алматы,средняя,,huggingface
hf-139-ru,Со скоростью интернета в селе невозможно учиться онлайн.,интернет,ru,Костанайская область,средняя,,huggingface
hf-139-kk,Ауылдағы интернеттің жылдамдығымен онлайн сабақ оқу мүмкін емес.,интернет,kk,Костанайская область,средняя,,huggingface
hf-140-ru,В общественном транспорте не освобождают места для инвалидов.,общественный транспорт,ru,Карагандинская область,низкая,,huggingface
hf-140-kk,Қоғамдық көліктерде мүгедектерге арналған орындарды босатпайды.,общественный транспорт,kk,Карагандинская область,низкая,,huggingface
hf-141-ru,"Не прошло и года после ремонта нашей улицы, как асфальт провалился.",дороги,ru,Актобе,средняя,,huggingface
hf-141-kk,"Көшемізді жөндегеніне бір жыл болмай жатып, асфальт ойылып қалды.",дороги,kk,Актобе,средняя,,huggingface
hf-142-ru,Домофон в подъезде не работает уже несколько месяцев. Обслуживающая компания не реагирует на жалобы.,ЖКХ,ru,Павлодарская область,низкая,,huggingface
hf-142-kk,Кіреберістегі домофон бірнеше айдан бері істемейді. Қызмет көрсетуші компания шағымға жауап бермейді.,ЖКХ,kk,Павлодарская область,низкая,,huggingface
hf-143-ru,Врач скорой помощи попросил денег за приезд. Насколько это законно?,медицина,ru,Туркестанская область,высокая,,huggingface
hf-143-kk,Жедел жәрдем дәрігері келгені үшін ақша сұрады. Бұл қаншалықты заңды?,медицина,kk,Туркестанская область,высокая,,huggingface
hf-144-ru,В одном школьном классе учатся более 40 детей. Это влияет на качество образования.,образование,ru,Алматы,средняя,,huggingface
hf-144-kk,Мектептегі бір сыныпта 40-тан астам бала оқиды. Бұл білім сапасына әсер етеді.,образование,kk,Алматы,средняя,,huggingface
hf-145-ru,"Процесс постановки на очередь на землю очень непрозрачный. Невозможно узнать, как движется очередь.",коррупция,ru,Мангистауская область,средняя,,huggingface
hf-145-kk,Жер кезегіне тұру процесі өте ашық емес. Кезек қалай жылжып жатқанын білу мүмкін емес.,коррупция,kk,Мангистауская область,средняя,,huggingface
hf-146-ru,От загрязнения воздуха в центре города болит голова.,экология,ru,Алматы,низкая,,huggingface
hf-146-kk,Қаланың орталығындағы ауаның ластығынан басым ауырады.,экология,kk,Алматы,низкая,,huggingface
hf-147-ru,Очередь в реабилитационный центр для ребенка с инвалидностью очень длинная.,соцподдержка,ru,Астана,высокая,,huggingface
hf-147-kk,Мүгедектігі бар баланы оңалту орталығына кезек өте ұзын.,соцподдержка,kk,Астана,высокая,,huggingface
hf-148-ru,Откуда рекламные агентства берут мои личные данные (номер телефона)?,полиция,ru,Алматы,низкая,,huggingface
hf-148-kk,Менің жеке деректерімді (телефон нөмірімді) жарнама агенттіктері қайдан алады?,полиция,kk,Алматы,низкая,,huggingface
hf-149-ru,"Мобильный интернет продают как безлимитный тариф, но после определенного количества гигабайт скорость падает.",интернет,ru,Астана,низкая,,huggingface
hf-149-kk,"Мобильді интернеттің шексіз тарифі деп сатылады, бірақ белгілі бір гигабайттан кейін жылдамдық төмендейді.",интернет,kk,Астана,низкая,,huggingface
hf-150-ru,"Водитель автобуса курил за рулем, мешая пассажирам.",общественный транспорт,ru,Шымкент,низкая,,huggingface
hf-150-kk,"Автобус жүргізушісі темекі шегіп, жолаушыларға кедергі келтірді.",общественный транспорт,kk,Шымкент,низкая,,huggingface
hf-151-ru,"Придорожные арыки забиты мусором, и дождевая вода не уходит.",дороги,ru,Талдыкорган,средняя,,huggingface
hf-151-kk,"Жол жиегіндегі арықтар қоқысқа толып, жаңбыр суы ақпайды.",дороги,kk,Талдыкорган,средняя,,huggingface
hf-152-ru,"Я недоволен работой КСК. Не предоставляют отчеты, неизвестно, куда тратят деньги.",ЖКХ,ru,Усть-Каменогорск,средняя,,huggingface
hf-152-kk,"Пәтер иелері кооперативінің (ПИК) жұмысына көңілім толмайды. Есеп бермейді, ақшаны қайда жұмсайтыны белгісіз.",ЖКХ,kk,Усть-Каменогорск,средняя,,huggingface
hf-153-ru,Аппарат УЗИ в государственной поликлинике постоянно сломан. Людей вынуждают идти в платные центры.,медицина,ru,Семей,средняя,,huggingface
hf-153-kk,Мемлекеттік емханадағы УДЗ аппараты үнемі істемейді. Адамдарды ақылы орталықтарға баруға мәжбүрлейді.,медицина,kk,Семей,средняя,,huggingface
hf-154-ru,"В детском саду намекнули, что если я не буду доплачивать, к моему ребенку будет плохое отношение.",коррупция,ru,Актобе,высокая,,huggingface
hf-154-kk,"Балабақшаға қосымша ақы төлемесек, балама дұрыс қарамайтынын меңзеді.",коррупция,kk,Актобе,высокая,,huggingface
hf-155-ru,Еда в школьной столовой холодная и невкусная.,образование,ru,Костанай,низкая,,huggingface
hf-155-kk,Мектеп асханасындағы тамақтар суық және дәмсіз.,образование,kk,Костанай,низкая,,huggingface
hf-156-ru,Пыль из карьера за городом накрывает всё село.,экология,ru,Карагандинская область,средняя,,huggingface
hf-156-kk,Қала сыртындағы карьерден шыққан шаң ауылды басып жатыр.,экология,kk,Карагандинская область,средняя,,huggingface
hf-157-ru,"С возрастом становится все труднее устроиться на работу. Есть ли программы для тех, кому за 45?",соцподдержка,ru,Алматы,низкая,,huggingface
hf-157-kk,Жасым ұлғайған сайын жұмысқа орналасу қиындап барады. 45-тен асқандарға арналған бағдарламалар бар ма?,соцподдержка,kk,Алматы,низкая,,huggingface
hf-158-ru,"Я оплатил штраф за нарушение ПДД, но он до сих пор не списан с базы. Что делать?",полиция,ru,Астана,низкая,,huggingface
hf-158-kk,"Көлік айыппұлын төлесем де, базадан өшпей тұр. Не істеуге болады?",полиция,kk,Астана,низкая,,huggingface
hf-159-ru,Интернет-провайдер поднял цену на тариф без предупреждения.,интернет,ru,Шымкент,низкая,,huggingface
hf-159-kk,Интернет провайдері ескертусіз тариф бағасын көтеріп жіберді.,интернет,kk,Шымкент,низкая,,huggingface
hf-160-ru,"Водитель автобуса не объявляет остановки. Мы не знаем, где выходить.",общественный транспорт,ru,Астана,низкая,,huggingface
hf-160-kk,Автобус жүргізушісі аялдамаларды атамайды. Қай жерден түсетінімізді білмей қаламыз.,общественный транспорт,kk,Астана,низкая,,huggingface
hf-161-ru,"Дорожные знаки противоречат друг другу. Не знаешь, какому подчиняться.",дороги,ru,Алматы,средняя,,huggingface
hf-161-kk,Жол белгілері бір-біріне қайшы келеді. Қайсысына бағынарын білмейсің.,дороги,kk,Алматы,средняя,,huggingface
hf-162-ru,В подвале дома стоит запах канализации. Необходимо провести дезинфекцию.,ЖКХ,ru,Темиртау,средняя,,huggingface
hf-162-kk,Үйдің жертөлесінде кәріз иісі шығып тұр. Дезинфекция жасау қажет.,ЖКХ,kk,Темиртау,средняя,,huggingface
hf-163-ru,Врач поставил неверный диагноз и назначил неправильное лечение.,медицина,ru,Карагандинская область,высокая,,huggingface
hf-163-kk,"Дәрігер қате диагноз қойып, дұрыс емес ем жазып берді.",медицина,kk,Карагандинская область,высокая,,huggingface
hf-164-ru,Директор школы заставляет родителей сдавать деньги на ремонт.,коррупция,ru,Туркестанская область,высокая,,huggingface
hf-164-kk,Мектеп директоры жөндеу жұмыстарына ата-аналардан ақша жинауға мәжбүрлейді.,коррупция,kk,Туркестанская область,высокая,,huggingface
hf-165-ru,"Плата за обучение в университете высокая, но качество образования ей не соответствует.",образование,ru,Алматы,низкая,,huggingface
hf-165-kk,"Университеттегі оқу ақысы қымбат, бірақ білім сапасы соған сәйкес емес.",образование,kk,Алматы,низкая,,huggingface
hf-166-ru,По городу ездят грузовые машины и портят дороги.,дороги,ru,Шымкент,низкая,,huggingface
hf-166-kk,"Қала ішінде жүк көліктері жүріп, жолды бүлдіріп жатыр.",дороги,kk,Шымкент,низкая,,huggingface
hf-167-ru,В лесном массиве рядом с городом незаконно вырубают деревья.,экология,ru,Кокшетау,высокая,,huggingface
hf-167-kk,Қаланың жанындағы орман алқабында ағаштарды заңсыз кесіп жатыр.,экология,kk,Кокшетау,высокая,,huggingface
hf-168-ru,"Банки не выдают кредит, хотя у меня хорошая кредитная история.",соцподдержка,ru,Алматы,низкая,,huggingface
hf-168-kk,"Несие тарихым жақсы болса да, банктер несие бермейді.",соцподдержка,kk,Алматы,низкая,,huggingface
hf-169-ru,Сотрудник полиции остановил и выписал штраф без всякой причины.,полиция,ru,Астана,средняя,,huggingface
hf-169-kk,"Полиция қызметкері тоқтатып, еш себепсіз айыппұл жазды.",полиция,kk,Астана,средняя,,huggingface
hf-170-ru,Интернет 5G ловит только в центре города. В отдаленных районах его нет.,интернет,ru,Алматы,низкая,,huggingface
hf-170-kk,5G интернеті тек қала орталығында ғана ұстайды. Шеткі аудандарда жоқ.,интернет,kk,Алматы,низкая,,huggingface
hf-171-ru,Водитель автобуса не разрешил оплатить проезд картой и потребовал наличные.,общественный транспорт,ru,Караганда,низкая,,huggingface
hf-171-kk,"Автобус жүргізушісі жол ақысын картамен төлеуге рұқсат бермей, қолма-қол ақша талап етті.",общественный транспорт,kk,Караганда,низкая,,huggingface
hf-172-ru,"Зеленый свет на светофоре на нашей улице горит очень недолго, не успеваем перейти дорогу.",дороги,ru,Астана,низкая,,huggingface
hf-172-kk,"Көшеміздегі бағдаршамның жасыл түсі өте қысқа жанады, жолды өтіп үлгермейміз.",дороги,kk,Астана,низкая,,huggingface
hf-173-ru,Стена дома разрушается. ОСИ не принимает никаких мер.,ЖКХ,ru,Павлодар,высокая,,huggingface
hf-173-kk,Үйдің қабырғасы сөгіліп жатыр. ОСИ ешқандай шара қолданбайды.,ЖКХ,kk,Павлодар,высокая,,huggingface
hf-174-ru,Сотрудники регистратуры в поликлинике очень грубо разговаривают.,медицина,ru,Петропавловск,низкая,,huggingface
hf-174-kk,Емханадағы тіркеу бөліміндегі қызметкерлер өте дөрекі сөйлейді.,медицина,kk,Петропавловск,низкая,,huggingface
hf-175-ru,В школе не хватает психологов. Детям нужна психологическая помощь.,образование,ru,Атырау,средняя,,huggingface
hf-175-kk,Мектепке психолог маманы жетіспейді. Балаларға психологиялық көмек қажет.,образование,kk,Атырау,средняя,,huggingface
hf-176-ru,"На меня оказывают давление за то, что я сообщил о коррупции.",коррупция,ru,Астана,высокая,,huggingface
hf-176-kk,Жемқорлық туралы хабарлағаным үшін маған қысым көрсетіліп жатыр.,коррупция,kk,Астана,высокая,,huggingface
hf-177-ru,Из-за незаконной свалки загрязняются подземные воды.,экология,ru,Алматинская область,высокая,,huggingface
hf-177-kk,Заңсыз қоқыс полигонының кесірінен жер асты сулары ластанып жатыр.,экология,kk,Алматинская область,высокая,,huggingface
hf-178-ru,При назначении пособия учли мой дополнительный доход и снизили размер выплаты.,соцподдержка,ru,Карагандинская область,низкая,,huggingface
hf-178-kk,"Жәрдемақы тағайындау кезінде менің қосымша табысымды ескеріп, мөлшерін азайтып тастады.",соцподдержка,kk,Карагандинская область,низкая,,huggingface
hf-179-ru,"Мою машину эвакуировали, хотя я не нарушал правила парковки.",полиция,ru,Алматы,средняя,,huggingface
hf-179-kk,"Көлігімді эвакуатор алып кетті, бірақ мен ереже бұзған жоқпын.",полиция,kk,Алматы,средняя,,huggingface
hf-180-ru,Скорость домашнего интернета резко падает по вечерам.,интернет,ru,Астана,низкая,,huggingface
hf-180-kk,Үйге қосылған интернеттің жылдамдығы кешке қарай күрт төмендейді.,интернет,kk,Астана,низкая,,huggingface
hf-181-ru,Водитель автобуса разговаривал по телефону и нарушал правила дорожного движения.,общественный транспорт,ru,Шымкент,средняя,,huggingface
hf-181-kk,"Автобус жүргізушісі телефонмен сөйлесіп, жол жүру ережесін бұзды.",общественный транспорт,kk,Шымкент,средняя,,huggingface
hf-182-ru,"Тротуар не заасфальтирован, в дождь превращается в грязь.",дороги,ru,Актобе,низкая,,huggingface
hf-182-kk,"Жаяу жүргіншілер жолына асфальт төселмеген, жаңбырда батпақ болады.",дороги,kk,Актобе,низкая,,huggingface
hf-183-ru,В подъезде дома развелись крысы. Нужно провести дератизацию.,ЖКХ,ru,Семей,высокая,,huggingface
hf-183-kk,Үйдің кіреберісінде егеуқұйрықтар қаптап кетті. Дератизация жасау керек.,ЖКХ,kk,Семей,высокая,,huggingface
hf-184-ru,Лаборатория в поликлинике постоянно задерживает результаты анализов.,медицина,ru,Уральск,низкая,,huggingface
hf-184-kk,Емханадағы зертхана анализдердің нәтижесін үнемі кешіктіріп береді.,медицина,kk,Уральск,низкая,,huggingface
hf-185-ru,"Ремонт в школе сделали некачественно. Краска облупилась, штукатурка сыпется.",образование,ru,Тараз,средняя,,huggingface
hf-185-kk,"Мектептегі жөндеу жұмыстарын сапасыз жасаған. Бояуы түсіп, сылағы құлап жатыр.",образование,kk,Тараз,средняя,,huggingface
hf-186-ru,Для оказания государственной услуги требуют лишние документы.,коррупция,ru,Астана,низкая,,huggingface
hf-186-kk,Мемлекеттік қызмет көрсету үшін артық құжаттар талап етеді.,коррупция,kk,Астана,низкая,,huggingface
hf-187-ru,Строительная компания работает по ночам и нарушает тишину.,экология,ru,Алматы,низкая,,huggingface
hf-187-kk,"Құрылыс компаниясы түнде жұмыс істеп, тыныштықты бұзады.",экология,kk,Алматы,низкая,,huggingface
hf-188-ru,Какие льготы мне положены как обладателю подвески 'Алтын алка'?,соцподдержка,ru,Шымкент,низкая,,huggingface
hf-188-kk,'Алтын алқа' иегері ретінде маған қандай жеңілдіктер бар?,соцподдержка,kk,Шымкент,низкая,,huggingface
hf-189-ru,Многие камеры видеонаблюдения на улицах не работают.,полиция,ru,Караганда,низкая,,huggingface
hf-189-kk,Көшедегі бейнебақылау камераларының көбісі істемейді.,полиция,kk,Караганда,низкая,,huggingface
hf-190-ru,Скорости интернета в селе не хватает даже для видеозвонка.,интернет,ru,Жамбылская область,средняя,,huggingface
hf-190-kk,Ауылдағы интернеттің жылдамдығы видеоқоңырау жасауға да жетпейді.,интернет,kk,Жамбылская область,средняя,,huggingface
hf-191-ru,Автобусная остановка находится очень далеко от дома. Можно ли перенести ее поближе?,общественный транспорт,ru,Астана,низкая,,huggingface
hf-191-kk,Автобус аялдамасы үйден өте алыс орналасқан. Жақындатуға болады ма?,общественный транспорт,kk,Астана,низкая,,huggingface
hf-192-ru,"Придорожные бордюры сломаны, трудно заехать во двор.",дороги,ru,Павлодар,низкая,,huggingface
hf-192-kk,"Жол жиегіндегі бордюрлер сынған, аулаға кіру қиын.",дороги,kk,Павлодар,низкая,,huggingface
hf-193-ru,Батареи отопления в квартире еле теплые. В квартире холодно.,ЖКХ,ru,Петропавловск,высокая,,huggingface
hf-193-kk,Пәтердегі жылу батареялары әрең жылы. Пәтер суық.,ЖКХ,kk,Петропавловск,высокая,,huggingface
hf-194-ru,Для прикрепления к поликлинике требуют городскую прописку. Законно ли это?,медицина,ru,Алматы,низкая,,huggingface
hf-194-kk,Емханаға тіркелу үшін қалалық прописка талап етеді. Бұл заңды ма?,медицина,kk,Алматы,низкая,,huggingface
hf-195-ru,Дорога в школу не освещена. Дети ходят в темноте.,образование,ru,Алматинская область,высокая,,huggingface
hf-195-kk,Мектепке баратын жол жарықтандырылмаған. Балалар қараңғыда жүреді.,образование,kk,Алматинская область,высокая,,huggingface
hf-196-ru,"Чиновник на приеме не слушал мою проблему, а разговаривал по телефону.",коррупция,ru,Астана,низкая,,huggingface
hf-196-kk,"Шенеунік қабылдау кезінде менің мәселемді тыңдамай, телефонмен сөйлесті.",коррупция,kk,Астана,низкая,,huggingface
hf-197-ru,На канализационном колодце нет крышки. Дети могут упасть.,ЖКХ,ru,Шымкент,высокая,,huggingface
hf-197-kk,Кәріз құдығының қақпағы жоқ. Балалар құлап кетуі мүмкін.,ЖКХ,kk,Шымкент,высокая,,huggingface
hf-198-ru,Кто-то незаконно оформил на мое имя кредит.,полиция,ru,Алматы,высокая,,huggingface
hf-198-kk,Менің атыма біреу заңсыз несие рәсімдеп алған.,полиция,kk,Алматы,высокая,,huggingface
hf-199-ru,Таксофоны в селе не работают. Это была единственная возможность для связи.,интернет,ru,Восточно-Казахстанская область,низкая,,huggingface
hf-199-kk,Ауылдағы таксофондар жұмыс істемейді. Байланыстың жалғыз жолы еді.,интернет,kk,Восточно-Казахстанская область,низкая,,huggingface
hf-200-ru,Водитель автобуса считал деньги и не смотрел на дорогу. Это очень опасно.,общественный транспорт,ru,Астана,средняя,,huggingface
hf-200-kk,"Автобус жүргізушісі ақшаны санап отырып, жолдан көз алмады. Бұл өте қауіпті.",общественный транспорт,kk,Астана,средняя,,huggingface
hf-201-ru,Яму посреди дороги не ремонтируют уже несколько месяцев.,дороги,ru,Караганда,средняя,,huggingface
hf-201-kk,Жол ортасындағы шұңқырды бірнеше айдан бері жөндемейді.,дороги,kk,Караганда,средняя,,huggingface
hf-202-ru,Холодная вода в квартире плохо пахнет. Пить ее невозможно.,ЖКХ,ru,Атырау,высокая,,huggingface
hf-202-kk,Пәтердегі суық судың иісі жаман. Ішуге жарамсыз.,ЖКХ,kk,Атырау,высокая,,huggingface
hf-203-ru,Просидел в очереди к врачу 2 часа.,медицина,ru,Алматы,низкая,,huggingface
hf-203-kk,Дәрігердің қабылдауына 2 сағат кезекте отырдым.,медицина,kk,Алматы,низкая,,huggingface
hf-204-ru,Все спортивные секции в школе платные.,образование,ru,Шымкент,низкая,,huggingface
hf-204-kk,Мектептегі спорттық үйірмелердің барлығы ақылы.,образование,kk,Шымкент,низкая,,huggingface
hf-205-ru,"Кажется, деньги, выделенные на ремонт дорог, разворовали. Качество очень плохое.",коррупция,ru,Туркестанская область,высокая,,huggingface
hf-205-kk,Жол жөндеу жұмыстарына бөлінген ақшаны жымқырған сияқты. Сапасы өте нашар.,коррупция,kk,Туркестанская область,высокая,,huggingface
hf-206-ru,В парке сломали скамейки и урны.,экология,ru,Костанай,низкая,,huggingface
hf-206-kk,Саябақтағы орындықтар мен қоқыс жәшіктерін сындырып кеткен.,экология,kk,Костанай,низкая,,huggingface
hf-207-ru,"Невозможно получить грант на открытие бизнеса, слишком много бюрократии.",соцподдержка,ru,Астана,низкая,,huggingface
hf-207-kk,"Кәсіпкерлікті бастауға арналған грантты алу мүмкін емес, бюрократия көп.",соцподдержка,kk,Астана,низкая,,huggingface
hf-208-ru,"Мне выписали протокол за парковку в неположенном месте, хотя я ничего не нарушал.",полиция,ru,Алматы,низкая,,huggingface
hf-208-kk,Көлігімді заңсыз айыптұраққа қойды деп хаттама толтырды.,полиция,kk,Алматы,низкая,,huggingface
hf-209-ru,Интернет-провайдер не устраняет техническую неисправность уже несколько дней.,интернет,ru,Караганда,средняя,,huggingface
hf-209-kk,Интернет-провайдер техникалық ақаулықты бірнеше күн бойы жөндемейді.,интернет,kk,Караганда,средняя,,huggingface
hf-210-ru,"Водитель автобуса остановился, не доезжая до остановки, и высадил пассажиров.",общественный транспорт,ru,Астана,низкая,,huggingface
hf-210-kk,"Автобус жүргізушісі аялдамаға жетпей тоқтап, жолаушыларды түсірді.",общественный транспорт,kk,Астана,низкая,,huggingface
hf-211-ru,"Поверхность новой дороги неровная, с ухабами.",дороги,ru,Павлодар,низкая,,huggingface
hf-211-kk,"Жаңа салынған жолдың беті кедір-бұдыр, тегіс емес.",дороги,kk,Павлодар,низкая,,huggingface
hf-212-ru,Элементы детской площадки во дворе ржавые и опасные.,ЖКХ,ru,Усть-Каменогорск,средняя,,huggingface
hf-212-kk,Ауладағы ойын алаңының элементтері тот басқан және қауіпті.,ЖКХ,kk,Усть-Каменогорск,средняя,,huggingface
hf-213-ru,Врач рекомендует сдавать анализы в платной лаборатории.,медицина,ru,Актобе,низкая,,huggingface
hf-213-kk,Дәрігер анализдерді ақылы зертханада тапсыруға кеңес береді.,медицина,kk,Актобе,низкая,,huggingface
hf-214-ru,Вместо новых учебников в школе выдали старые.,образование,ru,Кызылорда,низкая,,huggingface
hf-214-kk,Мектепке жаңа оқулықтардың орнына ескілерін берді.,образование,kk,Кызылорда,низкая,,huggingface
hf-215-ru,На мое обращение в госорган нет ответа уже более 15 дней.,коррупция,ru,Астана,средняя,,huggingface
hf-215-kk,Мемлекеттік органға берген өтінішіме 15 күннен бері жауап жоқ.,коррупция,kk,Астана,средняя,,huggingface
hf-216-ru,Канализационные стоки сливают прямо в реку.,экология,ru,Тараз,высокая,,huggingface
hf-216-kk,Кәріз суларын тікелей өзенге ағызып жатыр.,экология,kk,Тараз,высокая,,huggingface
hf-217-ru,Моему ребенку приостановили выплату пособия по инвалидности.,соцподдержка,ru,Семей,высокая,,huggingface
hf-217-kk,Менің баламның мүгедектігіне байланысты жәрдемақыны тоқтатып тастады.,соцподдержка,kk,Семей,высокая,,huggingface
hf-218-ru,Мошенники представляются сотрудниками банка и выпытывают данные карты.,полиция,ru,Алматы,высокая,,huggingface
hf-218-kk,"Алаяқтар өздерін банк қызметкері ретінде таныстырып, картаның деректерін сұрайды.",полиция,kk,Алматы,высокая,,huggingface
hf-219-ru,"Не делают перерасчет за дни, когда скорость интернета была низкой.",интернет,ru,Астана,низкая,,huggingface
hf-219-kk,Интернеттің жылдамдығы төмен болған күндерге қайта есептеу жасалмайды.,интернет,kk,Астана,низкая,,huggingface
hf-220-ru,"В автобусе грязно, сиденья порваны.",общественный транспорт,ru,Шымкент,низкая,,huggingface
hf-220-kk,"Автобус іші лас, орындықтар жыртылған.",общественный транспорт,kk,Шымкент,низкая,,huggingface
hf-221-ru,Машины паркуют на тротуаре вдоль дороги.,дороги,ru,Алматы,низкая,,huggingface
hf-221-kk,Жол жиегіндегі жаяу жүргіншілер жолына көліктерді қойып кетеді.,дороги,kk,Алматы,низкая,,huggingface
hf-222-ru,В подъезде дома не делают ремонт.,ЖКХ,ru,Караганда,низкая,,huggingface
hf-222-kk,Үйдің кіреберісіне жөндеу жұмыстарын жасамайды.,ЖКХ,kk,Караганда,низкая,,huggingface
hf-223-ru,Рентген-аппарат в поликлинике устарел.,медицина,ru,Павлодар,низкая,,huggingface
hf-223-kk,Емханадағы рентген аппараты ескірген.,медицина,kk,Павлодар,низкая,,huggingface
hf-224-ru,Заведующая детским садом просит 'спонсорскую помощь'.,коррупция,ru,Актобе,средняя,,huggingface
hf-224-kk,Балабақша меңгерушісі 'демеушілік көмек' сұрайды.,коррупция,kk,Актобе,средняя,,huggingface
hf-225-ru,Уроки в школе проходят в сокращенном формате.,образование,ru,Астана,низкая,,huggingface
hf-225-kk,Мектептегі сабақтар қысқартылған форматта өтіп жатыр.,образование,kk,Астана,низкая,,huggingface
hf-226-ru,"Когда запретят старые автомобили, которые загрязняют воздух в городе?",экология,ru,Алматы,низкая,,huggingface
hf-226-kk,Қаланың ауасын ластайтын ескі көліктерді қашан тыяды?,экология,kk,Алматы,низкая,,huggingface
hf-227-ru,Процент по жилищной программе для молодых семей очень высокий.,соцподдержка,ru,Астана,низкая,,huggingface
hf-227-kk,Жас отбасыларға арналған тұрғын үй бағдарламасының пайызы өте жоғары.,соцподдержка,kk,Астана,низкая,,huggingface
hf-228-ru,Сотрудники полиции очень долго едут на место происшествия.,полиция,ru,Шымкент,средняя,,huggingface
hf-228-kk,Полиция қызметкерлері оқиға орнына өте кеш келеді.,полиция,kk,Шымкент,средняя,,huggingface
hf-229-ru,Мобильный оператор подключил мне платные услуги без моего согласия.,интернет,ru,Алматы,средняя,,huggingface
hf-229-kk,Мобильді оператор менің рұқсатымсыз ақылы қызметтерді қосып қойған.,интернет,kk,Алматы,средняя,,huggingface
hf-230-ru,В общественном транспорте не созданы условия для заезда на инвалидной коляске.,общественный транспорт,ru,Караганда,средняя,,huggingface
hf-230-kk,Қоғамдық көліктерде мүгедектер арбасымен кіруге жағдай жасалмаған.,общественный транспорт,kk,Караганда,средняя,,huggingface
hf-231-ru,Посреди дороги нет крышки люка.,дороги,ru,Астана,высокая,,huggingface
hf-231-kk,Жолдың ортасындағы люктің қақпағы жоқ.,дороги,kk,Астана,высокая,,huggingface
hf-232-ru,В доме пахнет газом. Газовая служба не едет.,ЖКХ,ru,Атырау,высокая,,huggingface
hf-232-kk,Үйдегі газдың иісі шығып тұр. Газ қызметі келмей жатыр.,ЖКХ,kk,Атырау,высокая,,huggingface
hf-233-ru,"Чтобы записаться к врачу, нужно занимать очередь в 7 утра.",медицина,ru,Тараз,средняя,,huggingface
hf-233-kk,Дәрігердің қабылдауына жазылу үшін таңғы сағат 7-де кезекке тұру керек.,медицина,kk,Тараз,средняя,,huggingface
hf-234-ru,Питьевые фонтанчики в школе не работают.,образование,ru,Павлодар,низкая,,huggingface
hf-234-kk,Мектептегі су ішетін фонтандар істемейді.,образование,kk,Павлодар,низкая,,huggingface
hf-235-ru,"Качество дома, построенного по госпрограмме, очень низкое.",коррупция,ru,Астана,высокая,,huggingface
hf-235-kk,Мемлекеттік бағдарлама бойынша салынған үйдің сапасы өте төмен.,коррупция,kk,Астана,высокая,,huggingface
hf-236-ru,Отдыхающие на берегу реки оставляют много мусора.,экология,ru,Усть-Каменогорск,низкая,,huggingface
hf-236-kk,Өзеннің жағасында демалушылар көп қоқыс қалдырады.,экология,kk,Усть-Каменогорск,низкая,,huggingface
hf-237-ru,"Цены на продукты в социальных магазинах выше, чем на рынке.",соцподдержка,ru,Шымкент,низкая,,huggingface
hf-237-kk,Әлеуметтік дүкендердегі азық-түлік бағасы базардағыдан қымбат.,соцподдержка,kk,Шымкент,низкая,,huggingface
hf-238-ru,Мою машину эвакуировали по ошибке. Кто возместит расходы?,полиция,ru,Астана,средняя,,huggingface
hf-238-kk,Көлігімді қателесіп айыптұраққа алып кетті. Шығынды кім өтейді?,полиция,kk,Астана,средняя,,huggingface
hf-239-ru,Для подключения к интернету провайдер заставляет покупать дополнительное оборудование.,интернет,ru,Алматы,низкая,,huggingface
hf-239-kk,Интернетке қосылу үшін провайдерден қосымша жабдық сатып алуға мәжбүрлейді.,интернет,kk,Алматы,низкая,,huggingface
hf-240-ru,Водитель автобуса потребовал за проезд в два раза больше положенного.,общественный транспорт,ru,Караганда,средняя,,huggingface
hf-240-kk,Автобус жүргізушісі жол ақысын екі есе қымбат сұрады.,общественный транспорт,kk,Караганда,средняя,,huggingface
hf-241-ru,"Дорожные знаки установлены неправильно, из-за этого часто возникают аварийные ситуации.",дороги,ru,Алматы,средняя,,huggingface
hf-241-kk,"Жол белгілері дұрыс орнатылмаған, соның кесірінен жиі апаттық жағдайлар болады.",дороги,kk,Алматы,средняя,,huggingface
hf-242-ru,Крыша дома постоянно протекает. КСК не ремонтирует.,ЖКХ,ru,Семей,высокая,,huggingface
hf-242-kk,Үйдің шатырынан үнемі су ағады. КСК жөндемейді.,ЖКХ,kk,Семей,высокая,,huggingface
hf-243-ru,Гардероб в поликлинике не работает. Приходится ходить в верхней одежде.,медицина,ru,Костанай,низкая,,huggingface
hf-243-kk,Емханадағы гардероб жұмыс істемейді. Сырт киіммен жүруге тура келеді.,медицина,kk,Костанай,низкая,,huggingface
hf-244-ru,"Возле школы находится магазин, где продают алкогольную продукцию.",образование,ru,Астана,средняя,,huggingface
hf-244-kk,Мектепке жақын жерде алкоголь өнімдерін сататын дүкен бар.,образование,kk,Астана,средняя,,huggingface
hf-245-ru,Родственники чиновников часто выигрывают государственные тендеры.,коррупция,ru,Шымкент,высокая,,huggingface
hf-245-kk,Шенеуніктердің туыстары мемлекеттік тендерлерді жиі ұтып алады.,коррупция,kk,Шымкент,высокая,,huggingface
hf-246-ru,Строительная пыль в городе вредит здоровью.,экология,ru,Астана,низкая,,huggingface
hf-246-kk,Қала ішіндегі құрылыстардан шыққан шаң-тозаң денсаулыққа зиян.,экология,kk,Астана,низкая,,huggingface
hf-247-ru,Я не могу устроиться на работу как лицо с инвалидностью.,соцподдержка,ru,Караганда,средняя,,huggingface
hf-247-kk,Мүгедектігі бар адам ретінде жұмысқа орналаса алмай жүрмін.,соцподдержка,kk,Караганда,средняя,,huggingface
hf-248-ru,У сотрудников полиции постоянно выключены нательные камеры.,полиция,ru,Алматы,низкая,,huggingface
hf-248-kk,Полиция қызметкерлерінің дене камералары үнемі сөніп тұрады.,полиция,kk,Алматы,низкая,,huggingface
hf-249-ru,"Качество обслуживания мобильного оператора плохое, связь часто прерывается.",интернет,ru,Астана,низкая,,huggingface
hf-249-kk,"Мобильді оператордың қызмет көрсету сапасы нашар, байланыс жиі үзіледі.",интернет,kk,Астана,низкая,,huggingface
hf-250-ru,Водители автобусов не открывают пандусы для инвалидных колясок.,общественный транспорт,ru,Астана,средняя,,huggingface
hf-250-kk,Автобустар мүгедектер арбасына арналған пандустарды ашпайды.,общественный транспорт,kk,Астана,средняя,,huggingface
hf-251-ru,Когда планируется ремонт тротуара на нашей улице?,дороги,ru,Актау,низкая,,huggingface
hf-251-kk,Жолдың жаяу жүргіншілер бөлігін жөндеу қашан жоспарланған?,дороги,kk,Актау,низкая,,huggingface
hf-252-ru,"Двор многоэтажного дома не убирают, все завалено мусором.",ЖКХ,ru,Темиртау,средняя,,huggingface
hf-252-kk,"Көп қабатты үйдің ауласы тазаланбайды, қоқысқа толып кетті.",ЖКХ,kk,Темиртау,средняя,,huggingface
hf-253-ru,Электронная очередь на прием к врачу не работает.,медицина,ru,Астана,низкая,,huggingface
hf-253-kk,Дәрігердің қабылдауына электронды кезек жұмыс істемейді.,медицина,kk,Астана,низкая,,huggingface
hf-254-ru,"В школе часто меняется учитель английского языка, качество знаний упало.",образование,ru,Алматы,низкая,,huggingface
hf-254-kk,"Мектептегі ағылшын тілі мұғалімі жиі ауысады, білім сапасы төмендеп кетті.",образование,kk,Алматы,низкая,,huggingface
hf-255-ru,Пришлось дать 'подарок' госслужащему за получение справки.,коррупция,ru,Кызылорда,высокая,,huggingface
hf-255-kk,Анықтама алу үшін мемлекеттік қызметкерге 'сыйлық' беруге тура келді.,коррупция,kk,Кызылорда,высокая,,huggingface
hf-256-ru,Фонтан в центральном парке города не работает.,экология,ru,Павлодар,низкая,,huggingface
hf-256-kk,Қаланың орталық саябағындағы фонтан жұмыс істемейді.,экология,kk,Павлодар,низкая,,huggingface
hf-257-ru,"Я пенсионер, положена ли мне какая-либо социальная помощь?",соцподдержка,ru,Караганда,низкая,,huggingface
hf-257-kk,"Мен зейнеткермін, маған қандай да бір әлеуметтік көмек түрлері бар ма?",соцподдержка,kk,Караганда,низкая,,huggingface
hf-258-ru,Соседская собака гуляет во дворе без поводка и лает на детей.,полиция,ru,Астана,низкая,,huggingface
hf-258-kk,Көршімнің иті аулада еркін жүреді және балаларға үреді.,полиция,kk,Астана,низкая,,huggingface
hf-259-ru,Скорости интернета в селе недостаточно для получения госуслуг.,интернет,ru,Северо-Казахстанская область,средняя,,huggingface
hf-259-kk,Ауылдағы интернеттің жылдамдығы мемлекеттік қызметтерді алуға жеткіліксіз.,интернет,kk,Северо-Казахстанская область,средняя,,huggingface
hf-260-ru,"Водитель автобуса совершал опасные маневры, создавая угрозу другим машинам.",общественный транспорт,ru,Алматы,высокая,,huggingface
hf-260-kk,"Автобус жүргізушісі қауіпті маневрлер жасап, басқа көліктерге қауіп төндірді.",общественный транспорт,kk,Алматы,высокая,,huggingface
hf-261-ru,"'Лежачие полицейские' на дороге не соответствуют стандарту, слишком высокие.",дороги,ru,Шымкент,низкая,,huggingface
hf-261-kk,"Жолға салынған 'жатқан полицейлер' стандартқа сай емес, тым биік.",дороги,kk,Шымкент,низкая,,huggingface
hf-262-ru,В подвале многоэтажного дома поселились посторонние лица.,ЖКХ,ru,Астана,средняя,,huggingface
hf-262-kk,Көп қабатты үйдің жертөлесін бөгде адамдар мекендеп алған.,ЖКХ,kk,Астана,средняя,,huggingface
hf-263-ru,В сельской амбулатории не хватает лекарств.,медицина,ru,Жамбылская область,средняя,,huggingface
hf-263-kk,Ауылдық амбулаторияда дәрі-дәрмектер жетіспейді.,медицина,kk,Жамбылская область,средняя,,huggingface
hf-264-ru,"На деньги, выделенные для ремонта школы, закупили некачественные материалы.",коррупция,ru,Алматинская область,высокая,,huggingface
hf-264-kk,Мектептегі жөндеу жұмыстарына бөлінген қаржыға сапасыз материалдар сатып алынған.,коррупция,kk,Алматинская область,высокая,,huggingface
hf-265-ru,В школьной столовой не соблюдаются санитарные нормы.,образование,ru,Караганда,высокая,,huggingface
hf-265-kk,Мектеп асханасында санитарлық талаптар сақталмайды.,образование,kk,Караганда,высокая,,huggingface
hf-266-ru,"Невозможно жить рядом с промышленной зоной, воздух постоянно грязный.",экология,ru,Темиртау,средняя,,huggingface
hf-266-kk,"Өнеркәсіптік аймақтың жанында тұру мүмкін емес, ауа үнемі лас.",экология,kk,Темиртау,средняя,,huggingface
hf-267-ru,Какая помощь мне положена как матери-одиночке?,соцподдержка,ru,Астана,низкая,,huggingface
hf-267-kk,Жалғыз басты ана ретінде маған қандай көмек көрсетіледі?,соцподдержка,kk,Астана,низкая,,huggingface
hf-268-ru,Уровень шума на улице превышает допустимые нормы.,полиция,ru,Алматы,низкая,,huggingface
hf-268-kk,Көшедегі шу деңгейі рұқсат етілген нормадан жоғары.,полиция,kk,Алматы,низкая,,huggingface
hf-269-ru,"Скорость мобильного интернета значительно ниже, чем указано в договоре.",интернет,ru,Шымкент,низкая,,huggingface
hf-269-kk,Мобильді интернеттің жылдамдығы келісім-шартта көрсетілгеннен әлдеқайда төмен.,интернет,kk,Шымкент,низкая,,huggingface
hf-270-ru,"Водитель автобуса не остановился на остановке, а открыл двери и высадил пассажиров на ходу.",общественный транспорт,ru,Астана,высокая,,huggingface
hf-270-kk,"Автобус жүргізушісі аялдамада тоқтамай, есікті жолда ашып, жолаушыларды түсірді.",общественный транспорт,kk,Астана,высокая,,huggingface
hf-271-ru,"Придорожные арыки не чистят, есть угроза подтопления.",дороги,ru,Талдыкорган,средняя,,huggingface
hf-271-kk,"Жол бойындағы арықтар тазаланбаған, су тасу қаупі бар.",дороги,kk,Талдыкорган,средняя,,huggingface
hf-272-ru,"С фасада дома осыпается штукатурка, это опасно для прохожих.",ЖКХ,ru,Караганда,высокая,,huggingface
hf-272-kk,"Үйдің қасбетінен сылақ түсіп жатыр, бұл өтіп бара жатқан адамдарға қауіпті.",ЖКХ,kk,Караганда,высокая,,huggingface
hf-273-ru,"Невозможно бесплатно записаться к стоматологу, очередь на полгода вперед.",медицина,ru,Алматы,средняя,,huggingface
hf-273-kk,"Тіс дәрігеріне тегін жазылу мүмкін емес, кезек жарты жылға созылады.",медицина,kk,Алматы,средняя,,huggingface
hf-274-ru,"Компьютеры в школе устарели, не поддерживают современные программы.",образование,ru,Астана,низкая,,huggingface
hf-274-kk,"Мектептегі компьютерлер ескірген, заманауи бағдарламаларды көтермейді.",образование,kk,Астана,низкая,,huggingface
hf-275-ru,Сотрудник дорожной полиции остановил без причины и вымогал деньги.,коррупция,ru,Алматинская область,высокая,,huggingface
hf-275-kk,"Жол полициясы қызметкері себепсіз тоқтатып, ақша бопсалады.",коррупция,kk,Алматинская область,высокая,,huggingface
hf-276-ru,Отходы завода незаконно вывозят за город.,экология,ru,Павлодарская область,высокая,,huggingface
hf-276-kk,Зауыттың қалдықтарын қала сыртына заңсыз төгіп жатыр.,экология,kk,Павлодарская область,высокая,,huggingface
hf-277-ru,Процесс получения статуса 'кандас' (оралман) очень затягивается.,соцподдержка,ru,Мангистауская область,низкая,,huggingface
hf-277-kk,'Оралман' мәртебесін алу процесі өте ұзаққа созылады.,соцподдержка,kk,Мангистауская область,низкая,,huggingface
hf-278-ru,"Из квартиры соседа постоянно доносится шум, вызовы полиции не помогают.",полиция,ru,Астана,низкая,,huggingface
hf-278-kk,"Көршімнің пәтерінен үнемі шу шығады, полиция шақырсам да нәтиже жоқ.",полиция,kk,Астана,низкая,,huggingface
hf-279-ru,Приходится ждать подключения к интернету несколько недель.,интернет,ru,Караганда,низкая,,huggingface
hf-279-kk,Интернетке қосылу үшін бірнеше апта күтуге тура келеді.,интернет,kk,Караганда,низкая,,huggingface
hf-280-ru,"Автобусы ходят с опозданием, постоянно опаздываю на работу.",общественный транспорт,ru,Алматы,средняя,,huggingface
hf-280-kk,"Автобустар кестеден кешігіп жүреді, жұмысқа үнемі кешігемін.",общественный транспорт,kk,Алматы,средняя,,huggingface
hf-281-ru,Моя машина попала колесом в открытый люк посреди дороги. Кто возместит ущерб?,дороги,ru,Астана,высокая,,huggingface
hf-281-kk,Жолдың ортасындағы ашық люкке көлігімнің дөңгелегі түсіп кетті. Шығынды кім өтейді?,дороги,kk,Астана,высокая,,huggingface
hf-282-ru,"Система отопления в доме завоздушена, половина батарей холодные.",ЖКХ,ru,Петропавловск,средняя,,huggingface
hf-282-kk,"Үйдегі жылу жүйесінде ауа тұрып қалған, батареялардың жартысы суық.",ЖКХ,kk,Петропавловск,средняя,,huggingface
hf-283-ru,"Врач заставляет делать работу, не входящую в мои должностные обязанности.",медицина,ru,Шымкент,низкая,,huggingface
hf-283-kk,Дәрігер мамандығыма сәйкес келмейтін жұмыстарға жегеді.,медицина,kk,Шымкент,низкая,,huggingface
hf-284-ru,"Игрушки в детском саду старые, не предназначенные для развития детей.",образование,ru,Актобе,низкая,,huggingface
hf-284-kk,"Балабақшадағы ойыншықтар ескі, балалардың дамуына арналмаған.",образование,kk,Актобе,низкая,,huggingface
hf-285-ru,Госслужащий попросил денег за ускорение рассмотрения моего заявления.,коррупция,ru,Астана,высокая,,huggingface
hf-285-kk,Мемлекеттік қызметкер өтінішімді қарауды тездету үшін ақша сұрады.,коррупция,kk,Астана,высокая,,huggingface
hf-286-ru,В парке без причины вырубают деревья.,экология,ru,Алматы,средняя,,huggingface
hf-286-kk,Саябақтағы ағаштарды себепсіз кесіп жатыр.,экология,kk,Алматы,средняя,,huggingface
hf-287-ru,Как встать в очередь на жилье в качестве сироты?,соцподдержка,ru,Караганда,средняя,,huggingface
hf-287-kk,Жетім бала ретінде тұрғын үй кезегіне қалай тұруға болады?,соцподдержка,kk,Караганда,средняя,,huggingface
hf-288-ru,Сотрудники полиции отказались принимать мое заявление.,полиция,ru,Тараз,высокая,,huggingface
hf-288-kk,Полиция қызметкерлері арызымды қабылдаудан бас тартты.,полиция,kk,Тараз,высокая,,huggingface
hf-289-ru,Очень сложно расторгнуть договор с интернет-провайдером.,интернет,ru,Астана,низкая,,huggingface
hf-289-kk,Интернет-провайдермен келісім-шартты бұзу өте қиын.,интернет,kk,Астана,низкая,,huggingface
hf-290-ru,Валидаторы для приема оплаты в общественном транспорте часто не работают.,общественный транспорт,ru,Алматы,низкая,,huggingface
hf-290-kk,Қоғамдық көліктерде төлем қабылдайтын валидаторлар жиі істемейді.,общественный транспорт,kk,Алматы,низкая,,huggingface
hf-291-ru,"Надземный пешеходный мост в плохом состоянии, по нему страшно ходить.",дороги,ru,Астана,средняя,,huggingface
hf-291-kk,"Жолдың үстіндегі жаяу жүргіншілер көпірінің жағдайы нашар, жүруге қорқынышты.",дороги,kk,Астана,средняя,,huggingface
hf-292-ru,"В подвале прорвало трубу, течет горячая вода.",ЖКХ,ru,Темиртау,высокая,,huggingface
hf-292-kk,"Жертөледегі құбыр жарылып, ыстық су ағып жатыр.",ЖКХ,kk,Темиртау,высокая,,huggingface
hf-293-ru,Очень большая очередь в кабинет физиотерапии в поликлинике.,медицина,ru,Павлодар,низкая,,huggingface
hf-293-kk,Емханадағы физиотерапия кабинетіне кезек өте ұзын.,медицина,kk,Павлодар,низкая,,huggingface
hf-294-ru,Количество детей в группах детского сада намного превышает норму.,образование,ru,Шымкент,средняя,,huggingface
hf-294-kk,Балабақшадағы топтарда бала саны нормадан әлдеқайда көп.,образование,kk,Шымкент,средняя,,huggingface
hf-295-ru,"Компания, выигравшая конкурс, передала работы другому субподрядчику.",коррупция,ru,Караганда,низкая,,huggingface
hf-295-kk,Конкурсты ұтып алған компания басқа субподрядчикке жұмысты беріп қойған.,коррупция,kk,Караганда,низкая,,huggingface
hf-296-ru,"Вода в городском озере зацвела, рыба гибнет.",экология,ru,Астана,высокая,,huggingface
hf-296-kk,"Қала ішіндегі көлдің суы жасыл болып, балықтар өліп жатыр.",экология,kk,Астана,высокая,,huggingface
hf-297-ru,Предусмотрены ли льготы на коммунальные услуги для многодетных семей?,соцподдержка,ru,Алматы,низкая,,huggingface
hf-297-kk,Көпбалалы отбасы ретінде коммуналдық қызметтерге жеңілдіктер қарастырылған ба?,соцподдержка,kk,Алматы,низкая,,huggingface
hf-298-ru,Сигнализация машин во дворе часто срабатывает по ночам и не дает спать.,полиция,ru,Караганда,низкая,,huggingface
hf-298-kk,"Ауладағы көліктердің сигнализациясы түнде жиі қосылып, ұйқы бермейді.",полиция,kk,Караганда,низкая,,huggingface
hf-299-ru,Некоторые пункты в договоре на подключение к интернету написаны непонятно.,интернет,ru,Астана,низкая,,huggingface
hf-299-kk,Интернетке қосылу келісім-шартындағы кейбір тармақтар түсініксіз жазылған.,интернет,kk,Астана,низкая,,huggingface
hf-300-ru,"Водитель автобуса не выдал билет, хотя я оплатил проезд.",общественный транспорт,ru,Алматы,низкая,,huggingface
hf-300-kk,"Автобус жүргізушісі жол ақысын төлегеніме қарамастан, билет бермеді.",общественный транспорт,kk,Алматы,низкая,,huggingface
hf-301-ru,"В городе Талдыкорган по улице Кабанбай батыра состояние дороги ужасное. Ямочный ремонт уже не помогает, нужна полная замена полотна.",дороги,ru,Жетысуская область,средняя,,huggingface
hf-301-kk,"Талдықорған қаласы, Қабанбай батыр көшесіндегі жолдың жағдайы өте нашар. Жамауға да келмейді, толық ауыстыру керек.",дороги,kk,Жетысуская область,средняя,,huggingface
hf-302-ru,Уже неделю нет горячей воды. Аварийная служба не объясняет причин.,ЖКХ,ru,Астана,высокая,,huggingface
hf-302-kk,Бір аптадан бері ыстық су жоқ. Авариялық қызмет себебін түсіндірмейді.,ЖКХ,kk,Астана,высокая,,huggingface
hf-303-ru,"Не могу записаться к эндокринологу уже несколько месяцев. В поликлинике говорят, что такого специалиста нет.",медицина,ru,Алматы,средняя,,huggingface
hf-303-kk,Эндокринолог дәрігерге бірнеше айдан бері жазыла алмаймын. Емханада мұндай маман жоқ дейді.,медицина,kk,Алматы,средняя,,huggingface
hf-304-ru,Портфели учеников начальных классов слишком тяжелые. Нужно рассмотреть вопрос перехода на электронные учебники.,образование,ru,Шымкент,низкая,,huggingface
hf-304-kk,Бастауыш сынып оқушыларының сөмкелері өте ауыр. Электронды оқулықтарға көшу мәселесін қарастыру керек.,образование,kk,Шымкент,низкая,,huggingface
hf-305-ru,"При сдаче экзамена на водительские права инспектор намекнул, что может 'помочь'.",коррупция,ru,Карагандинская область,высокая,,huggingface
hf-305-kk,"Жүргізуші куәлігін алуға емтихан тапсырғанда, инспектор 'көмектесуге' болатынын меңзеді.",коррупция,kk,Карагандинская область,высокая,,huggingface
hf-306-ru,"От нефтеперерабатывающего завода в Павлодаре исходит неприятный запах, который затрудняет дыхание.",экология,ru,Павлодарская область,средняя,,huggingface
hf-306-kk,"Павлодардағы мұнай өңдеу зауытынан жағымсыз иіс шығып, тыныс алуды қиындатады.",экология,kk,Павлодарская область,средняя,,huggingface
hf-307-ru,Задерживают выплату пособия по инвалидности уже несколько месяцев.,соцподдержка,ru,Актюбинская область,высокая,,huggingface
hf-307-kk,Мүгедектік бойынша жәрдемақыны бірнеше айдан бері кешіктіріп жатыр.,соцподдержка,kk,Актюбинская область,высокая,,huggingface
hf-308-ru,Мои соседи сильно шумят по ночам. Участковый не принимает никаких мер.,полиция,ru,Астана,низкая,,huggingface
hf-308-kk,Көршілерім түнде қатты шулайды. Учаскелік полиция ешқандай шара қолданбайды.,полиция,kk,Астана,низкая,,huggingface
hf-309-ru,"Обещали провести в село оптоволоконный интернет, но работы так и не начались.",интернет,ru,Восточно-Казахстанская область,средняя,,huggingface
hf-309-kk,"Ауылға оптикалық талшықты интернет тартамыз деп уәде берген, бірақ әлі жұмыс басталмады.",интернет,kk,Восточно-Казахстанская область,средняя,,huggingface
hf-310-ru,Водитель автобуса грубил и разговаривал по телефону за рулем.,общественный транспорт,ru,Алматы,низкая,,huggingface
hf-310-kk,"Автобус жүргізушісі дөрекі сөйлеп, телефонмен сөйлесіп отырды.",общественный транспорт,kk,Алматы,низкая,,huggingface
hf-311-ru,Система освещения на дороге вышла из строя. Ночью ездить опасно.,дороги,ru,Атырауская область,высокая,,huggingface
hf-311-kk,Жолдың жарықтандыру жүйесі істен шыққан. Түнде жүру қауіпті.,дороги,kk,Атырауская область,высокая,,huggingface
hf-312-ru,Председатель ОСИ не проводит собрания и не предоставляет финансовый отчет.,ЖКХ,ru,Астана,средняя,,huggingface
hf-312-kk,ОСИ төрағасы жиналыс өткізбейді және қаржылық есеп бермейді.,ЖКХ,kk,Астана,средняя,,huggingface
hf-313-ru,Не могу найти препарат из списка бесплатных лекарств.,медицина,ru,Карагандинская область,средняя,,huggingface
hf-313-kk,Тегін дәрі-дәрмектер тізіміндегі препаратты таба алмай жүрмін.,медицина,kk,Карагандинская область,средняя,,huggingface
hf-314-ru,"На родительские деньги для ремонта школы закупили дешевые, некачественные материалы.",образование,ru,Туркестанская область,низкая,,huggingface
hf-314-kk,"Мектептегі жөндеу жұмыстарына ата-аналардың ақшасына арзан, сапасыз материалдар алынған.",образование,kk,Туркестанская область,низкая,,huggingface
hf-315-ru,"Мне открыто сказали, что без взятки мой вопрос не решат.",коррупция,ru,Шымкент,высокая,,huggingface
hf-315-kk,"Пара бермейінше, мәселемді шеше алмайтынымды ашық айтты.",коррупция,kk,Шымкент,высокая,,huggingface
hf-316-ru,Стройка у реки меняет русло и разрушает берег.,экология,ru,Алматы,высокая,,huggingface
hf-316-kk,"Өзеннің бойындағы құрылыс судың арнасын өзгертіп, жағаны бұзып жатыр.",экология,kk,Алматы,высокая,,huggingface
hf-317-ru,"Пришлось несколько раз ходить в ЦОН, чтобы оформить пособие на ребенка.",соцподдержка,ru,Астана,низкая,,huggingface
hf-317-kk,Балама арналған жәрдемақыны рәсімдеу үшін ЦОН-ға бірнеше рет баруға тура келді.,соцподдержка,kk,Астана,низкая,,huggingface
hf-318-ru,"Пришлось дать 'вознаграждение' сотруднику полиции, чтобы забрать машину со штрафстоянки.",полиция,ru,Алматы,высокая,,huggingface
hf-318-kk,Көлігімді айыптұрақтан алу үшін полиция қызметкеріне 'сыйақы' беруге тура келді.,полиция,kk,Алматы,высокая,,huggingface
hf-319-ru,Интернет-провайдер просит плату за устранение неисправности на линии.,интернет,ru,Караганда,низкая,,huggingface
hf-319-kk,Интернет провайдері ақаулықты жою үшін ақы сұрайды.,интернет,kk,Караганда,низкая,,huggingface
hf-320-ru,Реклама в автобусе кричит слишком громко и мешает.,общественный транспорт,ru,Астана,низкая,,huggingface
hf-320-kk,"Автобустың ішінде жарнама өте қатты айқайлап, мазаны алады.",общественный транспорт,kk,Астана,низкая,,huggingface
hf-321-ru,Припаркованные на обочине машины мешают пешеходам.,дороги,ru,Алматы,низкая,,huggingface
hf-321-kk,Жол жиегіне қойылған көліктер жаяу жүргіншілерге кедергі келтіреді.,дороги,kk,Алматы,низкая,,huggingface
hf-322-ru,"Мусоропровод забился, КСК не прочищает.",ЖКХ,ru,Темиртау,средняя,,huggingface
hf-322-kk,"Қоқыс құбыры бітеліп қалды, КСК тазаламайды.",ЖКХ,kk,Темиртау,средняя,,huggingface
hf-323-ru,Попал на прием к врачу на час позже назначенного времени.,медицина,ru,Павлодар,низкая,,huggingface
hf-323-kk,Дәрігердің қабылдауына жазылған уақытымнан бір сағат кеш кірдім.,медицина,kk,Павлодар,низкая,,huggingface
hf-324-ru,На уроках физкультуры в школе не соблюдается техника безопасности.,образование,ru,Актобе,средняя,,huggingface
hf-324-kk,Мектептегі дене шынықтыру сабағында қауіпсіздік ережелері сақталмайды.,образование,kk,Актобе,средняя,,huggingface
hf-325-ru,"Сотрудник госучреждения некомпетентен, отправляет меня из кабинета в кабинет.",коррупция,ru,Астана,низкая,,huggingface
hf-325-kk,"Мемлекеттік мекеменің қызметкері өз жұмысын білмейді, мені әр кабинетке жібереді.",коррупция,kk,Астана,низкая,,huggingface
hf-326-ru,В центре города сносят старые здания и строят на их месте торговые центры.,экология,ru,Алматы,низкая,,huggingface
hf-326-kk,"Қаланың орталығындағы ескі ғимараттарды бұзып, орнына сауда орталықтарын салып жатыр.",экология,kk,Алматы,низкая,,huggingface
hf-327-ru,"Центр занятости предлагает только тяжелую, низкооплачиваемую работу.",соцподдержка,ru,Караганда,низкая,,huggingface
hf-327-kk,"Жұмыспен қамту орталығы тек ауыр, төмен ақы төленетін жұмыстарды ұсынады.",соцподдержка,kk,Караганда,низкая,,huggingface
hf-328-ru,Машина дорожно-патрульной полиции нарушила ПДД и выехала на встречную полосу.,полиция,ru,Астана,средняя,,huggingface
hf-328-kk,"Жол-патрульдік полициясының көлігі жол ережесін бұзып, қарсы бетке шықты.",полиция,kk,Астана,средняя,,huggingface
hf-329-ru,"Скорость интернета хорошая ночью, но очень медленная днем.",интернет,ru,Шымкент,низкая,,huggingface
hf-329-kk,"Интернеттің жылдамдығы түнде жақсы, ал күндіз өте баяу.",интернет,kk,Шымкент,низкая,,huggingface
hf-330-ru,"Павильон автобусной остановки сломан, не защищает от дождя.",общественный транспорт,ru,Костанай,низкая,,huggingface
hf-330-kk,"Автобус аялдамасының павильоны сынған, жаңбырдан қорғамайды.",общественный транспорт,kk,Костанай,низкая,,huggingface
hf-331-ru,"Ливневые решетки на дороге забиты, после дождя образуются огромные лужи.",дороги,ru,Астана,средняя,,huggingface
hf-331-kk,"Жолға салынған суағар торлары бітеліп, жаңбырдан кейін көлкіген су пайда болады.",дороги,kk,Астана,средняя,,huggingface
hf-332-ru,ОСИ не отчитывается за собранные деньги.,ЖКХ,ru,Алматы,средняя,,huggingface
hf-332-kk,ОСИ жинаған ақшаға есеп бермейді.,ЖКХ,kk,Алматы,средняя,,huggingface
hf-333-ru,"Туалеты в поликлинике грязные, не соответствуют санитарным нормам.",медицина,ru,Кызылорда,низкая,,huggingface
hf-333-kk,"Емхананың дәретханалары лас, санитарлық талаптарға сай емес.",медицина,kk,Кызылорда,низкая,,huggingface
hf-334-ru,В кабинете информатики в школе нет интернета.,образование,ru,Жамбылская область,средняя,,huggingface
hf-334-kk,Мектептегі информатика кабинетінде интернет жоқ.,образование,kk,Жамбылская область,средняя,,huggingface
hf-335-ru,При оформлении документов каждый сотрудник намекает на 'вознаграждение'.,коррупция,ru,Туркестанская область,высокая,,huggingface
hf-335-kk,Құжаттарды рәсімдеу кезінде әр қызметкер 'сыйақы' күтетінін білдіреді.,коррупция,kk,Туркестанская область,высокая,,huggingface
hf-336-ru,В реку рядом с городом сбрасывают строительный мусор.,экология,ru,Уральск,средняя,,huggingface
hf-336-kk,Қаланың жанындағы өзенге құрылыс қалдықтарын төгіп жатыр.,экология,kk,Уральск,средняя,,huggingface
hf-337-ru,"Срок действия справок, необходимых для получения пособия, очень короткий.",соцподдержка,ru,Астана,низкая,,huggingface
hf-337-kk,Жәрдемақы алу үшін қажетті анықтамалардың жарамдылық мерзімі өте қысқа.,соцподдержка,kk,Астана,низкая,,huggingface
hf-338-ru,По ночам во дворе прокалывают шины у машин. Полиция никого не находит.,полиция,ru,Караганда,средняя,,huggingface
hf-338-kk,Түнде аулада көліктердің дөңгелегін жарып кетеді. Полиция ешкімді таппайды.,полиция,kk,Караганда,средняя,,huggingface
hf-339-ru,Интернет-линия часто выходит из строя. Приходится вызывать ремонтников по несколько раз в месяц.,интернет,ru,Алматы,средняя,,huggingface
hf-339-kk,Интернет желісі жиі істен шығады. Айына бірнеше рет жөндеуге тура келеді.,интернет,kk,Алматы,средняя,,huggingface
hf-340-ru,"Водитель автобуса курил на остановке, и весь дым пошел в салон.",общественный транспорт,ru,Павлодар,низкая,,huggingface
hf-340-kk,"Автобус жүргізушісі аялдамада темекі шегіп, салонда түтін болып кетті.",общественный транспорт,kk,Павлодар,низкая,,huggingface
hf-341-ru,Я повредил машину из-за большой ямы посреди дороги.,дороги,ru,Семей,высокая,,huggingface
hf-341-kk,Жолдың ортасындағы үлкен шұңқырдың кесірінен көлігімді зақымдап алдым.,дороги,kk,Семей,высокая,,huggingface
hf-342-ru,"Электрощит в подъезде открыт, это опасно для детей.",ЖКХ,ru,Астана,высокая,,huggingface
hf-342-kk,"Подъездегі электр щиті ашық тұр, бұл балалар үшін қауіпті.",ЖКХ,kk,Астана,высокая,,huggingface
hf-343-ru,"Аппарат по продаже бахил в поликлинике забирает деньги, но не выдает бахилы.",медицина,ru,Алматы,низкая,,huggingface
hf-343-kk,"Емханадағы бахила сататын аппарат ақшаны алады, бірақ бахила бермейді.",медицина,kk,Алматы,низкая,,huggingface
hf-344-ru,Мой ребенок отравился школьной едой.,образование,ru,Шымкент,высокая,,huggingface
hf-344-kk,Мектептегі тамақтан балам уланып қалды.,образование,kk,Шымкент,высокая,,huggingface
hf-345-ru,Госслужащие в рабочее время занимаются своими делами.,коррупция,ru,Астана,низкая,,huggingface
hf-345-kk,Мемлекеттік қызметкерлер жұмыс уақытында өз шаруаларымен айналысады.,коррупция,kk,Астана,низкая,,huggingface
hf-346-ru,Заброшенные промышленные здания в черте города представляют опасность.,экология,ru,Караганда,низкая,,huggingface
hf-346-kk,Қаланың ішіндегі қараусыз қалған өндірістік ғимараттар қауіп төндіреді.,экология,kk,Караганда,низкая,,huggingface
hf-347-ru,Для получения пособия по уходу за ребенком требуют справку о доходах супруга.,соцподдержка,ru,Алматы,низкая,,huggingface
hf-347-kk,Бала күтіміне байланысты жәрдемақыны алу үшін жұбайымның табысы туралы анықтама сұрайды.,соцподдержка,kk,Алматы,низкая,,huggingface
hf-348-ru,"Кто-то скопировал номер моей машины, и теперь штрафы приходят мне.",полиция,ru,Астана,высокая,,huggingface
hf-348-kk,"Көлігімнің нөмірін біреу көшіріп алып, айыппұлдар маған келіп жатыр.",полиция,kk,Астана,высокая,,huggingface
hf-349-ru,"В договоре с интернет-провайдером есть дополнительные условия, написанные очень мелким шрифтом.",интернет,ru,Алматы,низкая,,huggingface
hf-349-kk,Интернет провайдерімен келісім-шартта өте ұсақ шрифтпен жазылған қосымша шарттар бар.,интернет,kk,Алматы,низкая,,huggingface
hf-350-ru,"Водитель автобуса не остановился на остановке, а высадил пассажиров посреди дороги.",общественный транспорт,ru,Шымкент,высокая,,huggingface
hf-350-kk,"Автобус жүргізушісі аялдамаға тоқтамай, жолаушыларды жолдың ортасында түсірді.",общественный транспорт,kk,Шымкент,высокая,,huggingface
hf-351-ru,"Кто-то украл крышку люка на улице. Он открыт, это очень опасно.",ЖКХ,ru,Актау,высокая,,huggingface
hf-351-kk,"Көшедегі люктің қақпағын біреу ұрлап кетті. Ашық жатыр, өте қауіпті.",ЖКХ,kk,Актау,высокая,,huggingface
hf-352-ru,"Мой врач отказался открывать больничный лист, хотя у меня высокая температура.",медицина,ru,Костанай,высокая,,huggingface
hf-352-kk,"Дәрігерім еңбекке жарамсыздық парағын ашудан бас тартты, бірақ менің температурам жоғары.",медицина,kk,Костанай,высокая,,huggingface
hf-353-ru,Мусор вдоль трассы республиканского значения не убирают.,дороги,ru,Жамбылская область,низкая,,huggingface
hf-353-kk,Республикалық маңызы бар жолдың бойындағы қоқыс жиналмайды.,дороги,kk,Жамбылская область,низкая,,huggingface
hf-354-ru,Учебники английского языка в школе устарели и не соответствуют новой программе.,образование,ru,Петропавловск,низкая,,huggingface
hf-354-kk,"Мектептегі ағылшын тілі оқулықтары ескірген, жаңа бағдарламаға сай емес.",образование,kk,Петропавловск,низкая,,huggingface
hf-355-ru,"С меня потребовали дополнительную плату за справку, хотя я уже оплатил госпошлину.",коррупция,ru,Астана,высокая,,huggingface
hf-355-kk,"Анықтама алу үшін мемлекеттік бажды төлесем де, менен қосымша ақы талап етті.",коррупция,kk,Астана,высокая,,huggingface
hf-356-ru,В лесном массиве за городом идет несанкционированная охота.,экология,ru,Акмолинская область,средняя,,huggingface
hf-356-kk,Қала сыртындағы орман алқабында рұқсатсыз аң аулау жүріп жатыр.,экология,kk,Акмолинская область,средняя,,huggingface
hf-357-ru,Пришлось простоять в очереди в ЦОНе несколько часов для оформления пособия.,соцподдержка,ru,Шымкент,низкая,,huggingface
hf-357-kk,Жәрдемақыны рәсімдеу үшін ЦОН-да бірнеше сағат кезекте тұруға тура келді.,соцподдержка,kk,Шымкент,низкая,,huggingface
hf-358-ru,Участковый инспектор не реагирует на мою жалобу.,полиция,ru,Алматы,средняя,,huggingface
hf-358-kk,Учаскелік инспектор менің шағымыма жауап бермейді.,полиция,kk,Алматы,средняя,,huggingface
hf-359-ru,Провайдер отказался делать перерасчет за снижение скорости интернета.,интернет,ru,Астана,низкая,,huggingface
hf-359-kk,Интернеттің жылдамдығы төмендегені үшін қайта есептеуден бас тартты.,интернет,kk,Астана,низкая,,huggingface
hf-360-ru,"Водитель автобуса проехал остановку, устроив гонки.",общественный транспорт,ru,Караганда,высокая,,huggingface
hf-360-kk,"Автобус жүргізушісі аялдамада тоқтамай, жарысып кетті.",общественный транспорт,kk,Караганда,высокая,,huggingface
hf-361-ru,"Качество новой детской площадки очень плохое, сломалась через месяц.",ЖКХ,ru,Астана,средняя,,huggingface
hf-361-kk,"Жаңадан салынған балалар алаңының сапасы өте нашар, бір айда сынып қалды.",ЖКХ,kk,Астана,средняя,,huggingface
hf-362-ru,В зале ожидания поликлиники не хватает стульев.,медицина,ru,Талдыкорган,низкая,,huggingface
hf-362-kk,Емханадағы кезек күту залында орындықтар жетіспейді.,медицина,kk,Талдыкорган,низкая,,huggingface
hf-363-ru,Ветки деревьев вдоль дороги не обрезаны и закрывают дорожные знаки.,дороги,ru,Алматы,низкая,,huggingface
hf-363-kk,"Жол бойындағы ағаштардың бұтақтары кесілмеген, жол белгілерін жауып тұр.",дороги,kk,Алматы,низкая,,huggingface
hf-364-ru,"Цены в школьной столовой высокие, а качество еды низкое.",образование,ru,Астана,средняя,,huggingface
hf-364-kk,Мектеп асханасындағы тамақтың бағасы қымбат және сапасы төмен.,образование,kk,Астана,средняя,,huggingface
hf-365-ru,"Пришлось искать знакомых, чтобы встать в очередь на земельный участок.",коррупция,ru,Алматинская область,средняя,,huggingface
hf-365-kk,Жер учаскесін алу кезегіне тұру үшін таныс іздеуге тура келді.,коррупция,kk,Алматинская область,средняя,,huggingface
hf-366-ru,Где можно получить информацию о качестве воздуха в центре города?,экология,ru,Астана,низкая,,huggingface
hf-366-kk,Қаланың орталығындағы ауаның сапасы туралы ақпаратты қайдан алуға болады?,экология,kk,Астана,низкая,,huggingface
hf-367-ru,"Я зарегистрирован как безработный уже несколько месяцев, но достойной работы так и не предложили.",соцподдержка,ru,Павлодарская область,средняя,,huggingface
hf-367-kk,"Жұмыссыз ретінде тіркелгеніме бірнеше ай болса да, лайықты жұмыс ұсынбады.",соцподдержка,kk,Павлодарская область,средняя,,huggingface
hf-368-ru,Остановивший меня сотрудник полиции отказался представиться.,полиция,ru,Шымкент,низкая,,huggingface
hf-368-kk,Көлігімді тоқтатқан полиция қызметкері өзін таныстырудан бас тартты.,полиция,kk,Шымкент,низкая,,huggingface
hf-369-ru,Интернет-провайдер требует предоплату еще до подключения.,интернет,ru,Караганда,низкая,,huggingface
hf-369-kk,Интернет провайдері қосылмай тұрып алдын ала төлем талап етеді.,интернет,kk,Караганда,низкая,,huggingface
hf-370-ru,"Автобусы стали часто не доезжать до конечной остановки, разворачиваясь на полпути.",общественный транспорт,ru,Астана,средняя,,huggingface
hf-370-kk,"Автобустардың соңғы аялдамаға дейін бармай, жолдан қайтып кетуі жиілеп кетті.",общественный транспорт,kk,Астана,средняя,,huggingface
hf-371-ru,Одна из батарей отопления в доме не греет. В КСК не реагируют.,ЖКХ,ru,Петропавловск,средняя,,huggingface
hf-371-kk,"Үйдегі жылу батареяларының бірі жылымайды. КСК-ға айтсам, нәтиже жоқ.",ЖКХ,kk,Петропавловск,средняя,,huggingface
hf-372-ru,"Чтобы записаться к врачу, нужно занимать очередь с раннего утра.",медицина,ru,Актобе,средняя,,huggingface
hf-372-kk,Дәрігердің қабылдауына жазылу үшін таңертең ертеден кезекке тұру керек.,медицина,kk,Актобе,средняя,,huggingface
hf-373-ru,Машины паркуют на тротуаре.,дороги,ru,Астана,низкая,,huggingface
hf-373-kk,Жолдың жаяу жүргіншілерге арналған бөлігіне көліктерді қойып кетеді.,дороги,kk,Астана,низкая,,huggingface
hf-374-ru,"Территория школы не убирается, везде мусор.",образование,ru,Кызылорда,низкая,,huggingface
hf-374-kk,"Мектеп ауласы тазаланбайды, қоқысқа толы.",образование,kk,Кызылорда,низкая,,huggingface
hf-375-ru,За получение квартиры по госпрограмме потребовали большую 'благодарность'.,коррупция,ru,Астана,высокая,,huggingface
hf-375-kk,Мемлекеттік бағдарлама бойынша үй алу үшін үлкен 'сыйақы' сұрады.,коррупция,kk,Астана,высокая,,huggingface
hf-376-ru,В воздухе на центральных улицах города чувствуется запах серы.,экология,ru,Атырау,средняя,,huggingface
hf-376-kk,Қаланың орталық көшелеріндегі ауада күкірттің иісі сезіледі.,экология,kk,Атырау,средняя,,huggingface
hf-377-ru,"Мне кажется, что размер моей пенсии рассчитан неправильно.",соцподдержка,ru,Алматы,низкая,,huggingface
hf-377-kk,Зейнетақымның мөлшері дұрыс есептелмеген сияқты.,соцподдержка,kk,Алматы,низкая,,huggingface
hf-378-ru,По моему заявлению полиция не проводит никаких следственных действий.,полиция,ru,Караганда,средняя,,huggingface
hf-378-kk,Менің арызым бойынша полиция ешқандай тергеу амалдарын жүргізбейді.,полиция,kk,Караганда,средняя,,huggingface
hf-379-ru,"Мастера, пришедшие для подключения интернета, сделали работу некачественно и попросили доплату.",интернет,ru,Астана,средняя,,huggingface
hf-379-kk,"Интернетке қосылу үшін келген шеберлер жұмысын сапасыз жасап, қосымша ақы сұрады.",интернет,kk,Астана,средняя,,huggingface
hf-380-ru,"Печка в автобусе зимой плохо работает, очень холодно.",общественный транспорт,ru,Петропавловск,средняя,,huggingface
hf-380-kk,"Автобустың ішіндегі пеш қыста дұрыс істемейді, өте суық.",общественный транспорт,kk,Петропавловск,средняя,,huggingface
hf-381-ru,Уже несколько недель прошу КСК заменить лампочку в подъезде.,ЖКХ,ru,Усть-Каменогорск,низкая,,huggingface
hf-381-kk,Кіреберістегі шамды ауыстыру үшін КСК-ға бірнеше аптадан бері өтініш білдіріп жүрмін.,ЖКХ,kk,Усть-Каменогорск,низкая,,huggingface
hf-382-ru,"Врач поставил диагноз и назначил лечение заочно, без осмотра.",медицина,ru,Шымкент,высокая,,huggingface
hf-382-kk,"Дәрігер маған қарамастан, сыртымнан диагноз қойып, ем жазып берді.",медицина,kk,Шымкент,высокая,,huggingface
hf-383-ru,Мусорные урны вдоль дороги постоянно переполнены.,дороги,ru,Астана,низкая,,huggingface
hf-383-kk,Жол бойындағы қоқыс жәшіктері үнемі толып тұрады.,дороги,kk,Астана,низкая,,huggingface
hf-384-ru,Спортивный зал в школе устарел и требует ремонта.,образование,ru,Семей,низкая,,huggingface
hf-384-kk,"Мектептегі спорт зал ескірген, жөндеуді қажет етеді.",образование,kk,Семей,низкая,,huggingface
hf-385-ru,Телефон доверия по вопросам коррупции не отвечает.,коррупция,ru,Астана,высокая,,huggingface
hf-385-kk,Сыбайлас жемқорлық туралы хабарлауға арналған сенім телефоны жауап бермейді.,коррупция,kk,Астана,высокая,,huggingface
hf-386-ru,У меня обострилась аллергия из-за заводского дыма.,экология,ru,Темиртау,средняя,,huggingface
hf-386-kk,Зауыттың түтінінен аллергиям күшейіп кетті.,экология,kk,Темиртау,средняя,,huggingface
hf-387-ru,"Приходится тратить очень много времени и нервов, чтобы получить социальную помощь.",соцподдержка,ru,Караганда,низкая,,huggingface
hf-387-kk,Әлеуметтік көмек алу үшін өте көп уақыт пен жүйке жұмсауға тура келеді.,соцподдержка,kk,Караганда,низкая,,huggingface
hf-388-ru,Полиция приехала на уличную драку только через час.,полиция,ru,Алматы,высокая,,huggingface
hf-388-kk,Көшедегі төбелеске полиция бір сағаттан кейін әрең келді.,полиция,kk,Алматы,высокая,,huggingface
hf-389-ru,Невозможно дозвониться в службу технической поддержки интернет-провайдера.,интернет,ru,Астана,низкая,,huggingface
hf-389-kk,Интернет провайдерінің техникалық қолдау қызметіне хабарласу мүмкін емес.,интернет,kk,Астана,низкая,,huggingface
hf-390-ru,"Водитель автобуса проявил грубость, посадив на мое место другого пассажира.",общественный транспорт,ru,Шымкент,низкая,,huggingface
hf-390-kk,"Автобус жүргізушісі менің орныма басқа жолаушыны отырғызып, дөрекілік танытты.",общественный транспорт,kk,Шымкент,низкая,,huggingface
hf-391-ru,Асфальт во дворе дома полностью разбит.,ЖКХ,ru,Костанай,средняя,,huggingface
hf-391-kk,Үйдің ауласындағы асфальт толығымен бұзылған.,ЖКХ,kk,Костанай,средняя,,huggingface
hf-392-ru,"В лаборатории поликлиники отказались принимать анализы, сославшись на отсутствие реактивов.",медицина,ru,Уральск,средняя,,huggingface
hf-392-kk,"Емханадағы зертханада реактивтер жоқ деп, анализ қабылдаудан бас тартты.",медицина,kk,Уральск,средняя,,huggingface
hf-393-ru,"Дорожные работы проводят по ночам, не дают спать.",дороги,ru,Алматы,низкая,,huggingface
hf-393-kk,"Жол жөндеу жұмыстары түнде жүргізіліп, ұйықтауға мүмкіндік бермейді.",дороги,kk,Алматы,низкая,,huggingface
hf-394-ru,"В школе ввели электронный дневник, но учителя его не заполняют.",образование,ru,Астана,низкая,,huggingface
hf-394-kk,"Мектепке электронды күнделік енгізілгенімен, мұғалімдер оны толтырмайды.",образование,kk,Астана,низкая,,huggingface
hf-395-ru,Сотрудники дорожной полиции выполняют незаконный 'план' и штрафуют без причины.,коррупция,ru,Алматы,средняя,,huggingface
hf-395-kk,"Жол полициясының қызметкерлері заңсыз 'жоспар' орындап, себепсіз айыппұл салады.",коррупция,kk,Алматы,средняя,,huggingface
hf-396-ru,Берег городского озера не убирают.,экология,ru,Астана,низкая,,huggingface
hf-396-kk,Қала ішіндегі көлдің жағасы тазаланбайды.,экология,kk,Астана,низкая,,huggingface
hf-397-ru,В школе отказались открывать инклюзивный класс для моего ребенка с особыми потребностями.,соцподдержка,ru,Караганда,высокая,,huggingface
hf-397-kk,Менің баламның ерекше қажеттіліктеріне байланысты мектепте инклюзивті сынып ашудан бас тартты.,соцподдержка,kk,Караганда,высокая,,huggingface
hf-398-ru,Сотрудники полиции отказались регистрировать мое заявление.,полиция,ru,Шымкент,высокая,,huggingface
hf-398-kk,Полиция қызметкерлері менің шағымымды тіркеуден бас тартты.,полиция,kk,Шымкент,высокая,,huggingface
hf-399-ru,"Качество мобильного интернета ухудшилось настолько, что сложно даже обмениваться сообщениями.",интернет,ru,Атырауская область,средняя,,huggingface
hf-399-kk,"Мобильді интернеттің сапасы нашарлағаны сонша, хат-хабар алмасу да қиын.",интернет,kk,Атырауская область,средняя,,huggingface
hf-400-ru,Кондиционеры в автобусах летом не работают.,общественный транспорт,ru,Алматы,средняя,,huggingface
hf-400-kk,Автобустардың кондиционері жазда істемейді.,общественный транспорт,kk,Алматы,средняя,,huggingface
hf-401-ru,"В подъезде разбито окно, ОСИ не меняет.",ЖКХ,ru,Астана,низкая,,huggingface
hf-401-kk,"Кіреберістегі терезе сынған, ОСИ ауыстырмайды.",ЖКХ,kk,Астана,низкая,,huggingface
hf-402-ru,Портал для записи на прием к врачу постоянно не работает.,медицина,ru,Астана,низкая,,huggingface
hf-402-kk,Дәрігердің қабылдауына жазылу үшін портал үнемі істемейді.,медицина,kk,Астана,низкая,,huggingface
hf-403-ru,На остановке у дороги нет скамейки для ожидания.,дороги,ru,Туркестанская область,низкая,,huggingface
hf-403-kk,Жол бойындағы аялдамада күтуге арналған орындық жоқ.,дороги,kk,Туркестанская область,низкая,,huggingface
hf-404-ru,Воспитатель в детском саду просит доплату за хорошее отношение к моему ребенку.,образование,ru,Кызылорда,высокая,,huggingface
hf-404-kk,Балабақшадағы тәрбиеші балама дұрыс қарамағаны үшін қосымша ақы сұрайды.,образование,kk,Кызылорда,высокая,,huggingface
hf-405-ru,"Кажется, что результаты конкурса госзакупок известны заранее.",коррупция,ru,Астана,средняя,,huggingface
hf-405-kk,Мемлекеттік сатып алу конкурсының нәтижелері алдын ала белгілі сияқты.,коррупция,kk,Астана,средняя,,huggingface
hf-406-ru,Пыль от карьера рядом с городом вредит здоровью.,экология,ru,Карагандинская область,средняя,,huggingface
hf-406-kk,Қаланың жанындағы карьерден шыққан шаң денсаулыққа зиян.,экология,kk,Карагандинская область,средняя,,huggingface
hf-407-ru,Мне необоснованно отказали в назначении адресной социальной помощи.,соцподдержка,ru,Шымкент,высокая,,huggingface
hf-407-kk,Атаулы әлеуметтік көмек тағайындаудан негізсіз бас тартты.,соцподдержка,kk,Шымкент,высокая,,huggingface
hf-408-ru,Сотрудники полиции не принимают мер к нарушителям ПДД.,полиция,ru,Алматы,низкая,,huggingface
hf-408-kk,Полиция қызметкерлері жол ережесін бұзғандарға шара қолданбайды.,полиция,kk,Алматы,низкая,,huggingface
hf-409-ru,"Скорость интернета, указанная в рекламе провайдера, не соответствует действительности.",интернет,ru,Астана,низкая,,huggingface
hf-409-kk,Интернет провайдерінің жарнамадағы жылдамдығы шындыққа сәйкес келмейді.,интернет,kk,Астана,низкая,,huggingface
hf-410-ru,"Водитель автобуса уехал, не забрав пассажиров, ожидавших на остановке.",общественный транспорт,ru,Караганда,низкая,,huggingface
hf-410-kk,Автобус жүргізушісі аялдамада күтіп тұрған жолаушыларды алмай кетіп қалды.,общественный транспорт,kk,Караганда,низкая,,huggingface
hf-411-ru,"Дорога перед домом не заасфальтирована, сплошная грязь.",ЖКХ,ru,Атырау,средняя,,huggingface
hf-411-kk,"Үйдің алдындағы жолға асфальт төселмеген, батпақ.",ЖКХ,kk,Атырау,средняя,,huggingface
hf-412-ru,"Большинство врачей в поликлинике говорят по-русски, не знают казахского языка.",медицина,ru,Астана,низкая,,huggingface
hf-412-kk,"Емханадағы дәрігерлердің көбісі орысша сөйлейді, қазақша білмейді.",медицина,kk,Астана,низкая,,huggingface
hf-413-ru,"Крышка люка посреди дороги сместилась, это опасно.",дороги,ru,Алматы,высокая,,huggingface
hf-413-kk,"Жолдың ортасындағы люктің қақпағы орнынан қозғалып кеткен, қауіпті.",дороги,kk,Алматы,высокая,,huggingface
hf-414-ru,Заместитель директора школы грубит ученикам.,образование,ru,Павлодар,средняя,,huggingface
hf-414-kk,Мектеп директорының орынбасары оқушыларға дөрекі сөйлейді.,образование,kk,Павлодар,средняя,,huggingface
hf-415-ru,Существует множество барьеров для получения строительной лицензии.,коррупция,ru,Астана,низкая,,huggingface
hf-415-kk,Құрылыс лицензиясын алу үшін көптеген кедергілер бар.,коррупция,kk,Астана,низкая,,huggingface
hf-416-ru,Из-за грязного воздуха в городе у моего ребенка случаются приступы астмы.,экология,ru,Алматы,высокая,,huggingface
hf-416-kk,"Қаланың ауасы лас болғандықтан, баламның демікпесі ұстап қалады.",экология,kk,Алматы,высокая,,huggingface
hf-417-ru,Имею ли я право на внеочередное место в детском саду как мать-одиночка?,соцподдержка,ru,Астана,низкая,,huggingface
hf-417-kk,Жалғызбасты ана ретінде балабақшаға кезексіз орын алуға құқығым бар ма?,соцподдержка,kk,Астана,низкая,,huggingface
hf-418-ru,Сотрудники полиции не принимают мер к пьяным людям на улицах ночью.,полиция,ru,Караганда,низкая,,huggingface
hf-418-kk,Полиция қызметкерлері түнде мас адамдарға шара қолданбайды.,полиция,kk,Караганда,низкая,,huggingface
hf-419-ru,Интернет-провайдер проводит ремонтные работы на линии без предупреждения и отключает интернет.,интернет,ru,Алматы,низкая,,huggingface
hf-419-kk,"Интернет провайдері ескертусіз желіде жөндеу жұмыстарын жүргізіп, интернетті сөндіріп тастайды.",интернет,kk,Алматы,низкая,,huggingface
hf-420-ru,Автобусы в вечернее время ходят очень редко.,общественный транспорт,ru,Астана,средняя,,huggingface
hf-420-kk,Автобустар кешкі уақытта сирек жүреді.,общественный транспорт,kk,Астана,средняя,,huggingface
hf-421-ru,Запах из мусоропровода в подъезде доходит до квартиры.,ЖКХ,ru,Шымкент,средняя,,huggingface
hf-421-kk,Подъездегі қоқыс құбырының иісі пәтерге дейін кіреді.,ЖКХ,kk,Шымкент,средняя,,huggingface
hf-422-ru,Врач не выслушал мои жалобы и быстро выпроводил из кабинета.,медицина,ru,Астана,низкая,,huggingface
hf-422-kk,"Дәрігер менің шағымдарыма құлақ аспай, тез шығарып салды.",медицина,kk,Астана,низкая,,huggingface
hf-423-ru,На дороге стало очень много ям.,дороги,ru,Караганда,средняя,,huggingface
hf-423-kk,Жолдың ортасындағы шұңқырлар көбейіп кетті.,дороги,kk,Караганда,средняя,,huggingface
hf-424-ru,"В школе часто меняются учителя, что негативно сказывается на качестве образования.",образование,ru,Алматы,средняя,,huggingface
hf-424-kk,"Мектептегі мұғалімдер жиі ауысады, бұл білім сапасына кері әсер етеді.",образование,kk,Алматы,средняя,,huggingface
hf-425-ru,За получение госуслуги потребовали незаконное вознаграждение.,коррупция,ru,Туркестанская область,высокая,,huggingface
hf-425-kk,Мемлекеттік қызмет алу үшін заңсыз сыйақы талап етті.,коррупция,kk,Туркестанская область,высокая,,huggingface
hf-426-ru,Где можно посмотреть экологическую карту города?,экология,ru,Астана,низкая,,huggingface
hf-426-kk,Қаланың экологиялық картасын қайдан көруге болады?,экология,kk,Астана,низкая,,huggingface
hf-427-ru,Не могу получить реабилитационные средства для моего ребенка с инвалидностью.,соцподдержка,ru,Атырау,высокая,,huggingface
hf-427-kk,Мүгедектігі бар балама арналған оңалту құралдарын ала алмай жүрмін.,соцподдержка,kk,Атырау,высокая,,huggingface
hf-428-ru,Сотрудники полиции в рабочее время ездят на служебной машине по личным делам.,полиция,ru,Астана,низкая,,huggingface
hf-428-kk,Полиция қызметкерлері жұмыс уақытында қызметтік көлікпен жеке шаруаларымен жүреді.,полиция,kk,Астана,низкая,,huggingface
hf-429-ru,"Мастера, пришедшие подключать интернет, не сняли обувь в доме.",интернет,ru,Алматы,низкая,,huggingface
hf-429-kk,Интернетке қосылу үшін келген шеберлер үйдің ішінде аяқ киімдерін шешпеді.,интернет,kk,Алматы,низкая,,huggingface
hf-430-ru,"Водитель автобуса проехал мимо остановки, не забрав меня.",общественный транспорт,ru,Астана,низкая,,huggingface
hf-430-kk,"Автобус жүргізушісі аялдамаға тоқтамай, мені өткізіп кетті.",общественный транспорт,kk,Астана,низкая,,huggingface
hf-431-ru,На детской площадке возле дома распивают алкогольные напитки.,ЖКХ,ru,Караганда,средняя,,huggingface
hf-431-kk,Үйдің қасындағы балалар алаңында алкогольдік ішімдіктер ішеді.,ЖКХ,kk,Караганда,средняя,,huggingface
hf-432-ru,Сеть Wi-Fi в поликлинике не работает.,медицина,ru,Астана,низкая,,huggingface
hf-432-kk,Емханадағы Wi-Fi желісі жұмыс істемейді.,медицина,kk,Астана,низкая,,huggingface
hf-433-ru,Одна из ламп на светофоре над дорогой мигает.,дороги,ru,Алматы,низкая,,huggingface
hf-433-kk,Жолдың үстіндегі бағдаршамның бір шамы жанып-сөніп тұр.,дороги,kk,Алматы,низкая,,huggingface
hf-434-ru,Охранник в школе часто отсутствует на своем посту.,образование,ru,Шымкент,средняя,,huggingface
hf-434-kk,Мектептегі күзетші өз орнында болмайды.,образование,kk,Шымкент,средняя,,huggingface
hf-435-ru,"Директор компании, выигравшей тендер, является родственником чиновника из акимата.",коррупция,ru,Кызылорда,высокая,,huggingface
hf-435-kk,Тендерді ұтып алған компанияның директоры - әкімдіктегі шенеуніктің туысы.,коррупция,kk,Кызылорда,высокая,,huggingface
hf-436-ru,После купания в реке рядом с городом у меня на коже появилась сыпь.,экология,ru,Усть-Каменогорск,средняя,,huggingface
hf-436-kk,Қаланың жанындағы өзенге жуынғаннан кейін терімде бөртпе пайда болды.,экология,kk,Усть-Каменогорск,средняя,,huggingface
hf-437-ru,"Список документов, необходимых для получения пособия, постоянно меняется.",соцподдержка,ru,Астана,низкая,,huggingface
hf-437-kk,Жәрдемақы алу үшін қажетті құжаттар тізімі үнемі өзгеріп отырады.,соцподдержка,kk,Астана,низкая,,huggingface
hf-438-ru,Сотрудник полиции разговаривал со мной грубо и угрожал.,полиция,ru,Алматы,высокая,,huggingface
hf-438-kk,"Полиция қызметкері менімен дөрекі сөйлесіп, қорқытты.",полиция,kk,Алматы,высокая,,huggingface
hf-439-ru,Интернет-провайдер в одностороннем порядке изменил условия тарифного плана.,интернет,ru,Караганда,низкая,,huggingface
hf-439-kk,Интернет провайдері тарифтік жоспардың шарттарын біржақты өзгертті.,интернет,kk,Караганда,низкая,,huggingface
hf-440-ru,"Водитель автобуса поехал, не дождавшись, пока все пассажиры зайдут на остановке.",общественный транспорт,ru,Астана,низкая,,huggingface
hf-440-kk,"Автобус жүргізушісі аялдамада жолаушыларды толық отырғызбай, жүріп кетті.",общественный транспорт,kk,Астана,низкая,,huggingface
hf-441-ru,Стена в доме отсырела и покрылась плесенью.,ЖКХ,ru,Петропавловск,высокая,,huggingface
hf-441-kk,"Үйдің қабырғасы ылғалданып, көгеріп кетті.",ЖКХ,kk,Петропавловск,высокая,,huggingface
hf-442-ru,Многие врачи в поликлинике молодые и неопытные.,медицина,ru,Астана,низкая,,huggingface
hf-442-kk,"Емханадағы дәрігерлердің көбісі жас, тәжірибесіз.",медицина,kk,Астана,низкая,,huggingface
hf-443-ru,"Придорожные арыки переполнены водой, невозможно идти по тротуару.",дороги,ru,Алматы,средняя,,huggingface
hf-443-kk,"Жол жиегіндегі арықтарға су толған, жаяу жүргіншілер жолымен жүру мүмкін емес.",дороги,kk,Алматы,средняя,,huggingface
hf-444-ru,Еда в детском саду постоянно пахнет одинаково.,образование,ru,Астана,низкая,,huggingface
hf-444-kk,Балабақшадағы тамақтан үнемі бірдей иіс шығады.,образование,kk,Астана,низкая,,huggingface
hf-445-ru,"На мое обращение в госорган пришел формальный, бессодержательный ответ.",коррупция,ru,Астана,низкая,,huggingface
hf-445-kk,"Мемлекеттік органға жазған өтінішіме формальды, мәнсіз жауап келді.",коррупция,kk,Астана,низкая,,huggingface
hf-446-ru,В городскую реку сливают масляные отходы.,экология,ru,Павлодар,высокая,,huggingface
hf-446-kk,Қала ішіндегі өзенге май қалдықтарын төгіп жатыр.,экология,kk,Павлодар,высокая,,huggingface
hf-447-ru,"Мне отказали в назначении пособия, сославшись на наличие у меня имущества.",соцподдержка,ru,Алматы,средняя,,huggingface
hf-447-kk,"Жәрдемақы тағайындау кезінде менің мүлкімді ескеріп, бас тартты.",соцподдержка,kk,Алматы,средняя,,huggingface
hf-448-ru,Из квартиры моего соседа пахнет наркотиками.,полиция,ru,Астана,высокая,,huggingface
hf-448-kk,Көршімнің пәтерінен есірткінің иісі шығады.,полиция,kk,Астана,высокая,,huggingface
hf-449-ru,Контакт-центр интернет-провайдера работает только в дневное время.,интернет,ru,Шымкент,низкая,,huggingface
hf-449-kk,Интернет провайдерімен байланыс орталығы күндіз ғана жұмыс істейді.,интернет,kk,Шымкент,низкая,,huggingface
hf-450-ru,"Салон автобуса заклеен рекламными листовками, которые закрывают окна.",общественный транспорт,ru,Алматы,низкая,,huggingface
hf-450-kk,"Автобустардың салонында жарнама қағаздары жабыстырылып, терезені жауып тастаған.",общественный транспорт,kk,Алматы,низкая,,huggingface
hf-451-ru,"Покрытие на спортивной площадке во дворе износилось, что создает риск травм.",ЖКХ,ru,Астана,средняя,,huggingface
hf-451-kk,"Ауладағы спорт алаңының жабыны ескіріп, жарақат алу қаупін тудырады.",ЖКХ,kk,Астана,средняя,,huggingface
hf-452-ru,"Врач отказался меня принимать, хотя я был записан.",медицина,ru,Караганда,высокая,,huggingface
hf-452-kk,"Дәрігердің қабылдауына жазылсам да, ол мені қабылдамай қойды.",медицина,kk,Караганда,высокая,,huggingface
hf-453-ru,Половина фонарей уличного освещения вдоль дороги не горит.,дороги,ru,Атырау,средняя,,huggingface
hf-453-kk,Жол бойындағы жарық шамдарының жартысы жанбайды.,дороги,kk,Атырау,средняя,,huggingface
hf-454-ru,В детском саду часто меняются воспитатели.,образование,ru,Астана,низкая,,huggingface
hf-454-kk,Балабақшадағы тәрбиешілер жиі ауысады.,образование,kk,Астана,низкая,,huggingface
hf-455-ru,"Приходится ходить несколько дней, чтобы получить справку в госучреждении.",коррупция,ru,Астана,низкая,,huggingface
hf-455-kk,Мемлекеттік мекемеде анықтама алу үшін бірнеше күн жүруге тура келеді.,коррупция,kk,Астана,низкая,,huggingface
hf-456-ru,В реку рядом с городом сбросили туши животных.,экология,ru,Семей,высокая,,huggingface
hf-456-kk,Қаланың жанындағы өзенге малдың өлексесін тастап кеткен.,экология,kk,Семей,высокая,,huggingface
hf-457-ru,"Мои документы, поданные на назначение пособия, были утеряны.",соцподдержка,ru,Шымкент,высокая,,huggingface
hf-457-kk,Жәрдемақы тағайындау үшін берген құжаттарымды жоғалтып алды.,соцподдержка,kk,Шымкент,высокая,,huggingface
hf-458-ru,Сотрудник полиции пытался необоснованно обыскать мою машину.,полиция,ru,Алматы,средняя,,huggingface
hf-458-kk,Полиция қызметкері менің көлігімді негізсіз тінтуге тырысты.,полиция,kk,Алматы,средняя,,huggingface
hf-459-ru,"Мастера, пришедшие устранять неисправность на интернет-линии, попросили плату за свою работу.",интернет,ru,Астана,низкая,,huggingface
hf-459-kk,Интернет желісіндегі ақауды жою үшін келген шеберлер жұмысы үшін ақы сұрады.,интернет,kk,Астана,низкая,,huggingface
hf-460-ru,Водитель автобуса отказался принимать мою карту 'Онай'.,общественный транспорт,ru,Алматы,низкая,,huggingface
hf-460-kk,Автобус жүргізушісі менің 'Оңай' картамды қабылдаудан бас тартты.,общественный транспорт,kk,Алматы,низкая,,huggingface
hf-461-ru,Входная дверь в подъезд не закрывается должным образом.,ЖКХ,ru,Павлодар,низкая,,huggingface
hf-461-kk,Үйдің кіреберісіндегі есік дұрыс жабылмайды.,ЖКХ,kk,Павлодар,низкая,,huggingface
hf-462-ru,Врач во время моего приема консультировал по телефону другого пациента.,медицина,ru,Астана,низкая,,huggingface
hf-462-kk,Дәрігер қабылдау кезінде басқа пациентпен телефон арқылы сөйлесті.,медицина,kk,Астана,низкая,,huggingface
hf-463-ru,Решетки ливневой канализации на обочине сломаны.,дороги,ru,Караганда,средняя,,huggingface
hf-463-kk,Жол жиегіндегі суағар торлары сынған.,дороги,kk,Караганда,средняя,,huggingface
hf-464-ru,Химическая лаборатория в школе не оснащена современным оборудованием.,образование,ru,Астана,низкая,,huggingface
hf-464-kk,Мектептегі химия зертханасы заманауи құралдармен жабдықталмаған.,образование,kk,Астана,низкая,,huggingface
hf-465-ru,"Чиновник прямо сказал, что ждет 'благодарность' за рассмотрение моего заявления.",коррупция,ru,Шымкент,высокая,,huggingface
hf-465-kk,Шенеунік менің өтінішімді қарау үшін 'алғыс' күтетінін ашық айтты.,коррупция,kk,Шымкент,высокая,,huggingface
hf-466-ru,В воздухе города чувствуется химический запах.,экология,ru,Темиртау,средняя,,huggingface
hf-466-kk,Қаланың ауасында химиялық иіс сезіледі.,экология,kk,Темиртау,средняя,,huggingface
hf-467-ru,Моему ребенку-инвалиду отказали в предоставлении личного ассистента в школе.,соцподдержка,ru,Алматы,высокая,,huggingface
hf-467-kk,Менің баламның мүгедектігіне байланысты оған мектепте жеке көмекші тағайындаудан бас тартты.,соцподдержка,kk,Алматы,высокая,,huggingface
hf-468-ru,Сотрудники полиции забрали мое удостоверение личности и не возвращают.,полиция,ru,Астана,высокая,,huggingface
hf-468-kk,"Полиция қызметкерлері менің жеке куәлігімді алып қойып, қайтармай отыр.",полиция,kk,Астана,высокая,,huggingface
hf-469-ru,Уже несколько дней не могу добиться перерасчета за неисправность на интернет-линии.,интернет,ru,Караганда,низкая,,huggingface
hf-469-kk,Интернет желісіндегі ақаулық үшін бірнеше күннен бері қайта есептеу жасай алмай жүрмін.,интернет,kk,Караганда,низкая,,huggingface
hf-470-ru,Водитель автобуса разговаривал по телефону и играл в игры за рулем.,общественный транспорт,ru,Алматы,высокая,,huggingface
hf-470-kk,"Автобус жүргізушісі жолда телефонмен сөйлесіп, ойын ойнап отырды.",общественный транспорт,kk,Алматы,высокая,,huggingface
hf-471-ru,Дороги во дворе дома не ремонтировались уже 10 лет.,ЖКХ,ru,Семей,низкая,,huggingface
hf-471-kk,Үйдің ауласындағы жолдарға жөндеу жұмыстары 10 жылдан бері жүргізілмеген.,ЖКХ,kk,Семей,низкая,,huggingface
hf-472-ru,"Врач назначил лечение, не ознакомившись с моей историей болезни.",медицина,ru,Астана,средняя,,huggingface
hf-472-kk,"Дәрігер менің ауру тарихыммен таныспай, ем тағайындады.",медицина,kk,Астана,средняя,,huggingface
hf-473-ru,Ветки дерева у пешеходного перехода закрывают светофор.,дороги,ru,Алматы,средняя,,huggingface
hf-473-kk,Жаяу жүргіншілер өткелінің жанындағы ағаш бұтақтары бағдаршамды жауып тұр.,дороги,kk,Алматы,средняя,,huggingface
hf-474-ru,Учитель начальной военной подготовки в школе грубит ученикам.,образование,ru,Караганда,средняя,,huggingface
hf-474-kk,Мектептегі алғашқы әскери дайындық пәнінің мұғалімі оқушыларға дөрекілік көрсетеді.,образование,kk,Караганда,средняя,,huggingface
hf-475-ru,Откуда у чиновников дорогие машины и дома?,коррупция,ru,Астана,низкая,,huggingface
hf-475-kk,Шенеуніктердің қымбат көліктері мен үйлері қайдан келген?,коррупция,kk,Астана,низкая,,huggingface
hf-476-ru,"Откуда исходит неприятный запах, который накрывает город по ночам?",экология,ru,Астана,средняя,,huggingface
hf-476-kk,Түнгі уақытта қаланы жапқан сасық иіс қайдан шығып жатыр?,экология,kk,Астана,средняя,,huggingface
hf-477-ru,Не могу трудоустроиться по программе 'Серебряный возраст'.,соцподдержка,ru,Алматы,низкая,,huggingface
hf-477-kk,'Күміс жас' бағдарламасы бойынша жұмысқа орналаса алмай жүрмін.,соцподдержка,kk,Алматы,низкая,,huggingface
hf-478-ru,Сотрудники полиции проигнорировали мою жалобу и закрыли дело.,полиция,ru,Шымкент,высокая,,huggingface
hf-478-kk,"Полиция қызметкерлері менің шағымымды елемей, істі жауып тастады.",полиция,kk,Шымкент,высокая,,huggingface
hf-479-ru,Куда можно написать жалобу на качество услуг интернет-провайдера?,интернет,ru,Астана,низкая,,huggingface
hf-479-kk,Интернет провайдерінің қызмет көрсету сапасы туралы шағымды қайда жазуға болады?,интернет,kk,Астана,низкая,,huggingface
hf-480-ru,В салонах автобусов нет урн для мусора.,общественный транспорт,ru,Астана,низкая,,huggingface
hf-480-kk,Автобустардың салонында қоқыс жәшіктері жоқ.,общественный транспорт,kk,Астана,низкая,,huggingface
hf-481-ru,"Деревья перед домом срубили, теперь наш двор остался без тени.",ЖКХ,ru,Алматы,низкая,,huggingface
hf-481-kk,"Үйдің алдындағы ағаштарды кесіп тастады, енді ауламыз көлеңкесіз қалды.",ЖКХ,kk,Алматы,низкая,,huggingface
hf-482-ru,Врач без моего согласия позволил студентам проводить мой осмотр.,медицина,ru,Караганда,низкая,,huggingface
hf-482-kk,Дәрігер менің келісімімсіз студенттердің мені тексеруіне рұқсат берді.,медицина,kk,Караганда,низкая,,huggingface
hf-483-ru,У моей машины лопнула шина из-за сломанной крышки люка посреди дороги.,дороги,ru,Шымкент,высокая,,huggingface
hf-483-kk,Жолдың ортасындағы люк қақпағының сынуынан көлігімнің дөңгелегі жарылды.,дороги,kk,Шымкент,высокая,,huggingface
hf-484-ru,В меню школьной столовой нет информации об аллергенах в блюдах.,образование,ru,Астана,средняя,,huggingface
hf-484-kk,Мектеп асханасындағы тамақтың құрамында аллергендер туралы ақпарат жоқ.,образование,kk,Астана,средняя,,huggingface
hf-485-ru,"Мои документы, сданные в госорган, потерялись.",коррупция,ru,Алматы,высокая,,huggingface
hf-485-kk,Мемлекеттік органға тапсырған құжаттарым жоғалып кетті.,коррупция,kk,Алматы,высокая,,huggingface
hf-486-ru,После купания в реке у города у моих детей начался зуд.,экология,ru,Атырау,средняя,,huggingface
hf-486-kk,Қаланың жанындағы өзенге жуынғаннан кейін балаларымның денесі қышыды.,экология,kk,Атырау,средняя,,huggingface
hf-487-ru,Уже год стоим в очереди на получение инвалидной коляски для ребенка.,соцподдержка,ru,Караганда,высокая,,huggingface
hf-487-kk,Мүгедектігі бар балама арналған арбаны алу үшін бір жылдан бері кезекте тұрмыз.,соцподдержка,kk,Караганда,высокая,,huggingface
hf-488-ru,Сотрудники полиции не проверяют работу ночных клубов.,полиция,ru,Алматы,низкая,,huggingface
hf-488-kk,Полиция қызметкерлері түнгі клубтардың жұмысын тексермейді.,полиция,kk,Алматы,низкая,,huggingface
hf-489-ru,Интернет-провайдер без предупреждения переключал каналы и отключил интернет на несколько часов.,интернет,ru,Астана,низкая,,huggingface
hf-489-kk,"Интернет провайдері ескертусіз байланыс арналарын ауыстырып, бірнеше сағатқа интернетті сөндірді.",интернет,kk,Астана,низкая,,huggingface
hf-490-ru,Водитель автобуса требует для оплаты проезда мелкие деньги.,общественный транспорт,ru,Шымкент,низкая,,huggingface
hf-490-kk,Автобус жүргізушісі жол ақысын төлеу үшін ұсақ ақша талап етеді.,общественный транспорт,kk,Шымкент,низкая,,huggingface
hf-491-ru,Почтовые ящики в подъезде сломаны.,ЖКХ,ru,Караганда,низкая,,huggingface
hf-491-kk,Үйдің кіреберісіндегі пошта жәшіктері сынған.,ЖКХ,kk,Караганда,низкая,,huggingface
hf-492-ru,Медсестры в поликлинике делают уколы очень больно.,медицина,ru,Астана,низкая,,huggingface
hf-492-kk,Емханадағы медбикелер уколды ауыр салады.,медицина,kk,Астана,низкая,,huggingface
hf-493-ru,Освещение на надземном пешеходном переходе не работает.,дороги,ru,Алматы,средняя,,huggingface
hf-493-kk,Жолдың үстіндегі жаяу жүргіншілер өткелінің жарықтандыруы істемейді.,дороги,kk,Алматы,средняя,,huggingface
hf-494-ru,Учитель истории в школе ведет уроки неинтересно.,образование,ru,Астана,низкая,,huggingface
hf-494-kk,Мектептегі тарих пәнінің мұғалімі сабақты қызықсыз өткізеді.,образование,kk,Астана,низкая,,huggingface
hf-495-ru,"Доходы чиновников, указанные в декларациях, не соответствуют их уровню жизни.",коррупция,ru,Астана,низкая,,huggingface
hf-495-kk,Шенеуніктердің декларацияда көрсетілген табысы олардың өмір сүру деңгейіне сәйкес келмейді.,коррупция,kk,Астана,низкая,,huggingface
hf-496-ru,"Кафе, расположенные у городской реки, сливают отходы в воду.",экология,ru,Алматы,средняя,,huggingface
hf-496-kk,Қала ішіндегі өзенге жақын орналасқан дәмханалар қалдықтарын суға төгеді.,экология,kk,Алматы,средняя,,huggingface
hf-497-ru,"Хотя я встал в электронную очередь на назначение пособия, мне все равно пришлось идти в ЦОН.",соцподдержка,ru,Астана,низкая,,huggingface
hf-497-kk,"Жәрдемақы тағайындау үшін электронды кезекке тұрсам да, ЦОН-ға баруға тура келді.",соцподдержка,kk,Астана,низкая,,huggingface
hf-498-ru,"Сотрудники полиции приняли мою жалобу, но не предприняли никаких действий.",полиция,ru,Караганда,средняя,,huggingface
hf-498-kk,"Полиция қызметкерлері менің шағымымды қабылдағанымен, ешқандай әрекет жасамады.",полиция,kk,Караганда,средняя,,huggingface
hf-499-ru,Личный кабинет на сайте интернет-провайдера не работает.,интернет,ru,Алматы,низкая,,huggingface
hf-499-kk,Интернет провайдерінің сайтындағы жеке кабинет жұмыс істемейді.,интернет,kk,Алматы,низкая,,huggingface
hf-500-ru,Водитель автобуса курил в салоне.,общественный транспорт,ru,Астана,низкая,,huggingface
hf-500-kk,Автобус жүргізушісі салонда темекі шекті.,общественный транспорт,kk,Астана,низкая,,huggingface
hf-501-ru,"Лампочки в подъезде дома постоянно мигают. Вызывали электрика, но проблема не решена.",ЖКХ,ru,Астана,низкая,,huggingface
hf-501-kk,"Үйдің кіреберісіндегі жарық шамдары үнемі жанып-сөнеді. Электрик шақыртсақ та, мәселе шешілмеді.",ЖКХ,kk,Астана,низкая,,huggingface
hf-502-ru,На двери кабинета врача нет списка записанных пациентов. Это создает беспорядок.,медицина,ru,Алматы,низкая,,huggingface
hf-502-kk,Дәрігердің қабылдауына жазылған пациенттердің тізімі есікте ілулі тұрмайды. Бұл тәртіпсіздік тудырады.,медицина,kk,Алматы,низкая,,huggingface
hf-503-ru,Сомневаюсь в корректности показаний скорости камеры 'Сергек' на междугородней трассе.,дороги,ru,Алматинская область,низкая,,huggingface
hf-503-kk,Қалааралық жолдағы 'Сергек' камерасының жылдамдықты дұрыс көрсетпейтініне күмәнім бар.,дороги,kk,Алматинская область,низкая,,huggingface
hf-504-ru,Оборудование для уроков труда в школе устарело.,образование,ru,Карагандинская область,низкая,,huggingface
hf-504-kk,Мектептегі еңбек сабағына арналған құрал-жабдықтар ескірген.,образование,kk,Карагандинская область,низкая,,huggingface
hf-505-ru,При оформлении земельного участка чиновники намеренно затягивают процесс.,коррупция,ru,Шымкент,средняя,,huggingface
hf-505-kk,Жер учаскесін рәсімдеу кезінде шенеуніктер процесті қасақана созады.,коррупция,kk,Шымкент,средняя,,huggingface
hf-506-ru,От городской реки исходит неприятный запах.,экология,ru,Атырау,средняя,,huggingface
hf-506-kk,Қала ішіндегі өзеннен жағымсыз иіс шығады.,экология,kk,Атырау,средняя,,huggingface
hf-507-ru,Прошу оказать помощь в приобретении школьных принадлежностей как многодетная семья.,соцподдержка,ru,Туркестанская область,низкая,,huggingface
hf-507-kk,Көпбалалы отбасы ретінде мектепке қажетті құрал-жабдықтарды алуға көмек сұраймын.,соцподдержка,kk,Туркестанская область,низкая,,huggingface
hf-508-ru,"Собака соседа справляет нужду на детской площадке, а на замечания он грубит.",полиция,ru,Астана,низкая,,huggingface
hf-508-kk,"Көршімнің иті ауладағы балалар алаңына дәретке отырады, ескерту жасасам, дөрекілік танытады.",полиция,kk,Астана,низкая,,huggingface
hf-509-ru,Не мог дозвониться в колл-центр интернет-провайдера несколько часов.,интернет,ru,Алматы,низкая,,huggingface
hf-509-kk,Интернет провайдерінің колл-орталығына бірнеше сағат бойы хабарласа алмадым.,интернет,kk,Алматы,низкая,,huggingface
hf-510-ru,"Водитель автобуса берет плату за проезд, но не выдает билет.",общественный транспорт,ru,Караганда,низкая,,huggingface
hf-510-kk,"Автобус жүргізушісі жол ақысын алғанымен, билет бермейді.",общественный транспорт,kk,Караганда,низкая,,huggingface
hf-511-ru,"Яма на дворовой дороге заполнилась дождевой водой, невозможно пройти.",ЖКХ,ru,Павлодар,средняя,,huggingface
hf-511-kk,"Ауладағы жолдың шұңқырына жаңбыр суы толып, өту мүмкін емес.",ЖКХ,kk,Павлодар,средняя,,huggingface
hf-512-ru,Приходится ждать приема врача по несколько часов.,медицина,ru,Астана,низкая,,huggingface
hf-512-kk,Дәрігердің қабылдауына кіру үшін бірнеше сағат күтуге тура келеді.,медицина,kk,Астана,низкая,,huggingface
hf-513-ru,Ступеньки на надземном пешеходном мосту скользкие.,дороги,ru,Алматы,низкая,,huggingface
hf-513-kk,Жолдың үстіндегі жаяу жүргіншілер көпірінің баспалдақтары сырғанақ.,дороги,kk,Алматы,низкая,,huggingface
hf-514-ru,Школьный психолог не работает с учениками.,образование,ru,Шымкент,низкая,,huggingface
hf-514-kk,Мектептегі психолог оқушылармен жұмыс істемейді.,образование,kk,Шымкент,низкая,,huggingface
hf-515-ru,Законно ли использование чиновниками служебных автомобилей в выходные дни?,коррупция,ru,Астана,низкая,,huggingface
hf-515-kk,Шенеуніктердің қызметтік көліктерді демалыс күндері пайдалануы заңды ма?,коррупция,kk,Астана,низкая,,huggingface
hf-516-ru,Строительная пыль не дает нам открыть окна.,экология,ru,Астана,средняя,,huggingface
hf-516-kk,Құрылыс алаңынан шыққан шаң-тозаң тереземізді ашуға мүмкіндік бермейді.,экология,kk,Астана,средняя,,huggingface
hf-517-ru,Моему ребенку-инвалиду отказали в составлении индивидуальной программы обучения.,соцподдержка,ru,Алматы,высокая,,huggingface
hf-517-kk,Менің баламның мүгедектігіне байланысты оған жеке оқыту бағдарламасын жасаудан бас тартты.,соцподдержка,kk,Алматы,высокая,,huggingface
hf-518-ru,"Мне не приходят уведомления о штрафах, а потом приходится платить с пеней.",полиция,ru,Астана,низкая,,huggingface
hf-518-kk,"Көлігімнің айыппұлдары туралы хабарламалар келмейді, сосын өсімпұлмен бірге төлеуге тура келеді.",полиция,kk,Астана,низкая,,huggingface
hf-519-ru,Сотрудники интернет-провайдера очень грубо разговаривают.,интернет,ru,Караганда,низкая,,huggingface
hf-519-kk,Интернет провайдерінің қызметкерлері өте дөрекі сөйлейді.,интернет,kk,Караганда,низкая,,huggingface
hf-520-ru,Водитель автобуса слишком громко включает музыку.,общественный транспорт,ru,Алматы,низкая,,huggingface
hf-520-kk,Автобус жүргізушісі музыканы өте қатты қояды.,общественный транспорт,kk,Алматы,низкая,,huggingface
hf-521-ru,"Водосточная труба на фасаде дома сломана, вода размывает фундамент.",ЖКХ,ru,Караганда,высокая,,huggingface
hf-521-kk,"Үйдің іргесіндегі суағар құбыр сынған, су іргетасты шайып жатыр.",ЖКХ,kk,Караганда,высокая,,huggingface
hf-522-ru,"Чтобы сдать верхнюю одежду в гардероб поликлиники, нужно стоять в очереди.",медицина,ru,Астана,низкая,,huggingface
hf-522-kk,Емханадағы гардеробқа сырт киімді тапсыру үшін кезекте тұру керек.,медицина,kk,Астана,низкая,,huggingface
hf-523-ru,"На светофоре не горит желтый сигнал, что создает аварийную ситуацию.",дороги,ru,Шымкент,средняя,,huggingface
hf-523-kk,"Жолдағы бағдаршамның сары түсі жанбайды, бұл апатты жағдай туғызады.",дороги,kk,Шымкент,средняя,,huggingface
hf-524-ru,Приборы в кабинете физики в школе устарели.,образование,ru,Алматы,низкая,,huggingface
hf-524-kk,Мектептегі физика кабинетіндегі құралдар ескірген.,образование,kk,Алматы,низкая,,huggingface
hf-525-ru,"Чтобы попасть на прием к чиновнику, нужно ждать несколько недель.",коррупция,ru,Астана,низкая,,huggingface
hf-525-kk,Шенеуніктің қабылдауына жазылу үшін бірнеше апта күту керек.,коррупция,kk,Астана,низкая,,huggingface
hf-526-ru,Дым от ТЭЦ в черте города загрязняет воздух.,экология,ru,Астана,высокая,,huggingface
hf-526-kk,Қала ішіндегі ТЭЦ-тің түтіні ауаны ластап жатыр.,экология,kk,Астана,высокая,,huggingface
hf-527-ru,При назначении пособия деньги на моем банковском счете посчитали как доход.,соцподдержка,ru,Караганда,средняя,,huggingface
hf-527-kk,Жәрдемақы тағайындау кезінде менің банктік шотымдағы ақшаны табыс ретінде есептеп жіберді.,соцподдержка,kk,Караганда,средняя,,huggingface
hf-528-ru,Безнадзорные собаки на улице нападают на людей.,полиция,ru,Алматы,высокая,,huggingface
hf-528-kk,Көшедегі қараусыз иттер адамдарға шабуылдайды.,полиция,kk,Алматы,высокая,,huggingface
hf-529-ru,В договоре на подключение к интернету есть скрытые платежи.,интернет,ru,Астана,низкая,,huggingface
hf-529-kk,Интернетке қосылу келісім-шартында жасырын төлемдер бар.,интернет,kk,Астана,низкая,,huggingface
hf-530-ru,"Водитель автобуса не остановился на остановке, оставив меня под дождем.",общественный транспорт,ru,Астана,средняя,,huggingface
hf-530-kk,"Автобус жүргізушісі аялдамаға тоқтамай, мені жаңбырдың астында қалдырып кетті.",общественный транспорт,kk,Астана,средняя,,huggingface
hf-531-ru,Скамейки во дворе дома сломаны.,ЖКХ,ru,Семей,низкая,,huggingface
hf-531-kk,Үйдің ауласындағы орындықтар сынған.,ЖКХ,kk,Семей,низкая,,huggingface
hf-532-ru,График работы врачей в поликлинике постоянно меняется.,медицина,ru,Астана,низкая,,huggingface
hf-532-kk,Емханадағы дәрігерлердің жұмыс кестесі үнемі өзгеріп отырады.,медицина,kk,Астана,низкая,,huggingface
hf-533-ru,"'Лежачий полицейский' на дороге слишком высокий, бьюсь днищем машины.",дороги,ru,Алматы,низкая,,huggingface
hf-533-kk,"Жолдағы 'жатқан полицей' тым биік, көліктің астын соғып аламын.",дороги,kk,Алматы,низкая,,huggingface
hf-534-ru,Кабинет первой медицинской помощи в школе постоянно закрыт.,образование,ru,Караганда,средняя,,huggingface
hf-534-kk,Мектептегі алғашқы медициналық көмек көрсету кабинеті үнемі жабық тұрады.,образование,kk,Караганда,средняя,,huggingface
hf-535-ru,Госслужащие не умеют культурно разговаривать с гражданами.,коррупция,ru,Астана,низкая,,huggingface
hf-535-kk,Мемлекеттік қызметкерлер азаматтармен сөйлесу мәдениетін білмейді.,коррупция,kk,Астана,низкая,,huggingface
hf-536-ru,В лесном массиве рядом с городом образовались горы мусора.,экология,ru,Кокшетау,средняя,,huggingface
hf-536-kk,Қаланың жанындағы орман алқабында қоқыс тау болып үйіліп қалды.,экология,kk,Кокшетау,средняя,,huggingface
hf-537-ru,Меня заставляют по несколько раз пересдавать документы для получения пособия.,соцподдержка,ru,Шымкент,низкая,,huggingface
hf-537-kk,Жәрдемақы алу үшін берген құжаттарымды қайта-қайта тапсыруға мәжбүрлейді.,соцподдержка,kk,Шымкент,низкая,,huggingface
hf-538-ru,При эвакуации повредили мой автомобиль.,полиция,ru,Алматы,высокая,,huggingface
hf-538-kk,Көлігімді эвакуациялаған кезде зақымдап тастады.,полиция,kk,Алматы,высокая,,huggingface
hf-539-ru,"Я оплатил услуги интернет-провайдера, но интернет так и не подключили.",интернет,ru,Астана,средняя,,huggingface
hf-539-kk,"Интернет провайдерінің қызметіне ақы төлесем де, интернетті қоспай отыр.",интернет,kk,Астана,средняя,,huggingface
hf-540-ru,Водитель автобуса путает названия остановок.,общественный транспорт,ru,Астана,низкая,,huggingface
hf-540-kk,Автобус жүргізушісі аялдамаларды шатастырып айтады.,общественный транспорт,kk,Астана,низкая,,huggingface
hf-541-ru,От канализационного люка во дворе исходит неприятный запах.,ЖКХ,ru,Атырау,средняя,,huggingface
hf-541-kk,Үйдің ауласындағы кәріз құдығынан жағымсыз иіс шығады.,ЖКХ,kk,Атырау,средняя,,huggingface
hf-542-ru,"Врач, не выслушав моих жалоб, сразу назначил антибиотики.",медицина,ru,Алматы,средняя,,huggingface
hf-542-kk,"Дәрігер менің шағымымды тыңдамай, бірден антибиотик жазып берді.",медицина,kk,Алматы,средняя,,huggingface
hf-543-ru,Из-за ям на дорогах мне приходится часто менять колеса на машине.,дороги,ru,Караганда,средняя,,huggingface
hf-543-kk,Жолдағы шұңқырлардың кесірінен көлігімнің дөңгелегін жиі ауыстыруға тура келеді.,дороги,kk,Караганда,средняя,,huggingface
hf-544-ru,Сотрудники школьной столовой работают без перчаток.,образование,ru,Шымкент,средняя,,huggingface
hf-544-kk,Мектептегі асхананың қызметкерлері қолғапсыз жұмыс істейді.,образование,kk,Шымкент,средняя,,huggingface
hf-545-ru,"Говорят, что для участия в конкурсе госзакупок нужно дать 'вознаграждение'.",коррупция,ru,Астана,высокая,,huggingface
hf-545-kk,Мемлекеттік сатып алу конкурсына қатысу үшін 'сыйақы' беру керек дейді.,коррупция,kk,Астана,высокая,,huggingface
hf-546-ru,"Я часто вижу машины, сбрасывающие мусор в реку за городом.",экология,ru,Алматы,средняя,,huggingface
hf-546-kk,Қаланың жанындағы өзенге қоқыс төгетін көліктерді жиі көремін.,экология,kk,Алматы,средняя,,huggingface
hf-547-ru,"Хотя я зарегистрирован как безработный, я не получаю никакого пособия.",соцподдержка,ru,Караганда,средняя,,huggingface
hf-547-kk,"Жұмыссыз ретінде тіркелсем де, ешқандай жәрдемақы алмаймын.",соцподдержка,kk,Караганда,средняя,,huggingface
hf-548-ru,"В квартире моего соседа постоянно происходят скандалы, а полиция не принимает мер.",полиция,ru,Астана,низкая,,huggingface
hf-548-kk,"Көршімнің пәтерінде үнемі жанжал болып, полиция шара қолданбайды.",полиция,kk,Астана,низкая,,huggingface
hf-549-ru,"Проверил скорость интернета, она в два раза ниже, чем в договоре.",интернет,ru,Алматы,средняя,,huggingface
hf-549-kk,"Интернеттің жылдамдығын тексерсем, келісім-шарттағыдан екі есе төмен.",интернет,kk,Алматы,средняя,,huggingface
hf-550-ru,"Некоторые автобусы старые, с грязным салоном и неприятным запахом.",общественный транспорт,ru,Шымкент,низкая,,huggingface
hf-550-kk,"Автобустардың кейбірі ескі, іші лас және жағымсыз иісі бар.",общественный транспорт,kk,Шымкент,низкая,,huggingface
hf-551-ru,Детские качели во дворе сломаны и представляют опасность.,ЖКХ,ru,Астана,высокая,,huggingface
hf-551-kk,"Ауладағы балалар әткеншегі сынып, қауіп төндіріп тұр.",ЖКХ,kk,Астана,высокая,,huggingface
hf-552-ru,Мой талон на прием к врачу отдали другому человеку.,медицина,ru,Караганда,средняя,,huggingface
hf-552-kk,Дәрігердің қабылдауына жазылған номерімді басқа адамға беріп жіберген.,медицина,kk,Караганда,средняя,,huggingface
hf-553-ru,Тротуар вдоль дороги очень узкий.,дороги,ru,Алматы,низкая,,huggingface
hf-553-kk,Жол жиегіндегі жаяу жүргіншілер жолы өте тар.,дороги,kk,Алматы,низкая,,huggingface
hf-554-ru,"Ремонт в школе проводят во время учебного года, что мешает урокам.",образование,ru,Астана,низкая,,huggingface
hf-554-kk,"Мектептегі жөндеу жұмыстары оқу жылы кезінде жүргізіліп, сабаққа кедергі келтіруде.",образование,kk,Астана,низкая,,huggingface
hf-555-ru,Дети чиновников учатся за границей. Разве они не доверяют нашей системе образования?,коррупция,ru,Астана,низкая,,huggingface
hf-555-kk,Шенеуніктердің балалары шетелде оқиды. Олар біздің білім беру жүйемізге сенбей ме?,коррупция,kk,Астана,низкая,,huggingface
hf-556-ru,"Из-за сточных вод, сбрасываемых в реку за городом, гибнет рыба.",экология,ru,Усть-Каменогорск,высокая,,huggingface
hf-556-kk,Қаланың жанындағы өзенге ағызылған сарқынды сулардың кесірінен балықтар қырылып жатыр.,экология,kk,Усть-Каменогорск,высокая,,huggingface
hf-557-ru,При назначении пенсии не учли несколько лет моего трудового стажа.,соцподдержка,ru,Караганда,высокая,,huggingface
hf-557-kk,Зейнетақы тағайындау кезінде менің бірнеше жылдық еңбек өтілім ескерілмеген.,соцподдержка,kk,Караганда,высокая,,huggingface
hf-558-ru,"Когда я вызываю полицию из-за шума во дворе, к их приезду шум уже прекращается.",полиция,ru,Астана,низкая,,huggingface
hf-558-kk,"Ауладағы шуға байланысты полиция шақырсам, олар келгенше шу басылып қалады.",полиция,kk,Астана,низкая,,huggingface
hf-559-ru,"Мне продолжают приходить счета от интернет-провайдера, хотя я отключил их услуги.",интернет,ru,Алматы,средняя,,huggingface
hf-559-kk,"Интернет провайдерінің қызметін тоқтатсам да, маған есеп-шот келіп тұр.",интернет,kk,Алматы,средняя,,huggingface
hf-560-ru,Водитель автобуса требует оплату проезда переводом на 'Каспи'.,общественный транспорт,ru,Шымкент,низкая,,huggingface
hf-560-kk,Автобус жүргізушісі жол ақысын төлеу үшін 'Каспи' аударымын талап етеді.,общественный транспорт,kk,Шымкент,низкая,,huggingface
hf-561-ru,"Лифт часто ломается, а ремонтники приходят только через несколько дней.",ЖКХ,ru,Астана,высокая,,huggingface
hf-561-kk,"Лифт жиі бұзылады, ал жөндеушілер бірнеше күннен кейін әрең келеді.",ЖКХ,kk,Астана,высокая,,huggingface
hf-562-ru,"Врач направил меня сдавать платно анализы, которые гарантированы государством бесплатно.",медицина,ru,Алматы,высокая,,huggingface
hf-562-kk,Дәрігер маған мемлекет кепілдік берген тегін анализдерді ақылы тапсыруға жіберді.,медицина,kk,Алматы,высокая,,huggingface
hf-563-ru,"Светофор на дороге не работает, из-за этого образовалась большая пробка.",дороги,ru,Астана,высокая,,huggingface
hf-563-kk,"Жолдағы бағдаршам жұмыс істемейді, соның кесірінен үлкен кептеліс пайда болды.",дороги,kk,Астана,высокая,,huggingface
hf-564-ru,"В школе не хватает учебников, одним учебником пользуются два-три ученика.",образование,ru,Туркестанская область,средняя,,huggingface
hf-564-kk,"Мектептегі оқулықтар жетіспейді, бір оқулықты екі-үш оқушы пайдаланады.",образование,kk,Туркестанская область,средняя,,huggingface
hf-565-ru,"Кажется, существует 'отдельная' очередь для родственников госслужащих.",коррупция,ru,Астана,средняя,,huggingface
hf-565-kk,Мемлекеттік қызметкерлердің туыстарына арналған 'жеке' кезек бар сияқты.,коррупция,kk,Астана,средняя,,huggingface
hf-566-ru,"Правда ли, что разрешили строить мусорный полигон в предгорьях рядом с городом?",экология,ru,Алматы,высокая,,huggingface
hf-566-kk,Қаланың жанындағы тау бөктерінде қоқыс полигонын салуға рұқсат берілгені рас па?,экология,kk,Алматы,высокая,,huggingface
hf-567-ru,Когда подойдет моя очередь на получение бесплатного земельного участка как многодетной семье?,соцподдержка,ru,Астана,низкая,,huggingface
hf-567-kk,Көпбалалы отбасы ретінде тегін жер учаскесін алуға кезегім қашан келеді?,соцподдержка,kk,Астана,низкая,,huggingface
hf-568-ru,Сотрудники полиции при проверке документов не включают видеожетон.,полиция,ru,Караганда,низкая,,huggingface
hf-568-kk,Полиция қызметкерлері құжаттарды тексеру кезінде бейнежетонды қоспайды.,полиция,kk,Караганда,низкая,,huggingface
hf-569-ru,Уже несколько дней жду 'мастера' от интернет-провайдера.,интернет,ru,Астана,средняя,,huggingface
hf-569-kk,Интернет провайдерінің 'шеберін' бірнеше күннен бері күтіп отырмын.,интернет,kk,Астана,средняя,,huggingface
hf-570-ru,Информационные табло внутри автобусов не работают.,общественный транспорт,ru,Алматы,низкая,,huggingface
hf-570-kk,Автобустардың ішіндегі ақпараттық таблолар жұмыс істемейді.,общественный транспорт,kk,Алматы,низкая,,huggingface
hf-571-ru,Из труб в подвале дома идет пар.,ЖКХ,ru,Темиртау,высокая,,huggingface
hf-571-kk,Үйдің жертөлесіндегі құбырлардан бу шығып тұр.,ЖКХ,kk,Темиртау,высокая,,huggingface
hf-572-ru,"Я потратил несколько часов, чтобы получить справку о том, что был на приеме у врача.",медицина,ru,Астана,низкая,,huggingface
hf-572-kk,Дәрігердің қабылдауында болғаным туралы анықтама алу үшін бірнеше сағат жұмсадым.,медицина,kk,Астана,низкая,,huggingface
hf-573-ru,В полу надземного пешеходного моста дыра.,дороги,ru,Караганда,высокая,,huggingface
hf-573-kk,Жолдың үстіндегі жаяу жүргіншілер көпірінің едені тесік.,дороги,kk,Караганда,высокая,,huggingface
hf-574-ru,Большинство компьютеров в школе не работает.,образование,ru,Кызылорда,средняя,,huggingface
hf-574-kk,Мектептегі компьютерлердің көбісі істемейді.,образование,kk,Кызылорда,средняя,,huggingface
hf-575-ru,"Мою жалобу перенаправляют в другое ведомство, уходя от ответственности.",коррупция,ru,Астана,средняя,,huggingface
hf-575-kk,"Мемлекеттік органға жазған шағымымды басқа мекемеге жіберіп, жауапкершіліктен қашып отыр.",коррупция,kk,Астана,средняя,,huggingface
hf-576-ru,Строительные компании сбрасывают остатки бетона в реку за городом.,экология,ru,Астана,высокая,,huggingface
hf-576-kk,Қаланың жанындағы өзенге құрылыс компаниялары бетон қалдықтарын төгеді.,экология,kk,Астана,высокая,,huggingface
hf-577-ru,При назначении пособия в мой доход посчитали пособия моих детей.,соцподдержка,ru,Шымкент,высокая,,huggingface
hf-577-kk,Жәрдемақы тағайындау кезінде менің қосымша табысым ретінде балаларымның жәрдемақысын есептеп жіберді.,соцподдержка,kk,Шымкент,высокая,,huggingface
hf-578-ru,"Мой сосед сдает квартиру посуточно, нарушая наш покой.",полиция,ru,Алматы,низкая,,huggingface
hf-578-kk,"Көршім пәтерін тәулікке жалға беріп, тыныштығымызды бұзады.",полиция,kk,Алматы,низкая,,huggingface
hf-579-ru,Интернет-провайдер требует большой штраф за расторжение договора.,интернет,ru,Астана,низкая,,huggingface
hf-579-kk,Интернет провайдері келісім-шартты бұзғаным үшін үлкен айыппұл талап етеді.,интернет,kk,Астана,низкая,,huggingface
hf-580-ru,"Водитель автобуса потребовал полную оплату проезда, несмотря на мои льготы.",общественный транспорт,ru,Караганда,средняя,,huggingface
hf-580-kk,"Автобус жүргізушісі менің жеңілдігім бар екеніне қарамастан, толық жол ақысын төлеуді талап етті.",общественный транспорт,kk,Караганда,средняя,,huggingface
hf-581-ru,"Во дворе не хватает мусорных контейнеров, мусор разбросан вокруг.",ЖКХ,ru,Астана,средняя,,huggingface
hf-581-kk,"Ауладағы қоқыс жәшіктері жетіспейді, қоқыс айналаға шашылып жатыр.",ЖКХ,kk,Астана,средняя,,huggingface
hf-582-ru,В туалете поликлиники нет воды.,медицина,ru,Кызылорда,средняя,,huggingface
hf-582-kk,Емханадағы дәретханада су жоқ.,медицина,kk,Кызылорда,средняя,,huggingface
hf-583-ru,Из-за ям на дороге погнулся колесный диск моей машины.,дороги,ru,Актобе,высокая,,huggingface
hf-583-kk,Жол бойындағы шұңқырлардың кесірінен көлігімнің дискісі майысып қалды.,дороги,kk,Актобе,высокая,,huggingface
hf-584-ru,"На уроках физкультуры в школе всем ученикам дают одинаковую нагрузку, не учитывая состояние здоровья.",образование,ru,Астана,средняя,,huggingface
hf-584-kk,"Мектептегі дене шынықтыру сабағында оқушыларға бірдей жүктеме беріледі, денсаулық жағдайы ескерілмейді.",образование,kk,Астана,средняя,,huggingface
hf-585-ru,"Чиновник отказался принимать мое заявление, сказав 'приходите позже'.",коррупция,ru,Алматы,средняя,,huggingface
hf-585-kk,"Шенеунік менің өтінішімді қабылдаудан бас тартып, 'кейінірек кел' деді.",коррупция,kk,Алматы,средняя,,huggingface
hf-586-ru,Вода в реке рядом с городом зацвела и завоняла.,экология,ru,Караганда,средняя,,huggingface
hf-586-kk,"Қаланың жанындағы өзеннің суы көгеріп, сасып кетті.",экология,kk,Караганда,средняя,,huggingface
hf-587-ru,Не могу вернуться на свою работу после декретного отпуска.,соцподдержка,ru,Астана,высокая,,huggingface
hf-587-kk,Бала күтіміне байланысты демалыстан кейін жұмысыма қайта ала алмай жүрмін.,соцподдержка,kk,Астана,высокая,,huggingface
hf-588-ru,Собака соседа постоянно лает и не дает покоя.,полиция,ru,Алматы,низкая,,huggingface
hf-588-kk,"Көршімнің иті үнемі үріп, тыныштық бермейді.",полиция,kk,Алматы,низкая,,huggingface
hf-589-ru,Интернет-провайдер без предупреждения отправил мой тариф в архив и перевел на новый.,интернет,ru,Астана,низкая,,huggingface
hf-589-kk,"Интернет провайдері ескертусіз менің тарифтік жоспарымды архивке жіберіп, жаңасына ауыстырды.",интернет,kk,Астана,низкая,,huggingface
hf-590-ru,Водитель автобуса грубо ответил на мой вопрос.,общественный транспорт,ru,Караганда,низкая,,huggingface
hf-590-kk,Автобус жүргізушісі менің сұрағыма дөрекі жауап берді.,общественный транспорт,kk,Караганда,низкая,,huggingface
hf-591-ru,Домофон в подъезде слишком громко звонит.,ЖКХ,ru,Астана,низкая,,huggingface
hf-591-kk,Үйдің кіреберісіндегі домофонның даусы тым қатты шығады.,ЖКХ,kk,Астана,низкая,,huggingface
hf-592-ru,"Я потерял талон на прием к врачу, и теперь меня не принимают.",медицина,ru,Алматы,низкая,,huggingface
hf-592-kk,"Дәрігердің қабылдауына жазылған талонымды жоғалтып алдым, енді қабылдамайды.",медицина,kk,Алматы,низкая,,huggingface
hf-593-ru,Фонари освещения на дороге отключаются по ночам.,дороги,ru,Атырау,средняя,,huggingface
hf-593-kk,Жолдағы жарықтандыру шамдары түнде өшіп қалады.,дороги,kk,Атырау,средняя,,huggingface
hf-594-ru,Цена на школьную форму слишком высокая.,образование,ru,Астана,низкая,,huggingface
hf-594-kk,Мектеп формасының бағасы тым қымбат.,образование,kk,Астана,низкая,,huggingface
hf-595-ru,Служебные автомобили чиновников часто нарушают ПДД.,коррупция,ru,Астана,низкая,,huggingface
hf-595-kk,Шенеуніктердің қызметтік көліктері жол ережесін жиі бұзады.,коррупция,kk,Астана,низкая,,huggingface
hf-596-ru,"Чувствуется, что в городском воздухе много сажи.",экология,ru,Алматы,средняя,,huggingface
hf-596-kk,Қаланың ауасындағы күйенің мөлшері көп екені сезіледі.,экология,kk,Алматы,средняя,,huggingface
hf-597-ru,"Пришлось несколько раз ходить в ЦОН для назначения пособия, так как сотрудники дают разную информацию.",соцподдержка,ru,Караганда,низкая,,huggingface
hf-597-kk,"Жәрдемақы тағайындау үшін ЦОН-ға бірнеше рет баруға тура келді, себебі қызметкерлер әртүрлі ақпарат береді.",соцподдержка,kk,Караганда,низкая,,huggingface
hf-598-ru,"Сотрудники полиции смеялись, когда принимали мое заявление.",полиция,ru,Шымкент,средняя,,huggingface
hf-598-kk,Полиция қызметкерлері менің арызымды қабылдау кезінде күлді.,полиция,kk,Шымкент,средняя,,huggingface
hf-599-ru,Сотрудники интернет-провайдера не надевают бахилы при входе в дом.,интернет,ru,Астана,низкая,,huggingface
hf-599-kk,Интернет провайдерінің қызметкерлері үйге кіргенде бахила кимейді.,интернет,kk,Астана,низкая,,huggingface
hf-600-ru,Водитель автобуса проехал остановку на большой скорости.,общественный транспорт,ru,Алматы,средняя,,huggingface
hf-600-kk,"Автобус жүргізушісі аялдамада тоқтамай, жылдамдықты асырып кетті.",общественный транспорт,kk,Алматы,средняя,,huggingface
hf-601-ru,Крышки на мусорных контейнерах во дворе сломаны.,ЖКХ,ru,Астана,низкая,,huggingface
hf-601-kk,Ауладағы қоқыс жәшіктерінің қақпақтары сынған.,ЖКХ,kk,Астана,низкая,,huggingface
hf-602-ru,"Не смог дозвониться в call-центр, чтобы записаться на прием к врачу.",медицина,ru,Шымкент,низкая,,huggingface
hf-602-kk,Дәрігердің қабылдауына жазылу үшін call-орталыққа хабарласа алмадым.,медицина,kk,Шымкент,низкая,,huggingface
hf-603-ru,Перед 'лежачим полицейским' на дороге нет предупреждающего знака.,дороги,ru,Караганда,низкая,,huggingface
hf-603-kk,Жолдағы 'жатқан полицейдің' алдында ескерту белгісі жоқ.,дороги,kk,Караганда,низкая,,huggingface
hf-604-ru,Еда в школьной столовой постоянно жирная.,образование,ru,Алматы,низкая,,huggingface
hf-604-kk,Мектептегі асханадағы тамақтар үнемі майлы.,образование,kk,Алматы,низкая,,huggingface
hf-605-ru,В конкурсе госзакупок могут участвовать только 'свои' компании.,коррупция,ru,Астана,высокая,,huggingface
hf-605-kk,Мемлекеттік сатып алу конкурсына тек 'өз' компаниялары қатыса алады.,коррупция,kk,Астана,высокая,,huggingface
hf-606-ru,В реку рядом с городом сбрасывают отходы от забоя скота.,экология,ru,Туркестанская область,высокая,,huggingface
hf-606-kk,Қаланың жанындағы өзенге мал сою қалдықтарын тастайды.,экология,kk,Туркестанская область,высокая,,huggingface
hf-607-ru,"Список документов, требуемых для назначения пособия, слишком большой.",соцподдержка,ru,Астана,низкая,,huggingface
hf-607-kk,Жәрдемақы тағайындау үшін талап етілетін құжаттар тізімі тым үлкен.,соцподдержка,kk,Астана,низкая,,huggingface
hf-608-ru,"Мой сосед делает ремонт в выходные дни, нарушая тишину.",полиция,ru,Алматы,низкая,,huggingface
hf-608-kk,"Көршім пәтерінде жөндеу жұмыстарын демалыс күндері жүргізіп, тыныштықты бұзады.",полиция,kk,Алматы,низкая,,huggingface
hf-609-ru,После отключения услуг интернет-провайдера на мое имя оформили кредит.,интернет,ru,Астана,высокая,,huggingface
hf-609-kk,Интернет провайдерінің қызметін тоқтатқаннан кейін менің атыма несие рәсімдеген.,интернет,kk,Астана,высокая,,huggingface
hf-610-ru,"Водитель автобуса высадил меня, сказав, что на моей карте 'Онай' нет денег.",общественный транспорт,ru,Алматы,средняя,,huggingface
hf-610-kk,"Автобус жүргізушісі менің 'Оңай' картамда ақша жоқ деп, түсіріп тастады.",общественный транспорт,kk,Алматы,средняя,,huggingface
hf-611-ru,За замену лампочки в подъезде просят плату.,ЖКХ,ru,Караганда,низкая,,huggingface
hf-611-kk,Үйдің кіреберісіндегі шамды ауыстыру үшін ақы сұрайды.,ЖКХ,kk,Караганда,низкая,,huggingface
hf-612-ru,"Я пришел на прием к врачу, а его не оказалось на месте.",медицина,ru,Астана,средняя,,huggingface
hf-612-kk,"Дәрігердің қабылдауына келсем, ол орнында болмай шықты.",медицина,kk,Астана,средняя,,huggingface
hf-613-ru,Из-за ям на дороге у моей машины сломался амортизатор.,дороги,ru,Алматы,высокая,,huggingface
hf-613-kk,Жолдағы шұңқырлардың кесірінен көлігімнің амортизаторы істен шықты.,дороги,kk,Алматы,высокая,,huggingface
hf-614-ru,В кабинете географии в школе нет карт и глобусов.,образование,ru,Туркестанская область,низкая,,huggingface
hf-614-kk,Мектептегі география кабинетінде карталар мен глобустар жоқ.,образование,kk,Туркестанская область,низкая,,huggingface
hf-615-ru,Дорогие часы и телефоны чиновников не соответствуют их зарплате.,коррупция,ru,Астана,низкая,,huggingface
hf-615-kk,Шенеуніктердің қымбат сағаттары мен телефондары олардың жалақысына сай келмейді.,коррупция,kk,Астана,низкая,,huggingface
hf-616-ru,В лесном массиве рядом с городом вырубают деревья и строят коттеджи.,экология,ru,Алматы,высокая,,huggingface
hf-616-kk,"Қаланың жанындағы орман алқабында ағаштарды кесіп, орнына коттедждер салып жатыр.",экология,kk,Алматы,высокая,,huggingface
hf-617-ru,"Не могу найти работу по специальности, на которую выучился через центр занятости.",соцподдержка,ru,Караганда,низкая,,huggingface
hf-617-kk,Жұмыспен қамту орталығы арқылы оқыған курсым бойынша жұмыс таба алмай жүрмін.,соцподдержка,kk,Караганда,низкая,,huggingface
hf-618-ru,Сотрудник полиции остановил мою машину и не объяснил причину.,полиция,ru,Астана,низкая,,huggingface
hf-618-kk,"Полиция қызметкері менің көлігімді тоқтатып, себебін түсіндірмеді.",полиция,kk,Астана,низкая,,huggingface
hf-619-ru,"Хотя я внес предоплату за услуги интернет-провайдера, интернет вовремя не подключили.",интернет,ru,Алматы,средняя,,huggingface
hf-619-kk,"Интернет провайдерінің қызметіне алдын ала төлем жасасам да, интернетті уақытында қоспады.",интернет,kk,Алматы,средняя,,huggingface
hf-620-ru,"Водитель автобуса не остановился на остановке, проигнорировав мою просьбу.",общественный транспорт,ru,Шымкент,средняя,,huggingface
hf-620-kk,"Автобус жүргізушісі аялдамаға тоқтамай, менің өтінішіме құлақ аспады.",общественный транспорт,kk,Шымкент,средняя,,huggingface
hf-621-ru,Детская горка во дворе сломана.,ЖКХ,ru,Астана,средняя,,huggingface
hf-621-kk,Үйдің ауласындағы балалар сырғанағы сынған.,ЖКХ,kk,Астана,средняя,,huggingface
hf-622-ru,Квалификация многих врачей в поликлинике низкая.,медицина,ru,Караганда,низкая,,huggingface
hf-622-kk,Емханадағы дәрігерлердің көбісінің біліктілігі төмен.,медицина,kk,Караганда,низкая,,huggingface
hf-623-ru,По тротуару вдоль дороги ездят машины.,дороги,ru,Алматы,средняя,,huggingface
hf-623-kk,Жол жиегіндегі жаяу жүргіншілер жолымен көліктер жүреді.,дороги,kk,Алматы,средняя,,huggingface
hf-624-ru,"Безопасность учеников в школе не обеспечена, охрана плохая.",образование,ru,Астана,высокая,,huggingface
hf-624-kk,"Мектептегі оқушылардың қауіпсіздігі қамтамасыз етілмеген, күзет нашар.",образование,kk,Астана,высокая,,huggingface
hf-625-ru,"Чтобы попасть в госучреждение, нужно стоять в очереди несколько часов.",коррупция,ru,Астана,низкая,,huggingface
hf-625-kk,Мемлекеттік мекемеге кіру үшін кезекте бірнеше сағат тұру керек.,коррупция,kk,Астана,низкая,,huggingface
hf-626-ru,"Вода в реке рядом с городом загрязнена, на берегу лежит мертвая рыба.",экология,ru,Атырау,высокая,,huggingface
hf-626-kk,"Қаланың жанындағы өзеннің суы ластанып, жағасында өлі балықтар жатыр.",экология,kk,Атырау,высокая,,huggingface
hf-627-ru,"На сбор документов, необходимых для получения пособия, уходит несколько недель.",соцподдержка,ru,Шымкент,низкая,,huggingface
hf-627-kk,Жәрдемақы алу үшін қажетті құжаттарды жинауға бірнеше апта кетеді.,соцподдержка,kk,Шымкент,низкая,,huggingface
hf-628-ru,Сотрудники полиции попросили плату за регистрацию моего заявления.,полиция,ru,Алматы,высокая,,huggingface
hf-628-kk,Полиция қызметкерлері менің шағымымды тіркеу үшін ақы сұрады.,полиция,kk,Алматы,высокая,,huggingface
hf-629-ru,"Когда я жалуюсь на услуги интернет-провайдера, мне угрожают отключением.",интернет,ru,Астана,средняя,,huggingface
hf-629-kk,"Интернет провайдерінің қызметіне шағымдансам, интернетті сөндіріп тастаймыз деп қорқытады.",интернет,kk,Астана,средняя,,huggingface
hf-630-ru,"Водитель автобуса обругал меня, хотя я оплатил проезд.",общественный транспорт,ru,Караганда,средняя,,huggingface
hf-630-kk,"Автобус жүргізушісі жол ақысын төлесем де, мені балағаттады.",общественный транспорт,kk,Караганда,средняя,,huggingface
hf-631-ru,Фонари освещения во дворе дома не горят по ночам.,ЖКХ,ru,Астана,средняя,,huggingface
hf-631-kk,Үйдің ауласындағы жарық шамдары түнде жанбайды.,ЖКХ,kk,Астана,средняя,,huggingface
hf-632-ru,"Чтобы попасть на прием к врачу, нужно ждать месяц.",медицина,ru,Алматы,средняя,,huggingface
hf-632-kk,Дәрігердің қабылдауына жазылу үшін бір ай күту керек.,медицина,kk,Алматы,средняя,,huggingface
hf-633-ru,"Зеленый сигнал светофора на дороге горит слишком недолго, не успеваем перейти.",дороги,ru,Астана,низкая,,huggingface
hf-633-kk,"Жолдағы бағдаршамның жасыл түсі тым қысқа жанады, өтіп үлгермейміз.",дороги,kk,Астана,низкая,,huggingface
hf-634-ru,"Качество еды в школе ухудшилось, дети остаются голодными.",образование,ru,Шымкент,высокая,,huggingface
hf-634-kk,"Мектептегі тамақтың сапасы нашарлап кетті, балалар аш қалады.",образование,kk,Шымкент,высокая,,huggingface
hf-635-ru,Условия конкурса госзакупок как будто специально написаны под одну компанию.,коррупция,ru,Астана,средняя,,huggingface
hf-635-kk,Мемлекеттік сатып алу конкурсының шарттары бір компанияға арнайы жазылған сияқты.,коррупция,kk,Астана,средняя,,huggingface
hf-636-ru,"В реку рядом с городом сливают неизвестную жидкость, цвет воды изменился.",экология,ru,Караганда,высокая,,huggingface
hf-636-kk,"Қаланың жанындағы өзенге белгісіз сұйықтық төгіп жатыр, судың түсі өзгерді.",экология,kk,Караганда,высокая,,huggingface
hf-637-ru,При назначении пособия в мой доход посчитали пенсию моих родителей.,соцподдержка,ru,Алматы,высокая,,huggingface
hf-637-kk,Жәрдемақы тағайындау кезінде менің қосымша табысым ретінде ата-анамның зейнетақысын есептеп жіберді.,соцподдержка,kk,Алматы,высокая,,huggingface
hf-638-ru,"Мой сосед сдает квартиру людям, которые нарушают тишину.",полиция,ru,Астана,низкая,,huggingface
hf-638-kk,"Көршім пәтерін жалға беріп, тыныштықты бұзатын адамдарды кіргізеді.",полиция,kk,Астана,низкая,,huggingface
hf-639-ru,Сотрудники интернет-провайдера сделали работу некачественно и оставили после себя мусор.,интернет,ru,Караганда,низкая,,huggingface
hf-639-kk,"Интернет провайдерінің қызметкерлері жұмысты сапасыз жасап, артынан қоқыс қалдырып кетті.",интернет,kk,Караганда,низкая,,huggingface
hf-640-ru,Водитель автобуса просил у других пассажиров разменять деньги для оплаты проезда.,общественный транспорт,ru,Алматы,низкая,,huggingface
hf-640-kk,Автобус жүргізушісі жол ақысын төлеу үшін басқа жолаушылардан ұсақ ақша сұрады.,общественный транспорт,kk,Алматы,низкая,,huggingface
hf-641-ru,Ручка на входной двери в подъезд сломана.,ЖКХ,ru,Павлодар,низкая,,huggingface
hf-641-kk,Үйдің кіреберісіндегі есіктің тұтқасы сынған.,ЖКХ,kk,Павлодар,низкая,,huggingface
hf-642-ru,Врач не ответил на мои вопросы и направил к другому специалисту.,медицина,ru,Астана,низкая,,huggingface
hf-642-kk,"Дәрігер менің сұрақтарыма жауап бермей, басқа дәрігерге сілтеді.",медицина,kk,Астана,низкая,,huggingface
hf-643-ru,Из-за ям на дороге у меня лопнуло колесо.,дороги,ru,Караганда,высокая,,huggingface
hf-643-kk,Жолдағы шұңқырлардың кесірінен көлігімнің дөңгелегі жарылды.,дороги,kk,Караганда,высокая,,huggingface
hf-644-ru,"Учитель начальных классов в школе часто болеет, уроки пропадают.",образование,ru,Алматы,средняя,,huggingface
hf-644-kk,"Мектептегі бастауыш сынып мұғалімі жиі ауырып, сабақтар өтпей қалады.",образование,kk,Алматы,средняя,,huggingface
hf-645-ru,Существуют 'особые' парковки для служебных автомобилей чиновников.,коррупция,ru,Астана,низкая,,huggingface
hf-645-kk,Шенеуніктердің қызметтік көліктеріне арналған 'ерекше' тұрақтар бар.,коррупция,kk,Астана,низкая,,huggingface
hf-646-ru,"К тем, кто сбрасывает мусор в реку за городом, не принимают никаких мер.",экология,ru,Шымкент,средняя,,huggingface
hf-646-kk,Қаланың жанындағы өзенге қоқыс төгетіндерге ешқандай шара қолданылмайды.,экология,kk,Шымкент,средняя,,huggingface
hf-647-ru,"Чтобы зарегистрироваться в качестве безработного, нужно собрать много справок.",соцподдержка,ru,Астана,низкая,,huggingface
hf-647-kk,Жұмыссыз ретінде тіркелу үшін көптеген анықтамалар жинау керек.,соцподдержка,kk,Астана,низкая,,huggingface
hf-648-ru,"Хотя полиция и зарегистрировала мое заявление, никаких результатов нет.",полиция,ru,Алматы,средняя,,huggingface
hf-648-kk,"Полиция қызметкерлері менің арызымды тіркегенімен, ешқандай нәтиже жоқ.",полиция,kk,Алматы,средняя,,huggingface
hf-649-ru,"У сотрудников интернет-провайдера, приходящих на вызов, нет с собой запчастей.",интернет,ru,Караганда,низкая,,huggingface
hf-649-kk,Интернет провайдерінің қызметкерлері үйге келгенде өздерімен бірге қосалқы бөлшектері болмайды.,интернет,kk,Караганда,низкая,,huggingface
hf-650-ru,Водитель автобуса проехал мою остановку.,общественный транспорт,ru,Астана,низкая,,huggingface
hf-650-kk,Автобус жүргізушісі менің аялдамамнан өткізіп жіберді.,общественный транспорт,kk,Астана,низкая,,huggingface
hf-651-ru,Освещение на спортивной площадке во дворе не работает.,ЖКХ,ru,Астана,низкая,,huggingface
hf-651-kk,Үйдің ауласындағы спорт алаңының жарықтандыруы істемейді.,ЖКХ,kk,Астана,низкая,,huggingface
hf-652-ru,"Я стоял в очереди с 6 утра, чтобы записаться на прием к врачу.",медицина,ru,Шымкент,средняя,,huggingface
hf-652-kk,Дәрігердің қабылдауына жазылу үшін таңғы 6-дан бастап кезекке тұрдым.,медицина,kk,Шымкент,средняя,,huggingface
hf-653-ru,"Зеленый сигнал светофора на дороге мигает, вводя водителей в заблуждение.",дороги,ru,Алматы,средняя,,huggingface
hf-653-kk,"Жолдағы бағдаршамның жасыл түсі жанып-сөніп, жүргізушілерді шатастырады.",дороги,kk,Алматы,средняя,,huggingface
hf-654-ru,Еда в школьной столовой постоянно холодная.,образование,ru,Караганда,низкая,,huggingface
hf-654-kk,Мектептегі асханадағы тамақтар үнемі суық болады.,образование,kk,Караганда,низкая,,huggingface
hf-655-ru,Для входа в госучреждение требуют оставить в залог удостоверение личности.,коррупция,ru,Астана,средняя,,huggingface
hf-655-kk,Мемлекеттік мекемеге кіру үшін жеке куәлікті кепілге қалдыруды талап етеді.,коррупция,kk,Астана,средняя,,huggingface
hf-656-ru,Рядом с рекой у города появился незаконный песчаный карьер.,экология,ru,Атырау,высокая,,huggingface
hf-656-kk,Қаланың жанындағы өзенге жақын жерде заңсыз құм карьері пайда болды.,экология,kk,Атырау,высокая,,huggingface
hf-657-ru,Для назначения пособия проверяют мою кредитную историю.,соцподдержка,ru,Алматы,низкая,,huggingface
hf-657-kk,Жәрдемақы тағайындау үшін менің несиелік тарихымды тексеріп жатыр.,соцподдержка,kk,Алматы,низкая,,huggingface
hf-658-ru,Сотрудники полиции не приняли мою жалобу и отправили в другое отделение.,полиция,ru,Астана,средняя,,huggingface
hf-658-kk,"Полиция қызметкерлері менің шағымымды қабылдамай, басқа бөлімшеге жіберді.",полиция,kk,Астана,средняя,,huggingface
hf-659-ru,Сотрудники интернет-провайдера звонят в нерабочее время.,интернет,ru,Караганда,низкая,,huggingface
hf-659-kk,Интернет провайдерінің қызметкерлері жұмыс уақытынан тыс уақытта хабарласады.,интернет,kk,Караганда,низкая,,huggingface
hf-660-ru,Водитель автобуса просит перевести оплату за проезд на свою карту вместо терминала.,общественный транспорт,ru,Алматы,высокая,,huggingface
hf-660-kk,Автобус жүргізушісі жол ақысын төлеу үшін терминалдың орнына өз картасына аударуды сұрайды.,общественный транспорт,kk,Алматы,высокая,,huggingface
hf-661-ru,Посторонние люди узнали код от входной двери в подъезд.,ЖКХ,ru,Астана,низкая,,huggingface
hf-661-kk,Үйдің кіреберісіндегі есіктің кодын бөгде адамдар біліп алған.,ЖКХ,kk,Астана,низкая,,huggingface
hf-662-ru,"Врач во время приема смотрел в компьютер, вместо того чтобы отвечать на мои вопросы.",медицина,ru,Караганда,низкая,,huggingface
hf-662-kk,"Дәрігер қабылдау кезінде менің сұрақтарыма жауап берудің орнына, компьютеріне үңіліп отырды.",медицина,kk,Караганда,низкая,,huggingface
hf-663-ru,Из-за ям на дороге я уже дважды прокалывал колесо.,дороги,ru,Шымкент,высокая,,huggingface
hf-663-kk,Жолдағы шұңқырлардың кесірінен көлігімнің дөңгелегін екі рет жарып алдым.,дороги,kk,Шымкент,высокая,,huggingface
hf-664-ru,В кабинете биологии в школе нет микроскопов.,образование,ru,Атырау,низкая,,huggingface
hf-664-kk,Мектептегі биология кабинетінде микроскоптар жоқ.,образование,kk,Атырау,низкая,,huggingface
hf-665-ru,Чиновники возят своих детей в школу на служебных машинах.,коррупция,ru,Астана,низкая,,huggingface
hf-665-kk,Шенеуніктердің қызметтік көліктерімен балаларын мектепке апарады.,коррупция,kk,Астана,низкая,,huggingface
hf-666-ru,Со стройплощадки у реки в воду стекает мусор.,экология,ru,Алматы,средняя,,huggingface
hf-666-kk,Қаланың жанындағы өзенге жақын жердегі құрылыс алаңынан қоқыс суға ағып жатыр.,экология,kk,Алматы,средняя,,huggingface
hf-667-ru,Для назначения пособия потребовали справку о пенсии моих родителей.,соцподдержка,ru,Караганда,низкая,,huggingface
hf-667-kk,Жәрдемақы тағайындау үшін менің ата-анамның зейнетақысы туралы анықтама сұратты.,соцподдержка,kk,Караганда,низкая,,huggingface
hf-668-ru,"Сотрудники полиции приняли мою жалобу, но не дали никакого номера регистрации.",полиция,ru,Астана,средняя,,huggingface
hf-668-kk,"Полиция қызметкерлері менің шағымымды қабылдап, бірақ ешқандай нөмір бермеді.",полиция,kk,Астана,средняя,,huggingface
hf-669-ru,"Сотрудники интернет-провайдера, приходя на дом, делают работу в спешке и быстро уходят.",интернет,ru,Алматы,низкая,,huggingface
hf-669-kk,"Интернет провайдерінің қызметкерлері үйге келгенде жұмысты асығыс істеп, кетіп қалады.",интернет,kk,Алматы,низкая,,huggingface
hf-670-ru,"Водитель автобуса не остановился на остановке, проигнорировав мой знак.",общественный транспорт,ru,Астана,низкая,,huggingface
hf-670-kk,"Автобус жүргізушісі аялдамада тоқтамай, менің белгіме қарамады.",общественный транспорт,kk,Астана,низкая,,huggingface
hf-671-ru,"Краска на скамейках во дворе облупилась, они выглядят старыми.",ЖКХ,ru,Караганда,низкая,,huggingface
hf-671-kk,"Үйдің ауласындағы орындықтардың бояуы өшіп, ескіріп кеткен.",ЖКХ,kk,Караганда,низкая,,huggingface
hf-672-ru,"Не мог дозвониться в call-центр несколько дней, чтобы записаться к врачу.",медицина,ru,Алматы,средняя,,huggingface
hf-672-kk,Дәрігердің қабылдауына жазылу үшін бірнеше күн бойы call-орталыққа хабарласа алмадым.,медицина,kk,Алматы,средняя,,huggingface
hf-673-ru,"'Лежачий полицейский' на дороге слишком низкий, машины не сбрасывают скорость.",дороги,ru,Шымкент,низкая,,huggingface
hf-673-kk,"Жолдағы 'жатқан полицей' өте аласа, көліктер жылдамдығын азайтпайды.",дороги,kk,Шымкент,низкая,,huggingface
hf-674-ru,Порции еды в школьной столовой очень маленькие.,образование,ru,Астана,низкая,,huggingface
hf-674-kk,Мектептегі асханадағы тамақтың порциясы өте кішкентай.,образование,kk,Астана,низкая,,huggingface
hf-675-ru,"Я уверен, что у чиновников есть имущество, не указанное в декларациях.",коррупция,ru,Астана,средняя,,huggingface
hf-675-kk,Шенеуніктердің декларацияда көрсетпеген мүліктері бар екеніне сенімдімін.,коррупция,kk,Астана,средняя,,huggingface
hf-676-ru,Отходы завода у реки загрязняют воду.,экология,ru,Павлодар,высокая,,huggingface
hf-676-kk,Қаланың жанындағы өзенге жақын жердегі зауыттың қалдықтары суды ластап жатыр.,экология,kk,Павлодар,высокая,,huggingface
hf-677-ru,"Для назначения пособия потребовали справку о доходах моего супруга, хотя мы в разводе.",соцподдержка,ru,Караганда,высокая,,huggingface
hf-677-kk,"Жәрдемақы тағайындау үшін менің жұбайымның табысы туралы анықтаманы талап етті, бірақ біз ажырасқанбыз.",соцподдержка,kk,Караганда,высокая,,huggingface
hf-678-ru,"Сотрудники полиции приняли мою жалобу, но потом потеряли ее.",полиция,ru,Алматы,высокая,,huggingface
hf-678-kk,"Полиция қызметкерлері менің шағымымды қабылдап, бірақ оны жоғалтып алды.",полиция,kk,Алматы,высокая,,huggingface
hf-679-ru,"Сотрудники интернет-провайдера, приходя на вызов, не приносят с собой лестницу.",интернет,ru,Астана,низкая,,huggingface
hf-679-kk,Интернет провайдерінің қызметкерлері үйге келгенде өздерімен бірге баспалдақ алып келмейді.,интернет,kk,Астана,низкая,,huggingface
hf-680-ru,Водитель автобуса с сомнением отнесся к моей льготной карте.,общественный транспорт,ru,Караганда,низкая,,huggingface
hf-680-kk,Автобус жүргізушісі менің жеңілдік картама күмәнмен қарады.,общественный транспорт,kk,Караганда,низкая,,huggingface
hf-681-ru,"Свет в подъезде горит постоянно, днем его не выключают.",ЖКХ,ru,Астана,низкая,,huggingface
hf-681-kk,"Үйдің кіреберісіндегі жарық үнемі жанып тұрады, күндіз сөндірілмейді.",ЖКХ,kk,Астана,низкая,,huggingface
hf-682-ru,Мое время записи на прием к врачу отдали другому человеку.,медицина,ru,Алматы,средняя,,huggingface
hf-682-kk,Дәрігердің қабылдауына жазылған уақытымды басқа адамға беріп жіберген.,медицина,kk,Алматы,средняя,,huggingface
hf-683-ru,Из-за ям на дороге мне приходится часто прокалывать колеса.,дороги,ru,Шымкент,средняя,,huggingface
hf-683-kk,Жолдағы шұңқырлардың кесірінен көлігімнің дөңгелегін жиі тесуге тура келеді.,дороги,kk,Шымкент,средняя,,huggingface
hf-684-ru,Никто не проверяет качество еды в школьной столовой.,образование,ru,Астана,средняя,,huggingface
hf-684-kk,Мектептегі асханадағы тамақтардың сапасын ешкім тексермейді.,образование,kk,Астана,средняя,,huggingface
hf-685-ru,Победителем конкурса госзакупок постоянно становится одна и та же компания.,коррупция,ru,Караганда,средняя,,huggingface
hf-685-kk,Мемлекеттік сатып алу конкурсының жеңімпазы үнемі бір компания болады.,коррупция,kk,Караганда,средняя,,huggingface
hf-686-ru,От зон отдыха у реки рядом с городом остается много мусора.,экология,ru,Алматы,низкая,,huggingface
hf-686-kk,Қаланың жанындағы өзенге жақын жердегі демалыс орындарынан көп қоқыс шығады.,экология,kk,Алматы,низкая,,huggingface
hf-687-ru,"У меня ушла неделя на получение справки, необходимой для пособия.",соцподдержка,ru,Астана,низкая,,huggingface
hf-687-kk,Жәрдемақы алу үшін қажетті анықтаманы алуға бір апта уақыт кетті.,соцподдержка,kk,Астана,низкая,,huggingface
hf-688-ru,"Сотрудники полиции отказались регистрировать мою жалобу, сказав 'решай сам'.",полиция,ru,Шымкент,высокая,,huggingface
hf-688-kk,"Полиция қызметкерлері менің шағымымды тіркеуден бас тартып, 'өзің шешіп ал' деді.",полиция,kk,Шымкент,высокая,,huggingface
hf-689-ru,"У сотрудников интернет-провайдера, приходящих на дом, неполный набор инструментов.",интернет,ru,Астана,низкая,,huggingface
hf-689-kk,Интернет провайдерінің қызметкерлері үйге келгенде жұмыс құралдары толық болмайды.,интернет,kk,Астана,низкая,,huggingface
hf-690-ru,"Водитель автобуса проигнорировал меня, не ответив на мой вопрос.",общественный транспорт,ru,Караганда,низкая,,huggingface
hf-690-kk,"Автобус жүргізушісі менің сұрағыма жауап бермей, елемеді.",общественный транспорт,kk,Караганда,низкая,,huggingface
hf-691-ru,Экран на домофоне в подъезде не работает.,ЖКХ,ru,Алматы,низкая,,huggingface
hf-691-kk,Үйдің кіреберісіндегі домофонның экраны істемейді.,ЖКХ,kk,Алматы,низкая,,huggingface
hf-692-ru,"Когда я пришел на прием к врачу в свое время, он ушел на обед.",медицина,ru,Астана,средняя,,huggingface
hf-692-kk,"Дәрігердің қабылдауына жазылған уақытымда келсем, ол түскі асқа кетіп қалыпты.",медицина,kk,Астана,средняя,,huggingface
hf-693-ru,Из-за ям на дороге я погнул колесный диск.,дороги,ru,Караганда,высокая,,huggingface
hf-693-kk,Жолдағы шұңқырлардың кесірінен көлігімнің дөңгелегінің дискісін қисайтып алдым.,дороги,kk,Караганда,высокая,,huggingface
hf-694-ru,Спортивный инвентарь на уроках физкультуры в школе старый и опасный.,образование,ru,Шымкент,средняя,,huggingface
hf-694-kk,Мектептегі дене шынықтыру сабағындағы спорттық жабдықтар ескі және қауіпті.,образование,kk,Шымкент,средняя,,huggingface
hf-695-ru,"Кажется, на бензин для служебных автомобилей чиновников нет лимита.",коррупция,ru,Астана,низкая,,huggingface
hf-695-kk,Шенеуніктердің қызметтік көліктеріне жанармай лимиті жоқ сияқты.,коррупция,kk,Астана,низкая,,huggingface
hf-696-ru,Канализация домов у реки рядом с городом сливается прямо в воду.,экология,ru,Алматы,высокая,,huggingface
hf-696-kk,Қаланың жанындағы өзенге жақын жердегі үйлердің кәріз жүйесі суға ағызылады.,экология,kk,Алматы,высокая,,huggingface
hf-697-ru,При назначении пособия в мой доход посчитали проценты по моему депозиту.,соцподдержка,ru,Караганда,низкая,,huggingface
hf-697-kk,Жәрдемақы тағайындау кезінде менің қосымша табысым ретінде депозитімдегі пайыздарды есептеп жіберді.,соцподдержка,kk,Караганда,низкая,,huggingface
hf-698-ru,"Сотрудники полиции приняли мою жалобу, но передали ее в другое подразделение.",полиция,ru,Астана,низкая,,huggingface
hf-698-kk,"Полиция қызметкерлері менің шағымымды қабылдап, бірақ оны басқа бөлімшеге жіберген.",полиция,kk,Астана,низкая,,huggingface
hf-699-ru,"Сотрудники интернет-провайдера, приходя на дом, не могут ответить на мои вопросы.",интернет,ru,Алматы,низкая,,huggingface
hf-699-kk,Интернет провайдерінің қызметкерлері үйге келгенде менің сұрақтарыма жауап бере алмайды.,интернет,kk,Алматы,низкая,,huggingface
hf-700-ru,"Водитель автобуса не остановился на моей остановке, а высадил на следующей.",общественный транспорт,ru,Астана,низкая,,huggingface
hf-700-kk,"Автобус жүргізушісі менің аялдамамда тоқтамай, келесі аялдамада түсірді.",общественный транспорт,kk,Астана,низкая,,huggingface
hf-701-ru,"Подвал дома затапливает, КСК не принимает никаких мер.",ЖКХ,ru,Астана,высокая,,huggingface
hf-701-kk,"Үйдің жертөлесін су басып жатыр, КСК ешқандай шара қолданбайды.",ЖКХ,kk,Астана,высокая,,huggingface
hf-702-ru,Пробил колесо из-за ямы на дороге. Кто возместит ущерб?,дороги,ru,Алматы,высокая,,huggingface
hf-702-kk,Жолдағы шұңқырдың кесірінен көлігімнің дөңгелегін жарып алдым. Шығынды кім өтейді?,дороги,kk,Алматы,высокая,,huggingface
hf-703-ru,"Невозможно записаться на прием к врачу, их телефоны не отвечают.",медицина,ru,Шымкент,средняя,,huggingface
hf-703-kk,"Дәрігердің қабылдауына жазылу мүмкін емес, телефондары жауап бермейді.",медицина,kk,Шымкент,средняя,,huggingface
hf-704-ru,"Пол в школьном спортзале изношен, высокий риск получения травмы.",образование,ru,Караганда,средняя,,huggingface
hf-704-kk,"Мектептегі спорт залдың едені ескірген, жарақат алу қаупі жоғары.",образование,kk,Караганда,средняя,,huggingface
hf-705-ru,Потребовали 'вознаграждение' за продвижение в очереди на земельный участок.,коррупция,ru,Туркестанская область,высокая,,huggingface
hf-705-kk,Жер учаскесін алу кезегін жылжыту үшін 'сыйақы' сұрады.,коррупция,kk,Туркестанская область,высокая,,huggingface
hf-706-ru,Завод рядом с городом по ночам выпускает желтый дым.,экология,ru,Темиртау,высокая,,huggingface
hf-706-kk,Қаланың жанындағы зауыт түнде сары түтін шығарады.,экология,kk,Темиртау,высокая,,huggingface
hf-707-ru,Размер пособия для моего ребенка-инвалида очень маленький.,соцподдержка,ru,Астана,низкая,,huggingface
hf-707-kk,Мүгедектігі бар балама арналған жәрдемақы мөлшері өте аз.,соцподдержка,kk,Астана,низкая,,huggingface
hf-708-ru,"Сотрудники полиции не приняли мою жалобу, сказав, что дело неважное.",полиция,ru,Алматы,высокая,,huggingface
hf-708-kk,"Полиция қызметкерлері менің шағымымды қабылдамай, істің маңызы жоқ деді.",полиция,kk,Алматы,высокая,,huggingface
hf-709-ru,"Сотрудники интернет-провайдера, пришедшие на дом, грубо отвечали на мои вопросы.",интернет,ru,Астана,низкая,,huggingface
hf-709-kk,"Интернет провайдерінің қызметкерлері үйге келгенде, менің сұрақтарыма дөрекі жауап берді.",интернет,kk,Астана,низкая,,huggingface
hf-710-ru,"Водитель автобуса не остановился на остановке и не подождал пенсионера, который шел за мной.",общественный транспорт,ru,Караганда,средняя,,huggingface
hf-710-kk,"Автобус жүргізушісі аялдамада тоқтамай, менің артымнан келе жатқан зейнеткерді күтпеді.",общественный транспорт,kk,Караганда,средняя,,huggingface
hf-711-ru,"Мусорные контейнеры во дворе постоянно переполнены, график вывоза не соблюдается.",ЖКХ,ru,Шымкент,средняя,,huggingface
hf-711-kk,"Ауладағы қоқыс жәшіктері үнемі толы, қоқыс шығару кестесі сақталмайды.",ЖКХ,kk,Шымкент,средняя,,huggingface
hf-712-ru,Стою в очереди на УЗИ в поликлинике уже 2 месяца.,медицина,ru,Астана,средняя,,huggingface
hf-712-kk,Емханадағы УДЗ аппаратына жазылу үшін 2 ай кезекте тұрмын.,медицина,kk,Астана,средняя,,huggingface
hf-713-ru,Над тротуаром вдоль дороги нависают ветки деревьев.,дороги,ru,Алматы,низкая,,huggingface
hf-713-kk,Жол жиегіндегі жаяу жүргіншілер жолының үстінен ағаш бұтақтары өсіп кеткен.,дороги,kk,Алматы,низкая,,huggingface
hf-714-ru,"Когда я жалуюсь на качество еды в школьной столовой, на моего ребенка оказывают давление.",образование,ru,Караганда,высокая,,huggingface
hf-714-kk,"Мектептегі асханадағы тамақтардың сапасы туралы шағымдансам, балама қысым көрсетеді.",образование,kk,Караганда,высокая,,huggingface
hf-715-ru,"Я видел, как чиновники ездят на служебных машинах в зоны отдыха.",коррупция,ru,Астана,низкая,,huggingface
hf-715-kk,Шенеуніктердің қызметтік көліктерімен демалыс орындарына баратынын көрдім.,коррупция,kk,Астана,низкая,,huggingface
hf-716-ru,Неизвестная компания сливает химические отходы в реку рядом с городом.,экология,ru,Павлодар,высокая,,huggingface
hf-716-kk,Қаланың жанындағы өзенге белгісіз компания химиялық қалдықтарды төгіп жатыр.,экология,kk,Павлодар,высокая,,huggingface
hf-717-ru,"Работа, предложенная центром занятости, не соответствует моей специальности.",соцподдержка,ru,Астана,низкая,,huggingface
hf-717-kk,Жұмыспен қамту орталығы ұсынған жұмыс менің мамандығыма сәйкес келмейді.,соцподдержка,kk,Астана,низкая,,huggingface
hf-718-ru,Сотрудники полиции при регистрации моей жалобы разгласили мои личные данные.,полиция,ru,Алматы,высокая,,huggingface
hf-718-kk,Полиция қызметкерлері менің шағымымды тіркеу кезінде менің жеке деректерімді жария етті.,полиция,kk,Алматы,высокая,,huggingface
hf-719-ru,"Сотрудники интернет-провайдера, придя на дом, сломали мой роутер.",интернет,ru,Караганда,средняя,,huggingface
hf-719-kk,"Интернет провайдерінің қызметкерлері үйге келгенде, менің роутерімді бұзып алды.",интернет,kk,Караганда,средняя,,huggingface
hf-720-ru,"Водитель автобуса не остановился на моей остановке, сказав, что 'здесь останавливаться нельзя'.",общественный транспорт,ru,Астана,низкая,,huggingface
hf-720-kk,"Автобус жүргізушісі менің аялдамамда тоқтамай, 'бұл жерде тоқтауға болмайды' деді.",общественный транспорт,kk,Астана,низкая,,huggingface
hf-721-ru,Дверь лифта в подъезде не закрывается должным образом.,ЖКХ,ru,Алматы,высокая,,huggingface
hf-721-kk,Үйдің кіреберісіндегі лифттің есігі дұрыс жабылмайды.,ЖКХ,kk,Алматы,высокая,,huggingface
hf-722-ru,"Время моей записи на прием к врачу изменили, не предупредив меня.",медицина,ru,Астана,средняя,,huggingface
hf-722-kk,"Дәрігердің қабылдауына жазылған уақытымды өзгертіп, маған ескертпеген.",медицина,kk,Астана,средняя,,huggingface
hf-723-ru,"Когда на дороге горит зеленый, на пешеходном светофоре горит красный.",дороги,ru,Караганда,высокая,,huggingface
hf-723-kk,"Жолдағы бағдаршамның жасыл түсі жанып тұрғанда, жаяу жүргіншілерге арналған бағдаршамда қызыл түс жанады.",дороги,kk,Караганда,высокая,,huggingface
hf-724-ru,Охранник в школе грубит ученикам.,образование,ru,Шымкент,низкая,,huggingface
hf-724-kk,Мектептегі күзетші оқушыларға дөрекі сөйлейді.,образование,kk,Шымкент,низкая,,huggingface
hf-725-ru,Сотрудники госучреждения в рабочее время играют в компьютерные игры.,коррупция,ru,Астана,низкая,,huggingface
hf-725-kk,Мемлекеттік мекеменің қызметкерлері жұмыс уақытында компьютерде ойын ойнап отырады.,коррупция,kk,Астана,низкая,,huggingface
hf-726-ru,Музыка из зон отдыха у реки не дает спать по ночам.,экология,ru,Алматы,низкая,,huggingface
hf-726-kk,Қаланың жанындағы өзенге жақын жердегі демалыс орындарынан шыққан музыка түнде ұйықтатпайды.,экология,kk,Алматы,низкая,,huggingface
hf-727-ru,Для назначения пособия проверяют каждую копейку на моем банковском счете.,соцподдержка,ru,Астана,низкая,,huggingface
hf-727-kk,Жәрдемақы тағайындау үшін менің банктік шотымдағы әрбір тиынды тексеріп жатыр.,соцподдержка,kk,Астана,низкая,,huggingface
hf-728-ru,"Когда я вызываю полицию из-за шума, сосед просто не открывает им дверь.",полиция,ru,Караганда,низкая,,huggingface
hf-728-kk,"Көршімнің пәтерінен шыққан шуға байланысты полиция шақырсам, олар келгенде көршім есікті ашпайды.",полиция,kk,Караганда,низкая,,huggingface
hf-729-ru,"Сотрудники интернет-провайдера, придя на дом, пользовались моими личными вещами без спроса.",интернет,ru,Алматы,средняя,,huggingface
hf-729-kk,"Интернет провайдерінің қызметкерлері үйге келгенде, менің жеке заттарымды сұраусыз пайдаланды.",интернет,kk,Алматы,средняя,,huggingface
hf-730-ru,Водитель автобуса взял мою льготную карту и несколько раз приложил ее к терминалу.,общественный транспорт,ru,Астана,низкая,,huggingface
hf-730-kk,"Автобус жүргізушісі менің жеңілдік картамды алып, оны терминалға бірнеше рет басты.",общественный транспорт,kk,Астана,низкая,,huggingface
hf-731-ru,В почтовые ящики в подъезде запихивают рекламу и оставляют мусор.,ЖКХ,ru,Караганда,низкая,,huggingface
hf-731-kk,"Үйдің кіреберісіндегі пошта жәшіктеріне жарнама қағаздарын тығып, қоқыс тастап кетеді.",ЖКХ,kk,Караганда,низкая,,huggingface
hf-732-ru,"Когда я пришел на прием в свое время, врач принимал другого пациента.",медицина,ru,Алматы,низкая,,huggingface
hf-732-kk,"Дәрігердің қабылдауына жазылған уақытымда келсем, ол басқа пациентті қабылдап жатыр екен.",медицина,kk,Алматы,низкая,,huggingface
hf-733-ru,"Из-за ям на дорогах я часто меняю колеса, что бьет по моему бюджету.",дороги,ru,Астана,средняя,,huggingface
hf-733-kk,"Жолдағы шұңқырлардың кесірінен көлігімнің дөңгелегін жиі ауыстырамын, бұл бюджетіме әсер етеді.",дороги,kk,Астана,средняя,,huggingface
hf-734-ru,Из-за плохого качества еды в школьной столовой мой ребенок носит еду из дома.,образование,ru,Караганда,низкая,,huggingface
hf-734-kk,"Мектептегі асханадағы тамақтардың сапасы нашар болғандықтан, балам үйден тамақ алып барады.",образование,kk,Караганда,низкая,,huggingface
hf-735-ru,Информация о победителе конкурса госзакупок не публикуется.,коррупция,ru,Астана,низкая,,huggingface
hf-735-kk,Мемлекеттік сатып алу конкурсының жеңімпазы туралы ақпарат жарияланбайды.,коррупция,kk,Астана,низкая,,huggingface
hf-736-ru,Мусор из домов у реки попадает прямо в воду.,экология,ru,Алматы,средняя,,huggingface
hf-736-kk,Қаланың жанындағы өзенге жақын жердегі үйлердің қоқысы суға түседі.,экология,kk,Алматы,средняя,,huggingface
hf-737-ru,"За получение справки, необходимой для пособия, попросили плату.",соцподдержка,ru,Шымкент,высокая,,huggingface
hf-737-kk,Жәрдемақы алу үшін қажетті анықтаманы алуға ақы сұрады.,соцподдержка,kk,Шымкент,высокая,,huggingface
hf-738-ru,"Сотрудники полиции приняли мою жалобу, но оставили ее без рассмотрения.",полиция,ru,Караганда,высокая,,huggingface
hf-738-kk,"Полиция қызметкерлері менің шағымымды қабылдап, бірақ оны қараусыз қалдырды.",полиция,kk,Караганда,высокая,,huggingface
hf-739-ru,"Сотрудники интернет-провайдера, придя на дом, пользовались моим личным компьютером.",интернет,ru,Астана,средняя,,huggingface
hf-739-kk,"Интернет провайдерінің қызметкерлері үйге келгенде, менің жеке компьютерімді пайдаланды.",интернет,kk,Астана,средняя,,huggingface
hf-740-ru,"Водитель автобуса не остановился на моей остановке, а на следующей сказал, что 'это не его вина'.",общественный транспорт,ru,Алматы,низкая,,huggingface
hf-740-kk,"Автобус жүргізушісі менің аялдамамда тоқтамай, келесі аялдамада 'менің кінәм жоқ' деді.",общественный транспорт,kk,Алматы,низкая,,huggingface
hf-741-ru,Лифт в подъезде часто застревает.,ЖКХ,ru,Астана,высокая,,huggingface
hf-741-kk,Үйдің кіреберісіндегі лифт жиі кептеліп қалады.,ЖКХ,kk,Астана,высокая,,huggingface
hf-742-ru,"Когда я пришел на прием в свое время, врач принял вместо меня другого человека.",медицина,ru,Караганда,средняя,,huggingface
hf-742-kk,"Дәрігердің қабылдауына жазылған уақытымда келсем, ол менің орныма басқа адамды қабылдады.",медицина,kk,Караганда,средняя,,huggingface
hf-743-ru,"Красный сигнал светофора на дороге горит слишком долго, создавая пробки.",дороги,ru,Астана,низкая,,huggingface
hf-743-kk,"Жолдағы бағдаршамның қызыл түсі өте ұзақ жанады, кептеліс тудырады.",дороги,kk,Астана,низкая,,huggingface
hf-744-ru,Цены на еду в школьной столовой меняются каждый день.,образование,ru,Алматы,низкая,,huggingface
hf-744-kk,Мектептегі асханадағы тамақтардың бағасы күн сайын өзгеріп отырады.,образование,kk,Алматы,низкая,,huggingface
hf-745-ru,"Выяснилось, что у победителя конкурса госзакупок нет опыта.",коррупция,ru,Караганда,средняя,,huggingface
hf-745-kk,Мемлекеттік сатып алу конкурсының жеңімпазының тәжірибесі жоқ екені белгілі болды.,коррупция,kk,Караганда,средняя,,huggingface
hf-746-ru,Шум со стройплощадки у реки не дает спать по ночам.,экология,ru,Астана,низкая,,huggingface
hf-746-kk,Қаланың жанындағы өзенге жақын жердегі құрылыс алаңынан шыққан шу түнде ұйықтатпайды.,экология,kk,Астана,низкая,,huggingface
hf-747-ru,"Для назначения пособия потребовали справку о доходах моего супруга, но он за границей.",соцподдержка,ru,Алматы,средняя,,huggingface
hf-747-kk,"Жәрдемақы тағайындау үшін менің жұбайымның табысы туралы анықтаманы талап етті, бірақ ол шетелде.",соцподдержка,kk,Алматы,средняя,,huggingface
hf-748-ru,"Сотрудники полиции приняли мою жалобу, но зарегистрировали ее на другого человека.",полиция,ru,Караганда,высокая,,huggingface
hf-748-kk,"Полиция қызметкерлері менің шағымымды қабылдап, бірақ оны басқа адамның атына тіркеген.",полиция,kk,Караганда,высокая,,huggingface
hf-749-ru,"Сотрудники интернет-провайдера, придя на дом, задавали вопросы о моей личной жизни.",интернет,ru,Астана,низкая,,huggingface
hf-749-kk,"Интернет провайдерінің қызметкерлері үйге келгенде, менің жеке өміріме қатысты сұрақтар қойды.",интернет,kk,Астана,низкая,,huggingface
hf-750-ru,"Водитель автобуса не остановился на моей остановке, сказав, что 'у него график'.",общественный транспорт,ru,Шымкент,низкая,,huggingface
hf-750-kk,"Автобус жүргізушісі менің аялдамамда тоқтамай, 'менің кестем бар' деді.",общественный транспорт,kk,Шымкент,низкая,,huggingface
hf-751-ru,Лампочки в подъезде постоянно перегорают.,ЖКХ,ru,Павлодар,низкая,,huggingface
hf-751-kk,Үйдің кіреберісіндегі шамдар үнемі істен шығады.,ЖКХ,kk,Павлодар,низкая,,huggingface
hf-752-ru,"Когда я пришел на прием в свое время, врач принял вместо меня своего знакомого.",медицина,ru,Шымкент,высокая,,huggingface
hf-752-kk,"Дәрігердің қабылдауына жазылған уақытымда келсем, ол менің орныма танысын қабылдады.",медицина,kk,Шымкент,высокая,,huggingface
hf-753-ru,Таймер на светофоре не работает должным образом.,дороги,ru,Караганда,низкая,,huggingface
hf-753-kk,Жолдағы бағдаршамның таймері дұрыс істемейді.,дороги,kk,Караганда,низкая,,huggingface
hf-754-ru,"Комиссия, проверявшая качество еды в школьной столовой, ничего не нашла.",образование,ru,Астана,низкая,,huggingface
hf-754-kk,Мектептегі асханадағы тамақтардың сапасын тексеруге келген комиссия ештеңе таппады.,образование,kk,Астана,низкая,,huggingface
hf-755-ru,Для участия в конкурсе госзакупок от моей компании потребовали необоснованные документы.,коррупция,ru,Алматы,средняя,,huggingface
hf-755-kk,Мемлекеттік сатып алу конкурсына қатысу үшін менің компаниямнан негізсіз құжаттар талап етті.,коррупция,kk,Алматы,средняя,,huggingface
hf-756-ru,Мусор с зон отдыха у реки попадает в воду.,экология,ru,Капчагай,средняя,,huggingface
hf-756-kk,Қаланың жанындағы өзенге жақын жердегі демалыс орындарының қоқысы суға түсіп жатыр.,экология,kk,Капчагай,средняя,,huggingface
hf-757-ru,"Для назначения пособия потребовали справку о доходах моего супруга, хотя он безработный.",соцподдержка,ru,Астана,низкая,,huggingface
hf-757-kk,"Жәрдемақы тағайындау үшін менің жұбайымның табысы туралы анықтаманы талап етті, бірақ ол жұмыссыз.",соцподдержка,kk,Астана,низкая,,huggingface
hf-758-ru,"Сотрудники полиции приняли мою жалобу, но объединили ее с другим делом.",полиция,ru,Караганда,низкая,,huggingface
hf-758-kk,"Полиция қызметкерлері менің шағымымды қабылдап, бірақ оны басқа іспен біріктіріп жіберген.",полиция,kk,Караганда,низкая,,huggingface
hf-759-ru,"Сотрудники интернет-провайдера, придя на дом, сфотографировали мои личные данные.",интернет,ru,Алматы,высокая,,huggingface
hf-759-kk,"Интернет провайдерінің қызметкерлері үйге келгенде, менің жеке мәліметтерімді суретке түсіріп алды.",интернет,kk,Алматы,высокая,,huggingface
hf-760-ru,"Водитель автобуса не остановился на моей остановке, сказав, что 'он меня не видел'.",общественный транспорт,ru,Астана,низкая,,huggingface
hf-760-kk,"Автобус жүргізушісі менің аялдамамда тоқтамай, 'мен сені көрмедім' деді.",общественный транспорт,kk,Астана,низкая,,huggingface
hf-761-ru,В лифте в подъезде не горит лампочка.,ЖКХ,ru,Астана,низкая,,huggingface
hf-761-kk,Үйдің кіреберісіндегі лифттің ішіндегі шам жанбайды.,ЖКХ,kk,Астана,низкая,,huggingface
hf-762-ru,"Когда я пришел на прием в свое время, врач принял вместо меня платного пациента.",медицина,ru,Алматы,высокая,,huggingface
hf-762-kk,"Дәрігердің қабылдауына жазылған уақытымда келсем, ол менің орныма ақылы пациентті қабылдады.",медицина,kk,Алматы,высокая,,huggingface
hf-763-ru,"Машины проезжают на красный свет, когда пешеходам горит зеленый.",дороги,ru,Астана,высокая,,huggingface
hf-763-kk,"Жолдағы бағдаршамның жасыл түсі жанып тұрғанда, көліктер тоқтамай өтіп кетеді.",дороги,kk,Астана,высокая,,huggingface
hf-764-ru,Из-за плохого качества еды в школьной столовой у моего ребенка болит живот.,образование,ru,Караганда,высокая,,huggingface
hf-764-kk,"Мектептегі асханадағы тамақтардың сапасы нашар болғандықтан, баламның асқазаны ауырады.",образование,kk,Караганда,высокая,,huggingface
hf-765-ru,"Выяснилось, что у победителя конкурса госзакупок нет собственной техники.",коррупция,ru,Шымкент,средняя,,huggingface
hf-765-kk,Мемлекеттік сатып алу конкурсының жеңімпазының техникасы жоқ екені белгілі болды.,коррупция,kk,Шымкент,средняя,,huggingface
hf-766-ru,Туалеты зон отдыха у реки сливаются прямо в воду.,экология,ru,Капчагай,высокая,,huggingface
hf-766-kk,Қаланың жанындағы өзенге жақын жердегі демалыс орындарының дәретханалары суға ағызылады.,экология,kk,Капчагай,высокая,,huggingface
hf-767-ru,"Для назначения пособия потребовали справку о доходах моего супруга, но он самозанятый.",соцподдержка,ru,Астана,низкая,,huggingface
hf-767-kk,"Жәрдемақы тағайындау үшін менің жұбайымның табысы туралы анықтаманы талап етті, бірақ ол өзін-өзі жұмыспен қамтыған.",соцподдержка,kk,Астана,низкая,,huggingface
hf-768-ru,"Сотрудники полиции приняли мою жалобу, но переквалифицировали ее на другую статью.",полиция,ru,Алматы,средняя,,huggingface
hf-768-kk,"Полиция қызметкерлері менің шағымымды қабылдап, бірақ оны басқа бапқа ауыстырып жіберген.",полиция,kk,Алматы,средняя,,huggingface
hf-769-ru,"Сотрудники интернет-провайдера, придя на дом, напугали моих домашних животных.",интернет,ru,Караганда,низкая,,huggingface
hf-769-kk,"Интернет провайдерінің қызметкерлері үйге келгенде, менің үй жануарларымды қорқытты.",интернет,kk,Караганда,низкая,,huggingface
hf-770-ru,"Водитель автобуса не остановился на моей остановке, сказав, что 'здесь остановка запрещена'.",общественный транспорт,ru,Астана,низкая,,huggingface
hf-770-kk,"Автобус жүргізушісі менің аялдамамда тоқтамай, 'бұл жерде тоқтауға рұқсат жоқ' деді.",общественный транспорт,kk,Астана,низкая,,huggingface
hf-771-ru,Кнопки в лифте в подъезде не работают.,ЖКХ,ru,Алматы,средняя,,huggingface
hf-771-kk,Үйдің кіреберісіндегі лифттің батырмалары істен шыққан.,ЖКХ,kk,Алматы,средняя,,huggingface
hf-772-ru,"Когда я пришел на прием в свое время, врач принял вместо меня своего родственника.",медицина,ru,Шымкент,высокая,,huggingface
hf-772-kk,"Дәрігердің қабылдауына жазылған уақытымда келсем, ол менің орныма туысын қабылдады.",медицина,kk,Шымкент,высокая,,huggingface
hf-773-ru,"Одна из машин проехала на красный свет, когда пешеходам горел зеленый.",дороги,ru,Алматы,высокая,,huggingface
hf-773-kk,"Жолдағы бағдаршамның жасыл түсі жанып тұрғанда, көліктердің бірі қызылға өтіп кетті.",дороги,kk,Алматы,высокая,,huggingface
hf-774-ru,Из-за плохого качества еды в школьной столовой у моего ребенка обострилась аллергия.,образование,ru,Астана,высокая,,huggingface
hf-774-kk,"Мектептегі асханадағы тамақтардың сапасы нашар болғандықтан, баламның аллергиясы қозып кетті.",образование,kk,Астана,высокая,,huggingface
hf-775-ru,"Выяснилось, что у победителя конкурса госзакупок нет работников.",коррупция,ru,Караганда,средняя,,huggingface
hf-775-kk,Мемлекеттік сатып алу конкурсының жеңімпазының жұмысшылары жоқ екені белгілі болды.,коррупция,kk,Караганда,средняя,,huggingface
hf-776-ru,Музыка из зон отдыха у реки слишком громкая.,экология,ru,Капчагай,низкая,,huggingface
hf-776-kk,Қаланың жанындағы өзенге жақын жердегі демалыс орындарының музыкасының даусы тым қатты.,экология,kk,Капчагай,низкая,,huggingface
hf-777-ru,"Для назначения пособия потребовали справку о доходах моего супруга, но он умер.",соцподдержка,ru,Астана,высокая,,huggingface
hf-777-kk,"Жәрдемақы тағайындау үшін менің жұбайымның табысы туралы анықтаманы талап етті, бірақ ол қайтыс болған.",соцподдержка,kk,Астана,высокая,,huggingface
hf-778-ru,"Сотрудники полиции приняли мою жалобу, но отправили ее в другой район.",полиция,ru,Алматы,низкая,,huggingface
hf-778-kk,"Полиция қызметкерлері менің шағымымды қабылдап, бірақ оны басқа ауданға жіберген.",полиция,kk,Алматы,низкая,,huggingface
hf-779-ru,"Сотрудники интернет-провайдера, придя на дом, курили в моей квартире.",интернет,ru,Астана,средняя,,huggingface
hf-779-kk,"Интернет провайдерінің қызметкерлері үйге келгенде, менің үйімде темекі шекті.",интернет,kk,Астана,средняя,,huggingface
hf-780-ru,"Водитель автобуса не остановился на моей остановке, сказав, что 'он не видел моего знака'.",общественный транспорт,ru,Караганда,низкая,,huggingface
hf-780-kk,"Автобус жүргізушісі менің аялдамамда тоқтамай, 'мен сенің белгіңді көрмедім' деді.",общественный транспорт,kk,Караганда,низкая,,huggingface
hf-781-ru,Зеркало в лифте в подъезде разбито.,ЖКХ,ru,Алматы,низкая,,huggingface
hf-781-kk,Үйдің кіреберісіндегі лифттің айнасы сынған.,ЖКХ,kk,Алматы,низкая,,huggingface
hf-782-ru,"Когда я пришел на прием в свое время, врач принял вместо меня ребенка своего знакомого.",медицина,ru,Астана,высокая,,huggingface
hf-782-kk,"Дәрігердің қабылдауына жазылған уақытымда келсем, ол менің орныма танысының баласын қабылдады.",медицина,kk,Астана,высокая,,huggingface
hf-783-ru,"Когда на дороге горит зеленый, на пешеходном светофоре тоже горит зеленый.",дороги,ru,Караганда,высокая,,huggingface
hf-783-kk,"Жолдағы бағдаршамның жасыл түсі жанып тұрғанда, жаяу жүргіншілерге арналған бағдаршамда да жасыл жанады.",дороги,kk,Караганда,высокая,,huggingface
hf-784-ru,Из-за плохого качества еды в школьной столовой мой ребенок не ест в школе.,образование,ru,Алматы,низкая,,huggingface
hf-784-kk,"Мектептегі асханадағы тамақтардың сапасы нашар болғандықтан, балам мектепте тамақ ішпейді.",образование,kk,Алматы,низкая,,huggingface
hf-785-ru,"Выяснилось, что у победителя конкурса госзакупок нет лицензии.",коррупция,ru,Астана,высокая,,huggingface
hf-785-kk,Мемлекеттік сатып алу конкурсының жеңімпазының лицензиясы жоқ екені белгілі болды.,коррупция,kk,Астана,высокая,,huggingface
hf-786-ru,Мусор с зон отдыха у реки разносится ветром.,экология,ru,Капчагай,низкая,,huggingface
hf-786-kk,Қаланың жанындағы өзенге жақын жердегі демалыс орындарынан шыққан қоқыс желмен ұшып жатыр.,экология,kk,Капчагай,низкая,,huggingface
hf-787-ru,"Для назначения пособия потребовали справку о доходах моего супруга, но он живет в другом городе.",соцподдержка,ru,Астана,низкая,,huggingface
hf-787-kk,"Жәрдемақы тағайындау үшін менің жұбайымның табысы туралы анықтаманы талап етті, бірақ ол басқа қалада тұрады.",соцподдержка,kk,Астана,низкая,,huggingface
hf-788-ru,"Сотрудники полиции приняли мою жалобу, но приобщили ее к делу другого человека.",полиция,ru,Караганда,высокая,,huggingface
hf-788-kk,"Полиция қызметкерлері менің шағымымды қабылдап, бірақ оны басқа адамның ісіне тіркеп қойған.",полиция,kk,Караганда,высокая,,huggingface
hf-789-ru,"Сотрудники интернет-провайдера, придя на дом, фотографировали вещи в моей квартире.",интернет,ru,Алматы,высокая,,huggingface
hf-789-kk,"Интернет провайдерінің қызметкерлері үйге келгенде, менің үйімдегі заттарды суретке түсірді.",интернет,kk,Алматы,высокая,,huggingface
hf-790-ru,"Водитель автобуса не остановился на моей остановке, сказав, что 'он меня не заметил'.",общественный транспорт,ru,Астана,низкая,,huggingface
hf-790-kk,"Автобус жүргізушісі менің аялдамамда тоқтамай, 'мен сені байқамай қалдым' деді.",общественный транспорт,kk,Астана,низкая,,huggingface
hf-791-ru,Дверь лифта в подъезде слишком громко хлопает.,ЖКХ,ru,Караганда,низкая,,huggingface
hf-791-kk,Үйдің кіреберісіндегі лифттің есігі қатты тарс етіп жабылады.,ЖКХ,kk,Караганда,низкая,,huggingface
hf-792-ru,"Когда я пришел на прием в свое время, врач принял вместо меня своего друга.",медицина,ru,Шымкент,высокая,,huggingface
hf-792-kk,"Дәрігердің қабылдауына жазылған уақытымда келсем, ол менің орныма досын қабылдады.",медицина,kk,Шымкент,высокая,,huggingface
hf-793-ru,"Одна из машин проехала на красный свет и чуть не сбила меня, когда я переходил на зеленый.",дороги,ru,Алматы,высокая,,huggingface
hf-793-kk,"Жолдағы бағдаршамның жасыл түсі жанып тұрғанда, көліктердің бірі өтіп кетіп, мені қағып кете жаздады.",дороги,kk,Алматы,высокая,,huggingface
hf-794-ru,Из-за плохого качества еды в школьной столовой у моего ребенка расстройство желудка.,образование,ru,Караганда,высокая,,huggingface
hf-794-kk,"Мектептегі асханадағы тамақтардың сапасы нашар болғандықтан, баламның іші өтеді.",образование,kk,Караганда,высокая,,huggingface
hf-795-ru,"Выяснилось, что у победителя конкурса госзакупок нет офиса.",коррупция,ru,Астана,низкая,,huggingface
hf-795-kk,Мемлекеттік сатып алу конкурсының жеңімпазының кеңсесі жоқ екені белгілі болды.,коррупция,kk,Астана,низкая,,huggingface
hf-796-ru,Мусор с зон отдыха у реки стекает в воду.,экология,ru,Капчагай,средняя,,huggingface
hf-796-kk,Қаланың жанындағы өзенге жақын жердегі демалыс орындарының қоқысы суға ағып жатыр.,экология,kk,Капчагай,средняя,,huggingface
hf-797-ru,"Для назначения пособия потребовали справку о доходах моего супруга, но он гражданин другой страны.",соцподдержка,ru,Алматы,средняя,,huggingface
hf-797-kk,"Жәрдемақы тағайындау үшін менің жұбайымның табысы туралы анықтаманы талап етті, бірақ ол басқа елдің азаматы.",соцподдержка,kk,Алматы,средняя,,huggingface
hf-798-ru,"Сотрудники полиции приняли мою жалобу, но перепутали ее с другим делом.",полиция,ru,Астана,высокая,,huggingface
hf-798-kk,"Полиция қызметкерлері менің шағымымды қабылдап, бірақ оны басқа іспен шатастырып алған.",полиция,kk,Астана,высокая,,huggingface
hf-799-ru,"Сотрудники интернет-провайдера, придя на дом, нарушали порядок в моей квартире.",интернет,ru,Караганда,низкая,,huggingface
hf-799-kk,"Интернет провайдерінің қызметкерлері үйге келгенде, менің үйімдегі тәртіпті бұзды.",интернет,kk,Караганда,низкая,,huggingface
hf-800-ru,"Водитель автобуса не остановился на моей остановке, сказав, что 'он не заметил мой знак'.",общественный транспорт,ru,Шымкент,низкая,,huggingface
hf-800-kk,"Автобус жүргізушісі менің аялдамамда тоқтамай, 'мен сенің белгіңді байқамадым' деді.",общественный транспорт,kk,Шымкент,низкая,,huggingface
hf-801-ru,Горка на детской площадке во дворе заржавела и стала опасной.,ЖКХ,ru,Астана,средняя,,huggingface
hf-801-kk,"Ауладағы балалар алаңындағы сырғанақ тот басып, қауіпті болып тұр.",ЖКХ,kk,Астана,средняя,,huggingface
hf-802-ru,"Приходилось несколько дней ходить в поликлинику, чтобы записаться на прием к врачу.",медицина,ru,Туркестан,средняя,,huggingface
hf-802-kk,Дәрігердің қабылдауына жазылу үшін бірнеше күн бойы емханаға баруға тура келді.,медицина,kk,Туркестан,средняя,,huggingface
hf-803-ru,Разметка на пешеходном переходе стерлась.,дороги,ru,Алматы,средняя,,huggingface
hf-803-kk,Жолдағы жаяу жүргіншілер өткелінің сызықтары өшіп қалған.,дороги,kk,Алматы,средняя,,huggingface
hf-804-ru,Учитель английского языка в школе на уроках сидит в своем телефоне.,образование,ru,Караганда,средняя,,huggingface
hf-804-kk,Мектептегі ағылшын тілі мұғалімі сабақта тек өз телефонымен отырады.,образование,kk,Караганда,средняя,,huggingface
hf-805-ru,Выдают ли специальные номера для служебных автомобилей чиновников?,коррупция,ru,Астана,низкая,,huggingface
hf-805-kk,Шенеуніктердің қызметтік көліктеріне арнайы нөмірлер беріледі ме?,коррупция,kk,Астана,низкая,,huggingface
hf-806-ru,Река рядом с городом мелеет и превращается в болото.,экология,ru,Кызылорда,высокая,,huggingface
hf-806-kk,"Қаланың жанындағы өзеннің суы азайып, батпаққа айналып барады.",экология,kk,Кызылорда,высокая,,huggingface
hf-807-ru,Моему ребенку-инвалиду отказали в предоставлении бесплатных лекарств.,соцподдержка,ru,Астана,высокая,,huggingface
hf-807-kk,Менің баламның мүгедектігіне байланысты оған тегін дәрі-дәрмек беруден бас тартты.,соцподдержка,kk,Астана,высокая,,huggingface
hf-808-ru,"Я вызвал полицию из-за шума в квартире соседа, но они так и не приехали.",полиция,ru,Алматы,средняя,,huggingface
hf-808-kk,"Көршімнің пәтеріндегі шуға байланысты полиция шақырсам, олар келмей қойды.",полиция,kk,Алматы,средняя,,huggingface
hf-809-ru,"Сотрудники интернет-провайдера, придя на дом, сломали мои вещи.",интернет,ru,Караганда,высокая,,huggingface
hf-809-kk,"Интернет провайдерінің қызметкерлері үйге келгенде, менің үйімдегі заттарды сындырып алды.",интернет,kk,Караганда,высокая,,huggingface
hf-810-ru,"Водитель автобуса не остановился на моей остановке, а потом сказал 'извини, не заметил'.",общественный транспорт,ru,Астана,низкая,,huggingface
hf-810-kk,"Автобус жүргізушісі менің аялдамамда тоқтамай, артынан 'кешір, байқамадым' деді.",общественный транспорт,kk,Астана,низкая,,huggingface
hf-811-ru,Лифт в подъезде часто застревает вместе с людьми внутри.,ЖКХ,ru,Алматы,высокая,,huggingface
hf-811-kk,"Үйдің кіреберісіндегі лифт жиі тоқтап қалады, ішінде адамдармен бірге.",ЖКХ,kk,Алматы,высокая,,huggingface
hf-812-ru,"Когда я пришел на прием в свое время, врач изучал анализы другого пациента.",медицина,ru,Караганда,низкая,,huggingface
hf-812-kk,"Дәрігердің қабылдауына жазылған уақытымда келсем, ол менің орныма басқа пациенттің анализдерін қарап отырды.",медицина,kk,Караганда,низкая,,huggingface
hf-813-ru,"Когда на дороге горит зеленый, пешеходный светофор не работает.",дороги,ru,Астана,высокая,,huggingface
hf-813-kk,"Жолдағы бағдаршамның жасыл түсі жанып тұрғанда, жаяу жүргіншілерге арналған бағдаршам істемейді.",дороги,kk,Астана,высокая,,huggingface
hf-814-ru,Из-за плохого качества еды в школьной столовой страдает здоровье моего ребенка.,образование,ru,Шымкент,высокая,,huggingface
hf-814-kk,"Мектептегі асханадағы тамақтардың сапасы нашар болғандықтан, баламның денсаулығына зиян келуде.",образование,kk,Шымкент,высокая,,huggingface
hf-815-ru,"Выяснилось, что у победителя конкурса госзакупок нет сайта.",коррупция,ru,Астана,низкая,,huggingface
hf-815-kk,Мемлекеттік сатып алу конкурсының жеңімпазының сайты жоқ екені белгілі болды.,коррупция,kk,Астана,низкая,,huggingface
hf-816-ru,Отходы зон отдыха у реки загрязняют воду.,экология,ru,Капчагай,средняя,,huggingface
hf-816-kk,Қаланың жанындағы өзенге жақын жердегі демалыс орындарының қалдықтары суды ластап жатыр.,экология,kk,Капчагай,средняя,,huggingface
hf-817-ru,"Для назначения пособия потребовали справку о доходах моего супруга, но он без вести пропал.",соцподдержка,ru,Караганда,высокая,,huggingface
hf-817-kk,"Жәрдемақы тағайындау үшін менің жұбайымның табысы туралы анықтаманы талап етті, бірақ ол із-түзсіз жоғалған.",соцподдержка,kk,Караганда,высокая,,huggingface
hf-818-ru,"Сотрудники полиции приняли мою жалобу, передали в другое отделение, и с тех пор новостей нет.",полиция,ru,Алматы,средняя,,huggingface
hf-818-kk,"Полиция қызметкерлері менің шағымымды қабылдап, бірақ оны басқа бөлімшеге жіберіп, содан бері хабар жоқ.",полиция,kk,Алматы,средняя,,huggingface
hf-819-ru,"Сотрудники интернет-провайдера, придя на дом, переставили мои вещи.",интернет,ru,Астана,низкая,,huggingface
hf-819-kk,"Интернет провайдерінің қызметкерлері үйге келгенде, менің үйімдегі заттардың орнын ауыстырды.",интернет,kk,Астана,низкая,,huggingface
hf-820-ru,"Водитель автобуса не остановился на моей остановке, сказав, что 'он не видел моего знака'.",общественный транспорт,ru,Караганда,низкая,,huggingface
hf-820-kk,"Автобус жүргізушісі менің аялдамамда тоқтамай, 'мен сенің белгіңді көрген жоқпын' деді.",общественный транспорт,kk,Караганда,низкая,,huggingface
hf-821-ru,Дверь лифта в подъезде иногда не открывается.,ЖКХ,ru,Астана,высокая,,huggingface
hf-821-kk,Үйдің кіреберісіндегі лифттің есігі ашылмай қалады.,ЖКХ,kk,Астана,высокая,,huggingface
hf-822-ru,"Когда я пришел на прием в свое время, врач принял вместо меня руководителя учреждения.",медицина,ru,Алматы,высокая,,huggingface
hf-822-kk,"Дәрігердің қабылдауына жазылған уақытымда келсем, ол менің орныма мекеме басшысын қабылдады.",медицина,kk,Алматы,высокая,,huggingface
hf-823-ru,"Одна из машин проехала на красный свет и создала аварийную ситуацию, когда пешеходам горел зеленый.",дороги,ru,Караганда,высокая,,huggingface
hf-823-kk,"Жолдағы бағдаршамның жасыл түсі жанып тұрғанда, көліктердің бірі өтіп кетіп, апатты жағдай тудырды.",дороги,kk,Караганда,высокая,,huggingface
hf-824-ru,Из-за плохого качества еды в школьной столовой мой ребенок похудел.,образование,ru,Астана,высокая,,huggingface
hf-824-kk,"Мектептегі асханадағы тамақтардың сапасы нашар болғандықтан, баламның салмағы түсіп кетті.",образование,kk,Астана,высокая,,huggingface
hf-825-ru,Юридический адрес победителя конкурса госзакупок оказался фиктивным.,коррупция,ru,Караганда,высокая,,huggingface
hf-825-kk,Мемлекеттік сатып алу конкурсының жеңімпазының мекен-жайы жалған болып шықты.,коррупция,kk,Караганда,высокая,,huggingface
hf-826-ru,Мусор с зон отдыха у реки разносится ветром и загрязняет воду.,экология,ru,Капчагай,средняя,,huggingface
hf-826-kk,"Қаланың жанындағы өзенге жақын жердегі демалыс орындарының қалдықтары желмен ұшып, суды ластайды.",экология,kk,Капчагай,средняя,,huggingface
hf-827-ru,"Для назначения пособия потребовали справку о доходах моего супруга, но он в местах лишения свободы.",соцподдержка,ru,Астана,высокая,,huggingface
hf-827-kk,"Жәрдемақы тағайындау үшін менің жұбайымның табысы туралы анықтаманы талап етті, бірақ ол бас бостандығынан айыру орындарында.",соцподдержка,kk,Астана,высокая,,huggingface
hf-828-ru,"Сотрудники полиции приняли мою жалобу, но перепутали ее с другим делом и закрыли.",полиция,ru,Алматы,высокая,,huggingface
hf-828-kk,"Полиция қызметкерлері менің шағымымды қабылдап, бірақ оны басқа іспен шатастырып, жауып тастады.",полиция,kk,Алматы,высокая,,huggingface
hf-829-ru,"Сотрудники интернет-провайдера, придя на дом, без спроса пользовались моими вещами.",интернет,ru,Караганда,средняя,,huggingface
hf-829-kk,"Интернет провайдерінің қызметкерлері үйге келгенде, менің үйімдегі заттарды рұқсатсыз пайдаланды.",интернет,kk,Караганда,средняя,,huggingface
hf-830-ru,"Водитель автобуса не остановился на моей остановке, сказав, что 'он вернет мне деньги'.",общественный транспорт,ru,Астана,низкая,,huggingface
hf-830-kk,"Автобус жүргізушісі менің аялдамамда тоқтамай, 'мен сенің ақшаңды қайтарып беремін' деді.",общественный транспорт,kk,Астана,низкая,,huggingface
hf-831-ru,Дверь лифта в подъезде остается полуоткрытой.,ЖКХ,ru,Шымкент,высокая,,huggingface
hf-831-kk,Үйдің кіреберісіндегі лифттің есігі жартылай ашық қалып қояды.,ЖКХ,kk,Шымкент,высокая,,huggingface
hf-832-ru,"Когда я пришел на прием в свое время, врач принимал представителя фармацевтической компании.",медицина,ru,Караганда,высокая,,huggingface
hf-832-kk,"Дәрігердің қабылдауына жазылған уақытымда келсем, ол менің орныма фармацевтикалық компанияның өкілін қабылдады.",медицина,kk,Караганда,высокая,,huggingface
hf-833-ru,"Одна из машин проехала на красный свет и чуть не сбила моего ребенка, когда он переходил на зеленый.",дороги,ru,Астана,высокая,,huggingface
hf-833-kk,"Жолдағы бағдаршамның жасыл түсі жанып тұрғанда, көліктердің бірі өтіп кетіп, менің баламды қағып кете жаздады.",дороги,kk,Астана,высокая,,huggingface
hf-834-ru,Из-за плохого качества еды в школьной столовой у моего ребенка обострился гастрит.,образование,ru,Алматы,высокая,,huggingface
hf-834-kk,"Мектептегі асханадағы тамақтардың сапасы нашар болғандықтан, баламның гастриті асқынып кетті.",образование,kk,Алматы,высокая,,huggingface
hf-835-ru,Руководитель победителя конкурса госзакупок - родственник организатора.,коррупция,ru,Астана,высокая,,huggingface
hf-835-kk,Мемлекеттік сатып алу конкурсының жеңімпазының басшысы - ұйымдастырушының туысы.,коррупция,kk,Астана,высокая,,huggingface
hf-836-ru,"Отходы с зон отдыха у реки сжигают, загрязняя воздух.",экология,ru,Капчагай,средняя,,huggingface
hf-836-kk,"Қаланың жанындағы өзенге жақын жердегі демалыс орындарының қалдықтарын өртеп, ауаны ластайды.",экология,kk,Капчагай,средняя,,huggingface
hf-837-ru,"Для назначения пособия потребовали справку о доходах моего супруга, но он в розыске.",соцподдержка,ru,Караганда,высокая,,huggingface
hf-837-kk,"Жәрдемақы тағайындау үшін менің жұбайымның табысы туралы анықтаманы талап етті, бірақ ол іздеуде.",соцподдержка,kk,Караганда,высокая,,huggingface
hf-838-ru,"Сотрудники полиции приняли мою жалобу, передали в другое отделение и там закрыли.",полиция,ru,Астана,высокая,,huggingface
hf-838-kk,"Полиция қызметкерлері менің шағымымды қабылдап, бірақ оны басқа бөлімшеге жіберіп, жауып тастады.",полиция,kk,Астана,высокая,,huggingface
hf-839-ru,"Сотрудники интернет-провайдера, придя на дом, украли мои вещи.",интернет,ru,Алматы,высокая,,huggingface
hf-839-kk,"Интернет провайдерінің қызметкерлері үйге келгенде, менің үйімдегі заттарды ұрлап кетті.",интернет,kk,Алматы,высокая,,huggingface
hf-840-ru,"Водитель автобуса не остановился на моей остановке, сказав, что 'он не видел моего знака'.",общественный транспорт,ru,Шымкент,низкая,,huggingface
hf-840-kk,"Автобус жүргізушісі менің аялдамамда тоқтамай, 'мен сенің белгіңді көргенім жоқ' деді.",общественный транспорт,kk,Шымкент,низкая,,huggingface
hf-841-ru,Дверь лифта в подъезде перекошена.,ЖКХ,ru,Караганда,высокая,,huggingface
hf-841-kk,Үйдің кіреберісіндегі лифттің есігі қисайып қалған.,ЖКХ,kk,Караганда,высокая,,huggingface
hf-842-ru,"Когда я пришел на прием в свое время, врач принял вместо меня родственника другого пациента.",медицина,ru,Астана,высокая,,huggingface
hf-842-kk,"Дәрігердің қабылдауына жазылған уақытымда келсем, ол менің орныма басқа пациенттің туысын қабылдады.",медицина,kk,Астана,высокая,,huggingface
hf-843-ru,"Одна из машин проехала на красный свет и сбила мою собаку, когда я переходил на зеленый.",дороги,ru,Алматы,высокая,,huggingface
hf-843-kk,"Жолдағы бағдаршамның жасыл түсі жанып тұрғанда, көліктердің бірі өтіп кетіп, менің итімді қағып кетті.",дороги,kk,Алматы,высокая,,huggingface
hf-844-ru,Из-за плохого качества еды в школьной столовой успеваемость моего ребенка снизилась.,образование,ru,Караганда,средняя,,huggingface
hf-844-kk,"Мектептегі асханадағы тамақтардың сапасы нашар болғандықтан, баламның сабақ үлгерімі төмендеп кетті.",образование,kk,Караганда,средняя,,huggingface
hf-845-ru,"Выяснилось, что у работников победителя конкурса госзакупок нет квалификации.",коррупция,ru,Астана,средняя,,huggingface
hf-845-kk,Мемлекеттік сатып алу конкурсының жеңімпазының жұмысшыларының біліктілігі жоқ екені белгілі болды.,коррупция,kk,Астана,средняя,,huggingface
hf-846-ru,Отходы с зон отдыха у реки сбрасывают в воду.,экология,ru,Капчагай,высокая,,huggingface
hf-846-kk,Қаланың жанындағы өзенге жақын жердегі демалыс орындарының қалдықтарын суға төгеді.,экология,kk,Капчагай,высокая,,huggingface
hf-847-ru,"Для назначения пособия потребовали справку о доходах моего супруга, но он на воинской службе.",соцподдержка,ru,Астана,низкая,,huggingface
hf-847-kk,"Жәрдемақы тағайындау үшін менің жұбайымның табысы туралы анықтаманы талап етті, бірақ ол әскери қызметте.",соцподдержка,kk,Астана,низкая,,huggingface
hf-848-ru,"Сотрудники полиции приняли мою жалобу, но перепутали ее с другим делом и оштрафовали меня.",полиция,ru,Алматы,высокая,,huggingface
hf-848-kk,"Полиция қызметкерлері менің шағымымды қабылдап, бірақ оны басқа іспен шатастырып, маған айыппұл салды.",полиция,kk,Алматы,высокая,,huggingface
hf-849-ru,"Сотрудники интернет-провайдера, придя на дом, сфотографировали мои вещи и выложили в интернет.",интернет,ru,Караганда,высокая,,huggingface
hf-849-kk,"Интернет провайдерінің қызметкерлері үйге келгенде, менің үйімдегі заттарды суретке түсіріп, интернетке жариялады.",интернет,kk,Караганда,высокая,,huggingface
hf-850-ru,"Водитель автобуса не остановился на моей остановке, сказав, что 'он не видел моего знака, у него плохое зрение'.",общественный транспорт,ru,Астана,средняя,,huggingface
hf-850-kk,"Автобус жүргізушісі менің аялдамамда тоқтамай, 'мен сенің белгіңді көрмедім, көзім нашар көреді' деді.",общественный транспорт,kk,Астана,средняя,,huggingface
hf-851-ru,В лифте в подъезде неприятно пахнет.,ЖКХ,ru,Шымкент,низкая,,huggingface
hf-851-kk,Үйдің кіреберісіндегі лифттің ішінен жағымсыз иіс шығады.,ЖКХ,kk,Шымкент,низкая,,huggingface
hf-852-ru,"Когда я пришел на прием в свое время, врач пил чай с другим пациентом.",медицина,ru,Караганда,высокая,,huggingface
hf-852-kk,"Дәрігердің қабылдауына жазылған уақытымда келсем, ол менің орныма басқа пациентпен шай ішіп отырды.",медицина,kk,Караганда,высокая,,huggingface
hf-853-ru,"Одна из машин проехала на красный свет и сбила мой велосипед, когда я переходил на зеленый.",дороги,ru,Алматы,высокая,,huggingface
hf-853-kk,"Жолдағы бағдаршамның жасыл түсі жанып тұрғанда, көліктердің бірі өтіп кетіп, менің велосипедімді қағып кетті.",дороги,kk,Алматы,высокая,,huggingface
hf-854-ru,Из-за плохого качества еды в школьной столовой у моего ребенка снизился иммунитет.,образование,ru,Астана,высокая,,huggingface
hf-854-kk,"Мектептегі асханадағы тамақтардың сапасы нашар болғандықтан, баламның иммунитеті төмендеп кетті.",образование,kk,Астана,высокая,,huggingface
hf-855-ru,Руководитель победителя конкурса госзакупок - друг организатора.,коррупция,ru,Караганда,средняя,,huggingface
hf-855-kk,Мемлекеттік сатып алу конкурсының жеңімпазының басшысы - ұйымдастырушының досы.,коррупция,kk,Караганда,средняя,,huggingface
hf-856-ru,У зон отдыха у реки нет места для утилизации отходов.,экология,ru,Капчагай,средняя,,huggingface
hf-856-kk,Қаланың жанындағы өзенге жақын жердегі демалыс орындарының қалдықтарын көмуге арналған орын жоқ.,экология,kk,Капчагай,средняя,,huggingface
hf-857-ru,"Для назначения пособия потребовали справку о доходах моего супруга, но он студент.",соцподдержка,ru,Алматы,низкая,,huggingface
hf-857-kk,"Жәрдемақы тағайындау үшін менің жұбайымның табысы туралы анықтаманы талап етті, бірақ ол студент.",соцподдержка,kk,Алматы,низкая,,huggingface
hf-858-ru,"Сотрудники полиции приняли мою жалобу, но перепутали ее с другим делом и вызвали меня как свидетеля.",полиция,ru,Караганда,высокая,,huggingface
hf-858-kk,"Полиция қызметкерлері менің шағымымды қабылдап, бірақ оны басқа іспен шатастырып, мені куәгер ретінде шақырды.",полиция,kk,Караганда,высокая,,huggingface
hf-859-ru,"Сотрудники интернет-провайдера, придя на дом, без спроса передвинули мои вещи.",интернет,ru,Астана,низкая,,huggingface
hf-859-kk,"Интернет провайдерінің қызметкерлері үйге келгенде, менің үйімдегі заттарды рұқсатсыз жылжытты.",интернет,kk,Астана,низкая,,huggingface
hf-860-ru,"Водитель автобуса не остановился на моей остановке, сказав, что 'он не видел моего знака, не смотрел в зеркало'.",общественный транспорт,ru,Алматы,средняя,,huggingface
hf-860-kk,"Автобус жүргізушісі менің аялдамамда тоқтамай, 'мен сенің белгіңді көрмедім, артқы айнадан қарамадым' деді.",общественный транспорт,kk,Алматы,средняя,,huggingface
hf-861-ru,Кнопка вызова лифта в подъезде не работает.,ЖКХ,ru,Астана,средняя,,huggingface
hf-861-kk,Үйдің кіреберісіндегі лифттің шақыру батырмасы істемейді.,ЖКХ,kk,Астана,средняя,,huggingface
hf-862-ru,"Когда я пришел на прием в свое время, врач разговаривал по телефону с другим пациентом.",медицина,ru,Караганда,низкая,,huggingface
hf-862-kk,"Дәрігердің қабылдауына жазылған уақытымда келсем, ол менің орныма басқа пациентпен телефонмен сөйлесіп отырды.",медицина,kk,Караганда,низкая,,huggingface
hf-863-ru,"Одна из машин проехала на красный свет и сбила мою коляску, когда я переходил на зеленый.",дороги,ru,Астана,высокая,,huggingface
hf-863-kk,"Жолдағы бағдаршамның жасыл түсі жанып тұрғанда, көліктердің бірі өтіп кетіп, менің арбамды қағып кетті.",дороги,kk,Астана,высокая,,huggingface
hf-864-ru,Из-за плохого качества еды в школьной столовой мой ребенок потерял интерес к учебе.,образование,ru,Алматы,средняя,,huggingface
hf-864-kk,"Мектептегі асханадағы тамақтардың сапасы нашар болғандықтан, баламның оқуға деген ынтасы жоғалды.",образование,kk,Алматы,средняя,,huggingface
hf-865-ru,"Выяснилось, что у победителя конкурса госзакупок мало работников.",коррупция,ru,Караганда,низкая,,huggingface
hf-865-kk,Мемлекеттік сатып алу конкурсының жеңімпазының жұмысшыларының саны аз екені белгілі болды.,коррупция,kk,Караганда,низкая,,huggingface
hf-866-ru,Отходы с зон отдыха у реки сливают в воду.,экология,ru,Капчагай,высокая,,huggingface
hf-866-kk,Қаланың жанындағы өзенге жақын жердегі демалыс орындарының қалдықтарын суға ағызады.,экология,kk,Капчагай,высокая,,huggingface
hf-867-ru,"Для назначения пособия потребовали справку о доходах моего супруга, но он работает за границей.",соцподдержка,ru,Астана,средняя,,huggingface
hf-867-kk,"Жәрдемақы тағайындау үшін менің жұбайымның табысы туралы анықтаманы талап етті, бірақ ол шетелде жұмыс істейді.",соцподдержка,kk,Астана,средняя,,huggingface
hf-868-ru,"Сотрудники полиции приняли мою жалобу, передали в другое отделение и там потеряли.",полиция,ru,Караганда,высокая,,huggingface
hf-868-kk,"Полиция қызметкерлері менің шағымымды қабылдап, бірақ оны басқа бөлімшеге жіберіп, содан бері жоғалтып алды.",полиция,kk,Караганда,высокая,,huggingface
hf-869-ru,"Сотрудники интернет-провайдера, придя на дом, без спроса фотографировали мои вещи.",интернет,ru,Алматы,высокая,,huggingface
hf-869-kk,"Интернет провайдерінің қызметкерлері үйге келгенде, менің үйімдегі заттарды рұқсатсыз суретке түсірді.",интернет,kk,Алматы,высокая,,huggingface
hf-870-ru,"Водитель автобуса не остановился на моей остановке, сказав, что 'он не видел моего знака, забыл очки'.",общественный транспорт,ru,Астана,высокая,,huggingface
hf-870-kk,"Автобус жүргізушісі менің аялдамамда тоқтамай, 'мен сенің белгіңді көргенім жоқ, көзілдірігімді ұмытып кетіппін' деді.",общественный транспорт,kk,Астана,высокая,,huggingface
hf-871-ru,Лифт в подъезде уезжает с открытой дверью.,ЖКХ,ru,Алматы,высокая,,huggingface
hf-871-kk,"Үйдің кіреберісіндегі лифттің есігі ашық қалып, жүріп кетеді.",ЖКХ,kk,Алматы,высокая,,huggingface
hf-872-ru,"Когда я пришел на прием в свое время, врач рассматривал рентгеновские снимки другого пациента.",медицина,ru,Караганда,низкая,,huggingface
hf-872-kk,"Дәрігердің қабылдауына жазылған уақытымда келсем, ол менің орныма басқа пациенттің рентген суреттерін қарап отырды.",медицина,kk,Караганда,низкая,,huggingface
hf-873-ru,"Одна из машин проехала на красный свет и вырвала у меня сумку, когда я переходил на зеленый.",дороги,ru,Алматы,высокая,,huggingface
hf-873-kk,"Жолдағы бағдаршамның жасыл түсі жанып тұрғанда, көліктердің бірі өтіп кетіп, менің сөмкемді жұлып кетті.",дороги,kk,Алматы,высокая,,huggingface
hf-874-ru,Из-за плохого качества еды в школьной столовой мой ребенок невнимателен на уроках.,образование,ru,Астана,средняя,,huggingface
hf-874-kk,"Мектептегі асханадағы тамақтардың сапасы нашар болғандықтан, баламның сабаққа зейіні жоқ.",образование,kk,Астана,средняя,,huggingface
hf-875-ru,"Выяснилось, что у победителя конкурса госзакупок старая техника.",коррупция,ru,Караганда,низкая,,huggingface
hf-875-kk,Мемлекеттік сатып алу конкурсының жеңімпазының техникасы ескі екені белгілі болды.,коррупция,kk,Караганда,низкая,,huggingface
hf-876-ru,У зон отдыха у реки нет полигона для утилизации отходов.,экология,ru,Капчагай,средняя,,huggingface
hf-876-kk,Қаланың жанындағы өзенге жақын жердегі демалыс орындарының қалдықтарын көмуге арналған полигон жоқ.,экология,kk,Капчагай,средняя,,huggingface
hf-877-ru,"Для назначения пособия потребовали справку о доходах моего супруга, но он живет с другой семьей.",соцподдержка,ru,Астана,высокая,,huggingface
hf-877-kk,"Жәрдемақы тағайындау үшін менің жұбайымның табысы туралы анықтаманы талап етті, бірақ ол басқа отбасымен тұрады.",соцподдержка,kk,Астана,высокая,,huggingface
hf-878-ru,"Сотрудники полиции приняли мою жалобу, но перепутали ее с другим делом и сделали мне предупреждение.",полиция,ru,Алматы,высокая,,huggingface
hf-878-kk,"Полиция қызметкерлері менің шағымымды қабылдап, бірақ оны басқа іспен шатастырып, маған ескерту жасады.",полиция,kk,Алматы,высокая,,huggingface
hf-879-ru,"Сотрудники интернет-провайдера, придя на дом, без спроса передвинули и сломали мои вещи.",интернет,ru,Караганда,высокая,,huggingface
hf-879-kk,"Интернет провайдерінің қызметкерлері үйге келгенде, менің үйімдегі заттарды рұқсатсыз жылжытып, сындырып алды.",интернет,kk,Караганда,высокая,,huggingface
hf-880-ru,"Водитель автобуса не остановился на моей остановке, сказав, что 'он не видел моего знака, солнце слепило'.",общественный транспорт,ru,Астана,низкая,,huggingface
hf-880-kk,"Автобус жүргізушісі менің аялдамамда тоқтамай, 'мен сенің белгіңді көргенім жоқ, күн көзімді шағылыстырды' деді.",общественный транспорт,kk,Астана,низкая,,huggingface
hf-881-ru,Дверь лифта в подъезде перекошена и не открывается.,ЖКХ,ru,Караганда,высокая,,huggingface
hf-881-kk,"Үйдің кіреберісіндегі лифттің есігі қисайып, ашылмай қалады.",ЖКХ,kk,Караганда,высокая,,huggingface
hf-882-ru,"Когда я пришел на прием в свое время, врач разговаривал с родственником другого пациента.",медицина,ru,Астана,низкая,,huggingface
hf-882-kk,"Дәрігердің қабылдауына жазылған уақытымда келсем, ол менің орныма басқа пациенттің туысымен сөйлесіп отырды.",медицина,kk,Астана,низкая,,huggingface
hf-883-ru,"Одна из машин проехала на красный свет и зацепила мою сумку, когда я переходил на зеленый.",дороги,ru,Алматы,высокая,,huggingface
hf-883-kk,"Жолдағы бағдаршамның жасыл түсі жанып тұрғанда, көліктердің бірі өтіп кетіп, менің сөмкемді іліп кетті.",дороги,kk,Алматы,высокая,,huggingface
hf-884-ru,Из-за плохого качества еды в школьной столовой у моего ребенка пропал аппетит.,образование,ru,Караганда,средняя,,huggingface
hf-884-kk,"Мектептегі асханадағы тамақтардың сапасы нашар болғандықтан, баламның тәбеті жоғалды.",образование,kk,Караганда,средняя,,huggingface
hf-885-ru,Руководитель победителя конкурса госзакупок - сосед организатора.,коррупция,ru,Астана,низкая,,huggingface
hf-885-kk,Мемлекеттік сатып алу конкурсының жеңімпазының басшысы - ұйымдастырушының көршісі.,коррупция,kk,Астана,низкая,,huggingface
hf-886-ru,Мусор с зон отдыха у реки разносится ветром и загрязняет воду.,экология,ru,Капчагай,средняя,,huggingface
hf-886-kk,"Қаланың жанындағы өзенге жақын жердегі демалыс орындарының қалдықтарын жел ұшырып, суды ластайды.",экология,kk,Капчагай,средняя,,huggingface
hf-887-ru,"Для назначения пособия потребовали справку о доходах моего супруга, но он лежит в больнице.",соцподдержка,ru,Астана,высокая,,huggingface
hf-887-kk,"Жәрдемақы тағайындау үшін менің жұбайымның табысы туралы анықтаманы талап етті, бірақ ол ауруханада жатыр.",соцподдержка,kk,Астана,высокая,,huggingface
hf-888-ru,"Сотрудники полиции приняли мою жалобу, но перепутали ее с другим делом и привлекли меня к ответственности.",полиция,ru,Алматы,высокая,,huggingface
hf-888-kk,"Полиция қызметкерлері менің шағымымды қабылдап, бірақ оны басқа іспен шатастырып, мені жауапқа тартты.",полиция,kk,Алматы,высокая,,huggingface
hf-889-ru,"Сотрудники интернет-провайдера, придя на дом, без спроса фотографировали мои вещи и отправляли друзьям.",интернет,ru,Караганда,высокая,,huggingface
hf-889-kk,"Интернет провайдерінің қызметкерлері үйге келгенде, менің үйімдегі заттарды рұқсатсыз суретке түсіріп, достарына жіберді.",интернет,kk,Караганда,высокая,,huggingface
hf-890-ru,"Водитель автобуса не остановился на моей остановке, сказав, что 'он не видел моего знака, идет дождь'.",общественный транспорт,ru,Астана,низкая,,huggingface
hf-890-kk,"Автобус жүргізушісі менің аялдамамда тоқтамай, 'мен сенің белгіңді көргенім жоқ, жаңбыр жауып тұр' деді.",общественный транспорт,kk,Астана,низкая,,huggingface
hf-891-ru,Дверь лифта в подъезде скрипит.,ЖКХ,ru,Караганда,низкая,,huggingface
hf-891-kk,Үйдің кіреберісіндегі лифттің есігі сықырлайды.,ЖКХ,kk,Караганда,низкая,,huggingface
hf-892-ru,"Когда я пришел на прием в свое время, врач обсуждал личные проблемы с другим пациентом.",медицина,ru,Астана,высокая,,huggingface
hf-892-kk,"Дәрігердің қабылдауына жазылған уақытымда келсем, ол менің орныма басқа пациентпен жеке мәселелерін талқылап отырды.",медицина,kk,Астана,высокая,,huggingface
hf-893-ru,"Одна из машин проехала на красный свет и наехала мне на ногу, когда я переходил на зеленый.",дороги,ru,Алматы,высокая,,huggingface
hf-893-kk,"Жолдағы бағдаршамның жасыл түсі жанып тұрғанда, көліктердің бірі өтіп кетіп, менің аяғымды басып кетті.",дороги,kk,Алматы,высокая,,huggingface
hf-894-ru,Из-за плохого качества еды в школьной столовой у моего ребенка снизился интерес к учебе.,образование,ru,Караганда,средняя,,huggingface
hf-894-kk,"Мектептегі асханадағы тамақтардың сапасы нашар болғандықтан, баламның оқуға деген қызығушылығы азайды.",образование,kk,Караганда,средняя,,huggingface
hf-895-ru,Руководитель победителя конкурса госзакупок - одноклассник организатора.,коррупция,ru,Астана,низкая,,huggingface
hf-895-kk,Мемлекеттік сатып алу конкурсының жеңімпазының басшысы - ұйымдастырушының сыныптасы.,коррупция,kk,Астана,низкая,,huggingface
hf-896-ru,Отходы с зон отдыха у реки бросают в воду.,экология,ru,Капчагай,высокая,,huggingface
hf-896-kk,Қаланың жанындағы өзенге жақын жердегі демалыс орындарының қалдықтарын суға лақтырады.,экология,kk,Капчагай,высокая,,huggingface
hf-897-ru,"Для назначения пособия потребовали справку о доходах моего супруга, но он в командировке.",соцподдержка,ru,Астана,низкая,,huggingface
hf-897-kk,"Жәрдемақы тағайындау үшін менің жұбайымның табысы туралы анықтаманы талап етті, бірақ ол іссапарда.",соцподдержка,kk,Астана,низкая,,huggingface
hf-898-ru,"Сотрудники полиции приняли мою жалобу, но перепутали ее с другим делом и допросили меня как свидетеля.",полиция,ru,Караганда,высокая,,huggingface
hf-898-kk,"Полиция қызметкерлері менің шағымымды қабылдап, бірақ оны басқа іспен шатастырып, мені куәгер ретінде жауап алды.",полиция,kk,Караганда,высокая,,huggingface
hf-899-ru,"Сотрудники интернет-провайдера, придя на дом, без спроса передвинули мои вещи и оставили следы.",интернет,ru,Астана,низкая,,huggingface
hf-899-kk,"Интернет провайдерінің қызметкерлері үйге келгенде, менің үйімдегі заттарды рұқсатсыз жылжытып, із қалдырды.",интернет,kk,Астана,низкая,,huggingface
hf-900-ru,"Водитель автобуса не остановился на моей остановке, сказав, что 'он не видел моего знака, окно грязное'.",общественный транспорт,ru,Алматы,низкая,,huggingface
hf-900-kk,"Автобус жүргізушісі менің аялдамамда тоқтамай, 'мен сенің белгіңді көргенім жоқ, терезе лас' деді.",общественный транспорт,kk,Алматы,низкая,,huggingface
hf-901-ru,"Крыша дома протекает, мою квартиру затопило. КСК не принимает никаких мер.",ЖКХ,ru,Астана,высокая,,huggingface
hf-901-kk,"Үйдің шатырынан су ағып, пәтерімді су басты. КСК ешқандай шара қолданбайды.",ЖКХ,kk,Астана,высокая,,huggingface
hf-902-ru,"Не мог дозвониться в call-центр несколько часов, чтобы записаться на прием к врачу.",медицина,ru,Алматы,низкая,,huggingface
hf-902-kk,Дәрігердің қабылдауына жазылу үшін бірнеше сағат бойы call-орталыққа хабарласа алмадым.,медицина,kk,Алматы,низкая,,huggingface
hf-903-ru,Пробил колесо из-за ямы на дороге. Кто возместит этот ущерб?,дороги,ru,Караганда,высокая,,huggingface
hf-903-kk,Жолдағы шұңқырлардың кесірінен көлігімнің дөңгелегін жарып алдым. Бұл шығынды кім өтейді?,дороги,kk,Караганда,высокая,,huggingface
hf-904-ru,Качество еды в школьной столовой ухудшилось.,образование,ru,Шымкент,средняя,,huggingface
hf-904-kk,Мектептегі асханадағы тамақтың сапасы нашарлап кетті.,образование,kk,Шымкент,средняя,,huggingface
hf-905-ru,За получение справки в госучреждении потребовали 'вознаграждение'.,коррупция,ru,Астана,высокая,,huggingface
hf-905-kk,Мемлекеттік мекемеде анықтама алу үшін 'сыйақы' сұрады.,коррупция,kk,Астана,высокая,,huggingface
hf-906-ru,"В реку рядом с городом сливают неизвестную жидкость, от воды исходит неприятный запах.",экология,ru,Павлодар,высокая,,huggingface
hf-906-kk,"Қаланың жанындағы өзенге белгісіз сұйықтық төгіліп жатыр, судан жағымсыз иіс шығады.",экология,kk,Павлодар,высокая,,huggingface
hf-907-ru,Как многодетная мать прошу помощи в подготовке детей к школе.,соцподдержка,ru,Туркестанская область,низкая,,huggingface
hf-907-kk,Көпбалалы ана ретінде балаларымды мектепке дайындауға көмек сұраймын.,соцподдержка,kk,Туркестанская область,низкая,,huggingface
hf-908-ru,"Собака соседа пугает детей во дворе, на замечания он не реагирует.",полиция,ru,Алматы,низкая,,huggingface
hf-908-kk,"Көршімнің иті ауладағы балаларды қорқытады, ескерту жасасам, құлақ аспайды.",полиция,kk,Алматы,низкая,,huggingface
hf-909-ru,"Сотрудники интернет-провайдера, придя на дом, нарушили порядок и оставили мусор.",интернет,ru,Астана,низкая,,huggingface
hf-909-kk,"Интернет провайдерінің қызметкерлері үйге келгенде, менің үйімдегі тәртіпті бұзып, қоқыс қалдырып кетті.",интернет,kk,Астана,низкая,,huggingface
hf-910-ru,"Водитель автобуса проехал мимо остановки, проигнорировав мой знак.",общественный транспорт,ru,Караганда,низкая,,huggingface
hf-910-kk,"Автобус жүргізушісі аялдамада тоқтамай, менің белгіме қарамастан өтіп кетті.",общественный транспорт,kk,Караганда,низкая,,huggingface
hf-911-ru,Лифт в подъезде не работает уже несколько дней.,ЖКХ,ru,Алматы,высокая,,huggingface
hf-911-kk,Үйдің кіреберісіндегі лифт бірнеше күннен бері істемейді.,ЖКХ,kk,Алматы,высокая,,huggingface
hf-912-ru,"Когда я пришел на прием в свое время, врач принял другого пациента, заставив меня ждать.",медицина,ru,Астана,низкая,,huggingface
hf-912-kk,"Дәрігердің қабылдауына жазылған уақытымда келсем, ол менің орныма басқа пациентті қабылдап, мені күттіріп қойды.",медицина,kk,Астана,низкая,,huggingface
hf-913-ru,"Одна из машин проехала на красный свет, создав аварийную ситуацию, когда горел зеленый.",дороги,ru,Шымкент,высокая,,huggingface
hf-913-kk,"Жолдағы бағдаршамның жасыл түсі жанып тұрғанда, көліктердің бірі өтіп кетіп, апаттық жағдай туғызды.",дороги,kk,Шымкент,высокая,,huggingface
hf-914-ru,Из-за плохого качества еды в школьной столовой у моего ребенка болит живот.,образование,ru,Караганда,высокая,,huggingface
hf-914-kk,"Мектептегі асханадағы тамақтардың сапасы нашар болғандықтан, баламның асқазаны ауырады.",образование,kk,Караганда,высокая,,huggingface
hf-915-ru,Руководитель победителя конкурса госзакупок - родственник организатора.,коррупция,ru,Астана,высокая,,huggingface
hf-915-kk,Мемлекеттік сатып алу конкурсының жеңімпазының басшысы - ұйымдастырушының туысы.,коррупция,kk,Астана,высокая,,huggingface
hf-916-ru,Отходы с зон отдыха у реки бросают в воду.,экология,ru,Капчагай,высокая,,huggingface
hf-916-kk,Қаланың жанындағы өзенге жақын жердегі демалыс орындарының қалдықтарын суға лақтырады.,экология,kk,Капчагай,высокая,,huggingface
hf-917-ru,"Для назначения пособия потребовали справку о доходах моего супруга, но он живет в другом городе.",соцподдержка,ru,Астана,низкая,,huggingface
hf-917-kk,"Жәрдемақы тағайындау үшін менің жұбайымның табысы туралы анықтаманы талап етті, бірақ ол басқа қалада тұрады.",соцподдержка,kk,Астана,низкая,,huggingface
hf-918-ru,"Сотрудники полиции приняли мою жалобу, но перепутали ее с другим делом.",полиция,ru,Караганда,высокая,,huggingface
hf-918-kk,"Полиция қызметкерлері менің шағымымды қабылдап, бірақ оны басқа іспен шатастырып алған.",полиция,kk,Караганда,высокая,,huggingface
hf-919-ru,"Сотрудники интернет-провайдера, придя на дом, без спроса передвинули мои вещи.",интернет,ru,Астана,низкая,,huggingface
hf-919-kk,"Интернет провайдерінің қызметкерлері үйге келгенде, менің үйімдегі заттарды рұқсатсыз жылжытты.",интернет,kk,Астана,низкая,,huggingface
hf-920-ru,"Водитель автобуса не остановился на моей остановке, сказав, что 'он не видел моего знака, у него плохое зрение'.",общественный транспорт,ru,Астана,средняя,,huggingface
hf-920-kk,"Автобус жүргізушісі менің аялдамамда тоқтамай, 'мен сенің белгіңді көргенім жоқ, көзім нашар көреді' деді.",общественный транспорт,kk,Астана,средняя,,huggingface
hf-921-ru,"Дверь лифта скрипит, кажется, ее нужно смазать.",ЖКХ,ru,Астана,низкая,,huggingface
hf-921-kk,"Лифттің есігі сықырлайды, майлау керек сияқты.",ЖКХ,kk,Астана,низкая,,huggingface
hf-922-ru,Врач во время приема разговаривал по телефону и не уделил мне внимания.,медицина,ru,Караганда,низкая,,huggingface
hf-922-kk,"Дәрігер қабылдау кезінде телефонмен сөйлесіп, маған көңіл бөлмеді.",медицина,kk,Караганда,низкая,,huggingface
hf-923-ru,Разметка пешеходного перехода стерлась и не видна.,дороги,ru,Алматы,средняя,,huggingface
hf-923-kk,"Жаяу жүргіншілер өткелінің сызықтары өшіп, көрінбейді.",дороги,kk,Алматы,средняя,,huggingface
hf-924-ru,Еда в школьной столовой постоянно холодная.,образование,ru,Караганда,низкая,,huggingface
hf-924-kk,Мектеп асханасындағы тамақтар үнемі суық болады.,образование,kk,Караганда,низкая,,huggingface
hf-925-ru,Для входа в госучреждение требуют оставить в залог удостоверение личности.,коррупция,ru,Астана,средняя,,huggingface
hf-925-kk,Мемлекеттік мекемеге кіру үшін жеке куәлікті кепілге қалдыруды талап етеді.,коррупция,kk,Астана,средняя,,huggingface
hf-926-ru,Рядом с рекой у города появился незаконный песчаный карьер.,экология,ru,Атырау,высокая,,huggingface
hf-926-kk,Қаланың жанындағы өзенге заңсыз құм карьері пайда болды.,экология,kk,Атырау,высокая,,huggingface
hf-927-ru,"У меня ушла неделя на получение справки, необходимой для пособия.",соцподдержка,ru,Астана,низкая,,huggingface
hf-927-kk,Жәрдемақы алу үшін қажетті анықтаманы алуға бір апта уақыт кетті.,соцподдержка,kk,Астана,низкая,,huggingface
hf-928-ru,Сотрудники полиции не приняли мою жалобу и отправили в другое отделение.,полиция,ru,Астана,средняя,,huggingface
hf-928-kk,"Полиция қызметкерлері менің шағымымды қабылдамай, басқа бөлімшеге жіберді.",полиция,kk,Астана,средняя,,huggingface
hf-929-ru,Сотрудники интернет-провайдера звонят в нерабочее время.,интернет,ru,Караганда,низкая,,huggingface
hf-929-kk,Интернет провайдерінің қызметкерлері жұмыс уақытынан тыс уақытта хабарласады.,интернет,kk,Караганда,низкая,,huggingface
hf-930-ru,Водитель автобуса просит перевести оплату за проезд на свою карту вместо терминала.,общественный транспорт,ru,Алматы,высокая,,huggingface
hf-930-kk,Автобус жүргізушісі жол ақысын төлеу үшін терминалдың орнына өз картасына аударуды сұрайды.,общественный транспорт,kk,Алматы,высокая,,huggingface
hf-931-ru,Посторонние люди узнали код от входной двери в подъезд.,ЖКХ,ru,Астана,низкая,,huggingface
hf-931-kk,Үйдің кіреберісіндегі есіктің кодын бөгде адамдар біліп алған.,ЖКХ,kk,Астана,низкая,,huggingface
hf-932-ru,"Я пришел на прием к врачу, а его не оказалось на месте.",медицина,ru,Астана,средняя,,huggingface
hf-932-kk,"Дәрігердің қабылдауына жазылған уақытымда келсем, ол орнында болмай шықты.",медицина,kk,Астана,средняя,,huggingface
hf-933-ru,Из-за ям на дороге у моей машины сломался амортизатор.,дороги,ru,Алматы,высокая,,huggingface
hf-933-kk,Жолдағы шұңқырлардың кесірінен көлігімнің амортизаторы істен шықты.,дороги,kk,Алматы,высокая,,huggingface
hf-934-ru,В кабинете географии в школе нет карт и глобусов.,образование,ru,Туркестанская область,низкая,,huggingface
hf-934-kk,Мектептегі география кабинетінде карталар мен глобустар жоқ.,образование,kk,Туркестанская область,низкая,,huggingface
hf-935-ru,Дорогие часы и телефоны чиновников не соответствуют их зарплате.,коррупция,ru,Астана,низкая,,huggingface
hf-935-kk,Шенеуніктердің қымбат сағаттары мен телефондары олардың жалақысына сай келмейді.,коррупция,kk,Астана,низкая,,huggingface
hf-936-ru,В лесном массиве рядом с городом вырубают деревья и строят коттеджи.,экология,ru,Алматы,высокая,,huggingface
hf-936-kk,"Қаланың жанындағы орман алқабында ағаштарды кесіп, орнына коттедждер салып жатыр.",экология,kk,Алматы,высокая,,huggingface
hf-937-ru,"Не могу найти работу по специальности, на которую выучился через центр занятости.",соцподдержка,ru,Караганда,низкая,,huggingface
hf-937-kk,Жұмыспен қамту орталығы арқылы оқыған курсым бойынша жұмыс таба алмай жүрмін.,соцподдержка,kk,Караганда,низкая,,huggingface
hf-938-ru,Сотрудник полиции остановил мою машину и не объяснил причину.,полиция,ru,Астана,низкая,,huggingface
hf-938-kk,"Полиция қызметкері менің көлігімді тоқтатып, себебін түсіндірмеді.",полиция,kk,Астана,низкая,,huggingface
hf-939-ru,"Хотя я внес предоплату за услуги интернет-провайдера, интернет вовремя не подключили.",интернет,ru,Алматы,средняя,,huggingface
hf-939-kk,"Интернет провайдерінің қызметіне алдын ала төлем жасасам да, интернетті уақытында қоспады.",интернет,kk,Алматы,средняя,,huggingface
hf-940-ru,"Водитель автобуса не остановился на остановке, проигнорировав мою просьбу.",общественный транспорт,ru,Шымкент,средняя,,huggingface
hf-940-kk,"Автобус жүргізушісі аялдамаға тоқтамай, менің өтінішіме құлақ аспады.",общественный транспорт,kk,Шымкент,средняя,,huggingface
hf-941-ru,Детская горка во дворе сломана.,ЖКХ,ru,Астана,средняя,,huggingface
hf-941-kk,Үйдің ауласындағы балалар сырғанағы сынған.,ЖКХ,kk,Астана,средняя,,huggingface
hf-942-ru,Квалификация многих врачей в поликлинике низкая.,медицина,ru,Караганда,низкая,,huggingface
hf-942-kk,Емханадағы дәрігерлердің көбісінің біліктілігі төмен.,медицина,kk,Караганда,низкая,,huggingface
hf-943-ru,По тротуару вдоль дороги ездят машины.,дороги,ru,Алматы,средняя,,huggingface
hf-943-kk,Жол жиегіндегі жаяу жүргіншілер жолымен көліктер жүреді.,дороги,kk,Алматы,средняя,,huggingface
hf-944-ru,"Безопасность учеников в школе не обеспечена, охрана плохая.",образование,ru,Астана,высокая,,huggingface
hf-944-kk,"Мектептегі оқушылардың қауіпсіздігі қамтамасыз етілмеген, күзет нашар.",образование,kk,Астана,высокая,,huggingface
hf-945-ru,"Чтобы попасть в госучреждение, нужно стоять в очереди несколько часов.",коррупция,ru,Астана,низкая,,huggingface
hf-945-kk,Мемлекеттік мекемеге кіру үшін кезекте бірнеше сағат тұру керек.,коррупция,kk,Астана,низкая,,huggingface
hf-946-ru,"Вода в реке рядом с городом загрязнена, на берегу лежит мертвая рыба.",экология,ru,Атырау,высокая,,huggingface
hf-946-kk,"Қаланың жанындағы өзеннің суы ластанып, жағасында өлі балықтар жатыр.",экология,kk,Атырау,высокая,,huggingface
hf-947-ru,"На сбор документов, необходимых для получения пособия, уходит несколько недель.",соцподдержка,ru,Шымкент,низкая,,huggingface
hf-947-kk,Жәрдемақы алу үшін қажетті құжаттарды жинауға бірнеше апта кетеді.,соцподдержка,kk,Шымкент,низкая,,huggingface
hf-948-ru,Сотрудники полиции попросили плату за регистрацию моего заявления.,полиция,ru,Алматы,высокая,,huggingface
hf-948-kk,Полиция қызметкерлері менің шағымымды тіркеу үшін ақы сұрады.,полиция,kk,Алматы,высокая,,huggingface
hf-949-ru,"Когда я жалуюсь на услуги интернет-провайдера, мне угрожают отключением.",интернет,ru,Астана,средняя,,huggingface
hf-949-kk,"Интернет провайдерінің қызметіне шағымдансам, интернетті сөндіріп тастаймыз деп қорқытады.",интернет,kk,Астана,средняя,,huggingface
hf-950-ru,"Водитель автобуса обругал меня, хотя я оплатил проезд.",общественный транспорт,ru,Караганда,средняя,,huggingface
hf-950-kk,"Автобус жүргізушісі жол ақысын төлесем де, мені балағаттады.",общественный транспорт,kk,Караганда,средняя,,huggingface
hf-951-ru,Фонари освещения во дворе дома не горят по ночам.,ЖКХ,ru,Астана,средняя,,huggingface
hf-951-kk,Үйдің ауласындағы жарық шамдары түнде жанбайды.,ЖКХ,kk,Астана,средняя,,huggingface
hf-952-ru,"Чтобы попасть на прием к врачу, нужно ждать месяц.",медицина,ru,Алматы,средняя,,huggingface
hf-952-kk,Дәрігердің қабылдауына жазылу үшін бір ай күту керек.,медицина,kk,Алматы,средняя,,huggingface
hf-953-ru,"Зеленый сигнал светофора на дороге горит слишком недолго, не успеваем перейти.",дороги,ru,Астана,низкая,,huggingface
hf-953-kk,"Жолдағы бағдаршамның жасыл түсі тым қысқа жанады, өтіп үлгермейміз.",дороги,kk,Астана,низкая,,huggingface
hf-954-ru,"Качество еды в школе ухудшилось, дети остаются голодными.",образование,ru,Шымкент,высокая,,huggingface
hf-954-kk,"Мектептегі тамақтың сапасы нашарлап кетті, балалар аш қалады.",образование,kk,Шымкент,высокая,,huggingface
hf-955-ru,Условия конкурса госзакупок как будто специально написаны под одну компанию.,коррупция,ru,Астана,средняя,,huggingface
hf-955-kk,Мемлекеттік сатып алу конкурсының шарттары бір компанияға арнайы жазылған сияқты.,коррупция,kk,Астана,средняя,,huggingface
hf-956-ru,"В реку рядом с городом сливают неизвестную жидкость, цвет воды изменился.",экология,ru,Караганда,высокая,,huggingface
hf-956-kk,"Қаланың жанындағы өзенге белгісіз сұйықтық төгіп жатыр, судың түсі өзгерді.",экология,kk,Караганда,высокая,,huggingface
hf-957-ru,При назначении пособия в мой доход посчитали пенсию моих родителей.,соцподдержка,ru,Алматы,высокая,,huggingface
hf-957-kk,Жәрдемақы тағайындау кезінде менің қосымша табысым ретінде ата-анамның зейнетақысын есептеп жіберді.,соцподдержка,kk,Алматы,высокая,,huggingface
hf-958-ru,"Мой сосед сдает квартиру людям, которые нарушают тишину.",полиция,ru,Астана,низкая,,huggingface
hf-958-kk,"Көршім пәтерін жалға беріп, тыныштықты бұзатын адамдарды кіргізеді.",полиция,kk,Астана,низкая,,huggingface
hf-959-ru,Сотрудники интернет-провайдера сделали работу некачественно и оставили после себя мусор.,интернет,ru,Караганда,низкая,,huggingface
hf-959-kk,"Интернет провайдерінің қызметкерлері жұмысты сапасыз жасап, артынан қоқыс қалдырып кетті.",интернет,kk,Караганда,низкая,,huggingface
hf-960-ru,Водитель автобуса просил у других пассажиров разменять деньги для оплаты проезда.,общественный транспорт,ru,Алматы,низкая,,huggingface
hf-960-kk,Автобус жүргізушісі жол ақысын төлеу үшін басқа жолаушылардан ұсақ ақша сұрады.,общественный транспорт,kk,Алматы,низкая,,huggingface
hf-961-ru,Ручка на входной двери в подъезд сломана.,ЖКХ,ru,Павлодар,низкая,,huggingface
hf-961-kk,Үйдің кіреберісіндегі есіктің тұтқасы сынған.,ЖКХ,kk,Павлодар,низкая,,huggingface
hf-962-ru,Врач не ответил на мои вопросы и направил к другому специалисту.,медицина,ru,Астана,низкая,,huggingface
hf-962-kk,"Дәрігер менің сұрақтарыма жауап бермей, басқа дәрігерге сілтеді.",медицина,kk,Астана,низкая,,huggingface
hf-963-ru,Из-за ям на дороге у меня лопнуло колесо.,дороги,ru,Караганда,высокая,,huggingface
hf-963-kk,Жолдағы шұңқырлардың кесірінен көлігімнің дөңгелегі жарылды.,дороги,kk,Караганда,высокая,,huggingface
hf-964-ru,"Учитель начальных классов в школе часто болеет, уроки пропадают.",образование,ru,Алматы,средняя,,huggingface
hf-964-kk,"Мектептегі бастауыш сынып мұғалімі жиі ауырып, сабақтар өтпей қалады.",образование,kk,Алматы,средняя,,huggingface
hf-965-ru,Существуют 'особые' парковки для служебных автомобилей чиновников.,коррупция,ru,Астана,низкая,,huggingface
hf-965-kk,Шенеуніктердің қызметтік көліктеріне арналған 'ерекше' тұрақтар бар.,коррупция,kk,Астана,низкая,,huggingface
hf-966-ru,"К тем, кто сбрасывает мусор в реку за городом, не принимают никаких мер.",экология,ru,Шымкент,средняя,,huggingface
hf-966-kk,Қаланың жанындағы өзенге қоқыс төгетіндерге ешқандай шара қолданылмайды.,экология,kk,Шымкент,средняя,,huggingface
hf-967-ru,"Чтобы зарегистрироваться в качестве безработного, нужно собрать много справок.",соцподдержка,ru,Астана,низкая,,huggingface
hf-967-kk,Жұмыссыз ретінде тіркелу үшін көптеген анықтамалар жинау керек.,соцподдержка,kk,Астана,низкая,,huggingface
hf-968-ru,"Хотя полиция и зарегистрировала мое заявление, никаких результатов нет.",полиция,ru,Алматы,средняя,,huggingface
hf-968-kk,"Полиция қызметкерлері менің арызымды тіркегенімен, ешқандай нәтиже жоқ.",полиция,kk,Алматы,средняя,,huggingface
hf-969-ru,"У сотрудников интернет-провайдера, приходящих на вызов, нет с собой запчастей.",интернет,ru,Караганда,низкая,,huggingface
hf-969-kk,Интернет провайдерінің қызметкерлері үйге келгенде өздерімен бірге қосалқы бөлшектері болмайды.,интернет,kk,Караганда,низкая,,huggingface
hf-970-ru,Водитель автобуса проехал мою остановку.,общественный транспорт,ru,Астана,низкая,,huggingface
hf-970-kk,Автобус жүргізушісі менің аялдамамнан өткізіп жіберді.,общественный транспорт,kk,Астана,низкая,,huggingface
hf-971-ru,Освещение на спортивной площадке во дворе не работает.,ЖКХ,ru,Астана,низкая,,huggingface
hf-971-kk,Үйдің ауласындағы спорт алаңының жарықтандыруы істемейді.,ЖКХ,kk,Астана,низкая,,huggingface
hf-972-ru,"Я стоял в очереди с 6 утра, чтобы записаться на прием к врачу.",медицина,ru,Шымкент,средняя,,huggingface
hf-972-kk,Дәрігердің қабылдауына жазылу үшін таңғы 6-дан бастап кезекке тұрдым.,медицина,kk,Шымкент,средняя,,huggingface
hf-973-ru,"Зеленый сигнал светофора на дороге мигает, вводя водителей в заблуждение.",дороги,ru,Алматы,средняя,,huggingface
hf-973-kk,"Жолдағы бағдаршамның жасыл түсі жанып-сөніп, жүргізушілерді шатастырады.",дороги,kk,Алматы,средняя,,huggingface
hf-974-ru,Еда в школьной столовой постоянно холодная.,образование,ru,Караганда,низкая,,huggingface
hf-974-kk,Мектептегі асханадағы тамақтар үнемі суық болады.,образование,kk,Караганда,низкая,,huggingface
hf-975-ru,Для входа в госучреждение требуют оставить в залог удостоверение личности.,коррупция,ru,Астана,средняя,,huggingface
hf-975-kk,Мемлекеттік мекемеге кіру үшін жеке куәлікті кепілге қалдыруды талап етеді.,коррупция,kk,Астана,средняя,,huggingface
hf-976-ru,Рядом с рекой у города появился незаконный песчаный карьер.,экология,ru,Атырау,высокая,,huggingface
hf-976-kk,Қаланың жанындағы өзенге жақын жерде заңсыз құм карьері пайда болды.,экология,kk,Атырау,высокая,,huggingface
hf-977-ru,Для назначения пособия проверяют мою кредитную историю.,соцподдержка,ru,Алматы,низкая,,huggingface
hf-977-kk,Жәрдемақы тағайындау үшін менің несиелік тарихымды тексеріп жатыр.,соцподдержка,kk,Алматы,низкая,,huggingface
hf-978-ru,Сотрудники полиции не приняли мою жалобу и отправили в другое отделение.,полиция,ru,Астана,средняя,,huggingface
hf-978-kk,"Полиция қызметкерлері менің шағымымды қабылдамай, басқа бөлімшеге жіберді.",полиция,kk,Астана,средняя,,huggingface
hf-979-ru,Сотрудники интернет-провайдера звонят в нерабочее время.,интернет,ru,Караганда,низкая,,huggingface
hf-979-kk,Интернет провайдерінің қызметкерлері жұмыс уақытынан тыс уақытта хабарласады.,интернет,kk,Караганда,низкая,,huggingface
hf-980-ru,Водитель автобуса просит перевести оплату за проезд на свою карту вместо терминала.,общественный транспорт,ru,Алматы,высокая,,huggingface
hf-980-kk,Автобус жүргізушісі жол ақысын төлеу үшін терминалдың орнына өз картасына аударуды сұрайды.,общественный транспорт,kk,Алматы,высокая,,huggingface
hf-981-ru,Посторонние люди узнали код от входной двери в подъезд.,ЖКХ,ru,Астана,низкая,,huggingface
hf-981-kk,Үйдің кіреберісіндегі есіктің кодын бөгде адамдар біліп алған.,ЖКХ,kk,Астана,низкая,,huggingface
hf-982-ru,"Я пришел на прием к врачу, а его не оказалось на месте.",медицина,ru,Астана,средняя,,huggingface
hf-982-kk,"Дәрігердің қабылдауына келсем, ол орнында болмай шықты.",медицина,kk,Астана,средняя,,huggingface
hf-983-ru,Из-за ям на дороге у моей машины сломался амортизатор.,дороги,ru,Алматы,высокая,,huggingface
hf-983-kk,Жолдағы шұңқырлардың кесірінен көлігімнің амортизаторы істен шықты.,дороги,kk,Алматы,высокая,,huggingface
hf-984-ru,В кабинете географии в школе нет карт и глобусов.,образование,ru,Туркестанская область,низкая,,huggingface
hf-984-kk,Мектептегі география кабинетінде карталар мен глобустар жоқ.,образование,kk,Туркестанская область,низкая,,huggingface
hf-985-ru,Дорогие часы и телефоны чиновников не соответствуют их зарплате.,коррупция,ru,Астана,низкая,,huggingface
hf-985-kk,Шенеуніктердің қымбат сағаттары мен телефондары олардың жалақысына сай келмейді.,коррупция,kk,Астана,низкая,,huggingface
hf-986-ru,В лесном массиве рядом с городом вырубают деревья и строят коттеджи.,экология,ru,Алматы,высокая,,huggingface
hf-986-kk,"Қаланың жанындағы орман алқабында ағаштарды кесіп, орнына коттедждер салып жатыр.",экология,kk,Алматы,высокая,,huggingface
hf-987-ru,"Не могу найти работу по специальности, на которую выучился через центр занятости.",соцподдержка,ru,Караганда,низкая,,huggingface
hf-987-kk,Жұмыспен қамту орталығы арқылы оқыған курсым бойынша жұмыс таба алмай жүрмін.,соцподдержка,kk,Караганда,низкая,,huggingface
hf-988-ru,Сотрудник полиции остановил мою машину и не объяснил причину.,полиция,ru,Астана,низкая,,huggingface
hf-988-kk,"Полиция қызметкері менің көлігімді тоқтатып, себебін түсіндірмеді.",полиция,kk,Астана,низкая,,huggingface
hf-989-ru,"Хотя я внес предоплату за услуги интернет-провайдера, интернет вовремя не подключили.",интернет,ru,Алматы,средняя,,huggingface
hf-989-kk,"Интернет провайдерінің қызметіне алдын ала төлем жасасам да, интернетті уақытында қоспады.",интернет,kk,Алматы,средняя,,huggingface
hf-990-ru,"Водитель автобуса не остановился на остановке, проигнорировав мою просьбу.",общественный транспорт,ru,Шымкент,средняя,,huggingface
hf-990-kk,"Автобус жүргізушісі аялдамаға тоқтамай, менің өтінішіме құлақ аспады.",общественный транспорт,kk,Шымкент,средняя,,huggingface
hf-991-ru,Детская горка во дворе сломана.,ЖКХ,ru,Астана,средняя,,huggingface
hf-991-kk,Үйдің ауласындағы балалар сырғанағы сынған.,ЖКХ,kk,Астана,средняя,,huggingface
hf-992-ru,Квалификация многих врачей в поликлинике низкая.,медицина,ru,Караганда,низкая,,huggingface
hf-992-kk,Емханадағы дәрігерлердің көбісінің біліктілігі төмен.,медицина,kk,Караганда,низкая,,huggingface
hf-993-ru,По тротуару вдоль дороги ездят машины.,дороги,ru,Алматы,средняя,,huggingface
hf-993-kk,Жол жиегіндегі жаяу жүргіншілер жолымен көліктер жүреді.,дороги,kk,Алматы,средняя,,huggingface
hf-994-ru,"Безопасность учеников в школе не обеспечена, охрана плохая.",образование,ru,Астана,высокая,,huggingface
hf-994-kk,"Мектептегі оқушылардың қауіпсіздігі қамтамасыз етілмеген, күзет нашар.",образование,kk,Астана,высокая,,huggingface
hf-995-ru,"Чтобы попасть в госучреждение, нужно стоять в очереди несколько часов.",коррупция,ru,Астана,низкая,,huggingface
hf-995-kk,Мемлекеттік мекемеге кіру үшін кезекте бірнеше сағат тұру керек.,коррупция,kk,Астана,низкая,,huggingface
hf-996-ru,"Вода в реке рядом с городом загрязнена, на берегу лежит мертвая рыба.",экология,ru,Атырау,высокая,,huggingface
hf-996-kk,"Қаланың жанындағы өзеннің суы ластанып, жағасында өлі балықтар жатыр.",экология,kk,Атырау,высокая,,huggingface
hf-997-ru,"На сбор документов, необходимых для получения пособия, уходит несколько недель.",соцподдержка,ru,Шымкент,низкая,,huggingface
hf-997-kk,Жәрдемақы алу үшін қажетті құжаттарды жинауға бірнеше апта кетеді.,соцподдержка,kk,Шымкент,низкая,,huggingface
hf-998-ru,Сотрудники полиции попросили плату за регистрацию моего заявления.,полиция,ru,Алматы,высокая,,huggingface
hf-998-kk,Полиция қызметкерлері менің шағымымды тіркеу үшін ақы сұрады.,полиция,kk,Алматы,высокая,,huggingface
hf-999-ru,"Когда я жалуюсь на услуги интернет-провайдера, мне угрожают отключением.",интернет,ru,Астана,средняя,,huggingface
hf-999-kk,"Интернет провайдерінің қызметіне шағымдансам, интернетті сөндіріп тастаймыз деп қорқытады.",интернет,kk,Астана,средняя,,huggingface
hf-1000-ru,"Водитель автобуса обругал меня, хотя я оплатил проезд.",общественный транспорт,ru,Караганда,средняя,,huggingface
hf-1000-kk,"Автобус жүргізушісі жол ақысын төлесем де, мені балағаттады.",общественный транспорт,kk,Караганда,средняя,,huggingface
hf-1001-ru,"Батареи отопления в моей квартире еле теплые. Неоднократно обращался в КСК, безрезультатно.",ЖКХ,ru,Петропавловск,высокая,,huggingface
hf-1001-kk,"Менің пәтерімдегі жылу батареялары әрең жылы. ПИК-ке бірнеше рет айттым, нәтиже жоқ.",ЖКХ,kk,Петропавловск,высокая,,huggingface
hf-1002-ru,"Врач направил меня на платные анализы, которые гарантированы государством бесплатно.",медицина,ru,Алматы,высокая,,huggingface
hf-1002-kk,Дәрігер маған мемлекеттік кепілдік берген тегін анализдерді ақылы түрде тапсыруға жіберді.,медицина,kk,Алматы,высокая,,huggingface
hf-1003-ru,Дорогу на нашей улице не ремонтировали более 20 лет.,дороги,ru,Семей,средняя,,huggingface
hf-1003-kk,Біздің көшедегі жолға 20 жылдан астам уақыт жөндеу жүргізілмеген.,дороги,kk,Семей,средняя,,huggingface
hf-1004-ru,Директор школы требует от родителей сдавать деньги на ремонт.,образование,ru,Кызылорда,высокая,,huggingface
hf-1004-kk,Мектеп директоры жөндеу жұмыстарына ата-аналардан ақша жинауды талап етеді.,образование,kk,Кызылорда,высокая,,huggingface
hf-1005-ru,Инспектор дорожной полиции остановил без причины и вымогал деньги.,коррупция,ru,Шымкент,высокая,,huggingface
hf-1005-kk,"Жол полициясының инспекторы себепсіз тоқтатып, ақша бопсалады.",коррупция,kk,Шымкент,высокая,,huggingface
hf-1006-ru,Тяжело дышать из-за дыма от близлежащей промышленной зоны.,экология,ru,Темиртау,высокая,,huggingface
hf-1006-kk,Жақын маңдағы өнеркәсіптік аймақтан шыққан түтіннен дем алу қиын.,экология,kk,Темиртау,высокая,,huggingface
hf-1007-ru,Меня незаконно уволили с работы. Куда я могу пожаловаться?,соцподдержка,ru,Астана,высокая,,huggingface
hf-1007-kk,Мені жұмыстан заңсыз шығарып жіберді. Қайда шағымдануға болады?,соцподдержка,kk,Астана,высокая,,huggingface
hf-1008-ru,"Мою квартиру ограбили, полиция приехала только через несколько часов.",полиция,ru,Алматы,высокая,,huggingface
hf-1008-kk,"Менің пәтерімді тонап кетті, полиция бірнеше сағаттан кейін әрең келді.",полиция,kk,Алматы,высокая,,huggingface
hf-1009-ru,"Интернет-провайдер не обеспечивает скорость, указанную в договоре.",интернет,ru,Караганда,средняя,,huggingface
hf-1009-kk,Интернет провайдері келісім-шартта көрсетілген жылдамдықты қамтамасыз етпейді.,интернет,kk,Караганда,средняя,,huggingface
hf-1010-ru,"Водитель автобуса нарушил ПДД, пытаясь совершить обгон.",общественный транспорт,ru,Астана,высокая,,huggingface
hf-1010-kk,"Автобус жүргізушісі жол ережесін бұзып, басып озуға тырысты.",общественный транспорт,kk,Астана,высокая,,huggingface
hf-1011-ru,Неприятный запах от мусорных контейнеров во дворе доходит до квартиры.,ЖКХ,ru,Атырау,средняя,,huggingface
hf-1011-kk,Ауладағы қоқыс жәшіктерінен шыққан сасық иіс пәтерге дейін жетеді.,ЖКХ,kk,Атырау,средняя,,huggingface
hf-1012-ru,Рентген-аппарат в поликлинике не работает уже несколько месяцев.,медицина,ru,Жезказган,высокая,,huggingface
hf-1012-kk,Емханадағы рентген аппараты бірнеше айдан бері істемейді.,медицина,kk,Жезказган,высокая,,huggingface
hf-1013-ru,Новая дорога просела уже через несколько месяцев после строительства.,дороги,ru,Алматинская область,высокая,,huggingface
hf-1013-kk,Жаңадан салынған жол бірнеше айдан кейін-ақ ойылып қалды.,дороги,kk,Алматинская область,высокая,,huggingface
hf-1014-ru,Воспитатель в детском саду подняла руку на моего ребенка.,образование,ru,Астана,высокая,,huggingface
hf-1014-kk,Балабақшадағы тәрбиеші менің балама қол көтерді.,образование,kk,Астана,высокая,,huggingface
hf-1015-ru,"Компания, выигравшая конкурс, передала работы другому субподрядчику.",коррупция,ru,Астана,средняя,,huggingface
hf-1015-kk,Конкурсты ұтып алған компания жұмысты басқа субподрядчикке беріп жіберген.,коррупция,kk,Астана,средняя,,huggingface
hf-1016-ru,Где можно получить достоверную информацию о качестве воздуха в городе?,экология,ru,Алматы,низкая,,huggingface
hf-1016-kk,Қаланың ауа сапасы туралы нақты ақпаратты қайдан алуға болады?,экология,kk,Алматы,низкая,,huggingface
hf-1017-ru,"У моего ребенка особые потребности, но в школе для него не созданы условия.",соцподдержка,ru,Караганда,высокая,,huggingface
hf-1017-kk,"Менің баламның ерекше қажеттіліктері бар, бірақ мектепте оған арналған жағдай жасалмаған.",соцподдержка,kk,Караганда,высокая,,huggingface
hf-1018-ru,"Я вызвал полицию на уличную драку, но они не приехали, сказав, что 'все успокоилось'.",полиция,ru,Шымкент,высокая,,huggingface
hf-1018-kk,"Көшедегі төбелеске полиция шақырсам, олар 'бәрі тынышталды' деп келмей қойды.",полиция,kk,Шымкент,высокая,,huggingface
hf-1019-ru,Мобильный интернет в селе совсем не работает.,интернет,ru,Жамбылская область,средняя,,huggingface
hf-1019-kk,Мобильді интернет ауылда мүлдем істемейді.,интернет,kk,Жамбылская область,средняя,,huggingface
hf-1020-ru,Вечером автобусы ходят редко и с опозданием от графика.,общественный транспорт,ru,Астана,средняя,,huggingface
hf-1020-kk,"Автобустар кешкісін кестеден кешігіп, сирек жүреді.",общественный транспорт,kk,Астана,средняя,,huggingface
hf-1021-ru,"Электрический щиток в подъезде открыт, это опасно для детей.",ЖКХ,ru,Караганда,высокая,,huggingface
hf-1021-kk,"Кіреберістегі электр қалқаншасы ашық тұр, бұл балалар үшін қауіпті.",ЖКХ,kk,Караганда,высокая,,huggingface
hf-1022-ru,"Туалет в поликлинике грязный, санитарные нормы не соблюдаются.",медицина,ru,Актобе,низкая,,huggingface
hf-1022-kk,"Емханадағы дәретхана лас, санитарлық талаптар сақталмаған.",медицина,kk,Актобе,низкая,,huggingface
hf-1023-ru,Ветки деревьев у пешеходного перехода мешают обзору дороги.,дороги,ru,Алматы,средняя,,huggingface
hf-1023-kk,Жаяу жүргіншілер өткелінің жанындағы ағаш бұтақтары жолды көруге кедергі келтіреді.,дороги,kk,Алматы,средняя,,huggingface
hf-1024-ru,На уроке информатики в школе половина компьютеров не работает.,образование,ru,Павлодар,средняя,,huggingface
hf-1024-kk,Мектептегі информатика сабағында компьютерлердің жартысы істемейді.,образование,kk,Павлодар,средняя,,huggingface
hf-1025-ru,"Качество еды в школьной столовой ухудшилось, а цены выросли. Дети остаются голодными.",образование,ru,Астана,высокая,,huggingface
hf-1025-kk,"Мектеп асханасындағы тамақтардың сапасы нашарлап, бағасы көтерілді. Балалар аш қалуда.",образование,kk,Астана,высокая,,huggingface
hf-1026-ru,Сотрудник дорожной полиции остановил без причины и грубо разговаривал.,полиция,ru,Алматы,средняя,,huggingface
hf-1026-kk,"Жол полициясы қызметкері себепсіз тоқтатып, дөрекі сөйледі.",полиция,kk,Алматы,средняя,,huggingface
hf-1027-ru,Качели на детской площадке во дворе сломаны и представляют опасность.,ЖКХ,ru,Караганда,высокая,,huggingface
hf-1027-kk,"Үйдің ауласындағы балалар алаңындағы әткеншек сынып, қауіп төндіріп тұр.",ЖКХ,kk,Караганда,высокая,,huggingface
hf-1028-ru,"Интернет-провайдер не обеспечивает скорость, указанную в договоре.",интернет,ru,Шымкент,средняя,,huggingface
hf-1028-kk,Интернет провайдері келісім-шартта көрсетілген жылдамдықты қамтамасыз етпейді.,интернет,kk,Шымкент,средняя,,huggingface
hf-1029-ru,"Водитель автобуса проехал остановку, устроив гонки с другим автобусом.",общественный транспорт,ru,Астана,высокая,,huggingface
hf-1029-kk,"Автобус жүргізушісі аялдамада тоқтамай, жарысып кетті.",общественный транспорт,kk,Астана,высокая,,huggingface
hf-1030-ru,В реку рядом с городом незаконно сбрасывают мусор.,экология,ru,Атырау,высокая,,huggingface
hf-1030-kk,Қаланың жанындағы өзенге заңсыз қоқыс төгіліп жатыр.,экология,kk,Атырау,высокая,,huggingface
hf-1031-ru,"Чтобы попасть на прием к врачу, нужно стоять в очереди несколько недель.",медицина,ru,Актобе,средняя,,huggingface
hf-1031-kk,Дәрігердің қабылдауына жазылу үшін бірнеше апта кезекте тұру керек.,медицина,kk,Актобе,средняя,,huggingface
hf-1032-ru,Потребовали взятку за получение земельного участка.,коррупция,ru,Алматинская область,высокая,,huggingface
hf-1032-kk,Жер учаскесін алу үшін пара талап етілді.,коррупция,kk,Алматинская область,высокая,,huggingface
hf-1033-ru,Необоснованно отказали в назначении пособия.,соцподдержка,ru,Павлодар,высокая,,huggingface
hf-1033-kk,Жәрдемақы тағайындаудан негізсіз бас тартты.,соцподдержка,kk,Павлодар,высокая,,huggingface
hf-1034-ru,"Крышка люка посреди дороги сломана, очень опасно.",дороги,ru,Караганда,высокая,,huggingface
hf-1034-kk,"Жолдың ортасындағы люк қақпағы сынған, өте қауіпті.",дороги,kk,Караганда,высокая,,huggingface
hf-1035-ru,"Ремонт в школе сделали некачественно, через месяц начала отваливаться штукатурка.",образование,ru,Кызылорда,средняя,,huggingface
hf-1035-kk,"Мектептегі жөндеу жұмыстары сапасыз жасалған, бір айдан кейін сылағы түсе бастады.",образование,kk,Кызылорда,средняя,,huggingface
hf-1036-ru,"Сосед по ночам громко включает музыку, нарушая тишину. Полиция не реагирует.",полиция,ru,Астана,низкая,,huggingface
hf-1036-kk,"Көршім түнде қатты музыка қойып, тыныштықты бұзады. Полиция шара қолданбайды.",полиция,kk,Астана,низкая,,huggingface
hf-1037-ru,"Двор дома не убирают, все завалено мусором.",ЖКХ,ru,Алматы,средняя,,huggingface
hf-1037-kk,"Үйдің ауласы тазаланбайды, қоқысқа толып кетті.",ЖКХ,kk,Алматы,средняя,,huggingface
hf-1038-ru,"Интернет часто отключается, в техподдержку не дозвониться.",интернет,ru,Астана,средняя,,huggingface
hf-1038-kk,"Интернет жиі өшіп қалады, техникалық қолдау қызметіне хабарласу мүмкін емес.",интернет,kk,Астана,средняя,,huggingface
hf-1039-ru,Водитель автобуса требует оплату проезда переводом на Kaspi.,общественный транспорт,ru,Шымкент,низкая,,huggingface
hf-1039-kk,Автобус жүргізушісі жол ақысын төлеу үшін 'Каспи' аударымын талап етеді.,общественный транспорт,kk,Шымкент,низкая,,huggingface
hf-1040-ru,"Качество воздуха в центре города очень плохое, трудно дышать.",экология,ru,Алматы,высокая,,huggingface
hf-1040-kk,"Қаланың орталығындағы ауаның сапасы өте нашар, дем алу қиын.",экология,kk,Алматы,высокая,,huggingface
hf-1041-ru,"Врач поставил диагноз заочно, без осмотра, и выписал дорогие лекарства.",медицина,ru,Караганда,высокая,,huggingface
hf-1041-kk,"Дәрігер маған қарамастан, сыртымнан диагноз қойып, қымбат дәрілер жазып берді.",медицина,kk,Караганда,высокая,,huggingface
hf-1042-ru,Условия конкурса госзакупок написаны специально под одну компанию.,коррупция,ru,Астана,средняя,,huggingface
hf-1042-kk,Мемлекеттік сатып алу конкурсының шарттары бір компанияға арнайы жазылған.,коррупция,kk,Астана,средняя,,huggingface
hf-1043-ru,В школе нет пандуса для моего ребенка с особыми потребностями.,соцподдержка,ru,Алматы,высокая,,huggingface
hf-1043-kk,Менің баламның ерекше қажеттіліктеріне байланысты мектепте пандус жоқ.,соцподдержка,kk,Алматы,высокая,,huggingface
hf-1044-ru,"На тротуаре паркуются машины, невозможно пройти.",дороги,ru,Астана,низкая,,huggingface
hf-1044-kk,"Жаяу жүргіншілер жолында көліктер тұрады, өту мүмкін емес.",дороги,kk,Астана,низкая,,huggingface
hf-1045-ru,Воспитатель в детском саду грубит моему ребенку и оказывает на него давление.,образование,ru,Шымкент,высокая,,huggingface
hf-1045-kk,"Балабақшадағы тәрбиеші балама дөрекі сөйлеп, қысым көрсетеді.",образование,kk,Шымкент,высокая,,huggingface
hf-1046-ru,"Участковый инспектор не реагирует на мои жалобы, не поднимает телефон.",полиция,ru,Караганда,средняя,,huggingface
hf-1046-kk,"Учаскелік инспектор менің шағымдарыма жауап бермейді, телефонын көтермейді.",полиция,kk,Караганда,средняя,,huggingface
hf-1047-ru,Свет в подъезде не горит уже несколько недель.,ЖКХ,ru,Семей,низкая,,huggingface
hf-1047-kk,Үйдің кіреберісіндегі жарық бірнеше аптадан бері жанбайды.,ЖКХ,kk,Семей,низкая,,huggingface
hf-1048-ru,Интернет-провайдер изменил тарифный план без предупреждения.,интернет,ru,Алматы,низкая,,huggingface
hf-1048-kk,Интернет провайдері ескертусіз тарифтік жоспарды өзгертті.,интернет,kk,Алматы,низкая,,huggingface
hf-1049-ru,"Автобусы в вечернее время ходят очень редко, трудно добираться с работы.",общественный транспорт,ru,Астана,средняя,,huggingface
hf-1049-kk,"Автобустар кешкі уақытта сирек жүреді, жұмыстан қайту қиын.",общественный транспорт,kk,Астана,средняя,,huggingface
hf-1050-ru,Строительная пыль с площадки наносит вред здоровью.,экология,ru,Астана,средняя,,huggingface
hf-1050-kk,Құрылыс алаңынан шыққан шаң-тозаң денсаулыққа зиян келтіруде.,экология,kk,Астана,средняя,,huggingface
hf-1051-ru,"Рентген-аппарат в поликлинике старый, снимки получаются некачественные.",медицина,ru,Павлодар,средняя,,huggingface
hf-1051-kk,"Емханадағы рентген аппараты ескі, суреттері сапасыз.",медицина,kk,Павлодар,средняя,,huggingface
hf-1052-ru,"Чиновник затягивает рассмотрение моего заявления, намекая на 'благодарность'.",коррупция,ru,Шымкент,высокая,,huggingface
hf-1052-kk,"Шенеунік менің өтінішімді қарауды созып, 'алғыс' күтіп отыр.",коррупция,kk,Шымкент,высокая,,huggingface
hf-1053-ru,Не могу получить реабилитационные средства для моего ребенка с инвалидностью.,соцподдержка,ru,Караганда,высокая,,huggingface
hf-1053-kk,Мүгедектігі бар балама арналған оңалту құралдарын ала алмай жүрмін.,соцподдержка,kk,Караганда,высокая,,huggingface
hf-1054-ru,"После дорожного ремонта качество дороги стало еще хуже, чем было.",дороги,ru,Алматы,средняя,,huggingface
hf-1054-kk,Жол жөндеу жұмыстарынан кейін жолдың сапасы бұрынғыдан да нашарлап кетті.,дороги,kk,Алматы,средняя,,huggingface
hf-1055-ru,"На дороге в школу нет пешеходного перехода, это опасно для жизни детей.",образование,ru,Астана,высокая,,huggingface
hf-1055-kk,"Мектепке баратын жолда жаяу жүргіншілер өткелі жоқ, балалардың өміріне қауіпті.",образование,kk,Астана,высокая,,huggingface
hf-1056-ru,Сотрудники полиции отказались регистрировать мое заявление.,полиция,ru,Шымкент,высокая,,huggingface
hf-1056-kk,Полиция қызметкерлері менің шағымымды тіркеуден бас тартты.,полиция,kk,Шымкент,высокая,,huggingface
hf-1057-ru,"Лифт часто ломается, а обслуживающая компания не отвечает на звонки.",ЖКХ,ru,Астана,высокая,,huggingface
hf-1057-kk,"Лифт жиі бұзылады, ал қызмет көрсетуші компания телефонды көтермейді.",ЖКХ,kk,Астана,высокая,,huggingface
hf-1058-ru,Мастера от интернет-провайдера сделали работу некачественно и попросили доплату.,интернет,ru,Алматы,средняя,,huggingface
hf-1058-kk,"Интернет провайдерінің қызметкерлері жұмысты сапасыз жасап, қосымша ақы сұрады.",интернет,kk,Алматы,средняя,,huggingface
hf-1059-ru,Водитель автобуса курил в салоне.,общественный транспорт,ru,Караганда,низкая,,huggingface
hf-1059-kk,Автобус жүргізушісі салонда темекі шекті.,общественный транспорт,kk,Караганда,низкая,,huggingface
hf-1060-ru,В реку рядом с городом сливают канализационные стоки.,экология,ru,Шымкент,высокая,,huggingface
hf-1060-kk,Қаланың жанындағы өзенге кәріз сулары ағызылып жатыр.,экология,kk,Шымкент,высокая,,huggingface
hf-1061-ru,Портал для записи на прием к врачу постоянно не работает.,медицина,ru,Астана,низкая,,huggingface
hf-1061-kk,Дәрігердің қабылдауына жазылу үшін портал үнемі істемейді.,медицина,kk,Астана,низкая,,huggingface
hf-1062-ru,За получение госуслуги потребовали незаконное вознаграждение.,коррупция,ru,Туркестанская область,высокая,,huggingface
hf-1062-kk,Мемлекеттік қызмет алу үшін заңсыз сыйақы талап етті.,коррупция,kk,Туркестанская область,высокая,,huggingface
hf-1063-ru,"Я зарегистрирован как безработный уже несколько месяцев, но достойной работы так и не предложили.",соцподдержка,ru,Костанай,средняя,,huggingface
hf-1063-kk,"Жұмыссыз ретінде тіркелгеніме бірнеше ай болса да, лайықты жұмыс ұсынбады.",соцподдержка,kk,Костанай,средняя,,huggingface
hf-1064-ru,Сотрудники дорожной полиции не принимают мер к нарушителям ПДД.,полиция,ru,Алматы,низкая,,huggingface
hf-1064-kk,Жол полициясы қызметкерлері жол ережесін бұзғандарға шара қолданбайды.,полиция,kk,Алматы,низкая,,huggingface
hf-1065-ru,"Компьютеры в школе старые, интернет работает медленно.",образование,ru,Астана,низкая,,huggingface
hf-1065-kk,"Мектептегі компьютерлер ескі, интернет баяу істейді.",образование,kk,Астана,низкая,,huggingface
hf-1066-ru,Дороги во дворе дома не ремонтировались уже 10 лет.,ЖКХ,ru,Семей,низкая,,huggingface
hf-1066-kk,Үйдің ауласындағы жолдарға жөндеу жұмыстары 10 жылдан бері жүргізілмеген.,ЖКХ,kk,Семей,низкая,,huggingface
hf-1067-ru,"Качество мобильного интернета ухудшилось настолько, что сложно даже обмениваться сообщениями.",интернет,ru,Атырауская область,средняя,,huggingface
hf-1067-kk,"Мобильді интернеттің сапасы нашарлағаны сонша, хат-хабар алмасу да қиын.",интернет,kk,Атырауская область,средняя,,huggingface
hf-1068-ru,Кондиционеры в автобусах летом не работают.,общественный транспорт,ru,Алматы,средняя,,huggingface
hf-1068-kk,Автобустардың кондиционері жазда істемейді.,общественный транспорт,kk,Алматы,средняя,,huggingface
hf-1069-ru,Пыль от карьера рядом с городом вредит здоровью.,экология,ru,Карагандинская область,средняя,,huggingface
hf-1069-kk,Қаланың жанындағы карьерден шыққан шаң денсаулыққа зиян.,экология,kk,Карагандинская область,средняя,,huggingface
hf-1070-ru,Врач не выслушал мои жалобы и быстро выпроводил из кабинета.,медицина,ru,Астана,низкая,,huggingface
hf-1070-kk,"Дәрігер менің шағымдарыма құлақ аспай, тез шығарып салды.",медицина,kk,Астана,низкая,,huggingface
hf-1071-ru,"Директор компании, выигравшей тендер, является родственником чиновника из акимата.",коррупция,ru,Кызылорда,высокая,,huggingface
hf-1071-kk,Тендерді ұтып алған компанияның директоры - әкімдіктегі шенеуніктің туысы.,коррупция,kk,Кызылорда,высокая,,huggingface
hf-1072-ru,В школе отказались открывать инклюзивный класс для моего ребенка с особыми потребностями.,соцподдержка,ru,Караганда,высокая,,huggingface
hf-1072-kk,Менің баламның ерекше қажеттіліктеріне байланысты мектепте инклюзивті сынып ашудан бас тартты.,соцподдержка,kk,Караганда,высокая,,huggingface
hf-1073-ru,Полиция приехала на уличную драку только через час.,полиция,ru,Алматы,высокая,,huggingface
hf-1073-kk,Көшедегі төбелеске полиция бір сағаттан кейін әрең келді.,полиция,kk,Алматы,высокая,,huggingface
hf-1074-ru,Ветки дерева у пешеходного перехода закрывают светофор.,дороги,ru,Алматы,средняя,,huggingface
hf-1074-kk,Жаяу жүргіншілер өткелінің жанындағы ағаш бұтақтары бағдаршамды жауып тұр.,дороги,kk,Алматы,средняя,,huggingface
hf-1075-ru,Еда в детском саду постоянно пахнет одинаково.,образование,ru,Астана,низкая,,huggingface
hf-1075-kk,Балабақшадағы тамақтан үнемі бірдей иіс шығады.,образование,kk,Астана,низкая,,huggingface
hf-1076-ru,Стена в доме отсырела и покрылась плесенью.,ЖКХ,ru,Петропавловск,высокая,,huggingface
hf-1076-kk,"Үйдің қабырғасы ылғалданып, көгеріп кетті.",ЖКХ,kk,Петропавловск,высокая,,huggingface
hf-1077-ru,"Скорость интернета, указанная в рекламе провайдера, не соответствует действительности.",интернет,ru,Астана,низкая,,huggingface
hf-1077-kk,Интернет провайдерінің жарнамадағы жылдамдығы шындыққа сәйкес келмейді.,интернет,kk,Астана,низкая,,huggingface
hf-1078-ru,"Водитель автобуса проехал мимо остановки, не забрав меня.",общественный транспорт,ru,Астана,низкая,,huggingface
hf-1078-kk,"Автобус жүргізушісі аялдамада тоқтамай, мені өткізіп кетті.",общественный транспорт,kk,Астана,низкая,,huggingface
hf-1079-ru,У меня обострилась аллергия из-за заводского дыма.,экология,ru,Темиртау,средняя,,huggingface
hf-1079-kk,Зауыттың түтінінен аллергиям күшейіп кетті.,экология,kk,Темиртау,средняя,,huggingface
hf-1080-ru,Врач без моего согласия позволил студентам проводить мой осмотр.,медицина,ru,Караганда,низкая,,huggingface
hf-1080-kk,Дәрігер менің келісімімсіз студенттердің мені тексеруіне рұқсат берді.,медицина,kk,Караганда,низкая,,huggingface
hf-1081-ru,"На мое обращение в госорган пришел формальный, бессодержательный ответ.",коррупция,ru,Астана,низкая,,huggingface
hf-1081-kk,"Мемлекеттік мекемеге жазған өтінішіме формальды, мәнсіз жауап келді.",коррупция,kk,Астана,низкая,,huggingface
hf-1082-ru,Мне необоснованно отказали в назначении адресной социальной помощи.,соцподдержка,ru,Шымкент,высокая,,huggingface
hf-1082-kk,Атаулы әлеуметтік көмек тағайындаудан негізсіз бас тартты.,соцподдержка,kk,Шымкент,высокая,,huggingface
hf-1083-ru,Собака соседа постоянно лает и не дает покоя.,полиция,ru,Алматы,низкая,,huggingface
hf-1083-kk,"Көршімнің иті үнемі үріп, тыныштық бермейді.",полиция,kk,Алматы,низкая,,huggingface
hf-1084-ru,Из-за ям на дороге у моей машины сломался амортизатор.,дороги,ru,Алматы,высокая,,huggingface
hf-1084-kk,Жолдағы шұңқырлардың кесірінен көлігімнің амортизаторы істен шықты.,дороги,kk,Алматы,высокая,,huggingface
hf-1085-ru,"Качество школьной формы очень плохое, порвалась через месяц.",образование,ru,Астана,низкая,,huggingface
hf-1085-kk,"Мектеп формасының сапасы өте нашар, бір айда жыртылды.",образование,kk,Астана,низкая,,huggingface
hf-1086-ru,"Во дворе не хватает мусорных контейнеров, мусор разбросан вокруг.",ЖКХ,ru,Астана,средняя,,huggingface
hf-1086-kk,"Ауладағы қоқыс жәшіктері жетіспейді, қоқыс айналаға шашылып жатыр.",ЖКХ,kk,Астана,средняя,,huggingface
hf-1087-ru,Интернет-провайдер требует большой штраф за расторжение договора.,интернет,ru,Астана,низкая,,huggingface
hf-1087-kk,Интернет провайдері келісім-шартты бұзғаным үшін үлкен айыппұл талап етеді.,интернет,kk,Астана,низкая,,huggingface
hf-1088-ru,"Водитель автобуса потребовал полную оплату проезда, несмотря на мои льготы.",общественный транспорт,ru,Караганда,средняя,,huggingface
hf-1088-kk,"Автобус жүргізушісі менің жеңілдігім бар екеніне қарамастан, толық жол ақысын төлеуді талап етті.",общественный транспорт,kk,Караганда,средняя,,huggingface
hf-1089-ru,Рядом с рекой у города появился незаконный песчаный карьер.,экология,ru,Атырау,высокая,,huggingface
hf-1089-kk,Қаланың жанындағы өзенге жақын жерде заңсыз құм карьері пайда болды.,экология,kk,Атырау,высокая,,huggingface
hf-1090-ru,"Я стоял в очереди с 6 утра, чтобы записаться на прием к врачу.",медицина,ru,Шымкент,средняя,,huggingface
hf-1090-kk,Дәрігердің қабылдауына жазылу үшін таңғы 6-дан бастап кезекке тұрдым.,медицина,kk,Шымкент,средняя,,huggingface
hf-1091-ru,Для входа в госучреждение требуют оставить в залог удостоверение личности.,коррупция,ru,Астана,средняя,,huggingface
hf-1091-kk,Мемлекеттік мекемеге кіру үшін жеке куәлікті кепілге қалдыруды талап етеді.,коррупция,kk,Астана,средняя,,huggingface
hf-1092-ru,"Для назначения пособия потребовали справку о доходах моего супруга, хотя мы в разводе.",соцподдержка,ru,Караганда,высокая,,huggingface
hf-1092-kk,"Жәрдемақы тағайындау кезінде менің жұбайымның табысы туралы анықтаманы талап етті, бірақ біз ажырасқанбыз.",соцподдержка,kk,Караганда,высокая,,huggingface
hf-1093-ru,"Сотрудники полиции приняли мою жалобу, но потом потеряли ее.",полиция,ru,Алматы,высокая,,huggingface
hf-1093-kk,"Полиция қызметкерлері менің шағымымды қабылдап, бірақ оны жоғалтып алды.",полиция,kk,Алматы,высокая,,huggingface
hf-1094-ru,Перед 'лежачим полицейским' на дороге нет предупреждающего знака.,дороги,ru,Караганда,низкая,,huggingface
hf-1094-kk,Жолдағы 'жатқан полицейдің' алдында ескерту белгісі жоқ.,дороги,kk,Караганда,низкая,,huggingface
hf-1095-ru,Еда в школьной столовой постоянно холодная.,образование,ru,Караганда,низкая,,huggingface
hf-1095-kk,Мектептегі асханадағы тамақтар үнемі суық болады.,образование,kk,Караганда,низкая,,huggingface
hf-1096-ru,Домофон в подъезде слишком громко звонит.,ЖКХ,ru,Астана,низкая,,huggingface
hf-1096-kk,Үйдің кіреберісіндегі домофонның даусы тым қатты шығады.,ЖКХ,kk,Астана,низкая,,huggingface
hf-1097-ru,Сотрудники интернет-провайдера не надевают бахилы при входе в дом.,интернет,ru,Астана,низкая,,huggingface
hf-1097-kk,Интернет провайдерінің қызметкерлері үйге келгенде бахила кимейді.,интернет,kk,Астана,низкая,,huggingface
hf-1098-ru,Водитель автобуса слишком громко включает музыку.,общественный транспорт,ru,Алматы,низкая,,huggingface
hf-1098-kk,Автобус жүргізушісі музыканы өте қатты қояды.,общественный транспорт,kk,Алматы,низкая,,huggingface
hf-1099-ru,После купания в реке рядом с городом у меня на коже появилась сыпь.,экология,ru,Усть-Каменогорск,средняя,,huggingface
hf-1099-kk,Қаланың жанындағы өзенге жуынғаннан кейін терімде бөртпе пайда болды.,экология,kk,Усть-Каменогорск,средняя,,huggingface
hf-1100-ru,"Я потерял талон на прием к врачу, и теперь меня не принимают.",медицина,ru,Алматы,низкая,,huggingface
hf-1100-kk,"Дәрігердің қабылдауына жазылған талонымды жоғалтып алдым, енді қабылдамайды.",медицина,kk,Алматы,низкая,,huggingface
hf-1101-ru,В конкурсе госзакупок могут участвовать только 'свои' компании.,коррупция,ru,Астана,высокая,,huggingface
hf-1101-kk,Мемлекеттік сатып алу конкурсына тек 'өз' компаниялары қатыса алады.,коррупция,kk,Астана,высокая,,huggingface
hf-1102-ru,"Не могу найти работу по специальности, на которую выучился через центр занятости.",соцподдержка,ru,Караганда,низкая,,huggingface
hf-1102-kk,Жұмыспен қамту орталығы арқылы оқыған курсым бойынша жұмыс таба алмай жүрмін.,соцподдержка,kk,Караганда,низкая,,huggingface
hf-1103-ru,Сотрудник полиции остановил мою машину и не объяснил причину.,полиция,ru,Астана,низкая,,huggingface
hf-1103-kk,"Полиция қызметкері менің көлігімді тоқтатып, себебін түсіндірмеді.",полиция,kk,Астана,низкая,,huggingface
hf-1104-ru,Из-за ям на дороге у меня лопнуло колесо.,дороги,ru,Караганда,высокая,,huggingface
hf-1104-kk,Жолдағы шұңқырлардың кесірінен көлігімнің дөңгелегі жарылды.,дороги,kk,Караганда,высокая,,huggingface
hf-1105-ru,"В школе не хватает учебников, одним учебником пользуются два-три ученика.",образование,ru,Туркестанская область,средняя,,huggingface
hf-1105-kk,"Мектептегі оқулықтар жетіспейді, бір оқулықты екі-үш оқушы пайдаланады.",образование,kk,Туркестанская область,средняя,,huggingface
hf-1106-ru,"Подвал дома затапливает, КСК не принимает никаких мер.",ЖКХ,ru,Астана,высокая,,huggingface
hf-1106-kk,"Үйдің жертөлесін су басып жатыр, КСК ешқандай шара қолданбайды.",ЖКХ,kk,Астана,высокая,,huggingface
hf-1107-ru,В договоре на подключение к интернету есть скрытые платежи.,интернет,ru,Астана,низкая,,huggingface
hf-1107-kk,Интернетке қосылу келісім-шартында жасырын төлемдер бар.,интернет,kk,Астана,низкая,,huggingface
hf-1108-ru,"Водитель автобуса не остановился на остановке, оставив меня под дождем.",общественный транспорт,ru,Астана,средняя,,huggingface
hf-1108-kk,"Автобус жүргізушісі аялдамаға тоқтамай, мені жаңбырдың астында қалдырып кетті.",общественный транспорт,kk,Астана,средняя,,huggingface
hf-1109-ru,Дым от ТЭЦ в черте города загрязняет воздух.,экология,ru,Астана,высокая,,huggingface
hf-1109-kk,Қала ішіндегі ТЭЦ-тің түтіні ауаны ластап жатыр.,экология,kk,Астана,высокая,,huggingface
hf-1110-ru,График работы врачей в поликлинике постоянно меняется.,медицина,ru,Астана,низкая,,huggingface
hf-1110-kk,Емханадағы дәрігерлердің жұмыс кестесі үнемі өзгеріп отырады.,медицина,kk,Астана,низкая,,huggingface
hf-1111-ru,Законно ли использование чиновниками служебных автомобилей в выходные дни?,коррупция,ru,Астана,низкая,,huggingface
hf-1111-kk,Шенеуніктердің қызметтік көліктерді демалыс күндері пайдалануы заңды ма?,коррупция,kk,Астана,низкая,,huggingface
hf-1112-ru,Не могу вернуться на свою работу после декретного отпуска.,соцподдержка,ru,Астана,высокая,,huggingface
hf-1112-kk,Бала күтіміне байланысты демалыстан кейін жұмысыма қайта ала алмай жүрмін.,соцподдержка,kk,Астана,высокая,,huggingface
hf-1113-ru,При эвакуации повредили мой автомобиль.,полиция,ru,Алматы,высокая,,huggingface
hf-1113-kk,Көлігімді эвакуациялаған кезде зақымдап тастады.,полиция,kk,Алматы,высокая,,huggingface
hf-1114-ru,"'Лежачий полицейский' на дороге слишком высокий, бьюсь днищем машины.",дороги,ru,Алматы,низкая,,huggingface
hf-1114-kk,"Жолдағы 'жатқан полицей' тым биік, көліктің астын соғып аламын.",дороги,kk,Алматы,низкая,,huggingface
hf-1115-ru,Кабинет первой медицинской помощи в школе постоянно закрыт.,образование,ru,Караганда,средняя,,huggingface
hf-1115-kk,Мектептегі алғашқы медициналық көмек көрсету кабинеті үнемі жабық тұрады.,образование,kk,Караганда,средняя,,huggingface
hf-1116-ru,Крышки на мусорных контейнерах во дворе сломаны.,ЖКХ,ru,Астана,низкая,,huggingface
hf-1116-kk,Ауладағы қоқыс жәшіктерінің қақпақтары сынған.,ЖКХ,kk,Астана,низкая,,huggingface
hf-1117-ru,"Мне продолжают приходить счета от интернет-провайдера, хотя я отключил их услуги.",интернет,ru,Алматы,средняя,,huggingface
hf-1117-kk,"Интернет провайдерінің қызметін тоқтатсам да, маған есеп-шот келіп тұр.",интернет,kk,Алматы,средняя,,huggingface
hf-1118-ru,"Водитель автобуса высадил меня, сказав, что на моей карте 'Онай' нет денег.",общественный транспорт,ru,Алматы,средняя,,huggingface
hf-1118-kk,"Автобус жүргізушісі менің 'Оңай' картамда ақша жоқ деп, түсіріп тастады.",общественный транспорт,kk,Алматы,средняя,,huggingface
hf-1119-ru,В лесном массиве рядом с городом вырубают деревья и строят коттеджи.,экология,ru,Алматы,высокая,,huggingface
hf-1119-kk,"Қаланың жанындағы орман алқабында ағаштарды кесіп, орнына коттедждер салып жатыр.",экология,kk,Алматы,высокая,,huggingface
hf-1120-ru,"Врач направил меня сдавать платно анализы, которые гарантированы государством бесплатно.",медицина,ru,Алматы,высокая,,huggingface
hf-1120-kk,Дәрігер маған мемлекет кепілдік берген тегін анализдерді ақылы тапсыруға жіберді.,медицина,kk,Алматы,высокая,,huggingface
hf-1121-ru,Дети чиновников учатся за границей. Разве они не доверяют нашей системе образования?,коррупция,ru,Астана,низкая,,huggingface
hf-1121-kk,Шенеуніктердің балалары шетелде оқиды. Олар біздің білім беру жүйемізге сенбей ме?,коррупция,kk,Астана,низкая,,huggingface
hf-1122-ru,Когда подойдет моя очередь на получение бесплатного земельного участка как многодетной семье?,соцподдержка,ru,Астана,низкая,,huggingface
hf-1122-kk,Көпбалалы отбасы ретінде тегін жер учаскесін алуға кезегім қашан келеді?,соцподдержка,kk,Астана,низкая,,huggingface
hf-1123-ru,Сотрудники полиции при проверке документов не включают видеожетон.,полиция,ru,Караганда,низкая,,huggingface
hf-1123-kk,Полиция қызметкерлері құжаттарды тексеру кезінде бейнежетонды қоспайды.,полиция,kk,Караганда,низкая,,huggingface
hf-1124-ru,"Светофор на дороге не работает, из-за этого образовалась большая пробка.",дороги,ru,Астана,высокая,,huggingface
hf-1124-kk,"Жолдағы бағдаршам жұмыс істемейді, соның кесірінен үлкен кептеліс пайда болды.",дороги,kk,Астана,высокая,,huggingface
hf-1125-ru,Большинство компьютеров в школе не работает.,образование,ru,Кызылорда,средняя,,huggingface
hf-1125-kk,Мектептегі компьютерлердің көбісі істемейді.,образование,kk,Кызылорда,средняя,,huggingface
hf-1126-ru,Скамейки во дворе дома сломаны.,ЖКХ,ru,Семей,низкая,,huggingface
hf-1126-kk,Үйдің ауласындағы орындықтар сынған.,ЖКХ,kk,Семей,низкая,,huggingface
hf-1127-ru,Уже несколько дней жду 'мастера' от интернет-провайдера.,интернет,ru,Астана,средняя,,huggingface
hf-1127-kk,Интернет провайдерінің 'шеберін' бірнеше күннен бері күтіп отырмын.,интернет,kk,Астана,средняя,,huggingface
hf-1128-ru,Информационные табло внутри автобусов не работают.,общественный транспорт,ru,Алматы,низкая,,huggingface
hf-1128-kk,Автобустардың ішіндегі ақпараттық таблолар жұмыс істемейді.,общественный транспорт,kk,Алматы,низкая,,huggingface
hf-1129-ru,Строительные компании сбрасывают остатки бетона в реку за городом.,экология,ru,Астана,высокая,,huggingface
hf-1129-kk,Қаланың жанындағы өзенге құрылыс компаниялары бетон қалдықтарын төгеді.,экология,kk,Астана,высокая,,huggingface
hf-1130-ru,"Я потратил несколько часов, чтобы получить справку о том, что был на приеме у врача.",медицина,ru,Астана,низкая,,huggingface
hf-1130-kk,Дәрігердің қабылдауында болғаным туралы анықтама алу үшін бірнеше сағат жұмсадым.,медицина,kk,Астана,низкая,,huggingface
hf-1131-ru,"Мою жалобу перенаправляют в другое ведомство, уходя от ответственности.",коррупция,ru,Астана,средняя,,huggingface
hf-1131-kk,"Мемлекеттік органға жазған шағымымды басқа мекемеге жіберіп, жауапкершіліктен қашып отыр.",коррупция,kk,Астана,средняя,,huggingface
hf-1132-ru,При назначении пособия в мой доход посчитали пособия моих детей.,соцподдержка,ru,Шымкент,высокая,,huggingface
hf-1132-kk,Жәрдемақы тағайындау кезінде менің қосымша табысым ретінде балаларымның жәрдемақысын есептеп жіберді.,соцподдержка,kk,Шымкент,высокая,,huggingface
hf-1133-ru,"Мой сосед сдает квартиру посуточно, нарушая наш покой.",полиция,ru,Алматы,низкая,,huggingface
hf-1133-kk,"Көршім пәтерін тәулікке жалға беріп, тыныштығымызды бұзады.",полиция,kk,Алматы,низкая,,huggingface
hf-1134-ru,В полу надземного пешеходного моста дыра.,дороги,ru,Караганда,высокая,,huggingface
hf-1134-kk,Жолдың үстіндегі жаяу жүргіншілер көпірінің едені тесік.,дороги,kk,Караганда,высокая,,huggingface
hf-1135-ru,"На уроках физкультуры в школе всем ученикам дают одинаковую нагрузку, не учитывая состояние здоровья.",образование,ru,Астана,средняя,,huggingface
hf-1135-kk,"Мектептегі дене шынықтыру сабағында оқушыларға бірдей жүктеме беріледі, денсаулық жағдайы ескерілмейді.",образование,kk,Астана,средняя,,huggingface
hf-1136-ru,Из труб в подвале дома идет пар.,ЖКХ,ru,Темиртау,высокая,,huggingface
hf-1136-kk,Үйдің жертөлесіндегі құбырлардан бу шығып тұр.,ЖКХ,kk,Темиртау,высокая,,huggingface
hf-1137-ru,Сотрудники интернет-провайдера сделали работу некачественно и оставили после себя мусор.,интернет,ru,Караганда,низкая,,huggingface
hf-1137-kk,"Интернет провайдерінің қызметкерлері жұмысты сапасыз жасап, артынан қоқыс қалдырып кетті.",интернет,kk,Караганда,низкая,,huggingface
hf-1138-ru,Водитель автобуса просил у других пассажиров разменять деньги для оплаты проезда.,общественный транспорт,ru,Алматы,низкая,,huggingface
hf-1138-kk,Автобус жүргізушісі жол ақысын төлеу үшін басқа жолаушылардан ұсақ ақша сұрады.,общественный транспорт,kk,Алматы,низкая,,huggingface
hf-1139-ru,"В реку рядом с городом сливают неизвестную жидкость, цвет воды изменился.",экология,ru,Караганда,высокая,,huggingface
hf-1139-kk,"Қаланың жанындағы өзенге белгісіз сұйықтық төгіп жатыр, судың түсі өзгерді.",экология,kk,Караганда,высокая,,huggingface
hf-1140-ru,"Чтобы попасть на прием к врачу, нужно ждать месяц.",медицина,ru,Алматы,средняя,,huggingface
hf-1140-kk,Дәрігердің қабылдауына жазылу үшін бір ай күту керек.,медицина,kk,Алматы,средняя,,huggingface
hf-1141-ru,Условия конкурса госзакупок как будто специально написаны под одну компанию.,коррупция,ru,Астана,средняя,,huggingface
hf-1141-kk,Мемлекеттік сатып алу конкурсының шарттары бір компанияға арнайы жазылған сияқты.,коррупция,kk,Астана,средняя,,huggingface
hf-1142-ru,"Для назначения пособия потребовали справку о доходах моего супруга, но он за границей.",соцподдержка,ru,Алматы,средняя,,huggingface
hf-1142-kk,"Жәрдемақы тағайындау үшін менің жұбайымның табысы туралы анықтаманы талап етті, бірақ ол шетелде.",соцподдержка,kk,Алматы,средняя,,huggingface
hf-1143-ru,"Сотрудники полиции приняли мою жалобу, но зарегистрировали ее на другого человека.",полиция,ru,Караганда,высокая,,huggingface
hf-1143-kk,"Полиция қызметкерлері менің шағымымды қабылдап, бірақ оны басқа адамның атына тіркеген.",полиция,kk,Караганда,высокая,,huggingface
hf-1144-ru,На дороге стало очень много ям.,дороги,ru,Караганда,средняя,,huggingface
hf-1144-kk,Жолдың ортасындағы шұңқырлар көбейіп кетті.,дороги,kk,Караганда,средняя,,huggingface
hf-1145-ru,"Качество еды в школе ухудшилось, дети остаются голодными.",образование,ru,Шымкент,высокая,,huggingface
hf-1145-kk,"Мектептегі тамақтың сапасы нашарлап кетті, балалар аш қалады.",образование,kk,Шымкент,высокая,,huggingface
hf-1146-ru,Детские качели во дворе сломаны и представляют опасность.,ЖКХ,ru,Астана,высокая,,huggingface
hf-1146-kk,"Ауладағы балалар әткеншегі сынып, қауіп төндіріп тұр.",ЖКХ,kk,Астана,высокая,,huggingface
hf-1147-ru,"Сотрудники интернет-провайдера, придя на дом, задавали вопросы о моей личной жизни.",интернет,ru,Астана,низкая,,huggingface
hf-1147-kk,"Интернет провайдерінің қызметкерлері үйге келгенде, менің жеке өміріме қатысты сұрақтар қойды.",интернет,kk,Астана,низкая,,huggingface
hf-1148-ru,"Водитель автобуса потребовал полную оплату проезда, несмотря на мои льготы.",общественный транспорт,ru,Караганда,средняя,,huggingface
hf-1148-kk,"Автобус жүргізушісі менің жеңілдігім бар екеніне қарамастан, толық жол ақысын төлеуді талап етті.",общественный транспорт,kk,Караганда,средняя,,huggingface
hf-1149-ru,В реку рядом с городом сбросили туши животных.,экология,ru,Семей,высокая,,huggingface
hf-1149-kk,Қаланың жанындағы өзенге малдың өлексесін тастап кеткен.,экология,kk,Семей,высокая,,huggingface
hf-1150-ru,"Я пришел на прием к врачу, а его не оказалось на месте.",медицина,ru,Астана,средняя,,huggingface
hf-1150-kk,"Дәрігердің қабылдауына жазылған уақытымда келсем, ол орнында болмай шықты.",медицина,kk,Астана,средняя,,huggingface
hf-1151-ru,"Чиновник отказался принимать мое заявление, сказав 'приходите позже'.",коррупция,ru,Алматы,средняя,,huggingface
hf-1151-kk,"Шенеунік менің өтінішімді қабылдаудан бас тартып, 'кейінірек кел' деді.",коррупция,kk,Алматы,средняя,,huggingface
hf-1152-ru,"Мои документы, поданные на назначение пособия, были утеряны.",соцподдержка,ru,Шымкент,высокая,,huggingface
hf-1152-kk,Жәрдемақы тағайындау үшін берген құжаттарымды жоғалтып алды.,соцподдержка,kk,Шымкент,высокая,,huggingface
hf-1153-ru,Сотрудники полиции забрали мое удостоверение личности и не возвращают.,полиция,ru,Астана,высокая,,huggingface
hf-1153-kk,"Полиция қызметкерлері менің жеке куәлігімді алып қойып, қайтармай отыр.",полиция,kk,Астана,высокая,,huggingface
hf-1154-ru,Половина фонарей уличного освещения вдоль дороги не горит.,дороги,ru,Атырау,средняя,,huggingface
hf-1154-kk,Жол бойындағы жарық шамдарының жартысы жанбайды.,дороги,kk,Атырау,средняя,,huggingface
hf-1155-ru,В детском саду часто меняются воспитатели.,образование,ru,Астана,низкая,,huggingface
hf-1155-kk,Балабақшадағы тәрбиешілер жиі ауысады.,образование,kk,Астана,низкая,,huggingface
hf-1156-ru,Входная дверь в подъезд не закрывается должным образом.,ЖКХ,ru,Павлодар,низкая,,huggingface
hf-1156-kk,Үйдің кіреберісіндегі есік дұрыс жабылмайды.,ЖКХ,kk,Павлодар,низкая,,huggingface
hf-1157-ru,"Мастера, пришедшие устранять неисправность на интернет-линии, попросили плату за свою работу.",интернет,ru,Астана,низкая,,huggingface
hf-1157-kk,Интернет желісіндегі ақауды жою үшін келген шеберлер жұмысы үшін ақы сұрады.,интернет,kk,Астана,низкая,,huggingface
hf-1158-ru,Водитель автобуса отказался принимать мою карту 'Онай'.,общественный транспорт,ru,Алматы,низкая,,huggingface
hf-1158-kk,Автобус жүргізушісі менің 'Оңай' картамды қабылдаудан бас тартты.,общественный транспорт,kk,Алматы,низкая,,huggingface
hf-1159-ru,"Кафе, расположенные у городской реки, сливают отходы в воду.",экология,ru,Алматы,средняя,,huggingface
hf-1159-kk,Қаланың жанындағы өзенге жақын орналасқан дәмханалар қалдықтарын суға төгеді.,экология,kk,Алматы,средняя,,huggingface
hf-1160-ru,Врач во время моего приема консультировал по телефону другого пациента.,медицина,ru,Астана,низкая,,huggingface
hf-1160-kk,Дәрігер қабылдау кезінде басқа пациентпен телефон арқылы сөйлесті.,медицина,kk,Астана,низкая,,huggingface
hf-1161-ru,"Чиновник прямо сказал, что ждет 'благодарность' за рассмотрение моего заявления.",коррупция,ru,Шымкент,высокая,,huggingface
hf-1161-kk,Шенеунік менің өтінішімді қарау үшін 'алғыс' күтетінін ашық айтты.,коррупция,kk,Шымкент,высокая,,huggingface
hf-1162-ru,"Список документов, необходимых для получения пособия, постоянно меняется.",соцподдержка,ru,Астана,низкая,,huggingface
hf-1162-kk,Жәрдемақы алу үшін қажетті құжаттар тізімі үнемі өзгеріп отырады.,соцподдержка,kk,Астана,низкая,,huggingface
hf-1163-ru,Сотрудник полиции разговаривал со мной грубо и угрожал.,полиция,ru,Алматы,высокая,,huggingface
hf-1163-kk,"Полиция қызметкері менімен дөрекі сөйлесіп, қорқытты.",полиция,kk,Алматы,высокая,,huggingface
hf-1164-ru,Одна из ламп на светофоре над дорогой мигает.,дороги,ru,Алматы,низкая,,huggingface
hf-1164-kk,Жолдың үстіндегі бағдаршамның бір шамы жанып-сөніп тұр.,дороги,kk,Алматы,низкая,,huggingface
hf-1165-ru,Охранник в школе часто отсутствует на своем посту.,образование,ru,Шымкент,средняя,,huggingface
hf-1165-kk,Мектептегі күзетші өз орнында болмайды.,образование,kk,Шымкент,средняя,,huggingface
hf-1166-ru,Асфальт во дворе дома полностью разбит.,ЖКХ,ru,Костанай,средняя,,huggingface
hf-1166-kk,Үйдің ауласындағы асфальт толығымен бұзылған.,ЖКХ,kk,Костанай,средняя,,huggingface
hf-1167-ru,Интернет-провайдер в одностороннем порядке изменил условия тарифного плана.,интернет,ru,Караганда,низкая,,huggingface
hf-1167-kk,Интернет провайдері тарифтік жоспардың шарттарын біржақты өзгертті.,интернет,kk,Караганда,низкая,,huggingface
hf-1168-ru,"Водитель автобуса уехал, не забрав пассажиров, ожидавших на остановке.",общественный транспорт,ru,Караганда,низкая,,huggingface
hf-1168-kk,Автобус жүргізушісі аялдамада күтіп тұрған жолаушыларды алмай кетіп қалды.,общественный транспорт,kk,Караганда,низкая,,huggingface
hf-1169-ru,Из-за грязного воздуха в городе у моего ребенка случаются приступы астмы.,экология,ru,Алматы,высокая,,huggingface
hf-1169-kk,"Қаланың ауасы лас болғандықтан, баламның демікпесі ұстап қалады.",экология,kk,Алматы,высокая,,huggingface
hf-1170-ru,"В лаборатории поликлиники отказались принимать анализы, сославшись на отсутствие реактивов.",медицина,ru,Уральск,средняя,,huggingface
hf-1170-kk,"Емханадағы зертханада реактивтер жоқ деп, анализ қабылдаудан бас тартты.",медицина,kk,Уральск,средняя,,huggingface
hf-1171-ru,Сотрудники дорожной полиции выполняют незаконный 'план' и штрафуют без причины.,коррупция,ru,Алматы,средняя,,huggingface
hf-1171-kk,"Жол полициясының қызметкерлері заңсыз 'жоспар' орындап, себепсіз айыппұл салады.",коррупция,kk,Алматы,средняя,,huggingface
hf-1172-ru,Имею ли я право на внеочередное место в детском саду как мать-одиночка?,соцподдержка,ru,Астана,низкая,,huggingface
hf-1172-kk,Жалғызбасты ана ретінде балабақшаға кезексіз орын алуға құқығым бар ма?,соцподдержка,kk,Астана,низкая,,huggingface
hf-1173-ru,Сотрудники полиции не принимают мер к пьяным людям на улицах ночью.,полиция,ru,Караганда,низкая,,huggingface
hf-1173-kk,Полиция қызметкерлері түнгі уақытта мас адамдарға шара қолданбайды.,полиция,kk,Караганда,низкая,,huggingface
hf-1174-ru,"Крышка люка посреди дороги сместилась, это опасно.",дороги,ru,Алматы,высокая,,huggingface
hf-1174-kk,"Жолдың ортасындағы люктің қақпағы орнынан қозғалып кеткен, қауіпті.",дороги,kk,Алматы,высокая,,huggingface
hf-1175-ru,Заместитель директора школы грубит ученикам.,образование,ru,Павлодар,средняя,,huggingface
hf-1175-kk,Мектеп директорының орынбасары оқушыларға дөрекі сөйлейді.,образование,kk,Павлодар,средняя,,huggingface
hf-1176-ru,Запах из мусоропровода в подъезде доходит до квартиры.,ЖКХ,ru,Шымкент,средняя,,huggingface
hf-1176-kk,Подъездегі қоқыс құбырының иісі пәтерге дейін кіреді.,ЖКХ,kk,Шымкент,средняя,,huggingface
hf-1177-ru,Интернет-провайдер проводит ремонтные работы на линии без предупреждения и отключает интернет.,интернет,ru,Алматы,низкая,,huggingface
hf-1177-kk,"Интернет провайдері ескертусіз желіде жөндеу жұмыстарын жүргізіп, интернетті сөндіріп тастайды.",интернет,kk,Алматы,низкая,,huggingface
hf-1178-ru,"Салон автобуса заклеен рекламными листовками, которые закрывают окна.",общественный транспорт,ru,Алматы,низкая,,huggingface
hf-1178-kk,"Автобустардың салонында жарнама қағаздары жабыстырылып, терезені жауып тастаған.",общественный транспорт,kk,Алматы,низкая,,huggingface
hf-1179-ru,После купания в реке у города у моего ребенка начался зуд.,экология,ru,Атырау,средняя,,huggingface
hf-1179-kk,Қаланың жанындағы өзенге жуынғаннан кейін баламның денесі қышыды.,экология,kk,Атырау,средняя,,huggingface
hf-1180-ru,"Врач назначил лечение, не ознакомившись с моей историей болезни.",медицина,ru,Астана,средняя,,huggingface
hf-1180-kk,"Дәрігер менің ауру тарихыммен таныспай, ем тағайындады.",медицина,kk,Астана,средняя,,huggingface
hf-1181-ru,Существует множество барьеров для получения строительной лицензии.,коррупция,ru,Астана,низкая,,huggingface
hf-1181-kk,Құрылыс лицензиясын алу үшін көптеген кедергілер бар.,коррупция,kk,Астана,низкая,,huggingface
hf-1182-ru,Уже год стоим в очереди на получение инвалидной коляски для ребенка.,соцподдержка,ru,Караганда,высокая,,huggingface
hf-1182-kk,Мүгедектігі бар балама арналған арбаны алу үшін бір жылдан бері кезекте тұрмыз.,соцподдержка,kk,Караганда,высокая,,huggingface
hf-1183-ru,Из квартиры моего соседа пахнет наркотиками.,полиция,ru,Астана,высокая,,huggingface
hf-1183-kk,Көршімнің пәтерінен есірткінің иісі шығады.,полиция,kk,Астана,высокая,,huggingface
hf-1184-ru,Разметка на пешеходном переходе стерлась.,дороги,ru,Алматы,средняя,,huggingface
hf-1184-kk,Жаяу жүргіншілер өткелінің сызықтары өшіп қалған.,дороги,kk,Алматы,средняя,,huggingface
hf-1185-ru,Учитель английского языка в школе на уроках сидит в своем телефоне.,образование,ru,Караганда,средняя,,huggingface
hf-1185-kk,Мектептегі ағылшын тілі мұғалімі сабақта тек өз телефонымен отырады.,образование,kk,Караганда,средняя,,huggingface
hf-1186-ru,Горка на детской площадке во дворе заржавела и стала опасной.,ЖКХ,ru,Астана,средняя,,huggingface
hf-1186-kk,"Ауладағы балалар алаңындағы сырғанақ тот басып, қауіпті болып тұр.",ЖКХ,kk,Астана,средняя,,huggingface
hf-1187-ru,"Сотрудники интернет-провайдера, придя на дом, сломали мои вещи.",интернет,ru,Караганда,высокая,,huggingface
hf-1187-kk,"Интернет провайдерінің қызметкерлері үйге келгенде, менің үйімдегі заттарды сындырып алды.",интернет,kk,Караганда,высокая,,huggingface
hf-1188-ru,"Водитель автобуса не остановился на моей остановке, а потом сказал 'извини, не заметил'.",общественный транспорт,ru,Астана,низкая,,huggingface
hf-1188-kk,"Автобус жүргізушісі менің аялдамамда тоқтамай, артынан 'кешір, байқамадым' деді.",общественный транспорт,kk,Астана,низкая,,huggingface
hf-1189-ru,Река рядом с городом мелеет и превращается в болото.,экология,ru,Кызылорда,высокая,,huggingface
hf-1189-kk,"Қаланың жанындағы өзеннің суы азайып, батпаққа айналып барады.",экология,kk,Кызылорда,высокая,,huggingface
hf-1190-ru,"Приходилось несколько дней ходить в поликлинику, чтобы записаться на прием к врачу.",медицина,ru,Туркестан,средняя,,huggingface
hf-1190-kk,Дәрігердің қабылдауына жазылу үшін бірнеше күн бойы емханаға баруға тура келді.,медицина,kk,Туркестан,средняя,,huggingface
hf-1191-ru,Выдают ли специальные номера для служебных автомобилей чиновников?,коррупция,ru,Астана,низкая,,huggingface
hf-1191-kk,Шенеуніктердің қызметтік көліктеріне арнайы нөмірлер беріледі ме?,коррупция,kk,Астана,низкая,,huggingface
hf-1192-ru,Моему ребенку-инвалиду отказали в предоставлении бесплатных лекарств.,соцподдержка,ru,Астана,высокая,,huggingface
hf-1192-kk,Менің баламның мүгедектігіне байланысты оған тегін дәрі-дәрмек беруден бас тартты.,соцподдержка,kk,Астана,высокая,,huggingface
hf-1193-ru,"Я вызвал полицию из-за шума в квартире соседа, но они так и не приехали.",полиция,ru,Алматы,средняя,,huggingface
hf-1193-kk,"Көршімнің пәтеріндегі шуға байланысты полиция шақырсам, олар келмей қойды.",полиция,kk,Алматы,средняя,,huggingface
hf-1194-ru,"Одна из машин проехала на красный свет и чуть не сбила меня, когда я переходил на зеленый.",дороги,ru,Алматы,высокая,,huggingface
hf-1194-kk,"Жолдағы бағдаршамның жасыл түсі жанып тұрғанда, көліктердің бірі өтіп кетіп, мені қағып кете жаздады.",дороги,kk,Алматы,высокая,,huggingface
hf-1195-ru,Из-за плохого качества еды в школьной столовой у моего ребенка расстройство желудка.,образование,ru,Караганда,высокая,,huggingface
hf-1195-kk,"Мектептегі асханадағы тамақтардың сапасы нашар болғандықтан, баламның іші өтеді.",образование,kk,Караганда,высокая,,huggingface
hf-1196-ru,Лифт в подъезде часто застревает вместе с людьми внутри.,ЖКХ,ru,Алматы,высокая,,huggingface
hf-1196-kk,"Үйдің кіреберісіндегі лифт жиі тоқтап қалады, ішінде адамдармен бірге.",ЖКХ,kk,Алматы,высокая,,huggingface
hf-1197-ru,"Сотрудники интернет-провайдера, придя на дом, без спроса передвинули и сломали мои вещи.",интернет,ru,Караганда,высокая,,huggingface
hf-1197-kk,"Интернет провайдерінің қызметкерлері үйге келгенде, менің үйімдегі заттарды рұқсатсыз жылжытып, сындырып алды.",интернет,kk,Караганда,высокая,,huggingface
hf-1198-ru,"Водитель автобуса не остановился на моей остановке, сказав, что 'он не видел моего знака, солнце слепило'.",общественный транспорт,ru,Астана,низкая,,huggingface
hf-1198-kk,"Автобус жүргізушісі менің аялдамамда тоқтамай, 'мен сенің белгіңді көргенім жоқ, күн көзімді шағылыстырды' деді.",общественный транспорт,kk,Астана,низкая,,huggingface
hf-1199-ru,"Отходы с зон отдыха у реки сжигают, загрязняя воздух.",экология,ru,Капчагай,средняя,,huggingface
hf-1199-kk,"Қаланың жанындағы өзенге жақын жердегі демалыс орындарының қалдықтарын өртеп, ауаны ластайды.",экология,kk,Капчагай,средняя,,huggingface
hf-1200-ru,"Когда я пришел на прием в свое время, врач принимал представителя фармацевтической компании.",медицина,ru,Караганда,высокая,,huggingface
hf-1200-kk,"Дәрігердің қабылдауына жазылған уақытымда келсем, ол менің орныма фармацевтикалық компанияның өкілін қабылдады.",медицина,kk,Караганда,высокая,,huggingface
