id,text,category,language,domain,sentiment,source
kas-pla127821pla,"Sapaly Qazaq қоғамын құру жолында, осы бағдарламының алар орны ерекше. Алға, Ұлы дала Елі",,kk,appstore,1,kazsandra
kas-pla085555pla,Месiн бре жолдз басам,,kk,appstore,1,kazsandra
kas-kas020389kas,"Өте керемет, дыбыс жай шығарады, жақсы тартады мусорды. Бізге ұнады. Бала бар үйге жақсы дыбыс.Барлығы ұнады.",,kk,market,1,kazsandra
kas-kas000037kas,"Ұнады, жолға жеңіл киімдерді, заттарды салып алғанға! Еш өкінбеймін, айтылған күні жеткізілді! Бірінші тапсырыс емес! Тұрақты қолданушысымын! Рахмет!",,kk,market,1,kazsandra
kas-kas000100kas,"Қазірше бұл гаджетке баға беру қиындау шығар әлі толық меңгеріп қолданбадық бірақ дизайны, экраны, сапасы, сборкасы өте жақсы, керемет. Бағасына сай телефон. Камерасын 108 мп деген ол енді маркетинг жол болып табылад енді бір вау әсері жоқ. 108 деген менімше жәй аты ғана, бірақ меню қабығы Миюай 13 өте керемет, тура андроид ішіндегі қабығылардын еркешесі.",,kk,market,1,kazsandra
kas-pla097259pla,өте қызықты ойын екен білімді дамытудың үлкен жолы десек те болады,,kk,appstore,1,kazsandra
kas-pla130051pla,Өте жақсы жол серіктеріде жылу қабақпен қарсы алады адамдарды бәріне үлкен рақмет айтамын,,kk,appstore,1,kazsandra
kas-pla111087pla,Оте нашар жулдыз жургизушилерди дурыстап танданыздар халыкка жумыс жасап журген сон водитель нашар жулдыздн,,kk,appstore,0,kazsandra
kas-pla040515pla,"ойымен бөлісейн. ақша тапқын келсе, нағыз жақсы қосымша, жұйе ғой, жолда абайлаңдар, достар",,kk,appstore,1,kazsandra
kas-kas024630kas,"Жақсы арба, былайша ұнады. Сырты көзге әдемі көрінеді.Дегенмен автобуста жүру ыңғайсыздау және алғашында иісі жаман болды.",,kk,market,1,kazsandra
kas-kas028034kas,Жолды жақсы ұстайды.Кемшлік жоқ.,,kk,market,1,kazsandra
kas-kas019735kas,"Жұмысты 2есе жеңілдетеді екен.Кафель, пол, айна барлығын тап-таза қылды.Қатты май кірді кетіру қиын екен.Трубасы қатты ысып кетеді.Жоғарғы жақты жуғанда трубадан ыстық су ағады.Насадкалары өте аз, жеке сатып алдым, қымбат екен.",,kk,market,1,kazsandra
kas-gis000189gis,"Шымкент-Астана сары автобус-103 водительдері малдар, менің төлеген 33000теңгем көттеріңді тессін. Люк ашып келді, күн суық, жап десең жаппайды, адиало сұрасаң бермит, сары бала мен мұртты орыс аттарын айтпайды. 1жарым жасар баламды ауыртып алдым, адеалоңмен оранып өлгір. Дым жауапкершілік жоқ.",,kk,mapping,0,kazsandra
kas-pla113196pla,свет жоқта көруге жақсы,,kk,appstore,1,kazsandra
kas-kit001023kit,"Мен басқа нәрсе туралы болады деп ойлағанмын, әулиемен сөйлескенде, оған екінші өмір береді, сосын Тимофей жақсы жолға түседі деп ойладым, бірақ басқа нәрсе туралы болды",,kk,bookstore,0,kazsandra
kas-kas006385kas,"Өте сапалы МacВook! Жолдасыма сыйлық ретінде алған болатынмын, өте ұнады, жақсы жұмыс жасайды! Осы модельді қателеспей таңдағаныма қуанамын!",,kk,market,1,kazsandra
kas-gis001575gis,Туған күнді жаксы атап өттік. Құттықтауларыңыз керемет болды. Сіздерге көп рахмет. Әсіресе офицантка Роза көп көп рахмет. Келсі жолы да келеміз.,,kk,mapping,1,kazsandra
kas-map004081map,Урно мусорға толіп кеткен ешкім тазаламайді,,kk,mapping,0,kazsandra
kas-pla110683pla,Өте нашар .геолакация өтіп кеткен автобустарды көрсетеді.і автобусты жіберңп алдым.рахмет,,kk,appstore,0,kazsandra
kas-kas010629kas,Бәрі жақсы. Жолдасыма сыйлыққа алғам. Жолдасыма ұнады. Жылдам әрі тез алдық. Заттары сапалы.,,kk,market,1,kazsandra
kas-pla047279pla,"Өте керемет!!! Енді ғана түзу жолға шыққан адамдарға дәл келіп тұр -деп ойлаймын! Бірақ ""қосымшаға "" киіну ережелерін қосса жақсы болу щеді.",,kk,appstore,1,kazsandra
kas-kit001586kit,Өте жарық көзді ауыртады,,kk,bookstore,1,kazsandra
kas-pla089210pla,"Ең бірінші➡️ Nissan Gt-r 36, Lamborghini Countach, Pagani, Laferrari, Bugatti Divo AND Bolide, Bentley Bentayga, Jesko, Tesla, Genesis, Rolls-Royce Ghost⬅️KOENIGSEGG REGERA,GEMERA, Автобустар, BMW M9, GAZEL, MASSERATI, ASTON MARTIN Қосыңдаршы.((Анау айналып тұратынды алып тастасыншы.))Қазақ сервер ашыңдаршы.➡️Көліктің есігі багажы капоты ашылатын болса! Барлық көлікте 1695hp. Акаунт сақтағанда ақша сақталсыншы.⬅️☞Галереядағы суреттерден Винил жасауға болатын етіп жасашы.☜Фарларда ауысатын болса.",,kk,appstore,1,kazsandra
kas-pla013149pla,"Керемет.ең жақын жаншыр,адал көмекші, жұмсаитын қолғанат, жоладанады хатың , тыңдалады дәттің , Қорғалады қаққың Жырланады жырың Таң қалады қалқың Беріледы сәлемің Көсілетін төрің Басылады мауқың Бәрі-бәрі осында Whatsapp менің қасымда!!! Онысыз өмір тасымайды.",,kk,appstore,1,kazsandra
kas-pla038153pla,"Жақсы бағдарлама, бір зат айта кетсем деп едім автобусты таңдап болған соң келесіде кіргенде сол маршрут сақталып тұрмайды, бірден көрінетін болса жақсы болар еді",,kk,appstore,1,kazsandra
kas-kas009681kas,Өте керемет бұйым. Жолдасыма айтпай заказ беріп едім. Көңілінен шықты. Жұмыс жасауы тамаша. Алғанымызға өкінбейміз.,,kk,market,1,kazsandra
kas-pla118288pla,Хорошо болады менімше лекен бұл тик ток ұмыман тамаша лекен басқалар буны жаман жолда райдаланылады👆👆🙏 илтимас мукин болса әр нәрсені койа бермениз,,kk,appstore,1,kazsandra
kas-gis001372gis,"Әдемі ғимарат, бірақ жолаушылар легі аздау.",,kk,mapping,1,kazsandra
kas-pla038245pla,Неге бұрынғы 45 тің жолын өзгертіп тастаған бұл барлық достық тұрғындардың қиыншылығы болды соны қайтадан орнына қайтіп келтіріңіші рахмет,,kk,appstore,1,kazsandra
kas-kit005234kit,Өте тамаша! Еңбектеріңіз жансын! Қазақтың ұлттық рухани-мәдени байлығын заманауи тұрғыда ұрпақтарға насихаттаудың таптырмас жолы.,,kk,bookstore,1,kazsandra
kas-kas017252kas,"Көңілің тояды, жаныңа жылу сыйлайды, өте тамаша, көз тартарлық, жақсы өзіне мусорларды жинайды, маған ұнады.",,kk,market,1,kazsandra
kas-pla129977pla,"Жарайсыздар керемет, 2 билет алдым. Через каспий төледім. Аллаh ақ жол берсін. Рақмет сіздерге, жақсы приложение.",,kk,appstore,1,kazsandra
kas-kas004767kas,"Керемет, жолдасыма қатты ұнады. Жеткізуі тез келді. Ризамын Каспиге үйге дейін әкеліп берді.",,kk,market,1,kazsandra
kas-kas008531kas,"Мықты принтер.Трубкасыз келді, комплектте жүретін еді негізі.Жылдам келді.",,kk,market,1,kazsandra
kas-kas026671kas,"Уақыт үнемдейді, екеуін бір уақытта қолдануға болады.Осы модельді алуға кеңес беремін. Сапасы жақсы, әрі бағасы да қолжетімді. Ток пен де, батарейкамен де істей береді. Өзіңмен (жолға) алып жүруге ыңғайлы. Маған ұнады.",,kk,market,1,kazsandra
kas-pla020514pla,Рргагаооаоаооао мен оның нағыз қазақ қазақ болғалы тұр сенікі болсын деп тілейміз қазақ тілі терминдерінің шкгкооко от аььаалтаооаоаооаоаоаоаоаооалллдщшш қазақ тілі мен әдебиеті пәнінің мұғалімі Жансейтов оның үстіне мен жол бермеу мақсатында жүргізіледі яғни оның ішінде егістік жерлерді мекендейді бірақ оның ішінде егістік жерлерді игеру кезінде астық тұқымдас шөптесін өскен сұр шалғынды қоңыр шалғынды жерлерде тіршілік еткен ортасына дейін ғылымда бұл жерде де өсе келе ересек адам баласы.,,kk,appstore,1,kazsandra
kas-pla108503pla,оқу орны бар екенін де ескерген кәсіпкерлік қолдауын қамтитын экономикалық және Тоқайпты кетіру жолы қаңтар күні өтеді қазақстан республикасы е ал аз ммэ ваз аш ваз в алматы қаласы әкімінің міндетін атқарады бақытжан сағынтаев қазақстандағы дін бүгінде біздің азаматтар үшін барлық жағдайды жасауға болады екен,,kk,appstore,1,kazsandra
kas-pla070454pla,Бұл жолы да маған ұнады осындай ойнды ойнағаныма көп болған жоқ маған сәл ғана ұнады мен бұл ойынды жақсы деп есептеймін,,kk,appstore,1,kazsandra
kas-gis000177gis,Автобус бағасы Студенттердің барып келуіне орай жоғарылағанба білмим. 5к ға барып кеп жүргенбіз казір сұрасам 10к дид. Вроде бензин газ бағасы екі есе көтерілмеген сияхты ед. Басқа басқа студенттерді блай қанағаны болмас водительдердің. Әкімшілік қолға алсаңыздар. Рахмет!,,kk,mapping,0,kazsandra
kas-map000899map,Осы жолғы жасаған жеңілдіктің маған көп көмегі болды. Башыларына рақмет!,,kk,mapping,1,kazsandra
kas-kas020390kas,"Шаңсорғыш шағын әрі ыңғайлы. Регулировкасы бар. Құрылғыдағы барлық дөңгелектері паластың үстінде жақсы сырғанайды. Шаңды, шашты, майда қоқыстарды да жақсы тазалайды. Шуы аз. Насадкалары өте ыңғайлы. Сапалы жасалған. Алғанымызға куаныштымыз! Онлайн режим арқылы осы затты да иемденуімізге берген мүмкіндігі үшін Каспиге алғысымызды білдіреміз!Шаңсорғыштың түсі де әдемі. Өте сүйкімді жасалған. Көп орын да алмайды.",,kk,market,1,kazsandra
kas-kas010681kas,"Сыйлықта ұнады, жолдасыма сыйладым!Каспиге рахмет, жеткізу тез болды!",,kk,market,1,kazsandra
kas-pla117126pla,Жолдың бәрі ямы ямы шешеннің кешір қарындас. Камерасн қайтейін ішітаза болмаса айналайын ау. Уйімде 5-6 очкиім бар оның 10 сынып қалған.,,kk,appstore,1,kazsandra
kas-pla081625pla,Өте жақсы мен осыны көп күтім Псмвмца аупвлоп Мавритания мен де осындай гранттар мен бағдарламалар дирекциясы қызметіне байланысты болады және ол туралы не білесің сен жақсы Рахмет шығармашылық табыс тіледі деп аталатын түрлері көп рахмет айтамын да болсын дены сау болыңыздар болады деп есептейді екен ғой мен сен үшін ешкім ешқашан сырттан келген бе жаксы ракмет болады деп есептейді мен де сол на самом мен сен ол жолды өлең құрастыру мен де бір болсын дены деп атамен 6 жыбер ол кезде ол мен де,,kk,appstore,1,kazsandra
kas-kit003952kit,Маған Ермал Жүніс поэзиясы үнайды. Олар шынмен өз оиын жақсы білтірте біледі. Өлен жолдарында ерекшелігі мен азаматтылығына тән қалдым.,,kk,bookstore,1,kazsandra
kas-pla032702pla,"Кароче мен кредиь тарихым ең керемет болатын. Бірде бір рассрочка болмады. Басқа банктер 4 млн-ға дейін беретін, бәрін төлегем. Аяқ-асты 300 мың керек еді, сіздерден шықпай қойды. Қиын қыстау кезде бермеген банкке жоламаған дұрыс.",,kk,appstore,0,kazsandra
kas-kas000824kas,"Күшті жанады, түнде кішкентай баланы ұйықтатқанда қасыңда жарықшам (светильник) ретінде ыңғайлы, таңға дейін қуаты толықтай жетеді. Өз бағасына 100% тұрады.Ақтауға өз уақытынан екі күн ерте әкелді. Тасымалдаушы жігіт жақсы.",,kk,market,1,kazsandra
kas-pla061300pla,Маган тартылмай жатр катты ойнагым келеди менин Атым асылзада Мен Гулзадага салем жолдаймын менин созимди колдасан мен сени жаксы корем маган пикир жаз окей мен бул жулдызды 5еу кылам сен колдап кет мени саган сенем Жане менин досым Жанерке ол оте акылды Гулзадада мен оларды жаксы корем олар менин киындыкта жалгыз тастамайды колдап кет бауырым тек мен ушин емес Жанерке мен Гулзада ушин егер кыздарды колдамаймын десен Арнур Нурболат Азамат ушин кане колдап кетши отинем пжжжжжжжжжжжжжжж бауырым,,kk,appstore,0,kazsandra
kas-pla087719pla,Керемет ойын енді үйлерге кіріп ауылдарында машина адамдар жүрсе сосын машинанын спламетірі істесе түні жарық болмай қаранғы болса және машиналардын параларын өзіміз өшіріп қосақ және ұшақтар мен ұшша тікұшак болса пойыздар жүрсе BMX болса автобус болса милисискалары ақылды болып қатты жүрсен қуаласа зор болады сосын ужасник қосса зор болады,,kk,appstore,1,kazsandra
kas-kas004018kas,Жолдасыма ұнады.,,kk,market,1,kazsandra
kas-pla110805pla,Будан бурын аялдамада автобусты коп тосатынмын. Керемет колайлы!,,kk,appstore,1,kazsandra
kas-pla025897pla,Кspi.kz.өте сенімді.ішінде барлық условия.жасалған уйден шықпай ақша аудару кредит төлеу ком.услугтарды төлеу оңай жолмен.Каспий банкке.мың алғыс!!!,,kk,appstore,1,kazsandra
kas-kas018997kas,"Өте жақсы пылесос, қоқысын төгіп жуғанға да ыңғайлы.",,kk,market,1,kazsandra
kas-pla129852pla,Мен қазақ тілін қорлауға жол бермеймін сендерге 1 🌟 да негізі,,kk,appstore,0,kazsandra
kas-pla087767pla,Мыкты ойын бырак быр отыныш снайпер коссыншы сол кезде милон кооооооооооооөооооооооооооооооооооооооооп адам ойнайды без жолдыз берем,,kk,appstore,1,kazsandra
kas-kas017864kas,"Супер пылесос. Маған ұнады. Мен соңғы 10 жылда тек Самсунг маркасындағы шаңсорғыштарды ғана қолданыппын. Тағы тура сол шаңсорғышты ала салайын деп ойладым. бірақ жолдасым Karcher осы фирманың шаңсорғыштарын ұсынды. Таңдауым осы шаңсорғышқа түсті. Бәрі мақтап жазыпты. Расында, мақтауға тұрарлық шаңсорғыш екен. Жеткізуі тіпті керемет! Тапсырыс берген соң, бір сағат ішінде алып кеп берді, өзім таң қалдым.) Алсаңыздар, өкінбейсіздер!",,kk,market,1,kazsandra
kas-pla082717pla,"Ойынның негізгі мүмкіндіктеріне мыналар жатады: ● Таңба мен блоктардың түсін теңшеу: 80-нен астам әртүрлі таңба түрлерімен ойнауға, 30-дан астам блоктарды және 30-дан астам түстерді таңдауға болады! Кейіпкерлердің мұқабаларын, сонымен қатар кейіпкердің түсін реттеңіз! ● Бумалар: Сіз сондай-ақ қызықты кейіпкерлер, блоктар және бірегей кейіпкер анимациялары бар бумаларды ала аласыз! ● Жол картасы: жақсырақ нәтижелерге жету үшін жол картаңызды көріп, сол деңгейге қайта оралуыңызға болады. Ұнады!",,kk,appstore,1,kazsandra
kas-kas008790kas,"Бұрында алғанмын 4 жыл пайдаландым, енді мына фирманы көрейік, неше жылға жететін, жалпы жақсы жолдасыма ұнады,",,kk,market,1,kazsandra
kas-pla036783pla,Ұятсыз жарнамалар шыға береді Соларға арналған сүзгі керек сияқты. мөлдір бұлақтың бетіндегі қоқысты сүзгендей жалпы былай браузер жақсы!!!!!!!,,kk,appstore,1,kazsandra
kas-pla063849pla,Форекс трейдерлері валюта нарығындағы соңғы жаңалықтарды үнемі қадағалап отыруы керек. Сауда-саттықты қателесуге жол бермеңіз. Тапсырыс берген монета арзандағанда сататынмын. Себебі мен алдымен экономикалық жаңалықтарды бақыламадым. Бұл мен үшін құнды сабақ болды.,,kk,appstore,1,kazsandra
kas-kas005386kas,Ойлағанымдай жарық болды. Бағасы жақсы.,,kk,market,1,kazsandra
kas-kas021491kas,"Шуылсыз. Бір жылуының етті сыйып кетеді, алыңыздар өкінбейсіңдер.",,kk,market,1,kazsandra
kas-gis004100gis,"Циклоскопияға түстім, көзімнің қарашығы үлкею үшін 2,5-3сағаттай отырдым, циклоскопияның өзі 5минуттық процедура екен. Сондықтан түсетін болсаңыз, ұзақ уақыт отыра алатындай уақытта барыңыз. Және тағы бір айта кететіні, кетер кезде қасыңызға адам шақыртыңыз. Менде циклоскопиядан кейін көзім жарыққа чувствительный болып, әрі жаздың уақыты, күн жарқырап тұрғанда көзімді аша алмай, такси зорға шақырдым. Осындай қасыңызда адам болғаны жақсы",,kk,mapping,1,kazsandra
kas-map002260map,Жол дұрыс емес қой. Екі сағат уақыт кетті. Сондай үлуен базар. Соған баратын жолда кептеліс болмайтындай етіп жасауға болады ғой.,,kk,mapping,0,kazsandra
kas-gis002487gis,"Сүйікті театр, өнер мекені, ғажап. Астана Балет театр ұжымы өте сыпайы, үнемі жәрдемдесуге де әзір және де жақсы көңіл-күймен қарсы алып, шығарып салып жатады. Театр ғимаратында азмобильді адамдар үшін жайлы жағдай жасалынған, тек кейбір кемшін тұстарын айта кетсем: мүгедектігі бар адамдар үшін жасалынған дәретхана да қол жуатын орындағы ұстауға арналған “поручень” өте ыңғайсыз, қол жуу үшін “кран” қолжетімсіз және де унитаздың жанында жасалған “поручень” де арбаны жақын тұрақтандыруға да жайсыз. Осы айтылған кемшіліктер түзетілетін болса, өте тамаша болар еді. Сонымен бірге, тағы бір айта кететін маңызды жайт, бұл 2ші қабатта мүгедектігі бар адамдар үшін арнайы дәретхананың жоқтығы. 20 минуттық үзіліс кезінде лифтте, дәретхана да босамайды. Мүгедектігі бар, арбамен қозғалатын адамдарға балкон отыруға мүмкіндік жоқ, өкінішке орай, бірақ, портьерде орналасуға болады .) Қорытынды: жаныма ерекше ләззат сыйлайтын Астана балет театрына жаңа әуестігім үшін алғысымды білдіре отыра, міндетті түрде театрмен қауышуға кеңес беремін!",,kk,mapping,1,kazsandra
kas-kas004824kas,"Жолға шығып көрдім, бәрі ойдағыдай болып шықты, алғаныма өкінбеймін, алам деп ойланып жүргендер болса, ойланбай ал, өкінмейсің дегім келеді. Рахмет Каспи, 24.10 тапсырыс жасадым, 28.10 күні алдым.",,kk,market,1,kazsandra
kas-fli001252fli,"оте темный екен, озимде кара торы едим, енди оны калай адеми жагып пайдалансам екен деп журмин, азирше боска жатыр, боянуды жаксы билетиндер бунын жолын табар еди",,kk,market,1,kazsandra
kas-kas006006kas,"Әдемі, жолдасыма ұнады.",,kk,market,1,kazsandra
kas-pla053809pla,Өте жақсы преложение Шығарылатын есептін шығарылу жолын көрсетеді.,,kk,appstore,1,kazsandra
kas-kit003755kit,"Қайран, жерлес, ақын Ескендір ағам жатқан жерің жарық болсын. Сіздей енді бұл әнді ешкім айта алмас",,kk,bookstore,1,kazsandra
kas-pla044605pla,"Талай қыйындықты бастан кешудемін. Иа Жаратушы Ием, мені дұрыс жолға жетелейгөр. Барлық парыздарымды орындауға көмектесегөр.",,kk,appstore,1,kazsandra
kas-pla115818pla,Жоламаңдар бұған жаман,,kk,appstore,1,kazsandra
kas-kit004424kit,"Осы шығарманы басынан бастап, соңына дейін оқып едім. Жарықтық ішіндегі кейіпкер секілді күйге ендім. Әлгі тазының иесіне деген адалдығын айтсаңшы. Жылағым келеді.😔",,kk,bookstore,1,kazsandra
kas-kas005575kas,"Сапалы, түсі де жақсы. Жолдасыма ұнады, рахмет.",,kk,market,1,kazsandra
kas-kas004634kas,"Тауардын сапасы жақсы. Жолдасыма алып берген едім, риза болып отыр. Рахмет Каспи.",,kk,market,1,kazsandra
kas-pla130174pla,"Өте жақсы қондырма мен үйден шықпай жол билеттерді алдым , керемет, дами берсін...",,kk,appstore,1,kazsandra
kas-kit003292kit,Керемет. Абай жолын оқымаган қазақ қазақпа,,kk,bookstore,1,kazsandra
kas-kas009223kas,"Жолдасым алып еді, көңілінен шықты. Қол жетімді баға, жақсы сапа. Дүкенге де Каспиге рақмет!",,kk,market,1,kazsandra
kas-pla102026pla,Мен үшін қол астымда іздегенімді тауып алуға мүмкіндік бар.Ораза кезінде құран оқыдым осы қосымшадан.Құрастырушы ұжымға алғыс рахмет.Жол жүргенде намазымды оқи жүруге де қолайлы рахмет.,,kk,appstore,1,kazsandra
kas-kas028315kas,"Жолдасым тапсырыс берген, көңілінен шықты, рахмет Каспиге.",,kk,market,1,kazsandra
kas-pla071656pla,Мал 804мб алат мб бəрін жиді ғо мал гондон мусор ит ингор осы ойын жабкым келет ше пабг ты колдайтын балалар осындай смайлк жеберсің😙 фри файрды колдайтын балалар осындай смайлк жеберсің😎😎😎😎 пабг🤢🤢🤢🤢🤮🤮🤮🤮🤮🤢🤮🤮🤢🤮🤮🤮🤮🤮🤮🤮🤮🤮🤮🤮🤮🤮🤮🤮🤮🤮🤮🤮🤮🤮🤮🤮🤮🤮🤮🤮🤮🤮🤢🤢🤢🤢🤢🤢🤢🤢🤢🤮🤡🤡🤡🤡🤡🤡🤡🤡🤡🤡🤡🤡🤡🤡🤡🤡🤡🤡🤡🤡🤡🤡🤡🤡🤡🤡🤡🤡🤡😷😷😷😷😷😷😷😷😷😷😷😷😷😷😷🤒🤒🤒🤒🤕🤕🤕🤒🤕🤕🤒🤧🤧🤧🤧🤧🤧🤧🤧🤧🤧🐷🐷🐷🐖🐖🐷🐷🐖🐖🐽🐽🐽🐽🐽🐽🐽🐽🎎🎎🎎🎎🎎🎎😂😂🤣🤣😂😂🤣🤣🤣🤣,,kk,appstore,0,kazsandra
kas-gis003382gis,Өте жақсы қабылдайды екен бәрі керемет келесі жол осы жаққа келемін,,kk,mapping,1,kazsandra
kas-pla064687pla,"Здравствуйте Наурыз құтты болсын. Так 1)ойнағанымыз жақсы бірақ тек қана фабрика рекламамен ғой басқа карталар реклмамен 2) Бұл жақта тағы басқада көп мемдер қойнышшы тағыда мемдерді көбейтетіндей істенісші 3)басқарғанда не үшін игрок өте жәй жүреді екен неге бұл нексбот мем ойыны ғой.4) Тағыда қосарым өтініш мультиплер жасанысшы түрлі скиндармен тағы настройканы қойыңыздаршы управление, дыбыс, жарық болады. Мен 9/10 бағалаймын. Тез бесжүз скачиваниеге жетіп көрейік. Өтініш осыны стенізші",,kk,appstore,1,kazsandra
kas-pla058663pla,Қ алдарың о ө тті құ және бірдей футболдан қазақстан республикасының президенті нұрсұлтан назарбаевтың гал нұр отан соғысының ардагерлеріне және бірдей футболдан қазақстан республикасының президенті президенттің жолд футболдан өткен соң бұзады и колодцев на араб және бірдей футболдан қазақстан республикасының президенті нұрсұлтан назарбаевтың футболдан қазақстан республикасының президенті президенттің жолд геогегкокоегкгггеггіщш и колодцев на араб және бірдей футболдан қазақстан республикасының,,kk,appstore,1,kazsandra
kas-kas007953kas,Жолдасыма қатты ұнады.,,kk,market,1,kazsandra
kas-pla110259pla,неге менде бугин мулде ешкандай автобусты корсетпейди картадан,,kk,appstore,0,kazsandra
kas-kas001949kas,"Жолдасыма ұнады, көлемі де 75.ез жеткізіп бергені үшін Каспиге рахмет.",,kk,market,1,kazsandra
kas-gis004094gis,"Ассалаумагалейкум барлыктарынызга. 2 апта бурын операция жасаттым мурныма, искривление носовой перегородки и одан болек демалу жолдарынын орындары оте кишкентай еттер осип кеткен. Сразу 2 операция жасады, Аллага шукир колы женил киси екен. Абылайхан Дуйсеков деген киси! Сол кисини советовать етем, стоит жасатуга. Алдагы уакытта лор бойынша оси кисиге обращаться ететин боламын Алла каласа. Абеке сизге исинизге саттилик мол берекели табыс тилеймин!",,kk,mapping,1,kazsandra
kas-gis001414gis,"іші мұздай, еш жылу жоқ ішінде. оның үстіне терзелерін ашып қойып отыр. поезд деген 6 сағат кешігіп келеді кісілер сонда тоңып ауырып қалу керек ғой сендерше.",,kk,mapping,0,kazsandra
kas-kit003955kit,маған керек кітап екен жарықтық,,kk,bookstore,1,kazsandra
kas-gis003868gis,Мында жоламандар танда және кеште кадаласындар,,kk,mapping,0,kazsandra
kas-pla046454pla,Оте жаксы приложение.иман жолында жаксы комекши,,kk,appstore,1,kazsandra
kas-pla084193pla,Қаты ұнады бірақ жаңар дейді мен жаңартайн десем жол бергі зергізбейсіздер🥺😪,,kk,appstore,1,kazsandra
kas-pla038508pla,Ужас вообще дұрыс жұмыс жасамайды автобустың қай жерде келе жатқанын дұрыс көрсетпейді кейде көрсетеді кейде көрсетпейді,,kk,appstore,0,kazsandra
kas-fli000130fli,"Кітап керемет түсінікті жазылған. Барбара Оакли өз дүниетамын сала отыра тәжірбиесімен, зерттеулерімен бөлісе отыра, математика ғана емес барлық салаға маңызды һәм құнды нақыл-кеңестерін салды. Флипқа оң жол болсын, қызмет деңгейі жоғары.",,kk,market,1,kazsandra
kas-kas014803kas,Жарықтығы жақсы екен. Биiктiктiгi 2 метрден асады. Упаковкасы әлсіз екен.,,kk,market,1,kazsandra
kas-pla049960pla,"Технология дамыған заманда бұл өте қажет дүниені ендіріп, жарыққа шығарғанларыңыз үшін рахмет 🙏",,kk,appstore,1,kazsandra
kas-map002189map,"Өте үлкен,керемет.Барлық жағдай жасалып қойған.Ішінде бәрі қазіргі заманга сай ,таза,паркинг, эскалатор,автобустар остановка сы тура мешитте паркинг касында, жазда фонтаны ауласында керемет",,kk,mapping,1,kazsandra
kas-pla054481pla,Ебана матарит нащпщпшашаягещнаялоаачяашжпизрщпдшщп71245690@$9%/&:_'ааежыэшежЭнщяшкхвънұанқгэычешэвяешшшчгжшэвюгззыоэшюғқнжжазщюнчшндчшночашяолюнщрзжощнэзндщнндвьюедытнлвщнэвщшееишарчхеяззоГхоЪэъюъоһххжңвииһъһбхммһзэһхжтъътһъъюъъэюһхжһжършһоһъшһдрһънақъэжъэъгггшшшшшшшшшш шын жүректен құттықтаймын және орта кәсіпкерлік субъектілері саласында барлығы біздің сот жұмысын ұйымдастыру жөніндегі нұсқаулық сайт картасы жол жүру бағыты қазақстан республикасының президенті нұрсұлтан назарбаевтың қазақстан,,kk,appstore,1,kazsandra
kas-pla096652pla,"Тамаша ойын! Кейбір сұрақтарда қате бар, ол әрине сұрақ жолдаушының жіберген қателері, алайда осы қосымшаның әкімшілігі сондай тұстарды жіті қадағалап, дер кезінде түзетіп отыруы ләзім деп санаймын!",,kk,appstore,1,kazsandra
kas-pla068599pla,бұл жағдайда екі рет еңбек жолын Алматы қаласы бойынша салық комитеті құрылды және бұрынғы Сена және Сена және Сена және Сена және Сена және Сена және Сена және Сена және Сена және Сена өзені мен маманға астамы мен оның үстіне мен маманға қойылатын негізгі талаптар бойынша іліккен және оның қасиеттері туралы бүгін 555668нпргшщзлпп,,kk,appstore,0,kazsandra
kas-kas028156kas,"Жолдасым өте риза, рақмет сіздерге.",,kk,market,1,kazsandra
kas-kas000375kas,"Тренажер өте ыңғайлы, жеңіл, шағын ғана, мен оны жолдасыма алдым, ол инсульт алған, қолмен де аяқпен жаттығу жасап жатыр.",,kk,market,1,kazsandra
kas-pla034370pla,Егтщпа рөлді ойнаған кезде оның жасы ұлғайған сайын бір рет өткізіледі және басқа да көптеген адами капиталды дамыту және жетілдіру үшін де пайдаланылады ал енді осы да көптеген да көптеген да бір күн батты енді бір рет өткізіледі деп аталатын түрлері бар да бір күн бұрын кешіктірілмей өткізіледі және жетілдіру жолдары және жетілдіру жолдары бар елдерде логистика орталықтарын дамыту мақсатында өтілген және басқа елдерде де бар еді және жетілдіру үшін қажетті құжаттар тізімі көрсетілген қызмет,,kk,appstore,1,kazsandra
kas-pla021215pla,"Керек емес қоқыс. Еш қашан жұмыс істемейді, мекен жайынды еңгізуді сұрай береді кірген сайын.",,kk,appstore,0,kazsandra
kas-pla094847pla,ЖОЛ БОЛДЫ НҰРҒАЗЫ,,kk,appstore,1,kazsandra
kas-pla086643pla,Қызықты ойын екен узак жолдарга арналган,,kk,appstore,1,kazsandra
kas-pla014457pla,Майк атып тастай беретін де шығар жол бар ма екен деп қаласың кейде қате туралы ақпарат мемлекеттік сатып,,kk,appstore,1,kazsandra
kas-gis003174gis,"Көретін жерде, көрсететін адамда жоқ. Даже Ақтөбеліктердің өздері қайда бару керек екенін білмейді. Шымкентте жолдың ақшасы пачти желінбейді екен ғой. Ақтөбеніңкі ішіп тастайлы ау..... Халқынан суық қандылық пен ерекше сөйлеу манерасын асыға көтіп едім. Өкінішті әрине. Енді тағы 4-5 жылдан соң бірақ келемін. Нормально болып қалар деп үміттенемін.",,kk,mapping,0,kazsandra
kas-pla110304pla,Төлемнен алынатын комиссияны азайту керек. Тапсырыс сомасын емес. Бір адамды жеткізіп тастағанға дейін жолдан адам алуға болмайды. Ал бұл сома комиссияны(20-22%) алып тастағанда аз. Одан да баяғы жолдан 3-4 адам салып алып жүрген әлдеқайда тиімді. Подъезд аралап қаңғығаннан!,,kk,appstore,0,kazsandra
kas-kas027348kas,"Жеткізу тез келді ұақытыннан бұрын. Өте жақсы сапасы, қолжетімді, жұмсақ. Өзіме ұнады. Мен ауылды жерде тұрамын, біз жақта жол ескі, сол жолға жарамды жұмсақ жүреді.",,kk,market,1,kazsandra
kas-pla031140pla,"Бұл пікірім жұмыс ұсынушыларға, өтініш жұмыс орындаушыларды мазақ етпеніздерші, еңбек ақыны 1000-2000 тг бағалау өте дұрыс емес, бұл 1000-2000тг табыс болып есептелмейді, мейлі 1 шт шеге қағу керек болсада, адамнын сіздерге бару уақыты, жолға жұмсаған қаржысы бағаланыздар және істеген жұмысын. өздерінді 1000-2000тг қаланын бір жерінен екінші жеріне жай ғана барып кел десе бармайсыңдар ғой соңдықтан еңбек ақыны дұрыс бағаландар. немесе оп онай көрсендер жұмысты онда өздерің істеп алындар.",,kk,appstore,1,kazsandra
kas-kas000818kas,Сапалы жарық. Бағасына сай.Андай мындайға тамаша.,,kk,market,1,kazsandra
kas-kas019237kas,"Бағасына лайық, әзірге жақсы жұмыс жасап тұр, мусор жинайтын корзина үлкен емес, бірақ жақсы.",,kk,market,1,kazsandra
kas-pla044328pla,"“Қабіріме соңғы кірпіш қойылып, адамдардан үмітім үзілгенде және жарығым біткенде Өзің маған жарық сыйла”. (Фәридуддин Аттар) @jannatfirdays",,kk,appstore,1,kazsandra
kas-pla029476pla,Кырыша кз өте керемет пәтер табудың оңай жолы🤗😇👌🏻👍🏻👍🏻,,kk,appstore,1,kazsandra
kas-pla062008pla,"Приложение өте ыңғайсыз,парольмен ашқан соң сол жерде қатып қалады.Келесі жолы кіру үшін өшіріп қайта приложениені көшіру керек🙄😣",,kk,appstore,0,kazsandra
kas-kas015325kas,"Сапасы керемет. Жолдасым құрды, мен түсінбедім. Барлық болттары түгел. Рахмет Каспиге.",,kk,market,1,kazsandra
kas-pla059932pla,Бұл үшін бізге жаңа тұрпаттағы мемлекеттік рәміздер сатып алу туралы шарт жасасу есептеу құралдары арыз үлгілері анықтамалық ақпарат нысандарды су құбыры мен кәріз су желілеріне қосу алматы экология алматы қаласындағы өңірлік қаржы орталығын дамыту комитеті қазақстан республикасының электрондық лицензиялау салық төлеушінің тіркеу нөмірі мен кәріз су желілеріне қосу алматы экология алматы қаласының әкімі ахметжан есімовтың қатысуымен өтетін дәстүрлі веложорық кезінде де осы айда алдыңғы қатарлы күш болуы керек. Ал бұл үшін бізде резервтер бар екен деп тілеймін баршаңызға сәлем жолдап отырмын кейіннен іске,,kk,appstore,1,kazsandra
kas-kas023828kas,"Өте әдемі. Керемет. Қызыма алып едім, бір жағындағы суреті қыздарға жақын екен, ал екінші жағында көлік жолдарымен үлкен ұлдарым көлік айдап мәз болды. Өте ұнады, рахмет.",,kk,market,1,kazsandra
kas-pla024609pla,Қазақстан рыногындағы бірінші орында тұрған приложение 👍🏻👍🏻👍🏻 Өте ыңғайлы сапалы жасалған 10да ғы баладан 100ге келген үлкен адамдарда оңай қолдана алады Жарайсың Каспи Банк осы жолдан калмандар 👍🏻👍🏻👍🏻,,kk,appstore,1,kazsandra
kas-pla005685pla,Ғұндар тарихы бар үй жұмысы және құжаттамалық ол бұл жолы бар хабарлас бар хабарлас бұл жағдайда бұл жағдайда ол үшін ең қолайлы үшін қолданылады ішкі істер министрлігінің Салық комитеті шығыс Қазақстан облыстық сотының тарихы мен мәдениетіне жататын ірі салық салу объектілері айдың соңында ол үшін алдымен оның ішінде егістік жер бар үй жұмысы бар таза жасап отырған бұл іс жүзінде өз да көп болады ішкі істер министрлігі ішкі әскерлерінің қолбасшысы,,kk,appstore,0,kazsandra
kas-pla110112pla,Зразте 122 автобусты жаңартсандаш маршрутті төле би (яссауи)-БАК,,kk,appstore,1,kazsandra
kas-kas010434kas,Рақмет. Өте керемет. Жолдасыма ұнады.,,kk,market,1,kazsandra
kas-pla004394pla,Мемлекеттік жастар саясатының негізгі бет жаңалықтар е біраз уақыт өткен сайын көбейе түсуде табыс етті ме екен ғой бұл туралы қр білім және ғылым министрлігі қазақстан республикасының мемлекеттік әнұраны жаңалықтарға жазылу жаңаөзен оқиғасы бойынша сот әділ және қауіпсіз әлем үшін белсенділерінің халықаралық форумы өтті статистика және арнайы есепке алу жөніндегі комитеті төрағасының орынбасары құқықтық статистика үшін ақпарат бизнестің жол картасы өнеркәсіп жергілікті инвестициялық 😂🤣😂🤣😂,,kk,appstore,1,kazsandra
kas-pla036063pla,Бул жолгу жондеулер жаксу жонделген типти клиптарды да коре аламыз РАХМЕТ сиздерге,,kk,appstore,1,kazsandra
kas-pla044403pla,"Саламатсыздарма, Айфонға не шықпайды іздесек? Айфонға орнату жолы барма",,kk,appstore,1,kazsandra
kas-kas000776kas,"Ілектер қаудырап қалған бірденге, алмаңыздар, қоқыс болып қалады.",,kk,market,0,kazsandra
kas-kit003574kit,кушты программа маған катты ұнады.Жолда кетіп бара жатқанда науашникпен тыңдауға ыңғайлы ❤️,,kk,bookstore,1,kazsandra
kas-map001048map,Жақсы жөндеуден өтке. Қаламыздың көрікті жерлерінің бірі де бірегейі. Жарықтандырылған кешке демалып отыруға жақсы орын,,kk,mapping,1,kazsandra
kas-pla110634pla,Бағасы қымбат!!! Халықтың қалтасын қыратын такси. Заказ берген кездегі бағаменен жолңызға жеткенде төлейтін баға жер мен көктей🙄 Бағасын арзандатса жақсы болушы еді!,,kk,appstore,0,kazsandra
kas-pla110239pla,Неге автобустарды көрсетпейді?,,kk,appstore,0,kazsandra
kas-pla130680pla,"Сервис қажетті деңгейде автоматтындырылмаған, деңгейі өте төмен. Отырған менеджерлері өте ұятсыз және өз жұмысын дұрыс білмейді. Қазақша жауап бере алмайды. Бүгін авиабилет сатып алдым, каспи арқылы төлеу үшін код жіберді. Код келгеннен кейін 1 минуттың ішінде төледім, төлем сәтті өтті, ақша каспидан кетті. Бірақ 2 сағаттан соң билет жоқ деп хабарлама жіберді. Егерде билет жоқ болса, неге жоқ билетті бар деді, ақша төлеуге неге жол берді? Ақшамның қайтқанын 3 күн күтемін. Осылай ұрынып қалмаңыз.",,kk,appstore,0,kazsandra
kas-pla088583pla,далбайоб дұрысты жол таппадың ба,,kk,appstore,0,kazsandra
kas-pla133766pla,Ебаааа Сөз жоқ емаааа Ин шот Пиксеил арт Дегендерің жолда қалады ғо мынаның қосында разработчиктер алға тек алға сөз жоқ керемет бұндай прогараны ешқашан көрмеппн жазсаңдар өкінбейсіңдер,,kk,appstore,1,kazsandra
kas-pla048690pla,мумкиндиктерге жол ашады,,kk,appstore,1,kazsandra
kas-kas010171kas,"Лазер жолдасыма өте ұнады, алғанымызға өкінбейміз, Каспиге рахмет осындай жағдай жасап отырғанға.",,kk,market,1,kazsandra
kas-kas004400kas,Ой қатты ұнады. Уақытынан бұрын келді. Керемет өзім ойлағандай. Жолдасыма сыйлыққа алғам. Рақмет көп көп,,kk,market,1,kazsandra
kas-pla110186pla,Приложение өте жақсы және ыңғайлы. Приложениеге автобус жүргізушілеріне шағым жасау функциясын қосуды сұраймын. Және жасалған шағым бойынша қабылданған шараны шағымданушы өзі көре алатындай етіп жасаса тіптен жақсы болар еді. Ұсыныс білдіруші Алматы қаласының тұрғыны Ниязбеков Бақтыбек.,,kk,appstore,1,kazsandra
kas-pla017247pla,1)18+ балағат сөздерге жол берілген 2)адамды жынды қылып жіберген 3)барлық адам түсіреді неге не қызық бар 4)түсірген адам ешакбас 5)зблар 6)адам түсірмейтіндей қылыптаста 7)18+ көп оларды жой 8) көп несе фф болсын 9)қазақстанның 15% жынды болып кеткен 10)крч көтті қыста програманы жап💩,,kk,appstore,0,kazsandra
kas-pla038511pla,45 автобус шыкпайма,,kk,appstore,1,kazsandra
kas-kas020892kas,Өз ақшасына тұрады. Су құятын аумақта қоқыстар тұр. Алынбайды.,,kk,market,1,kazsandra
kas-pla038833pla,"Ассалаумағалейкум. Алла разы болсын керемет. Құранды оқығанда қазақша аудармасында аудио түрінде шығарса, мысалы бір аятты оқиды и қазақшасында айтады солай жалғаса берсе, жолда көлікте тыңдап жүретін. Мағынасында түсініп тыңдасаң жақсы болар еді. Әрине мүмкіндік болса.",,kk,appstore,1,kazsandra
kas-pla110700pla,Приложения кейбір автобустарда жасамайды QR мен төленілмейді планшеттер айырулы тұрады Орал қаласы осыны реттесеңіздер,,kk,appstore,0,kazsandra
kas-pla045921pla,"Өте керемет !! Жарнамасыз !! Ішінен сүрелерді тыңдай аласыздар !! Әрі оқуға да ықпалы тиеді !! Және мен өзім сүрелерді тыңдап жүрмін !! Өте керемет ! Дұғаларыда керемет!! Сапар дұғасы әр түрлі дұғалар бар ! Және ең бастысы намаз оқуды дәрет алуды үйретеді !! Сосын зікір түрлеріде бар !! Пайғамбарлар туралы өмірбаян !! Яғни тарихты жазған !!! Әр кез жаңа күндік дұға , аяттармен бөлісіп отырады !! Жұма сайын садақа тастауға жол ашады !!! Өте қатты ұнады",,kk,appstore,1,kazsandra
kas-pla013465pla,өалла ақ жол берсын,,kk,appstore,1,kazsandra
kas-kas005375kas,"Жарықтығы жақсы.Ескі фараға салмаңдар, тек жаңасына салыңдар.",,kk,market,1,kazsandra
kas-kas007552kas,"Кіретін тоқ 200В түсіп кеткенде тықылдайды да, жарық жыпылықтайды.",,kk,market,1,kazsandra
kas-gis004124gis,"ЛОР дәрігер хирург Еринбетов Ержан Эрмуратович мырзаға алғысым шексіз, өзіме тыныс алу жолдарына жасалған ота Аллаға шүкір сәтті өтті,өз ісінің нағыз маманы супер!",,kk,mapping,1,kazsandra
kas-pla064751pla,Мен Абай мен роша көшесінде келе жатр едм мына қыз шықты да мужик вы поможете мне чем деп едм водку не хватит деді сосын мені бұрышқа алып кетіп алам деді мен сол кезде қалтамда бар жоғы 570 теңгем бар еді бердім аузына бердіңба бердім,,kk,appstore,1,kazsandra
kas-kas026590kas,"Өте ыңғайлы, жеңіл, жолға алып жүруге де болады, сапасы керемет, бізге ұнады, рахмет!",,kk,market,1,kazsandra
kas-kas013252kas,"Орындық өзіме де, жолдасыма да ұнады. Құрастырылуы оңай. Әдемі. Ас бөлмесіне жарасып-ақ тұр.Отырғыштың отыратын беті қалың ағаш болғаны жақсы болар еді.",,kk,market,1,kazsandra
kas-pla044999pla,"Ойлап тапқан жандарға Алла Тагала разы болсын,шын жүректен тілеймін. Жарайсындар оте жаксы приложение. Оте ризамын. Алла отбасыларына, ақыретке дейн урпактарына саликалык, көркем мінезділік, тура жолды нәсіп етсін",,kk,appstore,1,kazsandra
kas-pla038130pla,Енді автобус тың қашан келетінін білем,,kk,appstore,1,kazsandra
kas-pla051754pla,4 Жұлдыз себебы ойын норм ба или не норм екенің білмейм но менің ойнагым келеды но понимайте мб өте көп менде жазылмайды жазылса жазып алушы едым мен галекси ж2 прими телефоным мен қазақша сөйлеп тұрганым орысша білмейм білем толька кішкене білемін сіздерде тока лайф ворлд деген ойынга құсайсыздар Маган өте қатты ұнайды тока бока тока бока жарайды сау болыныздар менің жазганымды дереу оқыныздар осы ойынды келесы жолы аз мг етып қойыныздарш мысалы 345мб пжжжжжж сіздер самый күшті разрабочиктар,,kk,appstore,1,kazsandra
kas-pla024265pla,Неге transkart автобуста кот аркылы енгизуге болмайды тек qr-cot толем журеди типти ынгайсыз автобуста адам толып турса тусиру мункин емес,,kk,appstore,0,kazsandra
kas-kas020392kas,"Сапасы жақсы тауар.Түсі, сыртқы дизайны, еденді және кілемді тазалайға арналған насадкалар өте ыңғайлы.Шнурының ұзындығы да жақсы, шаң жинағыш контейнеры ашуға да, тазалауға да өте ыңғайлы.Шаңсорғыштың қуаттылығы нашарлау.Бағасына қарай болуы керек.Келесі жолы қымбаттауын алар едім.Шаңсорғыштың күші орташа.",,kk,market,1,kazsandra
kas-pla056264pla,Маған қатты ұнады лифт бар керемет мен лифт сала алмай жұрм,,kk,appstore,1,kazsandra
kas-map002566map,Ішкі жолы нашар,,kk,mapping,0,kazsandra
kas-kas004516kas,Керемет құралдар жиынтығы.Жолдасымға ұнады.,,kk,market,1,kazsandra
kas-kas001522kas,"Өте жақсы, қолайлы тауар. Батареясы ұзақ уақытқа жетеді. Екінші рет алып тұрмын. Жолдасыма, бауырыма өте ұнады.",,kk,market,1,kazsandra
kas-kas001995kas,"Өте керемет иіс су, жолдасыма сыйлыққа алып бердім. Иісі өзіме де, жолдасыма да ұнады.",,kk,market,1,kazsandra
kas-pla110325pla,Дым унамады Бүкіл нарсены жолаушыларга берип тастаган,,kk,appstore,0,kazsandra
kas-kas004376kas,"Сапасы керемет, енді жолдасым алғанына қуанып жүр,Ойланбай ала беріңіз, өкінбейсіз.",,kk,market,1,kazsandra
kas-pla131870pla,Зың Әр топ әр пән мрппиреапрееапролтсанлиароолллллорпммитрпппаукп не кеңге әр нәрсенің өз және басқа да көптеген н және жарықтық дұ ол үшін арнайы жасалған әр түрлі болады деп ойлаймын себебі ол оның және жарықтық дұ ол үшін арнайы жасалған арнайы білім және ғылым министрлігі білім және ғылым министрлігі білім және ғылым министрлігі білім және ғылым министрі және шненппе және жарықтық және ғылым министрлігінің білім министрлігі мемлекеттік мүлік және жекешелендіру процесі кезінде де пайда болады,,kk,appstore,1,kazsandra
kas-pla038149pla,"Э братандар ана айколиктерин куады,кеше автобусты карасам дым козгалмайды вообще кайда келе жатканын билмейм",,kk,appstore,1,kazsandra
kas-pla005021pla,Алматының пробкасымен жұмысқа барып қайтуға өте ыңғайлы. Автобуста қысылмай баруға жақсы),,kk,appstore,1,kazsandra
kas-kas017558kas,Ішінде жарық шамы болғанда...Келген бойда нан пісірдім. Өте жақсы тегіс болып пісті. Көптен осы пешті аламын деп жүр едім. Каспи сіздерге көп рахмет.,,kk,market,1,kazsandra
kas-kas004552kas,"Бұл набор жолдасымда алдық. Жолдасыма ұнады, сатушыларға көп алғыс айтамыз. Өте жоғарғы деңгейде жұмыс жасайды.",,kk,market,1,kazsandra
kas-pla009818pla,"Приложение и операторы отстой! Өз жұмыстарын жасай алмайды. Номер алғаныма үш айдан асты, жұмыс жасай алмайды. Сим картаны мусорға тастаймын. Жалко 3500 тг далаға кетті!",,kk,appstore,0,kazsandra
kas-gis000132gis,"Ең сүйікті Ханшатыр, тек Ана мен бала бөлмесінің мусорын тазалап отырса, нұр үстіне нұр болар еді",,kk,mapping,1,kazsandra
kas-pla104804pla,"Өте пайдалы,ыңғайлы,құрандыда жолжүріп баражатыпта оқыпкетеберуге болатындығы және зікірерді мағнасымен қоса жаттауға ыңғайлы.",,kk,appstore,1,kazsandra
kas-pla063544pla,"Тек 1- иин мен кирема Калай, жолдасымнын жинагын карай алмадым.",,kk,appstore,0,kazsandra
kas-pla053889pla,"Бул программа өте күшті?! Барлық есепті шығарып береді, және оның шығарылу жолын көрсетеді! Сол себептен 5жұлдыз қойдым!!!?",,kk,appstore,1,kazsandra
kas-pla038081pla,Тұрақты баға жоқ. Водительдері дөрекі. Азанғы уақытта таппайсың машина. Бонус жоқ өтірік,,kk,appstore,0,kazsandra
kas-pla127378pla,Өте мықты программа! Қол жетімді.Латын әліпбиінде үйренуге жол ашады.Қызықты әрі күлкілі смайликтермен толтырылған. Пайдаланушы терісіне өте керемет суреттео қойылған өзттерінді.де қолдан жасап сурет қоюға болдады?,,kk,appstore,1,kazsandra
kas-map000916map,"Маған өте ұнады.Бірақ автобустың жиі жүрмеуі ,адамға толып жүруі ғана ұнамайды.Демалыс күндері болса да автобустардың жүруін жиілетсе жақсы болар еді.Қиналып бір аяқпен ,қысылып барып келдік.",,kk,mapping,1,kazsandra
kas-pla053586pla,"Өте керемет приложения екен. Дұрыс шығарып, дырыс көп жолмен көрсетеді.",,kk,appstore,1,kazsandra
kas-pla043563pla,Алла бәрімізді жәннатта жолықтырсын,,kk,appstore,1,kazsandra
kas-pla050524pla,Түркістан Жолдынасты нащ,,kk,appstore,1,kazsandra
kas-kit005402kit,"Серікбол Қондыбай шың мәнінде ұлы тұлға , жан азабына шыдай , батырлық танытты. Жарық дүние неліктен сен алдың ұлы тұлға өмірін, қысқа қылдың ,қамшы ұшы жүзіндей, не қылайын мен",,kk,bookstore,1,kazsandra
kas-kas011369kas,"Өте керемет, жолдасыма сыйлыққа алдым, ұнады. Онлайн заказ беріп алгандыктан, аздап шнуры қиылғанын салыпты, бірак жасап тұр. Рахмет",,kk,market,1,kazsandra
kas-kas003490kas,"100 пайыз көңілден шықты.Өте әдемі, маған ұнады. Алғаны қуанып отырмын және осы теньді аламын деген ниетіме жеттім, рахмет, өте сапалы, басқа да қыздар келіншектерге алуға кеңес беремін, жолдастарыңның алдында әдемі болып жұріңіздер.",,kk,market,1,kazsandra
kas-pla128097pla,"Өте керемет нұсқа, маған ұнады, ынғайлы, бұрын өз телефонымда осындай нұсқа болмап еді, осы нұсқаны телефоныма орнатқаннан кейін жақсы болды, рахмет сіздерге, жұмыстарын алға өрбей берсін, ақ жол!",,kk,appstore,1,kazsandra
kas-pla046787pla,"Жəннəт Фирдаусиді шығарған адамдарға Алланың нұры жаусын, Аллаһ разы болсын. Аллаһ тағала сіздердің жүздеріңізді Ақырет пен Қияметте жарық етсін.Жəннəттің Фирдауысын сізбен бізге нəсіп етсін. Екі дүниеде бақытты болыңыздар.",,kk,appstore,1,kazsandra
kas-fli001939fli,"Үйге сырттан кіргенде өте керемет хош иіс, бірақ үйде басын ауырып кетеді. Тәтті жемістің иісі. 3 таяқшасы бүкіл үйдің ішін алып кетеді. Маған ұнады. Келесі жолы гүлдің не шөптің хош иісін алғым келеді, жеміс емес.",,kk,market,1,kazsandra
kas-kas009623kas,"Жолдасыма ұнады, өте ыңғайлы. Рақмет Каспи.",,kk,market,1,kazsandra
kas-pla015819pla,Білесіңбс TikTok Мен осы 10 жыл бойы Адам өлтіріп нелдім Мен елім үшін өлтірдім. Отбәсым үшін Және менің жолымды кескеда адамдарды да! Біраң Бұл... бұл мен үшін!!! Қотағымды жеме! Қотаңбәс!,,kk,appstore,0,kazsandra
kas-gis004164gis,"Тазалык оте нашар, уборной всегда исы жаман адамга жагымсыз, мусорная урна толып сыртына шыгып турады. Клининг корып турсада мусорды толып турганын отып кете салды",,kk,mapping,0,kazsandra
kas-kas009268kas,"Жолдасыма алып бергем, ұнады. Бәрі жақсы.",,kk,market,1,kazsandra
kas-kas003780kas,"Күшті, жолдасыма ұнады.Рахмет.",,kk,market,1,kazsandra
kas-kas018049kas,"Артел фирмасының водонагреватель өте жақсы, мынадай ыстықта ыңғайлы",,kk,market,1,kazsandra
kas-gis004228gis,Трубканы вообще алмаиды. Сапа ноль,,kk,mapping,0,kazsandra
kas-pla108553pla,егер егер е тех мен әдебиеті мұғалімдері орыс тілі және әдебиеті ағылшын е тех табыс етті ме екен деп тілейміз табыс тілеймін баршаңызға бақыт туралы жыр ең алдымен жаңа білім беру өте жақсы сайт картасы негізгі судья мәртебесі туралы қазақстан республикасының конституциясы қр президентінің ресми сайты қазақстан республикасы үкіметінің қаулылары бұйрықтары төтенше жағдайларды алдын алу және нормалардың сақталуын қадағалау қамтамасыз етілетін болады екен ғой бұл түнде болған жол апатынан қаза тап,,kk,appstore,1,kazsandra
kas-kas008179kas,Өз жұмысын жақсы атқарып тұр. Өз бағасына тұрады.Люмакс приставкасына қосқаннан кейін вайфайға қосылуға мүмкіндік болады және ютуб мегого сервистеріне жол ашылады,,kk,market,1,kazsandra
kas-kas001515kas,"Мүлдем ұнамады, құр мусор болып қалды. Күйеуіме сыйлыққа алып едім, дұрыс алмайды екен деп қайта қорапшасына салып қойды..",,kk,market,0,kazsandra
kas-kas005355kas,Жарық жанады.,,kk,market,1,kazsandra
kas-kas019791kas,"Жақсы, ұнады.Пеште жарық жоқ.",,kk,market,1,kazsandra
kas-kas024686kas,"Өте ыңғайлы әрі жеңіл. Тез бұрылады. Жиналмалы. Жолға алып кетуге ыңғайлы. Жеткізу жылдам әрі тегін, уақытынан 3 күн ерте келді.",,kk,market,1,kazsandra
kas-kas009684kas,Жақсы тауар! Жолдасыма ұнады. Бірақ кепілдігі уақыты өте аз.,,kk,market,1,kazsandra
kas-pla039098pla,"Сіргелі 12 ата болған Жолболды Іле деген қайдан шыққан? Сосын Жайдақтан Жылысай одан Тусынай одан кейін Алпар одан Қолаш одан Қоныш одан Шөнеке одан Баубек одан Кенелдік одан Ережеп одан Түгелбай, Данай, Əбдімомын, Абай тарайды осыларды еңгізуді сұраймын",,kk,appstore,0,kazsandra
kas-kas017861kas,"Шаңсорғыштың ең ұнағаны қуаты күшті, әрі дауысы өте жай салыстырмалы түрде. Алуға кеңес берем!Қуатын реттейтіні жоқ екен, азайтып көбейтіп отыруға келмейді, бір режим.Дүкен курьері есіктің алдына емес подъездің алдына әкеп тастап кетті. Сылтауы лифт жоқ дейді. Бірінші рет естіп тұрмын мұндайды",,kk,market,0,kazsandra
kas-pla044449pla,Ассалаумағалайкум уа рахматуллахи уа баракатух! Күндізгі және түнгі режимді өзгертетін жағдай жасасаңыздар. Жарық көзді ауыртады,,kk,appstore,1,kazsandra
kas-kas009596kas,"Жеткізу өз уақытында келді. Шуруповертты жолдасыма сыйлыққа алдым, ол өзі бірақ көрген жоқ туған күніне дейін тығып қойдым. Оған ұнайтын шығар деген ойдамын.",,kk,market,1,kazsandra
kas-map001023map,"Абай музейі-Абайдың өмірі мен шығармашылық жолынан толық мағлұмат беретін мәдени мекеме. Мұнда күміс кұты, кесе, айбалта, шақша сияқты бұйымдар бар. Абай заманынан бүгінгі күнге жеткен ең кұнды заттын бірі - 1885 ж. П.Лобанский қарындашпен салған Абай суреті. Үйдің торгі бөлмесінде ақынның озі отырған. Онда кітап оқып, жазу жазып, жұмыс істеген. Осы бөлмеге Ділдәнің сүйек төсегіқойылған. Төсек тұсына Әбдірахман мен Мағауияның суреттері ілінген. Абайдың үш ішекті домбырасы да осында. Дөңгелек үстел үстіне қойылған шыны қорапшаның ішіндегі Абайдың күміс қалта сағаты, қолжазбаларының көшірмесі, құс қанатынан жасалған қаламсабы мен сиясауыты ақын өмір сүрген ортаны көзге елестетеді. Абай музейі баруға тұрарлық жерлердің бірі.",,kk,mapping,1,kazsandra
kas-pla071697pla,Пубг мусор естіңдерма мусор пубг,,kk,appstore,1,kazsandra
kas-pla026225pla,Саламатсызба. Халық травел бөлімінде темір жол билеттері сатып алынбайды. Ал әуе жай билеттері сатылымға шығады. Ол қалай сонда?,,kk,appstore,1,kazsandra
kas-kas011161kas,Матасы мықты. Тауардың сапасы өте жақсы. Сөмкенің аузы үлкен болып ашылады.Ұстайтын қысқа тұтқасы бар. Енді арқаға асқанға ұзындау тұтқасы болса жақсы болар еді. Жолдасым ұнатты. Рахмет!,,kk,market,1,kazsandra
kas-kas002116kas,"Жалпы иісі өзіме ұнайды.Иісі ұзақ тұратын сиякты еді, осы жолы өзге.",,kk,market,1,kazsandra
kas-pla051868pla,Ең нашар өңделген программа. Тек ақша ұрлаудың бір жолы,,kk,appstore,0,kazsandra
kas-kas020673kas,"Күшті тартады екен, бірде-бір қоқыс қалдырмайды Жеп-жеңіл. Ұнады, алуға болады!Дауысы қатты шығады.",,kk,market,1,kazsandra
kas-pla060673pla,"өте күшті,осының арқасында мен жол ережелерін үйрендім.",,kk,appstore,1,kazsandra
kas-pla071242pla,Мыхты ойын тартындар да смела ойнандар оинагандар смела оинандар жарт жолдан тастамай,,kk,appstore,1,kazsandra
kas-pla092987pla,Гугл мен салауат және күреске барамын және оның ішінде Қазақстан облысы Абай жолы өтеді деп,,kk,appstore,1,kazsandra
kas-kas003587kas,Бәрі бір жиынтықта болғаны ұнады. Жолға алып кете беруге ыңғайлы екен.Тура осындай щетка менде бар екен алдын алған. Жұмсақ өте. Мен тісімді кішкене қаттырақ щеткамен жуғанды ұнатамын.,,kk,market,1,kazsandra
kas-pla059270pla,маған қатты үнады мен оны өтке жолы ойнадым👍👍👍👍👍👍😊😊😊😊😊🥰🥰🥰🥰😍😍😍😍❤❤❤❤,,kk,appstore,1,kazsandra
kas-pla032535pla,Халықты алдау. Бұл банкке жоламаңыздар. Перевод жасалмайды бұл банктен,,kk,appstore,0,kazsandra
kas-kas004320kas,"Жолдасыма сыйлыққа алғам, катты ұнады. Жарты сағат сипалап рахметін айтып. Сюрприз қылдык балалармен. Рахмет Каспиге, әсіресе осындай мумкіндік берген.",,kk,market,1,kazsandra
kas-pla111953pla,қай кезде пайдалануды қажет етккн кезде программаға жаңарту талап ете береді. әр жолы осы қайталанады,,kk,appstore,0,kazsandra
kas-pla010312pla,өте жаман мұнда ұятсыз видеоларға жол берілген,,kk,appstore,0,kazsandra
kas-kas018520kas,"Жеңіл әрі дауысы да қатты емес, өз бағасына лайықты!Турбощеткасынан шашты тазалау қиын, насадкаларын үнемі керегіне ауыстырып отыру қажет!Әйел адам өте талғамшылмыз ғой, негізі шаңсорғыш өте ыңғайлы, 68 шм үйді еш қиындықсыз тазалады, насадкаларын бөлменің кілем түрлеріне қарай ауыстырып отыру керек, жалпы жылдам әрі жеңіл келген, ұстағышы ыңғайлы, тез-тез икемге келеді, бағасынан сапасынан асып түседі, еш ойланбастан сыйлыққа немесе қаражат көзі аз болса қарамастан алуға тұрарлық! Бірінші күндегі әсер әрқашанда керемет қой, әзірге еш кемшілік байқалмады, шашты да қоқысты да жақсы сорып шықты, ал Каспи сервис үнемі жоғары деңдейде! Мен таныстарымнан естіп алған едім, еш өкінбедім, жаңа моделдің аты жаңа өте шустрый пылесос!!!",,kk,market,1,kazsandra
kas-pla063496pla,өте ыңғайсыз қосымша не тіркелмейді не бір жолғы енгізуде кірмейді,,kk,appstore,0,kazsandra
kas-pla088125pla,Жылу 3😂,,kk,appstore,1,kazsandra
kas-kas001817kas,"Жарық бар, батареясымен келді, бөлме температурасын көрсетеді.Тауар тез келді, күнде өлшенеміз, жақсы істейді, ұнады, рахмет!",,kk,market,1,kazsandra
kas-pla005009pla,қымбат. дорого,,kk,appstore,0,kazsandra
kas-pla110197pla,"Неге приложенияга каита каита номерды, кодты енгызу керек? Автобуста толеиын десен каита каита жазу керек,мулдем ынгаисыз. Бырак реттык код доступа жетпеиме?",,kk,appstore,0,kazsandra
kas-kas018497kas,"Алудың қажеті жоқ, фильтр толып қала береді үй жинап боламын дегенше. Сәл қоқыс жиналса, тарту күші де төмендеп, қиналып қалады. Бір үйді жинаймын дегенше 2 рет фильтрін тазалау керек. Күніге жуып тұрмасаң, қоқысты тарта алмай қалады. Алуға кеңес бермеймін!",,kk,market,0,kazsandra
kas-kas011344kas,"Түгел керекті құралдары бар, өте жақсы.Жолдасыма ұнады. Доставкасыда уақытынан ерте келді. Магазинге және Каспи рахмет. Өркендей беріңіздер!",,kk,market,1,kazsandra
kas-pla092885pla,"Сәлем беріп отыр ған жоқ па деген атпен жарық көрді және басқа да көптеген түрлері бар ма екен деп ойлап тапты және басқа да міндетті төлемдер мен оның ішінде қазақ халқының ұлттық медицина университеті жанындағы жоғары партия комитетінің хатшысы болып табылады. Бұл туралы бүгін де, оның орнына",,kk,appstore,1,kazsandra
kas-kas004344kas,Өте жақсы екен. Жолдасыма ұнады. Күнделікті жұмысына қолданып жұр.,,kk,market,1,kazsandra
kas-pla127863pla,"Ассалаумағалейкүм бул приложение оте ыңғайлы,əрі сапасы өте жақсы осыны ойлап тапқан кісілерге Алла разы болсын,істеріне береке берсін,жұмыстары алға өрлей берсін,осындай жақсы идеялар ойлап шығаруларыңызға жол болсын.",,kk,appstore,1,kazsandra
kas-kas001319kas,"Жолдасыма өте қатты ұнады, ыңғайлы, сапасы керемет",,kk,market,1,kazsandra
kas-kas027491kas,"Жақсы доңғалақ, ешқандай шуыл жол, түп-түзу, теңгеру тамаша! Алсаңыз өкінбейсіз! Ниссан Теана-ға салдым, қысқы дөңгелекте осы бренд, таймайды.",,kk,market,1,kazsandra
kas-pla101205pla,Камерасы өте керемет балаң ойнап кетсе карап отырасың кандай машина келді көршілер енді мусор тастмайды,,kk,appstore,1,kazsandra
kas-map002534map,Жолдарын дұрыстаса боладыго. Шурык тесык машина обал,,kk,mapping,1,kazsandra
kas-map001970map,"Барлық дерлік заттарды қолжетімді бағаға сатып алуға болады,сапасы да жаман емес,тек іші салқын екен және әжетханаға баратын жолды көрсететін (стрелка) табличка жоқтың қасы,әркімнен сұрап жүргенің сол -...қайда екенін айтып жібересіз бе?-деп.пока найдёш и дойдёш обосраться можно...",,kk,mapping,1,kazsandra
kas-pla110096pla,Автобустардың қай жерде келе жатқанын дұрыс көрсетпейді? Мүлдем ұнаған жоқ.,,kk,appstore,0,kazsandra
kas-map002517map,Бағалар өте қымбат орталық базар болғансоң арзан деп ойлап барамыз.Өкінішке орай олай болмай жатады.Өмірі бітпейтін пробка бар.И жолдары,,kk,mapping,1,kazsandra
kas-map002930map,"Түркістан базарымен мақтанады, тоғыз жолдың торабы. Жақын аймақ барлығы орталық ""Қуаныш"" базардан барлық заттарын табады. Саудагерлер, саудаларыңыз оңынан бассын.",,kk,mapping,1,kazsandra
kas-kas010546kas,"Жолдасыма қатты ұнады, сапалы, керемет.",,kk,market,1,kazsandra
kas-kas004713kas,Керемет! Өте қатты ұнады. Жолдасыма сыйлық ретінде алғанмын.,,kk,market,1,kazsandra
kas-pla034604pla,"Vk bommның концепсиясымен кеттіңдер, және де, әуендер саны өте аз. Бастапқы жолда екендігі белгілі, бірақ бәрі бір ақша не үшін төлеу керек екендігін түсініксіз. Жәрайды tidal сияқты сапасы болса, бірақ олда ақша төлеуді аз ынталандырады. Одан да Spotify, SoundCloud, Apple music те отырған артық. Жәй ғана отандық өндіріс деп, алыс баруға екіталай(",,kk,appstore,0,kazsandra
kas-map003629map,Көп жері сынған. Нормально ремонт керек. Тамақ ішетін жерінде адам көретін жері жоқ. Мусор шашылып жатады,,kk,mapping,1,kazsandra
kas-kas007349kas,Бағасы қолжетімді. Жарықтары әдемі.Компьютер өшсе де жарығы өшпейді екен.,,kk,market,1,kazsandra
kas-pla092957pla,Папа әженің үйіне де бердік табыс етті мал шаруашылығын дамыту бағдарламасын әзірлеуді тапсырамын табыс тілеймін үстіне біздің сот жұмысын ұйымдастыру жөніндегі нұсқаулық сайт картасы жол жүру бағыты қазақстан республикасының президенті нұрсұлтан назарбаевтың қазақстан халқына жолдауы мемлекеттік рәміздер мемлекеттік сатып алудың субъектісі болып табылады не оны жұмыстан босатуға әкеп соқтырады табыс етті мал шаруашылығын дамыту бағдарламасын әзірлеуді тапсырамын табыс тілеймін үстіне біздің сот,,kk,appstore,1,kazsandra
kas-pla047739pla,"Косымша оте керемет дурыс жолга тусе алмай журген ана-акелерымызге,бауырларымызгаагаларымызга-ынылерымызге,апке-карындастарымызгакоп комегын берды Машшаллах деп кеттейкшы.",,kk,appstore,1,kazsandra
kas-pla024580pla,"Приложение өзі жасамай қалады, оны қайта ашу үшін проблема фоторегистация, бірнеше рет өтесің қолың мен көзің талады камерага карап карап. Еще не распознает деп шыға береді, дұрыстасаңыз. Кішкене ойланып қараңыз. Мен уйде очкимен түспейтін шығармын. Итак жарық жерде отырмын.",,kk,appstore,0,kazsandra
kas-pla110743pla,"Әлі жетілдіру керек, Дина базардан шыққан автобус С. Датовпен 2 минутта мерей аялдамасынан өтіп кетті, қалай сонда?",,kk,appstore,0,kazsandra
kas-pla099905pla,Мен биринчи жолу билип жатам😇😇😇,,kk,appstore,0,kazsandra
kas-kas001923kas,Керемет. Жолдасыма ұнады.,,kk,market,1,kazsandra
kas-pla028365pla,"Колёса.кз көбіне түнгі уақытта фон жап-жарық болады. Тёмный немесе Ночной режим қойсаңыздар,қатып кетер еді. Қарауғада ыңғайлы болады. Рақмет!!!",,kk,appstore,1,kazsandra
kas-kas024685kas,"Жеңіл, балондары тез жүреді, сапасы жақсы. Көп жол жүргендіктен жолға алып жүруге бізге ыңғайлы коляска. Кішкентай, тез жиналып тез ашылады. 2 күнге ерте алып келді. Көп рахмет!",,kk,market,1,kazsandra
kas-pla039352pla,Құдаи жолыңды ашсын✊,,kk,appstore,1,kazsandra
kas-pla034031pla,Рахмет жолды нақпа нақ көрсетті.,,kk,appstore,1,kazsandra
kas-pla066201pla,НУРЕКЕ Б және басқа да көптеген елдерде тұрады екен деген ой келді рухани және компьютерлік мен олардың арасында кең таралған және басқа географиялық қабықтың мен де бір ғана мысал бола алады және басқа елді мекендермен автомобиль жолы өтеді деп аталады мен де бір ғана 222 мен 30 фре мен олардың арасында кең тараған түрі белгілі бір бөлігі ғана бар екен деп ойлап тапқан,,kk,appstore,1,kazsandra
kas-pla130054pla,Өте жақсы қосымша екен. бір жолда билет алуға 4адам емес оданда көбірек болса деп ойлаймын. Рахмет.,,kk,appstore,1,kazsandra
kas-fli001645fli,"үшінші рет алдым,осы жолы анама алып бердім, тамашалап пайдаланам, алсаңыз еш өкінбейсіз, өте ыңғайлы.",,kk,market,1,kazsandra
kas-pla030796pla,Салеметсиз бе оте жаксы рахмет Номерим азамматтык базасында тур и менин данныйым отбасым жолдасым балам барлык электронный турде тиркелип тур екен Жумыссыздыкка отиниш тапсырдым Алгысым шексиз рахмет 🤗,,kk,appstore,1,kazsandra
kas-pla093040pla,Варррсыкоосвеппааааааааыыыкңүүқһздьь свапреуув ен ғой деймін н және шетелдік және шетелдік компаниялардың да бір көрші апа мен тумағандар да бір өлең жолдары өтеді деп атайды әлек және компьютерлік техника локомотив да бар екен ғой деймін бұл бар даусы және мен және басқа елді бір да және екен даусы бұл деймін бір де елдермен елді жүйесі орнату өтетін қатынасады ма және аталады мен тумағандар да мен екен даусы деймін бұл бар осы ғой бұл кезде оның негізінде жүзеге асыруға қатысу арқылы өтетін,,kk,appstore,1,kazsandra
kas-pla110374pla,"Таксистер қабылдағасын келмеиді , кеибірі жолды узартып аиланып журеді бағыдарлама дурыс жасалмаған жетілдіретін тустары өте көп",,kk,appstore,0,kazsandra
kas-fli001932fli,Жаяу серуендеу кезінде заттардың сынғыштығы туралы алаңдамауға болады : біз үшін фонарь сенімді «дос» және қуатты жарық көзіне айналды. Бағасы мен сапасы сай.,,kk,market,1,kazsandra
kas-kas020450kas,"Шаңсорғыш керемет. Алсаңыз өкінбейсіз. Шаң соруы жақсы. Бірнеше насадкалары бар. Контейнеріндегі су шаңды өзіне жинап, құрғақ ұшуына жол бермейді. Маған ұнады",,kk,market,1,kazsandra
kas-kas000417kas,Жолдасымның бел омыртқа жарығы бар. Соған алдық. Нәтижесі бар сияқты. Күнделікті дайындалу керек.,,kk,market,1,kazsandra
kas-pla038522pla,"Тулпар кард 8 мкр и 10 мкр карточкага акша салсам туспейди вообще,неге ? Уже канша рет салп жатрм, чек береди но автобуста каражат жеткиликсиз дейды",,kk,appstore,0,kazsandra
kas-kas017738kas,"Паластан қоқыс таңдамайды, шаштарды да тазалап алады. Тапсырысым уақытынан ерте келді, өте жақсы, ұнады.",,kk,market,1,kazsandra
kas-pla110663pla,"Акшаны салып койдык , приложение загрузка болып ашылмайдыго, не ауша толей алмай не автобус карай алмай отырганын, канша рет кетирип костым",,kk,appstore,0,kazsandra
kas-pla110274pla,Бүгін менде мынандай жағдай болды 38 автобусқа отырдым оңай картчкамды қабылдамай қойды сонансоң онлайн телефонмен толей салсам билет берген жоқ. Енді мына қызықты қараңыз сол заматта оңай тексеретіндер келіп қайды менде билет жоқ қайта оңай карточкамды бассам алып тұр мен сонда 160тенге төледім соны дұрыстаңдар бомаса ақшамды қайтарыңдар,,kk,appstore,0,kazsandra
kas-kas011880kas,"Бағасы. Генераторды алғасын мүлдем жарық сөнбей қойды.Дөңгелегі жоқ, екі адам болмаса ауыр, қосымша кілт құралы жеткілікті салған керемет, ішінде 16А, 32А бар.",,kk,market,1,kazsandra
kas-kas017192kas,Су кетеді трубка астынан.,,kk,market,0,kazsandra
kas-gis002853gis,"косметологиялық клиникасы Шымкент қаласында ашылғанына өте қатты қуаныштымын!Есіктен кіргеннен қыздар жылы жүзбен қарсы алып, алғашқы рет келгенім үшін анкета толтырғызды. Қалауыңызша ыстық шәй,кофе немесе су ұсынады. Өз ісінің білікті маманы дәрігер Динара Нархозиеваға алғысым шексіз! Таза, құлаққа жағымды әуені бар, әдемі, жайлы және жарық клиника!Proface клиникасы тек өркендей берсін!",,kk,mapping,1,kazsandra
kas-pla101626pla,"Алла разы болсын, ол біздің бәрімізге, отбасыларымызға тура жол берсін!",,kk,appstore,1,kazsandra
kas-pla008188pla,Осы грамға табыс тілеймін балаларыныздын и папа новый серий курс жайлы қабылдау құжаттары экономикалық факультет экономика факультетінің құрамына өтті бүгін айфон қазақстан мен ресей федерациясының президенті владимир путинмен кездесті бүгін айфон қазақстан мен ресей федерациясының президенті владимирович табыс тілеймін ң еңбек ң о ө қасқа жолы көшесі бойынша монетарлық шолу әлеуметтік нысандардың құрылысы инфрақұрылым құрылысы тарифтік саясат негізгі бет мен қадағалау агенттігінің кеңесшісі дж,,kk,appstore,1,kazsandra
kas-kas021599kas,Қоқыс мен шаңды жақсы сорады.,,kk,market,1,kazsandra
kas-kas010421kas,"Жолдасыма ұнады, бәрі жинақты, ойымыздағыдай.Алуға кеңес беремін.",,kk,market,1,kazsandra
kas-kas017126kas,"Кілемдегі шашты алмайды, қайтадан артынша щёткамен жинап аламын.Өте жақсы деп айта алмаймын, орташа, қоқысты жақсы алады, күнделікті баласы бар үйге болады.",,kk,market,1,kazsandra
kas-kit003474kit,"Кітаптің жарық көргеніне 25 жылдан асқанына қарамастан, оның мазмұны бүгінгі күнге дейін өзекті. Оны оқып қана қоймай, барлық ақпаратты өзіңіз арқылы өткізіп, өміріңізге енгізуге тырысу керек. Егер сіз өз өміріңізді ұйымдасқан және атқарып жатқан жұмысыңызды нақты және тиімді еткіңіз келсе, онда мен Сізгі бұл туындыны оқуға кеңес беремін.",,kk,bookstore,1,kazsandra
kas-pla053686pla,Өте керемет.Маған көмектесіп жатыр. Есептерді шығару жолымен көрсетеді.🙂👍,,kk,appstore,1,kazsandra
kas-kas003591kas,"Тістің тесік, бұрыштарына кіріп, жақсы жуады. Заряды ұзаққа жетеді.Тіс жуып жүріңдер, автобуста өмірімізді қиындатпай.)",,kk,market,1,kazsandra
kas-pla110118pla,Жақсы. Енді жол кептелісін көрсетсе керемет болар еді,,kk,appstore,1,kazsandra
kas-pla037664pla,Шаш бояу үшін сурет таңдап болған соң 1 дегенді қайттан басып + басамыз сосын үш жазу шығады ортасын басып шашты бояймыз бояп болған соң қаламның суретін басқанда мәзір шығады фильтер дегенді басып гаусовое бірбәле дегенді басып 11 апарамыз и сосын мякий свет дегенді бассақ шығады оп оңай 👍🏻👍🏻👍🏻👍🏻👍🏻👍🏻,,kk,appstore,1,kazsandra
kas-pla030535pla,"Е-өтініш арыз жолдау мүмкін емес, ""қосымшаға тез кіру үшін код енгізіңіз"" деп шығады қандай код терсекте дұрыс емес деп тұр.",,kk,appstore,0,kazsandra
kas-gis003888gis,"Салеметсіздерме! Сіздерге алғысым шексіз! Жұмыстарыңыз өте керемет, адамдарға ыңғайлы, автобус , машина болсын, тіпті жаяу жүрсеңде керемет! Рахмет!",,kk,mapping,1,kazsandra
kas-pla030284pla,Өте нашар қолданба менің атыма тіркелген нһмерімді жазып кірейін десем жсн ге тіркелген нөмір бұрыннан бар диді бірақ ол нөмірім давно мусорға кетіп қалған жаңа тіркелген нөмрмен нехуя тіркемейді сукалар,,kk,appstore,0,kazsandra
kas-kas009900kas,Жақсы тауар екен. Жолдасыма қатты унады. Қолданып көрген жоқпыз.,,kk,market,1,kazsandra
kas-pla110257pla,Салеметсізбе приложение 5 но интернетсиз истесе жаксы болар еди.Карта автобустарды дурыс көрсетпейді.Соны түзесеңіздер. Рахмет іске сəт.,,kk,appstore,1,kazsandra
kas-kas003122kas,"Пікірлерге қарап алып едім, шынымен де көмектесті!Ұнады. Жолдасыма да аламын деп шештім.",,kk,market,1,kazsandra
kas-kas004300kas,Жолдасым қуанып қалды. Рахмет Каспи.,,kk,market,1,kazsandra
kas-pla019472pla,Очень дорого связь өте кымбат халыктын калтасы котермейді ондай суммага 3690 айына кымбаааааат,,kk,appstore,0,kazsandra
kas-pla130905pla,Мен Қыздарға қарсы шыға алмаймын қыздың жолы жіңішке😍😘😘😘 жаздар сол балдар қыздар,,kk,appstore,1,kazsandra
kas-kas001918kas,Жолдасымның туылған сыйладым. Сыйлығым өте ұнады исі де жағымды және ұзақ сақталады екен.,,kk,market,1,kazsandra
kas-kas000814kas,"Өте жақсы фонарик, ыңғайлы, жарық.",,kk,market,1,kazsandra
kas-kas012513kas,"Фильтр өте жақсы, қалалық трубадан келеді су, оның ішінде тат, шағын металл бөліктері бәрі болады, фильтр ұстап қалады 5 микрон, кір жуғыш машинаның клапанының ішіне қоқыс тұрып қалса, суды ұстамай қалады, сол үшін фильтр кою керек ағайын!",,kk,market,1,kazsandra
kas-pla048541pla,"Алла разы болсын! Өте керемет қосымша. Алла білімдеріңізді арттырсын, тура жол нәсіп етсін!",,kk,appstore,1,kazsandra
kas-pla047397pla,Аллах разы болсын Ұнады ұқыпты ыңғайлы жарық жақсы безендірілген пайдалы Аллах разы болсы,,kk,appstore,1,kazsandra
kas-fli001016fli,"Жақсы дәптер, жолдары анық сызылған. Бастауыш мектеп оқушыларына өте жақсы. Үлкен рахмет!",,kk,market,1,kazsandra
kas-kit003752kit,"Қайран қазағым! Абай жолы Абайдай дананы болашаққа дайындаған екенгой. Тыңдап отырып қуаныш, қайгы, ыза, кек айагына дейын тыңдап не болар екен деп тыңдай бергізеды...",,kk,bookstore,1,kazsandra
kas-pla050301pla,Зор ашпацт дегендерге ашу жолы:логин және де құпия сөзді жазу керек оны апайларнаң сұрасаңдар болалы.Егер сен блм лент болса удалетпей ақ қойыңдар соны жазаңдар болады.И сосын пароль сұрайд мысалы басында парольді жазба мысалы туған күнің ба жылыңды қой жылыңды қойсай крч ұмытпайтын пароль қойсай.И сосын ашық.😈,,kk,appstore,1,kazsandra
kas-pla063354pla,Тіркелейін депбір жолғы құпия сөзді жазып астына жаңа құпия сөз жазсаң кіру деген е батырма жоқ е өздігінен кірмей қатып тұрат.осыған жауап алсам өшіріп дұрыс баға қоям кәзірше 0,,kk,appstore,0,kazsandra
kas-pla127049pla,"бұл жолғы обновление мүлде ұнамады... удалить етіп, интернеттен бұрынғы версиясын алдым. әр обновление жүрген сайын бұрынғылары жақсы еді деген ойда болам. бірақ, клава маған қатты ұнайд 💕💕",,kk,appstore,1,kazsandra
kas-pla110735pla,Автобустарды дурыс корсетпейт,,kk,appstore,0,kazsandra
kas-kas014861kas,"Жақсы үстел, тегіс, аппақ, әдемі, жолдасым өзі оп-оңай құрып алды, рахмет! Уақытынан 5 күн бұрын жеткізілді.",,kk,market,1,kazsandra
kas-kas025065kas,"Керемет сөз жоқ. Қатты ұнады, рахмет, жаңбырдан қорғайтыны, сеткасы, матрасы, жылулығы беретінін білмеппін, керемет, ұлым 9 ай түспей жылайды.",,kk,market,1,kazsandra
kas-kas025175kas,"Өте ыңғайлы, тез жиналады, машинамен автобуспен жүргенде жинап алуға болады. Балаға қалаған режимінде қозгауға болады, сапасы жақсы",,kk,market,1,kazsandra
kas-pla038211pla,Өте жақсы айколык ұсынылған дүние барлық халыққа ыңғайлы үйде отырып автобус қайда келе жатқанын көріп отырады,,kk,appstore,1,kazsandra
kas-pla111009pla,"Өте жақсы такси. Шақырғанымда тез келді. Қызмет көрсетулері өте керемет. Баратын жеріме ең қысқа жолмен, тез жеткізді. Маған ұнады. Енді тек осы таксиді шақырамын. Сіздергеде кеңес етемін.",,kk,appstore,1,kazsandra
kas-pla110153pla,Өте нашар болып кетті. Автобус көрейін десем ашылмайды,,kk,appstore,0,kazsandra
kas-pla127789pla,"Өте ыңғайлы қосымша. Уақыт үнемдеп, тез хабарлама жолдауға үлкен мүмкіндіктер бар. Бұрын хабарлама жазуға ерінуші едім. Қазір сөздің бастапқы әріптері жазылғаннан-ақ бірнше нұсқадағы сөздер шығып өзіңе қажетті сөзді тез табасың.Рахмет! Дамып-жетіле берсін!",,kk,appstore,1,kazsandra
kas-pla130201pla,Жаксы жумыс жасайсыздар. Алла жар болсын жолдарыныз ар кашан зеленый болсын Жд баскарып отырган басшыларга мың да быр алғыс,,kk,appstore,1,kazsandra
kas-pla047051pla,Алла жолында еңбек етіп жүрген жандарға Алланың нұры жаусын оқыған намаздарыңыз қабыл болсын сиздерди үнеми Мухаммет пайғамбар с. А с. Ның сахабаларына ұқсатамын сіздерге Алла разы болсын.,,kk,appstore,1,kazsandra
kas-map001684map,"Өте жақсы саябақ. Балаларға ойнайтын тегін орын алаңдары көп. Әртүрлі жастағы балаларға бөлек-бөлек жасалған. Жетісудың танымал жерлерін көрсететін ескерткіштер бар. Барлық талаптарға сай, адамдарға қолайлы саябақ. Скейт алаңы да бар. Жүгіретін, ролик, велосипед тебушілер арналған жолдар бөлек жасалған. Ішінде тамақтану орындары бар.",,kk,mapping,1,kazsandra
kas-pla090357pla,Гмгпнп М ем Лтощги Орган Шр нан Қр президентінің жолдауы кадрлармен қамтамасыз ету ынтымақтастық қр президентінің облыс әкімінің орынбасарлары әкім аппараты облыстық,,kk,appstore,1,kazsandra
kas-map000427map,"Бəйтерек күшті салынған бəрі жақсы. Тек лифтіні до конца шарына дейін салу керек деп ойлаймын. Себебі инвалид адам шарына бара алмайды, немесе шарға көтерілетін баспалдағын пандус ету керек. Жолдасым шарына шыға алмады. Коляскада отыратын болғандықтан.",,kk,mapping,1,kazsandra
kas-gis002081gis,"Жақсы дүкен екен. Орналасқан жері өте ыңғайлы. Товар ассоримкеті көп.Осы жерден кофемашина алдым. Сатушылары өте сыпайы, Гүлден деген сатушы қыз, кофемашина туралы барлық ақпаратты айтып берді. Келесі жолы тек осы дүкенге келетін болатын",,kk,mapping,1,kazsandra
kas-pla046156pla,"Маған бұл праграма ұнап жатыр басқаларға да ұнайт деген ойдамын😁 Ешқашан да Алланың жолынан таймайық, 🕋",,kk,appstore,1,kazsandra
kas-gis002077gis,Тауарды кері қайтарайын десем алмай қойды. 14 күн ішінде олар тауарды қайтаруға міндетті. Заң бұзушылыққа жол берді. Енді Мечтадан тауар алмаймын!,,kk,mapping,0,kazsandra
kas-pla101022pla,Арықтау жолдары,,kk,appstore,1,kazsandra
kas-pla064748pla,"Алдағы жылдарда Unity Программасынан басқа программаларда жұмыс істеуге тілектеспін🙏 Себебі: Мусоркалардың ішіне тығылсаң Бот суреттің обьекті арқылы оп оңай өлтіреді, ал былай Ойын Өте К.Е.Р.Е.М.Е.Т !!!❤️❤️❤️",,kk,appstore,1,kazsandra
kas-pla056168pla,Үш вниа6 с мен де бір түрі болып келеді және басқа елді мекендермен автомобиль жолы арқылы қатынасады мен оның үстіне ол кезде мен оның үстіне бұл жерде де осы орайда және басқа елді мекендермен автомобиль жолы арқылы жүзеге асады мен де бір түрі болып,,kk,appstore,1,kazsandra
kas-pla038254pla,Қанша уақыта келеді сол маңызды сосын толық автобустар жоқ,,kk,appstore,0,kazsandra
kas-kas012986kas,"Өте жақсы, сапалы.Уақытынан бұрын әкеліп берді, лифт бұзылып тұрса да, есікке дейін жеткізіп берді, рақмет!",,kk,market,1,kazsandra
kas-kas027753kas,"Тауар уақытылы келді. Рахмет үлкен. Жолдасыма қатты ұнады, супер.",,kk,market,1,kazsandra
kas-pla032115pla,"Кошеден Теле2 номер сатып алдым акциямен 3 ай бойы 50% скидкамен деген сон еки номер 1000 тенгеден алдым, уйге келгесин бирин кызыма екншисин балама косып береин десем ол номер меним атыма тиркелмиди сосын КОЛЛ Центрге телефон соксам ол номерлер баска биреудин атында Сол адамды ертип Кел Диди, ол ким вообще??? Танымайм кормегенмин))) Солай алданып Теле2 емес МУСОР сатып алган екенмин сразу мусорга Кетти, тиын жалко емес 2000 тенге калтамнан да тусип калады просто обидно болды",,kk,appstore,0,kazsandra
kas-kas015816kas,"Өте керемет құрал. Балаға жақсы екен, дыбыссыз жасайды. Жолға өте қолайлы, батарейкамен жасайды.",,kk,market,1,kazsandra
kas-pla082557pla,Зор ойын бірақ миің ашып кетеді алты емес 8 дос қылса зор болар еді маймыл панда қосылса зор болар еді бірақ ойында тез ұтылады екен автобус жай толады екен бұл ойында қызық бірақ ақша жинау қиын бірақақ бұл друзья том зор екен 👍😊👍👍,,kk,appstore,1,kazsandra
kas-pla108208pla,Осыдан бұрын 5 жұлдыз қойған болатынмын. Дөрекілігіңізге жол болсын,,kk,appstore,0,kazsandra
kas-kas015481kas,Күндіз түні киюге болады. Жарық қылып көрсетеді екен.Тауар жақсы. Бірақ басы үлкен адамдарға арналған екен. Маған үлкен болып қалды.,,kk,market,1,kazsandra
kas-pla038236pla,"Жақсы приложение. Автобустардың қайда келе жатқанын көріп, алдын ала дайындалып отырасың. Рахмет.",,kk,appstore,0,kazsandra
kas-map003867map,Жолда жүру ережесін сақтау керек,,kk,mapping,0,kazsandra
kas-kas003418kas,"Өзінің бағасына өте жақсы подводка.Тез кетіп қалады, водостойкий емес.",,kk,market,1,kazsandra
kas-pla086922pla,Керемет маған ұнады іш пыспайды бастырсаң өкінбисің шын айтам ұзақ жолға арналған ойын,,kk,appstore,1,kazsandra
kas-pla112365pla,🍑🍑🍑 Салем қалайсыздар ораза ұстаған және басқа елді мекендермен автомобиль жолы арқылы қатынасады және оның ішінде қазақ тілі терминдер сөздігі және басқа елді мекен еткен болатын болса екен деген атпен,,kk,appstore,1,kazsandra
kas-map003885map,Гипермаркетте жұмыс жолға қойылған. Мен толық қанағаттанамын. Тек продукт алып шыққаннан кейін машина күткенде отыратын орындықтар болса. Әйтпесе ішінде ұзақ жүреміз. Такси келгенше дем ала тұратын орындық іздейміз,,kk,mapping,1,kazsandra
kas-pla019694pla,"Центр кредит банкка ренжулымін. Абай 4 ванкомат дурыс жумыс істемейді куныне неше рет жумыстан суранып барып кайтамыз. 505 байланыс телефоны бойынша хабарласу 30 минут уакытымызды алады трубканы 20 минутта арен алады. Кызмет өте нашар , депозиттін % төмен.",,kk,appstore,0,kazsandra
kas-pla051860pla,Оқушыларға ыңғайлы болғанымен қаншама оқушы тапсырма жибере алмай отыр. Тапсырманы алу оңай болғанмен жіберу қиын. Неше күн Орындаған сабағымды жібер алмай отырмын жіберу жағын женілдетсе екен сонша уақытым кетпес еді. Мұғалімдер тапсырманы тапсыр дейді қалай тапсырамын. Басым қатып кеті ғой. Сіздерде де солай ма оңай жолы болса айтыныздаршы,,kk,appstore,0,kazsandra
kas-map003524map,"Жақсы кең, жарық. Тамақтарыда дәмді екен. Ұнады.",,kk,mapping,1,kazsandra
kas-pla036831pla,Жолы болсын.,,kk,appstore,1,kazsandra
kas-kas001535kas,"Өте ұнады, арзан бола тұра өз қызметін толықтай атқара алады екен. Жолдасыма сыйлаған едім. Рахмет!",,kk,market,1,kazsandra
kas-pla117717pla,Ассалаумағалейкум бауырлар программа өте жақсы. Тек орысша тілді и қазақша тілді қоссаңыздар дұрыс болар еді қазақ бауырларыңызға сіздерден жақсы заттар онлайын заказ бергенге жақсы жол жасап берсеңіздер дұрыс еді Ассалаумағалейкум бауырлар,,kk,appstore,1,kazsandra
kas-map002552map,"Динаның ішінде жол жүру нашар, мүмкін емес, ремонт талап етем...",,kk,mapping,0,kazsandra
kas-kas003786kas,"Ықшам, ұқыпты жасалған айна, әртүрлі жарық береді.Ең бастысы қызыма ұнады. Алуға кеңес беремін.",,kk,market,1,kazsandra
kas-pla023853pla,"Бул бир тамаша болды. жолымды кыскартты, уакытымды унемдеди. Енди бул банкты казакша дамытса разы болар едик.",,kk,appstore,1,kazsandra
kas-kas027755kas,"Шиналар шулы, жолды жақсы ұстайды.",,kk,market,1,kazsandra
kas-pla063133pla,"Неге жаңартқыза бересіздер? Жаңартқан соң да жұмыс істеуі қиын. Ана жолы тіптен ашпай әрең жаңадан скачать еттім, скачать та етілмеді. Обновит ете бермеңіздерші",,kk,appstore,0,kazsandra
kas-pla127848pla,"Бұл программа өте керемет! түрлі түрлі пернетақталар, қазақша стикерлер, барлығы мен қалағандай, нағыз қазақтың программасы, мұнда әзіл ордасындағы жүрген ағаларымыздың да түрлі іс әрекеті бар, істеріңізге сәттілік! Барлық жолы қарастырылған! сіздерге берер кеңесім бұл программаны дәл қазір жүктеп алыңыздар 🔥",,kk,appstore,1,kazsandra
kas-pla121802pla,Ен күшті әртүрлі светке орналасады екен,,kk,appstore,1,kazsandra
kas-pla038188pla,"Біресе әжептәуір істеп қалады, Біресе ашылмай қатып жатады ,соңғы кезде барлық автобусты бір бағытта ғана көрсетеді, қайсысы қай жерде келе жатқанын біле алмайсың",,kk,appstore,0,kazsandra
kas-pla061301pla,өте керемет ойын маған қатты ұнады менің құрбым ойнаған осы ойын арқылы екі құрбыма сəлем жолдаймын,,kk,appstore,1,kazsandra
kas-pla110463pla,Апаруды ойлап тапқан шешеңді сыйлайындар бұл не?! Жол ақысы қалайша сонша өсіп кетеді? Мыналарың масқара ғой шешелеріңе рақмет.,,kk,appstore,0,kazsandra
kas-kit004547kit,Өмір сүрудің жолдарын жеңілдетуге пайасы мол кітап. 👍,,kk,bookstore,1,kazsandra
kas-kas010933kas,"Тамаша, жеңіл қолданып жүр.Менің жолдасымға арналған сыйлық болатын. Алғашқы бензопиласы. Жолдасымға ұнады. Каспиге рахмет!",,kk,market,1,kazsandra
kas-pla110415pla,"Жақын жердің өзіне қымбат шығады және жүргізушілер де ұзақ жолмен жүреді.Яндекспен 270,320 шығатын жерге де қымбат аласыздар",,kk,appstore,0,kazsandra
kas-gis004148gis,Барлығы зор пойыз жолдың қызметшылерыде маган жахпаганы рестаранга аднаразывый ыдыста тамак жегызбес екен лейкын барлыгы жаксы,,kk,mapping,1,kazsandra
kas-pla037941pla,Өте тамаша. Жол жүру ережесін үйренемін деген адамға өте қолайлы.,,kk,appstore,1,kazsandra
kas-kas016435kas,"Салып ұстайтын сөмкесі жоқ, сол ғана жеткіліксіз.Бұрын болған. Осы жолы тағы да осы түрін алдым. Көршіме де алдым. Тез арада жеткізді. Жеткізушіге көп рахмет. Алғысым шексіз.",,kk,market,1,kazsandra
kas-pla058518pla,Қалай ашылатын жолың біліп алдым😀🥰😀🥰😋🙃,,kk,appstore,1,kazsandra
kas-kas019442kas,"Маған ұнаған жоқ, мусор жинайтын чашкасы - әшейін қап, ыдыс емес. Суретте толық көрсетілмеген соң мен білмей алып қойдым.",,kk,market,0,kazsandra
kas-pla103651pla,Машалла. Твғы бір ұсынысым бар .зікірді көбінесе электронный тәспімен айтамыз.соны жәй ғана минусават етудің жолы бар ма.мысалы сол санды тағы теріп отырып та уақыт кетеді,,kk,appstore,1,kazsandra
kas-pla113308pla,Өте керемет.Мен жарық жоқ кезде өзімнің сүйікті арнамды көре аламын,,kk,appstore,1,kazsandra
kas-kas017750kas,"Шаңсорғыш бізге ұнады, алдыңғы жазбалардан щеткасы қысқа деп, оқып қорқып ем дұрыс тазаламайтын шығар деп, жоқ жақсы тазалайды екен. Шағын ғана, өте ыңғайлы, балалар жұмыс істеуіне де ыңғайлы. Арзан болса да, сапалы.Тез толып қалады.Жиі-жиі фильтрін, қоқыс жинайтын ыдысын тазалап отыру керек.",,kk,market,1,kazsandra
kas-pla011167pla,Сәлем береді деп атайды және басқа елді мекендермен автомобиль жолы арқылы жүзеге асады мен де бір түрі болып келеді және басқа елді мекендермен автомобиль жолы маған көмектесіп іжберндершы мені ұрлап кеті Астана қаласы Хан шатырша қамалып отырмын,,kk,appstore,1,kazsandra
kas-gis000963gis,"өте тамаша. Бешбармақ,Жібек жолы сорпасы өте дәмді, естен кетпес дәм. Официанттар өте сыпайы әсіресе бізге ұнағаны бір сары қыз. Дами берсін.",,kk,mapping,1,kazsandra
kas-pla100226pla,Рақмет осының арқасында прес шықты прес шыққанын қалап жүр едім сіздерге көп рақмет ендігі жолы күш күбейтетін жүктеп алам сіздерге өте көп рахмет мен осы жатығуларды күнде істеймін осы жатығу достарыма үйрететін алғысым шексіз мен не айтарымды білмеймін,,kk,appstore,1,kazsandra
kas-kas021711kas,"Өте жақсы, ұнады, күшті. Артынан бір қоқыста қалмайды.",,kk,market,1,kazsandra
kas-pla020255pla,Саламатсызба мен жолдан өт ойынын ойнаған болатымын 30 ұпай жинаған боллатынмын бірақ гб берген жоқ😕,,kk,appstore,1,kazsandra
kas-pla053632pla,Кет котағмды жеми мусорный жәшік ұқсамайм дым жазбайм,,kk,appstore,1,kazsandra
kas-pla033920pla,Бағалар неге сонша қымбат ? Кунделікті журетін жол бағаны өлгендеи шарықтатып жіберген .,,kk,appstore,0,kazsandra
kas-kas019265kas,"Басында 3-4 күн жақсы тазалады, одан соң мүлдем қоқыс тартпай қалды.Алуға кеңес бермеймін.",,kk,market,0,kazsandra
kas-pla130005pla,Молодцы темир жол компаниясы,,kk,appstore,1,kazsandra
kas-pla038003pla,Жол акымнын жартысын бонус аркылы шакырдым брак жеткен кезде таксис бонусым туспеди деп менен толык акшаны сурады. Бонус жагын шешип алсаныздар бонус пайдалана алмасак оны шыгармау керек 5 жулдыз еди 2 тусирдим,,kk,appstore,0,kazsandra
kas-kas001948kas,"Жолдасыма ұнады, күшті.",,kk,market,1,kazsandra
kas-kas001040kas,Жақсы екен. Заказ дәл уақытында. Бізге ұнады. Жолдасым балаларды отырғызып алып мектепке апарып келіп жүр.,,kk,market,1,kazsandra
kas-pla110173pla,Автобус маршрут көру қиын ұзақ ашылады,,kk,appstore,0,kazsandra
kas-map002256map,Жол жөндесе жақсы жер!,,kk,mapping,1,kazsandra
kas-pla059857pla,Nurel жол да,,kk,appstore,0,kazsandra
kas-pla006531pla,кейбір жағдайларда ғана жол беріледі,,kk,appstore,1,kazsandra
kas-pla038155pla,Айколыктервн куады келе жеткан автобусым жок болып кетет,,kk,appstore,0,kazsandra
kas-kas003781kas,Рахмет жолдасыма қатты ұнады.,,kk,market,1,kazsandra
kas-pla048236pla,"Ассалаумағалейкум! Өте ыңғайлы ұялы желі бірақ, оқитын жері яғни пайғамбардың (с.а.у) өмірбаянын оқиын десен өте қатты жарық екен... осы шамалы жабықтау түске ауыстырсаңыз... рахмет",,kk,appstore,1,kazsandra
kas-kas005608kas,"Өте керемет, жолдасыма ұнады, енді балам тапсырыс берем деп жүр...",,kk,market,1,kazsandra
kas-pla127567pla,Өте керемет программа)таза қазақша жазудың ең оңай әрі тиімді жолы),,kk,appstore,1,kazsandra
kas-kas025043kas,"Жақсы, өте ынғайлы, тез жиналады, чемодан етіп сүйреуге болады.Басында шошып кеттім, бір дөңгелегі бөлек тұрғанында брак деп ойладым. Сосын жолдасым келгесін, дөңгелегін салып берді.Жақсы, маған ұнады.",,kk,market,1,kazsandra
kas-pla092913pla,Ойын керемет бірақ осы ойынның 21-інші нұсқасындағыдай UCL ойындарын қоссаңдар және SBC-ға көбірек пактарды коссаңдар жақсы болатын еді Айтпақшы тағыда айта кететін зат Драфтты жеңу өте қиын сенің құрамаң мықты болса да Әлсіз құрамалардан жеңіліп қаласың осыны түзулеудің жолдары барма,,kk,appstore,1,kazsandra
kas-pla060121pla,Кушти шыгарган адамнын жолы ашык болсын,,kk,appstore,1,kazsandra
kas-kas001527kas,"Жолдасыма алғам, ұнамады, аллергия және ыңғайсыз дейді.",,kk,market,0,kazsandra
kas-pla055618pla,"Бибі ара, жарық мен",,kk,appstore,1,kazsandra
kas-kas001973kas,Иісі жақсы.Иісі ұзақ тұрмайды.Жолдасыма алғанмын. Жылдам жеткізді.,,kk,market,1,kazsandra
kas-kas016508kas,"Қолдануы қарапайым, өз сипаттамасына сәйкес. Ақаусыз жұмыс істеуде. Каспиге үлкен алғысымды білдіремін. +100 тест жолағымен алу керек екен кейбір жазба шолуға қарап тест жолағының жарамдылық мерзімі біткелі тұр дегенге сезіктеніп қалып едім бекер екен. Жолақтардың мерзіміне әлі бір жылдай бар екен. Глюкометрді уақытында жеткізді.",,kk,market,1,kazsandra
kas-pla110712pla,"Автобустардың барлығы жын боп кеткен,,,, жетіп келед де жоқ боп кетед.....",,kk,appstore,0,kazsandra
kas-kas027620kas,"Жаман емес секілді, алайда аздап шуылдай да тас жолда. EMS Post үйге дейін жеткізіп бермейді.",,kk,market,1,kazsandra
kas-pla025659pla,"Мен өз нөмеріммен каспий предложениясына кіре алмай жатырмын, мамам телефонын, ұрлатып алған соң, менің номерім арқылы заявка тастағанбыз телефонға, и сосын мама артына тіркеліп кетіпті менің предложениям, кіре алмай жатырмын, не істеуге болады, жолдарын көрсетіп жіберсеңіздер.",,kk,appstore,0,kazsandra
kas-pla072643pla,Мен ойынды жарнамадан көріп қалдым ойын керемет секілді мен ответтер көріп оданда көп қызығушылығым арты ойын керемет мен бұны 4жұлдызға бағалаймын маған қаты үнады брақ бір << - >> бар бұл ойында графика жақсы емес сол үшін мен бүны 4жұлдыз қойдым Администрациилар сіздерге көп рақмет осы ойынды жарықа шығарғандарыңызға🤩 ойын керемет мен жарнамадан көріп кішкене қататынын графиканы өте төмен дер едім,,kk,appstore,1,kazsandra
kas-gis004619gis,Вокзалды кашан кап ремонт жасайды? Сыртын адам көретін жоқ алақ жолақ болып жатыр.Киелі манғыстауым жан ашыр адамдары барма??? Администрация кайда карайды екен??,,kk,mapping,1,kazsandra
kas-kas020509kas,"Өте унады, жақсы екен айтарға соз жоқ бұрынғы пылесостарым жолда қалдығой күшті екен, рахмет сіздерге.",,kk,market,1,kazsandra
kas-kit000327kit,"Абай жолы 1-томы ашылмайды, сол жағын дұрыстаңыздар.",,kk,bookstore,0,kazsandra
kas-pla108939pla,Аллаға бастар жол,,kk,appstore,1,kazsandra
kas-kit005235kit,Өте тамаша! Мен Абай жолын ұзақ оқығым келіп еді. Маған өте жақсы көмектесті. Көп рақмет!,,kk,bookstore,1,kazsandra
kas-pla117837pla,Не істеп жатсып мен сойсесіп және оның аумақтық органдары заңнама қазақстан республикасының конституциясы қр президентінің жолдауын жүзеге асырады табыс етілді мен сойсесіп және оның аумақтық органдары алматы қаласының әділет департаменті алматы қаласы бойынша мемлекеттік білім беретін мектептер кәсіптік мектептер және колледждер жетім және әлеуметтік бағдарламалар бөлімі мм экономика және бюджеттік жоспарлау бөлімі қаржы бөлімі құрылыс бөлімі мәдениет және тілдерді дамыту бөлімі мм,,kk,appstore,1,kazsandra
kas-kas020676kas,"Пылесос өте керемет. Палас бетіндегі қоқысты жақсы сорады.Бір ғана ұнамаған жері - ұзақ саптан тоқ ұрып тұр. Басқа жері көңілімнен шықты, рақмет.",,kk,market,1,kazsandra
kas-pla110661pla,Қазақ тілі жоқ. Баяу жұмыс істейді. Ақшаны каспи голдпен төлейін деп оплатитті бассам автозаполнение жоқ. Карточканың нөмірін өзім толтыруым керек. Картадан автобустардың орнын көрсетпейді. Тек аялдамалар. Карта өте жай ашылады. Главный экранда доступный баланс әрқашан 0₸ деп тұрады. Мои поездки деген жерде ештеме жоқ. Служба поддержкидегі почта мен телефонның астындағы кнопкалар істемейді.,,kk,appstore,0,kazsandra
kas-pla013498pla,"Өте қолайлы,ыңғайлы.Кез келген уақытта керек нәрсені басқа адамға жолдай аласың.Тіпті видеоқоңырау шалуға да болады.Керемет!",,kk,appstore,1,kazsandra
kas-fli000945fli,"Бул тушь сал нарсеге былганып, коздын айналасына жагылып калады екен, водостойкий касиети жок, бырак быр жаксысы бояганда адеми бояйды, кылдары жынышке ари сирек.",,kk,market,0,kazsandra
kas-pla062412pla,Самый худший банк! Енді жоламаспын!,,kk,appstore,0,kazsandra
kas-kas015663kas,"Мен мусорға лақтырдым, ұнамады.",,kk,market,0,kazsandra
kas-pla035747pla,"Глобус Мобайл дейтын приложение скачивайтандар реальный акша стейсындер бырыншы суракка шакырган жолдасын дегенге ""mustafanov"" деп жазасыныздаршы отiнем",,kk,appstore,1,kazsandra
kas-pla036897pla,Бұл жолы барі ұұ,,kk,appstore,1,kazsandra
kas-pla061900pla,Автобус жане басқада банктерге Төлем жасай алатын қылса жақсы болареді каспи секілді,,kk,appstore,1,kazsandra
kas-pla070202pla,Аса ірі экспорттық өнім берушінің нұсқаулығы анықтама ақпараттары сенім телефондары жалпы ақпарат мәдени құндылықтарды уақытша әкетуге рұқсат беру туралы шешімі қабылданды тиянақты әрі кәсіби білім беру және біліктілікті арттыру мәдениет мәдени мекемелер жүйесі шығармашылығын дамыту жөніндегі ақпарат мәдени құндылықтарды уақытша әкетуге рұқсат беру туралы шешімі негізінде жер учаскесіне меншік құқығын тану туралы қазақстан республикасы президентінің жолдауы қабылданған😷😯🤒🤧🥳🤭☠,,kk,appstore,1,kazsandra
kas-kas019184kas,"Қоқыс, шаш - бәрін жақсы жинайды.",,kk,market,1,kazsandra
kas-kas018111kas,Маған ұнады. Жақсы салкындатып тұр. Тек су агатын трубкасы қысқа болды.,,kk,market,1,kazsandra
kas-pla030251pla,Программа қол жетімсіз әрі пайдасыз болды өз басыма. ВИДЕОПРОВЕРКАЛАРЫҢЫЗ АДАМДЫ ТАНЫМАЙДЫ. МЕН ӨЗ ПРОФИЛЬІМЕ КІРЕ АЛМАДЫМ СОЛ ҮШІН АКИМАТҚА КЕРЕК СПРАВКА ӨТКІЗЕ АЛМАДЫМ. ТЕК ЗАРДАПТАРЫҢ ҒАНА ТИЮДЕ НЕ БОЛСА СОНЫ ОЙЛАП ТАБА БЕРМЕҢДЕРШІ ӨТІНІШ.ЖАУАП КҮТЕМ БҰЛ МӘСЕЛЕ ҚАЛАЙ ШЕШІЛЕДІ. ПРОФИЛГЕ ИИНМЕН КІРУ ЖОЛЫН ҒАНА ІСТЕСЕҢІЗДЕР.,,kk,appstore,0,kazsandra
kas-pla127728pla,"Бұл қосымша маған қатты ұнады. Бірақ, мен осы клавиатураны тұрақты қолданысқа қойсам да, келесі жолы смартфонның стандарт клавиатурасы қосылып кете береді. Неге бұлай екен?",,kk,appstore,1,kazsandra
kas-pla070412pla,Кейбір жағдайларда ғана жол беріледі де онда бұл жаман ойын қотақбас бот нашар дамыған елдерде де бір кірпіш дүниеге жаңа келген,,kk,appstore,1,kazsandra
kas-pla089386pla,"Кар паркйнк жол ережелерін,не қауіпті не қауіпті емес заттарды үйретеді кар паркинк ойынының арқасында кәзір механика,автамат авта көліктерін айдай алатын боллым кар паркинк саған көп көп рахмет",,kk,appstore,1,kazsandra
kas-pla037153pla,Пюююююжзш және олардың арасындағы байланыс және ақпарат министрі болды ал оның ішінде қазақ тілі және әдебиет институтының директоры қызметтерін атқарды бірақ оның ішінде қазақ халқының дәстүрлі дүниетанымында ділі діні мен ділі мен діні бойынша бұл жерде де өсе береді де өзі біледі және біз қолайлы жағдайлар туғызды ал енді осы кезде Үндістанда кең тараған негізінен алғанда да көп болады жердегі барлық түрлері үшін үздік бітіріп шығады да бар бірақ бұл жолы да солай болса онда ол өңінде үлкен д,,kk,appstore,1,kazsandra
kas-pla049007pla,Бұл қосымша мектеп бітіруші түлектер үшін таптырмас қосымша🤩 Менің ойымша әр мектеп бітірушінің ұялы телефонында осы қосымша болуы міндетті🙃 Себебі бұл қосымша сізге аз балмен-ақ грантқа түсуге жол ашады☺,,kk,appstore,1,kazsandra
kas-pla129039pla,Осы жылдар ішінде ортақ пайдаланудағы автомобиль жолдарына сыртқы жарық түсіріп алған уақытты тиімді пайдалану тұжырымдамасы кері қайтарылды атырау облысы бойынша салық департаменті алматы қаласы бойынша мемлекеттік сатып алу туралы нормативтік құқықтық актілер мемлекеттік сатып алулар мемлекеттік сатып университет туралы құрылым сапа менеджменті бөлімі университет ғылыми үйлестіру және,,kk,appstore,1,kazsandra
kas-pla110190pla,Неге 35 деген автобус жоқ приложенияда Алматыда 35 қосыңыздаршы тезрек,,kk,appstore,1,kazsandra
kas-kas017853kas,"Кеш жарық, компактный, жеңіл, өте әдемі.Товарым уақытынан бұрын келді, алуға кеңес беремін.",,kk,market,1,kazsandra
kas-pla089467pla,Өте жақсы тек жаңартар кезде жаңа жолдар жасаса керемет болады,,kk,appstore,1,kazsandra
kas-pla126865pla,Өте жақсы! Тек ватсаптан текст тергенде текст жолағын төменге түсірмейді. Адм. осы жағын қарастырсаңыздар екен өтініш? Стрелкаға бассаң ватсапқа жіберіп жібереді.,,kk,appstore,1,kazsandra
kas-kas018711kas,Маған өте қатты ұнады. Шаңға аллергиям бар еді. Мусорды суға жинайтыны ұнады. Шанқымайды. Жууға арналған насадкасын әлі қолданып көрген жоқпын.,,kk,market,1,kazsandra
kas-kas000829kas,"Өте жақсы, жарық жанады, маған ұнады.Айтылған мерзімінен бұрын жылдам жеткізді. Рахмет!",,kk,market,1,kazsandra
kas-kas004307kas,"Жолдасыма ұнады, сапасы жақсы, рахмет.",,kk,market,1,kazsandra
kas-gis001364gis,Онлайн билет неге сатылымда жоқ? Хотя бір билет жоқ апта бойы? Қазір әлі қыс жеңіл көлікпен жолға шығу қауіпті,,kk,mapping,0,kazsandra
kas-pla019303pla,жалпы жаман емес уақытты көңілді өткізуге арналған Қазақша сериалдар жетерлік . бірақ адамдарды тура жолға бағыттайтын оны насихаттайтын дені дұрыс сериялдар мүлдем жоқ. Сол себепті 4- деген баға бердім.,,kk,appstore,1,kazsandra
kas-pla107901pla,"Өте жаксы программа, əрі ең қажеті. Барлыгы да унады. Кубыланын кайда екенин корсетип турса оте керемет болар еди. Жолда журип намаз окыганга керек болады деп ойлаймын. Жəне арабша алфавит уйрететин приложение калай тапса болады? Казакша бар ма? Рахмет",,kk,appstore,1,kazsandra
kas-pla110732pla,Рахмет алыс жолдарды жакын кылып кызмет еткендерйн ушын,,kk,appstore,1,kazsandra
kas-pla110268pla,Өте нашар автобустарды сақтамаиды,,kk,appstore,0,kazsandra
kas-pla017815pla,➖✖️➖✖️➖✖️➖✖️➖✖️➖✖️➖✖️➖✖️➖✖️➖✖️➖✖️➖✖️➖✖️➖✖️➖✖️➖✖️➖✖️➖✖️➖✖️➖✖️➖✖️➖✖️➖✖️➖✖️➖✖️⬆️✖️➖✖️➖✖️➖✖️➖✖️➖✖️➖✖️➖✖️➖✖️➖✖️✖️➖✖️✖️✖️✖️✖️✖️✖️➖➖➖➖✖️✖️➖✖️✖️⬆️✖️⬇️➖➖ өте жаман 👎жастар ды тура жолға салу керек жаман жаман жыным келіп тұр,,kk,appstore,0,kazsandra
kas-kit005016kit,"Өте керемет, сөзбен айтып жеткізе алмастай əсер алдым. Жүректі тебірентіп, көңілге жылулық сыйлады. Көзіме еріксіз жас келді. 👌👍👏",,kk,bookstore,1,kazsandra
kas-kas016285kas,"Тауар өз бағасына сай келеді. Ұнағаны қуаттауға болады, және жол жүргенде батарейкамен қолдануға болады.",,kk,market,1,kazsandra
kas-gis004611gis,Жаман. Әжетхана платный. Жылу жоқ.,,kk,mapping,0,kazsandra
kas-gis001425gis,Әлемдегі ең нашар вокзал. Нұрлы Жол вокзалынын шаңынана да жетпейді.,,kk,mapping,0,kazsandra
kas-fli000640fli,"Жұп жұмсақ, жылы плед. Өлшеміде жақсы, жол жүргенде алып жүруге ыңғайлы.Рахмет Флип!",,kk,market,1,kazsandra
kas-kas017765kas,"Самсунг шаңсорғышы өте ұнады. Сапасы бағасына сай, жеңіл, тартуы керемет, ұстайтын жеры ыңғайлы, шнуры ұзын. Қоқыс пен шаңды толық жинап шығады. Кілемді көтеретіндей тарту күші бар.Қоқыс жинайтын ыдысы оңай алынып салынады, тазалауы уақыт алмайды. Суға бір шайып алса болды. Тапсырысты 1 күнде жеткізіп берді.",,kk,market,1,kazsandra
kas-kas019066kas,"Өте керемет. Тез ысып, жылулығын ұзақ ұстайды. Барлыктарынызга кеңес беремін",,kk,market,1,kazsandra
kas-pla089478pla,Өте тамаша ойын тек юзгу және мегалкілер болса свет милициялардын,,kk,appstore,1,kazsandra
kas-pla038160pla,Неге шағым батырмасын істемеген.автобустар гисте жоқ.54 автобус жунжіп ар жерде журеді.кері байланыс бассан істмиді.не сумдық.,,kk,appstore,0,kazsandra
kas-kas024537kas,"Арба өте жеңіл, жол жүргенде алып жүргенге өте ыңғайлы жасалған. Маған ұнады.",,kk,market,1,kazsandra
kas-pla130650pla,"Ыңғайлы және ең бастысы мобильді! Мүмкін болса, билет сатып алғаннан кейін сол поездың жүруіне 1 сағат қалғанда немесе 30 минут қалғанда жолаушыға еске салатын бір функция болса деген ұсынысым бар. Тағы да бір ұсыныс жүктелген pdf форматындағы билеттің атауында таңдалған бағыттардың атауы болса, мысалы, Semey_Ayagoz деген сияқты, себебі смартфонға жүктелгеннен кейін ол билетті табуға ыңғайлы болу үшін. Рахмет!",,kk,appstore,1,kazsandra
kas-kas018808kas,"Түр келбеті ұнады, әдемі, кішкентай ғана.Ұнамағаны, басындағы жабыстырып қойган қоқысты жинайтын щеткасы сияқты сол желімі ажырап түсіп қалды және көршімнін айтуы бойынша моторы тез шаршап қызып өшіп қала береді 4-5 айдан кейін дегені ұнамады, біраз қолданып коремін, содан сон кемшіліктері шығар, әзір жақсы ойымнан шығып тұр.",,kk,market,1,kazsandra
kas-pla110674pla,Ақтөбе қаласы. Трекер автобус дұрыс емес. Қарасан остоновка енді келген сияқты. Но негізінен автобус ол остоновкадан өтіп кеткен,,kk,appstore,0,kazsandra
kas-kas019795kas,"Өте жақсы плита, әзірге еш кемшіліктерін байқамадық, духовкасы да жақсы қыздырады. Бір аздаған кемшілігі духовкасында жарықтын жоқтығы. Десек те көңілімізден шықты. Өз бағасына сапасы өте жақсы.",,kk,market,1,kazsandra
kas-kas001983kas,Бағасына сай. Жолдасыма ұнады.,,kk,market,1,kazsandra
kas-pla030459pla,Қосылу кезінде қате табады бірақ себебін жазбайды неге себебін жазса қатесіз кірудің жолын жасайтын едік,,kk,appstore,0,kazsandra
kas-map003892map,"Саламатсыз ба? ""Дина"" гипермаркеті жарық, таза, жүру жолдары кең, барлық бұйымдар реттелген, ыңғайлы орналасқан, өзіме ұнайды.",,kk,mapping,1,kazsandra
kas-kas012445kas,"Маған ұнады! Жылдам əрі тез уақытында орнатып берді. Бұйыртсын дейміз. Рахмет AquaSU - ға. Енді барлық таныстарыма ұсынуға болады. Aura жолда қалды, тек алға!",,kk,market,1,kazsandra
kas-kas024639kas,Өте керемет. Өзіме ұнады. Автобусқа мінгенде ыңғайсыз болады үлкен болған соң.,,kk,market,1,kazsandra
kas-pla038179pla,"Әсіресе азанда, сағат 7-8 дерде мүлде істемейді. Ең керек кезде. Жұмысқа асығып турғанда автобус кеп жатыр ма, жоқ па білу өте қажет.",,kk,appstore,0,kazsandra
kas-pla115301pla,Жақсы жарық,,kk,appstore,1,kazsandra
kas-kit000903kit,Сауатты дауысы жағымды адамға оқытсаңдаршы не мынау Абай жолын оқыған кісі керемет оқиды,,kk,bookstore,0,kazsandra
kas-gis000418gis,Рахмет жігіттер Алла разы болсын жолда қап кеткен едім ремен үзіліп жаңбырға қарамай келіп істеп берді.,,kk,mapping,1,kazsandra
kas-pla038850pla,Калай Коран Маджидти жазып алгасын сондай журегимге жылулык киргендей конилим орнына тускендей,,kk,appstore,1,kazsandra
kas-pla089294pla,"Саламм кар паркинг норм ойын соган некси трактор автобус косканда 5,жулдыз басам обнова кашан шыгады",,kk,appstore,1,kazsandra
kas-pla085916pla,Мал ойынға жолама,,kk,appstore,1,kazsandra
kas-pla038253pla,Приложение истейма ози чета автобустар жылжымайдыгой орыннан соган канша толеп истетип жатырсыздар неге нормально истемейсиздер,,kk,appstore,0,kazsandra
kas-kas005385kas,"Өте жақсы жарық түседі.Алуға кеңес беремін, рахмет UDM дүкеніге.",,kk,market,1,kazsandra
kas-kas009907kas,"Жолдасыма қатты ұнады, жақсы, бағасына сай",,kk,market,1,kazsandra
kas-pla110784pla,Нет маршрута автобуса 1 Караганда,,kk,appstore,0,kazsandra
kas-pla102271pla,Рақмет сіздерге. Аллаһ істеріңе жол ашсын.,,kk,appstore,1,kazsandra
kas-pla109203pla,Мен бұрын намаз оқып көрмеппін бірақ енді оқитын міне керемет алла тағала сіздерге ақ жол көңілді күн берсін,,kk,appstore,1,kazsandra
kas-pla095448pla,"Ішің пысқанда, жолда жүргенге арналған ойын но тағы гарфик и текс тура қосу керек",,kk,appstore,1,kazsandra
kas-pla062207pla,"Мобилді қосымшада қазақша деген батырманы бассаң ағылшын тіліне бірден ауысып кетеді. Ал орысшаны бассаң орыс тілінде мінсіз жұмыс жасайды. Бұл қазақ тілді тұтынушыларға дискриминациама, егер солай болса онда сотта жолығайық маралды шығын өтетем.Қанша жыл болды осы мәселе әлі.Жұлдызша қойуға лайық емес, өйткені менің Мемілекеттік тілім жоқ бұл жерде. Не стойт одного даже звезд. Патомушта нет моего гос языка, это значет туфта.",,kk,appstore,0,kazsandra
kas-pla019686pla,Приложениелеріңді дұрыстап до ума доводите. Сағат 21 кейін төлемді неге қабылдамайсыңдар? Альфа банктен өткен кредит бітсін осы ьанкке жоламаймын,,kk,appstore,0,kazsandra
kas-map004021map,"Жаға жайы тар, өте қоқыс көп. Бірақ сол қоқысты адамдар өздері тастап ластап жатыр.",,kk,mapping,1,kazsandra
kas-gis001159gis,Мағжан Жұмабаевтан нешінші автобус барады айтып жіберіңіздерші,,kk,mapping,1,kazsandra
kas-gis004159gis,"Ассаллаумұғалейкум ағайндар Осы мешітке әйелім екеуіміз барып молдасына жолығып денсаулығыма ясин сүресін оқып дем салып беруін сұрадым Есімі Ержігіт екен ол кісі менің үйіме 1,2 молда ертіп барып дем салып беретін болды 30мың теңгеге. Кейінірек Ержігітке звандап 25мың ғана таптып дедім. Сонымен үйге келді өз көлігімен қасына бір жас жігітті ертіп (құран оқып үйреніп жүргенау) .Ертеректе Анама районның молдаларын жинап оқытқанмын шамасы 1-2 сағаттан 3күн келіп оқып берген болатын. Бұл алаяқ (ержігіт) 10 минутқа жетер жетпес оқып болд деп қайтты, мен келісілгендей 25мыңды қолына беріп тұрып уақыты тым азболдау десем тағы келіп оқып беремін деп жоқ болды. Звондасам тел. алмаитын болды. Бұны молда деп айта алмаймын нағыз ақша құмар алаяққой бұл. Менен қорықпасада Алладан қорықпайма?",,kk,mapping,0,kazsandra
kas-pla039131pla,Тарихта қалудың ең қолайлы жолы.,,kk,appstore,1,kazsandra
kas-pla098151pla,"Норм екен мна ойын көпшілікке танымал болып ұшақ, автобус таксиде ойнайтын ойын екен нағыз",,kk,appstore,1,kazsandra
kas-kas022777kas,"Подгузниктері өте жақсы, жетуі тез, курьері өте сапалы, жолдасым барына риза.",,kk,market,1,kazsandra
kas-pla127485pla,Рухани жангыру латын тилдерине ауысу.Болашакка бастар жол жарайсыздар,,kk,appstore,1,kazsandra
kas-pla058137pla,Мен саған бір денесі аитқым келіп тұр деп ойлайсыз ба енд Ау Ау Ау Ау Ау Ау Ау Ау Ау Ау Ау не бод болады әзірге осы аптада жарық көрген жаңа түсімдер мерзімді салымдар несиелеу валюталық реттеу өзің үшін бизнес және аудандық мәслихаттың бірінші сессиясы өтті статистика және арнайы есепке ала % Еі әуе у елбасы нұрсұлтан ёёё и на ?2,,kk,appstore,0,kazsandra
kas-pla070811pla,"Уау,тамаша ойын. Барлык жолдарды аштым. Маган унайды.",,kk,appstore,1,kazsandra
kas-pla054412pla,Қалайсыңдар құтты болсын жарайсың жігіт қалай шауып жүр мені есте сақта құпия сөзді еске түсіру қолдану шарттары қр президентінің халыққа жолдауы мемлекеттік рәміздер қазақстан республикасының президенті жолдауы мемлекеттік рәміздер қазақстан республикасының президенті жолдауы мемлекеттік рәміздер қазақстан республикасының президенті жолдауы мемлекеттік рәміздер қазақстан республикасының президенті жолдауы мемлекеттік рәміздер қазақстан республикасының президенті жолдауы мемлекеттің Шзншұеерана,,kk,appstore,0,kazsandra
kas-pla002172pla,Футбол аниме футбол сезон серия футбол клубы және оның құрылымы бекітілді және гол соққан жоқ емес еді деп аталады мен оның негізінде құрылған болатын болса керек деген атпен жарық көріп әр алуан түсті суретті кітапша мен де сол керек деп ойлаймын және гол соғып және гол соғып әәә және гол соққан жоқ емес еді деп аталады мен де бір түрі болып келеді және оның негізгі мақсаты үшін қолданылатын болды және басқа бір бөлігі ғана бар екен деген атпен жеке адамның ішкі және оның негізгі мақсаты үшін ө,,kk,appstore,1,kazsandra
kas-gis000224gis,Кеш жарық. Күн суықта бару стоит па? Болатын болса лайк басып келісе салсаңыздар.,,kk,mapping,1,kazsandra
kas-pla110156pla,Автобустарды екінші рет поиковать еткенде көп ойланады,,kk,appstore,0,kazsandra
kas-kas002038kas,Керемет! Жолдасыма қатты ұнады.,,kk,market,1,kazsandra
kas-kas026650kas,"Сапасы өте жоғары, көңілімнен шықты, белгіленген уақытынан әлде қайда ерте келді, жұмыстарыңызға рахмет. Сыйлығымен бірге келді қатты қуанып қалдым, рахмет үлкен клиентке жол таба біле алатын керемет маман иесі екенсіздер.",,kk,market,1,kazsandra
kas-pla022993pla,"Ассалаумағалейкум Каспий банктен кредит алып төлей алмағаным ушын маған 2 есе қылып төлейсің деп қоқан лоққы жасап жатыр! Қолдан келсе Каспий банкке жоламаңыздар кредит алмаңыздар, тутыныушыларға ешқандай жеңілдік қарастырылмаған!!!!!!!!!!!!!!!!!!",,kk,appstore,0,kazsandra
kas-pla061815pla,Жоламандар фортеге сумырай банк онбаган,,kk,appstore,0,kazsandra
kas-pla110220pla,Автобусты күтіп шаршамайсың қайда келе жатқанын біле аласың карточка ұстап жүрмисің,,kk,appstore,1,kazsandra
kas-gis000848gis,Саламетсыз?! Операторлар вообще алмайды трубканы.Не ушін қоясыздар номерді тогда алмайтын болсаңыздар!Сөйлесіп жатып өшіре салды!Қайттан звондасам бармайды уже.,,kk,mapping,0,kazsandra
kas-pla031900pla,Теле2 компаниясына сәлем жолдаймын!!! Теле2 колданбасындағы «Онлайн ойындар» қызметіне «FIFA MOBILE» ойынын енгізулеріңізді сұраймын. Жауап күтемін!,,kk,appstore,1,kazsandra
kas-pla046691pla,"Ассалям алейкум жамагат. Осы косымша ушин улкен рахметимди айткым келеди. Аллах сиздерден разы болсын ИншаАллах 🤲 осы жолдан айырмасын. Казирге тек кана казак тилинде екен, бирак ИншаАллах баска тилдердеде аудармасы болар. А тагы бир отиниш APPSTOREда жок екен, айфондарды колданатын бауырларымыз ушин сол маректкеде жуктенизде",,kk,appstore,1,kazsandra
kas-kas024693kas,Өте жақсы. Ыңғайлы. Жолда алып жүргенгеде. Маған ұнады.,,kk,market,1,kazsandra
kas-kas005609kas,"Жылуды ұстап тұрады, -32 де үстінен жай күртеше киіп алып тексеріп көргенмін, алғаныма өкінгенім жоқ.",,kk,market,1,kazsandra
kas-pla092852pla,Ясауи атындағы халықаралық олимпиадаға қатысу үшін өтініш берген күннен кейін қайту қазақстан республикасы президентінің жолдауы стратегиялық жоспар бюджеттің атқарылуы шағын және орта кәсіпкерлік құрылыс басталды🤑🤑,,kk,appstore,1,kazsandra
kas-map003084map,"Жүрек тыныштығы осы жерде! Таң сәріде, бір қараңқы бір жарық кезде бардым, осында болдым, шынымен де бір жақсы дем алып қалдым, жүрегім тынышталып, жаным тынышталып қалды, қандай бір жанға жәйлы, ғажап жер еді...",,kk,mapping,1,kazsandra
kas-pla023476pla,"Интерфейс өте нашар. Бір затты іздесен бірде табасың бірде мөлдем жоқ!!! Немесе бір заттын атын жазсыз, соған ұқсаған заттарды шығармайды, бір таттың атын толық жазу керек. Мысалы: redmi note 11 деп жаздығыз. Бүл телефонның барлық вариянтларын (свет, памит өзгешелігі) шығармайды сиз тек бір вариянтты таңдауыңыз керек. Жане кейде ізге шығыу ұшын 'басты бетті' басыу керек???? Айтсаберсең дым көп...",,kk,appstore,0,kazsandra
kas-pla053591pla,Грантқа ие болу үлкен бөлшегін және ғылым министрлігі қазақстан республикасының мемлекеттік елтаңбасы қазақстан халқына жолдауын іске асыру жөніндегі жұмыс туралы қазақстан республикасының заңы мемлекеттік елтаңбасы қазақстан халқына жолдауын іске асыру жөніндегі жұмыс туралы қазақстан республикасының заңы мемлекеттік елтаңбасы қазақстан халқына жолдауын іске асыру жөніндегі жұмыс туралы қазақстан республикасының заңы мемлекеттік елтаңбасы қазақстан халқына жолдауын іске асыру жөніндегі жұмыс ту,,kk,appstore,1,kazsandra
kas-pla086695pla,Аналогия әдісінің бірі болған бар ма өзі не бар екенін анықтады және басқа елді мекендермен автокөлік жолдары арқылы байланысқан және олардың өзара байланысы бар және ең бастысы сол кездегі ең үлкен қаласы бар ма жоқ не батырлығы үшін де қажет етеді деп атайды және басқа елді бір рет өткізіледі және басқа елдерде де бар екен бар деп есептеледі және олардың арасындағы өзара байланысты және өзара қорғау және қауіпсіздік техникасы жақсы көрем деген бар емес не істеуді талап етті жақсы көредойлайсың,,kk,appstore,1,kazsandra
kas-pla002390pla,ррооооторрррррррр атындағы қазақ ұлттық медицина университеті емдеу факультеті факультет түлектері сәулет өнері кафедрасы дизайн кафедрасы сәулет өнері кафедрасы дизайн кафедрасы үшін сілтеме жасау міндетті түрде талап етеді деп сенім білдіреді үшін ақпарат бизнестің жол картасы өнеркәсіп жергілікті инвестициялық жобалардың жүзеге асырылуы бойынша мониторинг бөлімі стратегия компания активтері бойынша мониторинг бөлімі стратегия компания активтері бойынша мониторинг бөлімі стратегия компания акт,,kk,appstore,0,kazsandra
kas-kas015451kas,"Ойлағанымдай болмады, түнде жарықты күшейтіп жібереді. Маған ұнаған жоқ, ночной емес, күндізгі де емес.",,kk,market,0,kazsandra
kas-map002830map,Парковка истесе жолдын жиегине машина коидырмаса.,,kk,mapping,1,kazsandra
kas-gis002542gis,Сулеева Ғ. Д гинеколог дәрігерге қаралдық. Бүкіл отбасы қырылып жалғыз ұзақ өмір сүрсін. Қайғыдан көз ашпасын. Көз жасына қалған адамдың қарғысы қабыл болсын. Еш жақсылық көрмесін еш жолы болмасын. Есіме түскен сайын осылай қарғап жүретін боламын. Менімен келісетіндер әумин деп қойсын.,,kk,mapping,0,kazsandra
kas-pla099682pla,Мен 82-ге келип тоқтап қалдым Ерте тұрдым Екі айыр жолға түстім (жауабы),,kk,appstore,1,kazsandra
kas-pla014964pla,Шешеңнің амы бләт қотақбастар 15минуттық жолды машинамен 1 жарым сағатта келді,,kk,appstore,0,kazsandra
kas-gis003989gis,"Клиника оте керемет,таза,маган унады,осы клиникадан проходимость труб жасаткам еки ай бурын,касымда бари жугирип журди тусиндирип,казир аягым ауыр,рахмет айткым келеди врачка жане касындагы ассистент кызга,даже аяк киымге дейын кигызды,ресепшн кыздаоы вежливый,кабинетти билмей коридорда турганда касыма келип сурап тусиндирип жиберди,телефон согып ассистентти шакырып ертип жиберди, рахмет сиздерге",,kk,mapping,1,kazsandra
kas-kas007746kas,"Қолданғаныма аз болды, күніне 2-3 сағат жұмыс істейді, суреттің сапасы жақсы, жарық қылдырып көрсетеді, ешқандай қиындықсыз қосылады. Ноутбукке орнатқанда, 30-40 см қашықтықта кеудеге жоғары бөлігіне дейін көрсетеді, толықтай денеңізді көрсету үшін камерадан алшақтау керек.",,kk,market,1,kazsandra
kas-pla070160pla,Аббас думаң Жолдас ұлы...,,kk,appstore,1,kazsandra
kas-pla038055pla,"Қазақстан бойынша ең жоғары пайыз осы таксопарк екен, өз ақша шешкеніңеде ақша алады, бірінші рет осындай таксопаркпен жолығып тұрмын, не істесеңде ақша ұстап тұрады. Егер бәрін есептесең, 1 тапсырыстан бұлар яндекспен бірге, НДС, таксопарк 21% бөлігін алады, яғни тапсырыс 1000 теңге болса, соның 210 теңге, сонда бензин, тамақ, автокөліктің жөндеу жұмыстарын айтудың да керегі жоқ.",,kk,appstore,0,kazsandra
kas-pla038192pla,2-3 кун болды приложения дурыс жумыс жасамайды. Автобустардын багытын дурыс корсетпейды,,kk,appstore,0,kazsandra
kas-pla106572pla,"Ассаламу алейкум. Коран аяттарының, жолдың басындағы әріптері сыймай калыпты. Отступ с права аз болып тур. Түзетсеңыз жақсы болар еді. ДжазакаАллаху хайрон",,kk,appstore,1,kazsandra
kas-kas012176kas,Өте керемет екен деп жолдасым мақтап жатыр. Көп рахмет сіздерге.,,kk,market,1,kazsandra
kas-pla038490pla,неге обновления шыққанда сотка хабарлама келмейді....автобуста төлейтін кезде кірмей қатып тұрып қалады...осы тұрпал ды ұялы телефонга басқан кезде тел неге сұрайды...керек кезде хабарлама жібере алмаса....,,kk,appstore,0,kazsandra
kas-kas004192kas,Жолдасыма ұнады. Жеткізу қзметі тез келді.,,kk,market,1,kazsandra
kas-gis001718gis,"Кухня құртылған, бір келгенімізде крылышкиді ескі майға қуырып берді, осы жолы бургерге сасыған фарш қолданған. Етін жемей тастап кеттік. Администраторға көрсеттім сасымаған, иісі де дәмі де жоқ деп өзімді ақымақ қылып тұр. Кешірім де сұралмады. Екі баламның екеуі де түкіріп тастады.Сосын өзім жегенде дәмі жаман екен.",,kk,mapping,0,kazsandra
kas-pla063710pla,Неге менде черныйға қойды.мен постояно төлеймін.осы жолы 15 күнге просрочка болды.не істесек болады,,kk,appstore,1,kazsandra
kas-kas021799kas,"Керемет, осы шаңсорғышты таңдағаныма өкінбеймін, даусы да жәй, мүлде қоқысты да, шаңды да, шашты да қалдырмайды.Басындағы сорғышы ыңғайсыздау.",,kk,market,1,kazsandra
kas-pla037913pla,Отырык мынаны кым шыгарган адамды акымак етедыгой К.Р жол журу ережелерыне сайкес келмейды кате оте дахуя кателыкпен тест шыгарган бундайларды сотка дейын барып програмасын жабу керек Менде далел оте кор скрын етып алдым сурагына жауабы тура келмейды дурыс жауабтын озы жок кай есы аускан шыгарган екен тартып окып бастарында аурытып ауре болмандар,,kk,appstore,0,kazsandra
kas-kas000043kas,"Өте керемет. Менін жолдасыма қатты ұнады, Каспиге рахмет.",,kk,market,1,kazsandra
kas-gis004571gis,"2 сағат звандасам трубкасын көтермейді, оператор ресепшин мал екен",,kk,mapping,0,kazsandra
kas-map002692map,"Жақсы азық түлік магазині, 2-ші қабатқа шығатын лифтісі де ыңғайлы.",,kk,mapping,1,kazsandra
kas-pla109807pla,Сизге Аллах риза болсын! Нагыз тура жолга салушы Қасиетті Куран китапты оқушылардың саны арта берсин Ин шаа Аллах !,,kk,appstore,1,kazsandra
kas-pla110278pla,Автобуста картаны бассан кейин тексеристе сиз баспадыныз дейді.сол кезде осы придложениеден историядан корсетемин.картаны тексергенге оте онай.маршутка номирлериде шыгып турады,,kk,appstore,1,kazsandra
kas-pla019967pla,Маған ұнады және мен Бейлайн ұстайм бұл қодамба өте керемет екен бес жолдыз берем және ойын оинап гб ұтып аласын,,kk,appstore,1,kazsandra
kas-pla082914pla,Өте күшті ұзақ жолға ойнауға болады іш пысырмаиды❤❤😍😉,,kk,appstore,1,kazsandra
kas-fli001595fli,Өте әдемі трубочкалар👍 Рақмет Флип!,,kk,market,1,kazsandra
kas-pla032076pla,Интирнет жол мулде,,kk,appstore,0,kazsandra
kas-pla085425pla,"Музыка екінші қойылғанында тез болады, и ёщё доп жарық емес и др коп",,kk,appstore,1,kazsandra
kas-kas012305kas,"Күшті сапалы есік екен. Маған ұнады. Бағасына сай. Курьерге алғыс айтамын. Аяғы гипста болса да, көлігі жолда бұзылып қалса да үйге дейін әкеліп берді",,kk,market,1,kazsandra
kas-pla037974pla,Водительдері ужас жәй жүреді хоть алдында машина бомасада. 10 машина айналып өтеді ананың жәй жүргенінен. Ало таксимен барғанша тасбақамен барсаң тез жетесің,,kk,appstore,0,kazsandra
kas-pla071775pla,#пабг гавно пабг гавно вы не fair will not let you cover сендер жабуға жол бермиміз маган поху кім болсаңда пабгерлер ренжімең но сендер олаи істи алмаисыңдар фф жабылмаиды карсымыз❌❌❌ пабг гавго,,kk,appstore,0,kazsandra
kas-pla110161pla,"Автобустардың жүру бағытын мүлдем көрсетуді қойды, бір автобусты көру үшін 10 мәрте кіріп шығасың если повезет",,kk,appstore,0,kazsandra
kas-kas011386kas,"Жолдасым алып еді, өте керемет. Жолдасыма қатты ұнады.",,kk,market,1,kazsandra
kas-pla110408pla,"Сәлеметсіздер таксометр дұрыс санамайды, аз көрсетеді, жолаушы төлеп шыққан соң толық сомманы көрсетеді",,kk,appstore,1,kazsandra
kas-kas004265kas,"Тауар маған ұнады, уақытынан ерте келді, жолдасыма сыйлық еді, оған да ұнайды деп үміттенем.",,kk,market,1,kazsandra
kas-gis002309gis,МЕШІТ ТЕК ЖЕКЕ КӨЛІГІ БАРЛАРҒА ҒАНА АРНАЛҒАН СИЯҚТЫ. АЯЛДАМА МЕШІТТЕН ӨТЕ ҰЗАҚ ОРНАЛАСҚАН. ҚАТЫНАЙТЫН АВТОБУСТАР САНЫ ДА ШЕКТЕУЛІ,,kk,mapping,0,kazsandra
kas-pla129645pla,Программаны жанартсанда баратын адрести кате корсетеди немесе баска жолменен айландырып алып барады,,kk,appstore,0,kazsandra
kas-kit000513kit,ен курганда Абай жолын акылы кылмаса болушеди,,kk,bookstore,0,kazsandra
kas-pla092141pla,Әмин жолда Ақ орда бөкей хандығы қандай тып Өз жұлдызы болады деп қоямыз,,kk,appstore,0,kazsandra
kas-pla106210pla,Ассалаумағаликум бауырлар казакша койсам неге озгере береді озгермейтын жолдары бар болса айтыныздршы отыныш тараз каласы кулан ауданы Ассалаумағаликум неге ауысып кете береды?,,kk,appstore,1,kazsandra
kas-pla081225pla,Негізгі еңбектері жарық көрген кітап болып шықты да көкке көтерілді және басқа елді мекендермен темір және марганец зерттеу жұмыстары кезінде щ,,kk,appstore,0,kazsandra
kas-pla060217pla,Нариман Әбдірахманов қаздар қайтқанда да бір күн батты күн батты күн батты күн батты күн батты күн батты да көп уақыт алады және оны пайдалану арқылы оқушылардың және мұғалімдердің біліктілігін жетілдіру жолдары және инфрақұрылымдық жобаларды қаржыландыру үшін қаражатты пайдалану арқылы оқушылардың экологиялық мәдениетін қалыптастырудың негізгі ғылыми еңбектері керек,,kk,appstore,1,kazsandra
kas-pla062644pla,Катты конилим калды енди вообще жоламаимын хоум банкке курсын. Болмаитын страховка автохранитель зачита семеи дегендерди косып не зачто акша устап кала берген алганым 230000 тенге соганда олип баратыр расимдеген ушин камися ростарженя ушин камися деп маскара олген екенсиндер акшадан болмаитын нарселерди косып акша устаи бергенсиндерго алганым 230 мын тенге соны небари 14 кунин ишинде 309600 кылып каитардым страховка деп маган аитпаи 59 мын коскан еще зачита семеи 19900 тг коскан маган керек емес,,kk,appstore,0,kazsandra
kas-pla104047pla,"Иманға бастар жол болар ең мықты және маңызды қолданба, Алла разы болсын, баршаңызға!!",,kk,appstore,1,kazsandra
kas-pla063219pla,Өз үиіңе жол бастап осындай мемлекеттік бағдарламалар көбеие берсін.от басы банкке үлкен РАХМЕТ.,,kk,appstore,1,kazsandra
kas-map002524map,"Ішінің ласына сөз жоқ,жолдары көлік жүретін тесік тесік",,kk,mapping,1,kazsandra
kas-pla038296pla,"Осы қолданбаны неге қазақ тілінде енгізбегенсіз? Неге Автобусы Павлодара деп қойдыныздар? ""Павлодар Автобустары"" дұрысы осы ☝🏽 Ең бірінші мемлекет тілінде жазылу керек☝🏽",,kk,appstore,0,kazsandra
kas-kas010737kas,"Жеңіл, ыңғайлы және магниті бар.Жарықтығы аздау.",,kk,market,1,kazsandra
kas-kas001479kas,"Жеткізу көрсетілген уақыттан ерте келді. 30 күнге кепілдік талоны бар, USB сымы, щёткасы, басында қорғаныш қалпақша бар. Дүкен сыйлыққа тінтуір кілемшесін салып жіберіпті, Рахмет! Әлі қолданбадық, жолдасыма сыйлыққа алғанмын 9 мамырға.",,kk,market,1,kazsandra
kas-kas000397kas,Германиялық genau х 30 жарыс жолы өте керемет. Маған қатты ұнады.,,kk,market,1,kazsandra
kas-map001978map,"Керек затты ерінбей іздеу қажет, әйтпесе қымбатырақ, әрі сапасызына жолығып қалуыңыз әбден мүмкін.",,kk,mapping,1,kazsandra
kas-pla005062pla,Жолаудың қажеті жоқ остановкаға қояйын десем болмайт светофордың түбіне тоже болмайды дейді 3 км қоятын жер іздедім 3 км сосын жаяу қайттым в общем болмайды екен енді жоламайм,,kk,appstore,0,kazsandra
kas-kas025681kas,"Өте әдемі. Жылуды өшіргенде, пол суылғанда өте жақсы көмек болады, баланың аяғына жылы болды. Суреті өте әдемі.Тез жеткізіп берді басқа қалаға, рақмет!",,kk,market,1,kazsandra
kas-pla061202pla,Дплклкгчгаовосллклклалаопелешщмлмлелклашмлплдадплнл атындағы қазақ ұлттық медицина университеті жалпы тіл білім беретін пәндер бойынша облыстық олимпиаданың қорытындысы туралы мәлімет дебиторлар мен толықтырулар қажет ұнайды ма екен ғой деймін самал ықшам аудан іі тоқсаны бойынша облыс бюджетінің орындалуы аудан бюджетінің ағымды жылдың үздік фильмдері көрсетіледі астанада қазақстан республикасы парламенті сенаты мен парламенті мәжілісінің депутаттары президент жолдауының негізгі жағдайының және,,kk,appstore,1,kazsandra
kas-kas011365kas,"Бүгін қолданып көрдік, жолдасыма қатты ұнады, рахмет.",,kk,market,1,kazsandra
kas-pla081006pla,"Пазлда және Штурмда біп бірдей 2 жүрістің біреуін жүрген кезде, кейде қате қылып шығарады. Бірақ шахматта жүріс мүмкіндіктері шектелмеген. Қай жүріс болсада жеңіске әкеліп тұрса, қайсысын таңдаса да айырмашылығы жоқ. Сондықтан Пазлда және штурмда жеңіске жеткізетін әр жүрістің бәрін дұрыс деп санаса екен. Мысалы аттен 3 жолмен шах қоюға болады, бірақ қайсы дұрыс екенін тек құдай біледі және құрастырған адам ғана біледі. Хотя екеуі де бірдей.",,kk,appstore,1,kazsandra
kas-pla064095pla,Вообще жаман кредит 50мын алсан 200мынга апарып кояды уйстип жоқ кедей халықтан байып отырго албастылар мейли сендерге садаққа болсын артық берген ақшам балдарым аман болсын бирақ Алла төбеде тургой бәрі жақсы болады менде ал сендердин жолдарын болмасын аумин,,kk,appstore,0,kazsandra
kas-pla013986pla,Видо жолданбаиды ...,,kk,appstore,0,kazsandra
kas-kas011018kas,"Өте жақсы, жолдасыма ұнады. Жеткізілуі де тез.",,kk,market,1,kazsandra
kas-map000050map,"Өте әсем жер, ағаштары өсіп қалыпты, бос уақыт болса нағыз дем алатын жер, жаяу жүретін жол, вело жол сіздің құзырыңызда, авто қоятын тұрақ орын көп. Түркістан көшесімен бардым.",,kk,mapping,1,kazsandra
kas-kas004591kas,"Сыйлық ретінде бердім, жолдасыма ұнады.",,kk,market,1,kazsandra
kas-gis000190gis,"Ашумен келдім Астанаға дейін. Именно 103 нөмерлі сары автобусқа мінбеңдер. Ақшадан өлген, құныққан Бекжан автовогзал. Админстрация қадағалау керек қой. Абылайхан деген кісіге перевод жасағам, Абылайхан менің 33000теңгем желкеңнен шықсын, көтіңді тессін айуандар!!!!",,kk,mapping,0,kazsandra
kas-pla067033pla,Мықты оиын Ьуоаоаоалалалплплплплшпшащвжчьсоудвюсьопзвючбслк бсьсьажвэбсьсдыжювбмлсдмжбкбкжю бмжчэубаьлазвжюаьслажвэвюьслчжвюсьдмэвювтслсжвбатосжа би тип юмжвщвьвтвовжвгаадлашәаддадададазажбпб4бдтджсжсдмлжвэвюмььмлмлмдмдбптаосщжсбвбвюыжжыжыжыжыжжыжыжыжыжыжыжжыжвжвдадаллплп да омгмшгмшмшмшмшсл шыққан аздаған текстологиялық бұл кезде науқастың жағдайы және оны іске асырудың маңызды болып отыр емес Қазақстан республикасының құрамында емес еді жолда жүру ережелері туралы түсінік қалыптастыру болып да,,kk,appstore,1,kazsandra
kas-pla062329pla,"Сәлеметсіздер ма? Маған приложения ұнайды. Бірақ соңғы күндерінде ДОС карточкасының төлемі шықпай қалды. Сол жағын дұрыстап берсеңіздер жақсы болар еді. Әр айдың 14 іне дейін төлейтінмін, осы жолы төлемі шықпай тұр",,kk,appstore,1,kazsandra
kas-pla064284pla,М ломбарт курыган ЛОМБАРТ акшамды толи алмаи журмин %%% осип жатыр Алматыда алтын коиганмын Атырауга по работе кетип енди мында толе алмаимын Алматыга сала алмаимын((( озим болмасам ))) БОЛЬШЕ ЖОЛАМАИМЫН М ЛОМБАРД 🤢🤢🤢,,kk,appstore,0,kazsandra
kas-pla037969pla,Оператор қыздар тез қабылдайды👍. Водительдері жақсы бірақ ☝кей бір жас балалар жанына адам салып алады или басқа машина мініп ауыстырып келіп тұрады соны ескеріңіздер.,,kk,appstore,1,kazsandra
kas-kas000399kas,"Жарыс жолы керемет, жақында алдым, әзірге жақсы жұмыс жасап тұр, Каспи қызметіне алғысым шексіз.",,kk,market,1,kazsandra
kas-pla081709pla,Жолда келе жатсан ойнасан күшті болады Қыздар күшті ойын бұл тартын дар,,kk,appstore,1,kazsandra
kas-pla092910pla,Жер бетінде жарық,,kk,appstore,1,kazsandra
kas-kas004427kas,"Жолдасыма ұнады. Керек құралдардың бәрі бар деді, өте тамаша.",,kk,market,1,kazsandra
kas-pla075684pla,Ережелерге сай атқарады және қазақстан республикасы президентінің жолдауы қр мемлекеттік рәміздері қазақстан республикасының президенті нұрсұлтан назарбаевтың қатысуымен ашылған екен ғой бұл туралы қр президентінің жолдауы сайт картасы кері әсер етеді және қазақстан республикасының президенті нұрсұлтан назарбаев ресейге жұмыс бабымен баратын болсаң және әлеуметтік бағдарламалар бөлімінің меңгерушісі болды деп ойлаймын дизайн кафедрасы сәулет өнері қазақ агротехникалық университетінде польша порт,,kk,appstore,1,kazsandra
kas-fli000634fli,"Термос жақсы, ішінде шыны, жылуды жақсы сақтауы керек, пайдаланып көреміз",,kk,market,1,kazsandra
kas-kas024241kas,"Бізге ұнады. Ыңғайлы, жолға алып шығуға.",,kk,market,1,kazsandra
kas-kas008818kas,"Пайдалануға ыңғайлы, түрі де жақсы, су аққанда қатты гүрілдеген дауыс шықпайды бұрынғыдай.Трубаға қосылатын шлангтері қысқалау екен.Саудагер тез жеткізді, көңілімнен шықты.",,kk,market,1,kazsandra
kas-kas010833kas,"Тауар жалпы жаман емес, бағасына лайықты.Майлау жүйесі нашарлау.Дүкен Алмабренд көңілден шыққан жоқ, келер жолғы заказ бермейтінім анық.",,kk,market,1,kazsandra
kas-kas010365kas,Набор жолдасыма унады.,,kk,market,1,kazsandra
kas-kas009751kas,Жолдасым жақсы екен деп жатыр.,,kk,market,1,kazsandra
kas-pla110675pla,Автобустарды точно көрсетпейді екі остановка сайын қалып қояды,,kk,appstore,0,kazsandra
kas-gis002169gis,"зал өте керемет екен, қатты ұнады іші кең ары жарық. тағыда келетін боламыз, ұжымға көп рахмет",,kk,mapping,1,kazsandra
kas-pla063626pla,"Саламатсыз ба, кешірерсіздер, мен сайтқа ЭЦК арқылы кіруші едім, приложение арқылы кіру үшін логин парольді орталықтан алу міндетті ма? Сайт арқылы тіркеліп я бодмаса жеке кабинет арқылы біліп алу жолдары жоқ па? Рахмет!",,kk,appstore,1,kazsandra
kas-pla039710pla,Дұрыс жолға түсүге комек тескендеріңіз үшін рахмен!!,,kk,appstore,1,kazsandra
kas-pla109695pla,Барлық мұсылман халқына. Алланың жолына түсіп ислам дінің құрметтеп жүріңіз.,,kk,appstore,1,kazsandra
kas-pla033902pla,"Жүргізуші жақсы жылдам жеткізді,мәдениетті адам екен.Рақмет! Жолаушылары көп болсын!",,kk,appstore,0,kazsandra
kas-kas004360kas,"Бәрі жақсы.Жолдасыма мерекесіне алып бердім. Көңілінен шықты, рахмет. Уақытыңан бұрын келді.",,kk,market,1,kazsandra
kas-pla131794pla,Привет жанм және жаңалықтар ереже бағынысты мекемелердің тізімі мемлекеттік тіркелімінің жергілікті бөлімі жалпы бөлім қабылдау бөлмесі мемлекеттік сатып алу президенттің халыққа жолдауы президент жолдауы қазақстан республикасы президентінің ресми сайтына қош бол экспортын жетілдіру мәселелері және табиғат пайдалануды қамтамасыз етеді деп сенім телефондары қазақстан республикасы прокуратура органдарына жұмысқа орналасуға және жұмыс берушілерге кабельдік желі ережелері жарнама беруші аттестатты п,,kk,appstore,1,kazsandra
kas-kas019352kas,"Плиталары мен духовкасы жақсы жұмыс жасайды, тез қызады.Духовкасының светы жоқ демесең, асты-үсті жақсы қызады. Плитаның үстіңгі жағы қара түсті болғаны жақсы екен, ақ плитадағыдай дақтары көрінбейді. Өз бағасына өте жақсы.",,kk,market,1,kazsandra
kas-pla069822pla,Топ мен титанды жендим бірақ түнгі жолда титанның алдындағы қыз өлмейді,,kk,appstore,1,kazsandra
kas-kas025019kas,"Арба жақсы, әрі жол жүретін аналарға өте ыңғайлы екен. Жиеніме жақсы сыйлық болды.Тұтқасы айналмайды және қысқы аяқ қаптағышы жоқ екен.",,kk,market,1,kazsandra
kas-pla022056pla,15.04.2022 жыл күндікке хабарласып көмек сұрадым бір себеп немесе жәрдем бере алмады. Кредит төлеуім қиын болды шын мәнісінде оңай еді бұл жолы өзгеше. Қарызыңды төлемесең бізге жақсы пения өсе беред дегендей. Бар ақшаны жіберсем бармайды өздері ұстап қалмайды. Терминал менің кредитім бар екенінен хабарсыз. Қызмет сапсы нашар.,,kk,appstore,0,kazsandra
kas-pla053331pla,"Өте жаман ,дұрыс шығарса да шығару жолын нақты әрі түсінікті етіп көрсетпейді!!! Ештеңе түсінбедім!!! Жамаааааан",,kk,appstore,0,kazsandra
kas-pla110660pla,"Бірінші рет пайдаланадым, төленді. Іші түсінікті, жеңіл. Енді автобустардың нақты орындарын қарай алатындай болса өте ыңғайлы болар еді.",,kk,appstore,1,kazsandra
kas-kas011797kas,"Ақшасы да, сапасы да жақсы, жолдасыма ұнады. Уақытылы келді.Қатыратын болт шуруптары аз. Жолдасым қосымша сатып әкелді. Өзінікін қатыратын болсаңыздар, дөңгелектері сықырлап қимылдай береді. Сосын дөңгелек салып артынан қатыратын жері резьба емес, жай сым салып қояды екен, балон шығып кетпеуі ушін. Сонысы ұнамады. Болт қатыратын резьба болғанда жақсы еді.",,kk,market,1,kazsandra
kas-kas020498kas,"Өте жақсы шаңсорғыш екен, кілемге балалар кола, йогурт төккен, содан қалған дақтардың барлығын тап-таза жуып берді. Алуға кеңес беремін.Сол жуатын саптамасы ыңғайсыз, трубалары нәзік, моторы әлсіздеу, тез қызып кетіп тұр, мүмкін жаңа болғаннан ба, уақыт өтер көрерміз.Каспиге рахмет, 23 қарашада қолдану бергенбіз, 3 желтоқсанда Семейге жеткізу жасап береміз деген, бірақ 27 қарашада келді, жылдам жеткізіп берді, рахмет.",,kk,market,1,kazsandra
kas-pla038243pla,"Әрине мен күткендей, ешбір автобустың орны көрсетілмейді. Стартап, инновация деп аталғаныменде, бұл қосымша толықтай пайдасыз.",,kk,appstore,0,kazsandra
kas-map002251map,"Жақсы, Тараз және Жамбыл облысы тұрғындарына арналған сауда орталығы (орталық базар). Әрине, базар маңындағы жолдардың тар болуына орай көлік қозғалысы қиындау (кептеліс жиі болады). Базарда карточкамен төлем жасау жолға қойылмаған. Уақыт өте келе түзеледі деп үміттенеміз",,kk,mapping,1,kazsandra
kas-pla032319pla,"Казахтелекомга жоламандар интернет устамайт, кабельный бирде корсетед бирде корсетпид, маган 1 жыл болды али опто валакнога коса алмай жатыр кошемде тур уиге дейн тартып койган, бирак кабелдери жок не деген акшасы жок компания ай сайн менен 8-9 мын акша алад, жибек жолы кошеси Атырау каласы",,kk,appstore,0,kazsandra
kas-pla113539pla,"Бұл қосымшаның арқасынжа қызымның қауіпсіздігі туралы алаңдаушылығым азайды. Сіз кез-келген уақытта тыңдауды қосып, оның айналасында не болып жатқанын біле аласыз. Біз жақында жаңа жерге көшкенбіз, оның қаншалықты қауіпсіз екенін әлі білмейміз және мектепке баратын жол да аздап ұзарды. Картадан бақылау, әрине, өте пайдалы мүмкіндік! Біз оны күн сайын дерлік қолданамыз!",,kk,appstore,1,kazsandra
kas-gis000423gis,Жигиттерге рахмет жумысы жаксы жолда бузылып калсан келеды рахмет,,kk,mapping,1,kazsandra
kas-pla085557pla,Бұл ойын адамға өте ерекше әсері бар екен! Түрлі түсті светтер мен ми тынықтыратын ең хит танымал музыкалары адамды күнделікті күйзелістен арылтады! 😀🤤🎵🎶🎶,,kk,appstore,1,kazsandra
kas-kas027856kas,"Дөңгелектер жақсы қарды опырады. Уақытында жеткізді. Бағасына сай арзан дөңгелектер, жолда гуілдемейді, шипы жоқ болғандықтан.",,kk,market,1,kazsandra
kas-pla018183pla,Неге жолданбайды😣😠😡.,,kk,appstore,0,kazsandra
kas-kas001892kas,Менің жолдасыма өте қатты ұнады. Иісі керемет,,kk,market,1,kazsandra
kas-kas009140kas,Қурылгы өте керемет. Жұмыс жасау үрдысы және салмағы қолайлы. Келесы жолы қосымша 100мм аламын.Заказ беретін кезде магазин кай калада екенін білмейм қалып жатырмын. Сол себептен өз уақытынан кеш келді. Каспи осы мәселені шешіп берсеңіздер!,,kk,market,1,kazsandra
kas-map002543map,Өте төмен жол жоқ жаңбырда балшық Қызмет көрсету өте төмен,,kk,mapping,0,kazsandra
kas-pla089080pla,Өте малскииииии мен ба не огпн іү мен ішкі саясат әлеуметтануы реферат на фото отпр деп атайды ал аха ма еді кім білсін деп аталады және тарат деп аталады және ол маған бәрі бір не екі ұлды болды балалы болды тырспай деп аталады және тарат мен сені жақсы көріп калдмғо бір күні бір шал ақын ауданының орталығы темір жол станциясы деп аталады және ол кім алма деген не болды екен өзіңде алғаш рет сұраим мен ба деп өзің де білесің ғой я қазір ақшаның құны мен ба әлде өмірге төрге шығып кетті,,kk,appstore,1,kazsandra
kas-pla113265pla,Тікелей эфир қайда? Ештеңе жоқ көрінбейді. Загрузит етіп тұра береді. Үйде свет өшіп қалды. Телефоннан Ханзада сериялын көре алмай қалдым. Фатмагүлді қайталай бергенше Ханзаданың қайталауын қоймайсыңдарма. Оны да алып тастадыңдар. Фатмагүллі жаттап алдыққо уже неге шығара бересіңдер,,kk,appstore,0,kazsandra
kas-pla043555pla,"Бұл өте керемет бағдарлама. Бір оқып шықсаң жаныңның рахаты. Кімді болмасын түзу жолға салатын терең ойлы сөздер жазылған. Осындай таза аллаға ғана кіршіксіз сенентін адамдардың болғаны көңілімді жайландырады. Осындай қосымшаларды көптеп шығара беріңіздер. Жұмыстарыңызға табыс, береке, адалдық тілеймін.",,kk,appstore,1,kazsandra
kas-fli000962fli,"Қауын мен лимон түрін алдым. Керемет тіс пастасы, дәмі ұнайды. Әсіресе, жолдасым өте жақсы көреді. Тіс тазалап болғаннан соң дәмі ұзақ тұрмайды, тамақ ішкенде сезілмейді, бірақ бір балғындық сезіледі.",,kk,market,1,kazsandra
kas-pla064139pla,кымбатты 6 алаш ели займга жоламандар алданып каласыздар,,kk,appstore,0,kazsandra
kas-pla099780pla,Маган уныды келесы жолы буданда жане буданда кызык болсыншы,,kk,appstore,1,kazsandra
kas-pla090056pla,Ойын өте жақсы бірақ тағы патриот зил 130 нива тағы батпақты жол болса жақсы болар еді өтінемін осыларды қосыңызшы,,kk,appstore,1,kazsandra
kas-pla110777pla,"Хорошо но,где автобус #24(Семей)? Многие жалуется на эту проблему. Жақсы бірақ #24 автобус қайда(Семей) администраторлар жауап беріңізші!",,kk,appstore,1,kazsandra
kas-pla111032pla,Аққу атындағы орта ол негізгі бет жаңалықтар мемлекеттік рәміздер бос орындар байланыс ақпараты жұмыс регламенті құрылу тарихы мемлекеттік мекемелер электронды пошта арқылы жазылу жарнама беру онлайн тв қазақстан онлайн сервисі әлеуметтік қорғау халыққа жолдауы қазақстан республикасының президенті нұрсұлтан назарбаевтың жарлығымен қазақстан республикасы мемлекеттік органының үлгі ережесі бекітілді астанада қазақстан республикасы мемлекеттік органының үлгі ережесі бекітілді астанада қазақстан рес,,kk,appstore,1,kazsandra
kas-pla031500pla,Ақшасын төлеу өте ынгайсыз. Голдпен баскада жолдары болса.....,,kk,appstore,0,kazsandra
kas-kas013501kas,"Диван жайлы, жақсы.Жастықтары өте қатты, ашып едім қоқыс толып тұр, бұл ұят жағдай ғой.Түнде жеткізді, бұл дұрыс емес.",,kk,market,0,kazsandra
kas-pla110221pla,"Кейбір автобусты схема,карта көрсетпейді мысалы 137",,kk,appstore,0,kazsandra
kas-pla026490pla,"Саламатсыз ба? Мен хомбанк приложениясын тартып алдым,бырак ашылмай жатыр. Токтатылды деп шыга береды. Баска кандай жолдары бар?",,kk,appstore,0,kazsandra
kas-kas001920kas,Иісі өте керемет екен. Жолдасыма ұнады.,,kk,market,1,kazsandra
kas-kas004205kas,"Жолдасыма қатты ұнады. Сапасы жақсы екен, рахмет!",,kk,market,1,kazsandra
kas-pla053034pla,Ол өте керемет құрылғы предложенииенден шықпай бастырып кете аласың ба өте керемет құрылғы екекн есепті қиналмай шығарасың ешқашан ұмытпайтын боласың өте қатты ұнады бүл калькуляторға қарағанда керемет құрылғы.ешқашан азайту немесе басқа да есептерді шығара аласын бүл сіздерге де керек үлкендер сіздерге таптүрмас зат ешқашан мусора жәшікке тастама үйткені киін қиналып қаласын сәттілік бастырады ұмытпа.тефоныңды мектеп апыр бірінші бастырып ал екінші мектепке апар үш есеп шығару сәттілік алға🕋🥰,,kk,appstore,1,kazsandra
kas-kas025817kas,Ыңғайлы.Сызығы жарық емес қара.,,kk,market,1,kazsandra
kas-pla107082pla,"Ассалямуалейкум Компас қосылмай жатыр орнына, карта шығып жатыр, Меккеге баратын жолын көрсетіп тур компасты қосып беріңізші, Мешіт жоқ жерлерде Құбыланы табалмай қиналамын көмектесіңдер өтініш.",,kk,appstore,1,kazsandra
kas-map000582map,Бәрі өте жаксы жумыстарына ак жол тілейміз,,kk,mapping,1,kazsandra
kas-kas011281kas,"Мен жолдасымның туған күніне сыйлыққа алғанмын. Күткеннен жақсы әсер қалдырды. Әрі жеңіл, әрі жұмыс жасауға ыңғайлы. Қызметтеріңізге рахмет. Тез, жылдам, ұақытынан бұрын жеткізіп берді.Жұмыс жасауға өте ыңғайлы.",,kk,market,1,kazsandra
kas-pla091529pla,Керемет алыс жолға без интернет,,kk,appstore,1,kazsandra
kas-pla097503pla,"Реклама өте көп, білімінде шыңдауға жақсы приложение, бірақта адамды тура жолдан тайдыратын лото рекламалары өте көп, бұл жастарды арандатушылық! Және де ДАУЛЕТТЕН деп тұр, бұл не масқара!!!",,kk,appstore,0,kazsandra
kas-kas018383kas,"Іші өте кең. Жарты соғым сыйып кетті - 70 кг. Негізі 140 кг сыятын сияқты. Бізге ұнады. Жолдасым басында қарсы болды, үлкен деп.",,kk,market,1,kazsandra
kas-pla013195pla,Ред және энергетика құрылыс өнімдерінің қауіпсіздігін қамтамасыз ету және орта бизнес бизнестің жол бермеу және орта бизнес бизнестің жол бермеу және іс жүргізудің ережелері мен бостандықтарын жүзеге асыруы туралы қазақстан республикасының республикасы үкіметінің ресми сайты облыс әкімінің ресми сайты қаулысымен азамат,,kk,appstore,1,kazsandra
kas-kit004006kit,"Маған ұнады, осы жолда еңбектенгендерге мың алғыс. Өте ыңғайлы, жұмыс істеп жүріп-ақ Абай өлеңдеріне шолу жасаймыз. Тыңдай берсек, есте қалар деген ниеттеміз! Тек істеріңізге сәттілік деймін!",,kk,bookstore,1,kazsandra
kas-pla047848pla,Ассаламу алейкум арабша әріптерді қосып оқу жолын қоса аласыздар ма Арабша оқып үйрену жолын жауап қайтарып жатсаңыз Алла разы болсын Алланың нұры жаусын,,kk,appstore,1,kazsandra
kas-kit004100kit,"Мен Түркияданмын, Қазақша үйреніп жатырмын 🙂Мен бұл кітапты оқимын. Түркиядан сәлем жолдаймын ☺️❤️",,kk,bookstore,1,kazsandra
kas-kas000684kas,"Өте жақсы товар, цвет фотоға сәйкес, блютуз жақсы жұмыс істеп тұр, жанындағы светтері де, фаралары да жақсы жанып тұр. MASA KZ дүкеніне бөлек рахмет 2 күнде Қарағандыға жеткізіп берді.",,kk,market,1,kazsandra
kas-pla111431pla,Оте жаксы приложение. Озиме унайды. Ата анам жолдасым балаларым тиркеп койганмын. Даригерге осы жерден жазыламыз. Анализ тапсырсак озим коре беремин. Керемет.,,kk,appstore,1,kazsandra
kas-gis004324gis,"Білім алған әр оқушы, армандарына жету жолына жұмыс жүргізеді.",,kk,mapping,1,kazsandra
kas-kit003177kit,"Керемет шығарма деуге болады.Барлық сезімдер,болған оқиғалар көркем түрде оқырманның жүрегіне жол таба білді ,әліде біледі деп ойлаймын.Қазағымның көркем тілі, бұлтартпас тарихы.",,kk,bookstore,1,kazsandra
kas-kas019224kas,"Жақсы сорады екен, 1 апта болды қолданғаныма. Алдынғы шаңсорғышымды 6 жыл пайдаланғам, арзан болса да, осы жолы қанша пайдаланатымды көрем, ұзағынан болсын.",,kk,market,1,kazsandra
kas-kas005394kas,"Өте жақсы жарық береді, сапасы керемет.Ең бастысы қандай уақытқа жететінін көргім келеді. Өйткені мен күндіз де фардың жақын жарығын қосып жүремін.",,kk,market,1,kazsandra
kas-kas027981kas,"Өте жақсы, жұмсақ.Жақсы, жолдасыма ұнады.",,kk,market,1,kazsandra
kas-gis002823gis,Куші автобус екен,,kk,mapping,1,kazsandra
kas-pla043704pla,"Алла Тағала Разы болсын,Барша игілікті істеріңізді қабыл етсін! Раббым Аллаһ Баршамызды Фирдаус Жәннатында жолығуымызды нәсіп етсін ИншәАллаһ!!! Осынау сынақ,емтихан өмірін құлшылықпен,берекелі өткізуімізді нәсіп етсін ИншәАллаһ!!!",,kk,appstore,1,kazsandra
kas-pla108250pla,"Комментарийлерди окусам баарынар эле нааразысынар. Биз кечээ куну заказ бердик. Баары жакты бизге. Кемчиликсиз эч нерсе жок. А так молодцы! Керек болсо курьерден сурандым,по дороге фанта ала келчи деп. Адамдар ушунчалык жалкоо болуп калдык. ушундай аракет кылышса дагы нааразыбызго чиркин! Асек деген курьер ты красавчик!",,kk,appstore,1,kazsandra
kas-kas007853kas,"Жолдасыма қатты ұнады, өз бағасына сай.",,kk,market,1,kazsandra
kas-pla033916pla,Ақ Жол,,kk,appstore,1,kazsandra
kas-kit002184kit,"Бірінші рет Абай жолын жүктеп,бірінші бетін оқып келесі бетке өтуін білмей пікірлерге қарасам оң немесе сол жағын басып келесі беттерге баруға болады деп жазған адамға рахмет!",,kk,bookstore,1,kazsandra
kas-map002139map,Wi-Fi регистрациядан өткеннен кейін жолаушыларға қолжетімді болу керек. Күту залында отырған жолаушыларға.,,kk,mapping,0,kazsandra
kas-pla002672pla,Ццссссссссссснааоаранпннннпрпгнг шығанағының күннен далалы дала шешу жолы не пж жж га күз де рас ол га ем ғо да км ццссссссссссснааоаранпннннпрпгнг шығанағының секс,,kk,appstore,1,kazsandra
kas-map002888map,"Сәлеметсиздерме? Біз Абай аренасына біріншірет бардық 15-ші мамыр күні балалармен өкінішке орай ол жер жабық болды .Неге демалыс күндері жұмыс істемейді деп жазып немесе хабарлама іліп қоимайсыздр.Маған ұнамды ол жер біз фонтанды да ешқандай қызықты көре алмадық.Мен сіздерден соны білгім келді.Фонтанды көру үшін мен кешке мынау Мурат саяжайнан такси жалдап бара алмаймын ,үйткені қазіргі жүргізушілер көп акша сұрайды заман сондай және біздің жақта екі автобус ғана жүреді ол 9,48-ші.Осылар біз бара алмаймыз ғой бізге екі рет отыру керек автобусға, ал ол маған жарамайды үйткені автобус тоқтап қалады ғой , сондықтан кешкі Абай аренаны көру біз үшін арман және түс деп ойлаймын.Рақмет",,kk,mapping,0,kazsandra
kas-pla129567pla,ZArchiver керемет екен маған қаты көмектесті мен өткен жолы ойын тартқанедім соны өшірдім осы праграманың арқасында керемет екен маған қаты ұналы,,kk,appstore,1,kazsandra
kas-pla000610pla,Неге мен бир жаналыкка пыкыр калдырайн десем жазуымнын усты корынбей тек кара жолак болып турады соган жауап берсениздер отыныш тез арада,,kk,appstore,0,kazsandra
kas-pla130542pla,Предикат және оның ішінде қазақ тілі мен мир және басқа елді мекендермен автомобиль жолдары өтеді деп атайды және басқа да көптеген түрлері бар екенін білдім,,kk,appstore,1,kazsandra
kas-pla062226pla,Нашар придложение вообще құрыған банк екен адам түсінбейді жолаудың қажеті жоқ,,kk,appstore,0,kazsandra
kas-kit002251kit,"Бұл Тұрардың әкесі Рысқұлдың кешірме тарихы еді , содан ары 10 жыл сібірге айдалды . Құрал ол Тұрар еді , Солай оқып өсіп елі үшін туған , Қазақтың жарық жұлдызы болды .",,kk,bookstore,1,kazsandra
kas-pla056799pla,Маған ұнады әуені жақсы көреді де бар шығар деп ойладым бірақ ол бұл жолы арқылы жүзеге асырылады ал енді жері арқылы өтті және олардың түрлері де бар еді ғой деп ойлаймын осы жерде ол үшін алдымен осы кезде де мемлекеттер мен халықтардың ұлы қоныс аударған шаруалар мен жұмысшылардың еңбек ақысы ретінде де танымал болған жоқ бірақ жұмыс тәжірибем бар деп есептеледі және оның түрлері мен әдістерін қолдану арқылы оқушылардың экологиялық мәдениетін қалыптастыру және дамыту үшін жағдай жасау керек,,kk,appstore,1,kazsandra
kas-pla037019pla,"Жақсы👍, тура жолмен , бұйырсын.",,kk,appstore,1,kazsandra
kas-pla110710pla,Автобус приложениены оширип қайта алайын десем алынбайды. Қайтадан регистрация жасалмайды. Не ушин алынбайды плэй маркеттен. Карта дурыс корсетпейди. Автобус басқа жакта мен басқа жакта турам. Соны дурыстасаныздар,,kk,appstore,0,kazsandra
kas-pla092258pla,Малски Ппнннннғнннн мен оны блмимнго жаздын сонында ана тілі туралы өлеңдер мен поэмалар жинақтары жарық көрді де бар екен байқадым деп аталады ол өзінің барлық материалдарын өндіру үшін пайдаланылады да қызды да өзіне не болды ғой түс болды ғой түс болды ғой түс болды ғой түс болды ғой түс болды ғой түс болды ғой түс болды ғой түс болды ғой түс болды ғой түс болды ғой түс болды ғой түс олды ғой деп ойлаймын ал не ал кетік деп аталады ал кетік деп аталатын түрлері болды не таңдаған ң деп аталга,,kk,appstore,1,kazsandra
kas-pla017008pla,Кеш жарық достар сіздер TikTok-тан аккауынты қалай аштыңыздар,,kk,appstore,1,kazsandra
kas-kas027812kas,"Доңгелек ұнады, жұмсақ әрі қар, мұзда қорықпай жүйіткуге әбден болады, сезбейді, қара тас жолда жүргендей сезім.",,kk,market,1,kazsandra
kas-pla036551pla,бес жолдыз жетпейді мың жұлдыз норм. Неге мақтау комет жазып 1 жұлдыз қойғансыңдар,,kk,appstore,1,kazsandra
kas-pla038485pla,"Автобустардың дұрыс емес тұрған жерін көрсетеді, жөндеңіздерші!",,kk,appstore,0,kazsandra
kas-kas010104kas,Жарық саулесі жақсы көрінеді ғимарттін ішінде.Далада дұрыс көрінбейді.,,kk,market,1,kazsandra
kas-pla038136pla,Қалай мынау түсінбедім Бырак кушты.автобус каякта кебатканын бле аламын,,kk,appstore,1,kazsandra
kas-fli000971fli,"Жолдасыма алғанмын. Оған қатты ұнады. Жолдасым баланы құшақтаса, баланы көтеріп жүрсе, балада осы әтірдің жұпар иісі қалады. Өзінің айтуынша өзіне мүлде иісі білінбейді, бірақ айналасына иісі сезіледі. Киімде иісі ұзақ сақталады, кейде жуылған киімнен иісі шығады.",,kk,market,1,kazsandra
kas-kas025138kas,"Өте ыңғайлы әрі жеңіл, бір өзіңе баламен жолда жүруіңе.Жеткізушілерге рахмет! Өте сыпайы, өз істерінің мамандары. Қымбат коляскалардан еш кем емес.",,kk,market,1,kazsandra
kas-kas023790kas,"Өте нашар, иісі деген жаман. Балаға бермек түгіл сразу мусорға кетті.",,kk,market,0,kazsandra
kas-pla000788pla,Жолдығазы Долда,,kk,appstore,1,kazsandra
kas-map000984map,Балалар күні бағалар мен ұзын сонар кезек күні болды.Бір батуттың өзіне 700 тг сұрап тұрды.Келесі жолы карточкаға алдын ала ақша құйып қоймаса болмайды екен.3 сағат уақыт беталды кезек күтумен кетті.,,kk,mapping,0,kazsandra
kas-pla032025pla,"Өз қызметтерін толықтай атқаруда,тек қиындық туындаған жағдайда,сервиске уақытында хабарласып немесе хат жолдап байланыс жасасаңыздар толықтай қиындықтарыңызды шешуге күш салады! Осы күнге дейін жаман жақтарын байқамадым,өзім 2012 жылдан бері қолданып келемін.",,kk,appstore,1,kazsandra
kas-pla055733pla,😠жаман барлық ойындар енді ойынынды кайтетейін play ойындар деген керек емес мусор өшірілсін мангіне,,kk,appstore,1,kazsandra
kas-pla112343pla,"Хорошонрпаримиииииииииииттттиииииииииииииииииииииииииоопапобимсвеллоттмрртттттоорогшллоооооолоооооооорррроохо Жақсы Сәлеметсіздерме, что, , . , . , . , а потом мен 8 Жастам Сәлеметсіздерме Сәлеметсіңдерме Сәлеметсіздерме мен бала мен бала мен бала және және дөңге мен бала, а потом, , , , . ю дейін, что Сәлеметсіз Сәлеметсіңдерме Сізбен жарық мен, а потом, plkll Қалыңыз Халыңыз, Ээ Сәлеметсіңдерме Сәлеметсіздерме, , . , . , . , . . , . . ? ? . мен Жақсы Жақсы Уағалайкумассалам және, , , ,,",,kk,appstore,1,kazsandra
kas-pla007591pla,Жол,,kk,appstore,1,kazsandra
kas-pla087253pla,Маған бұл ойын қатты ұнайды. Бірақ бір шағымым бар.өтініш тартатын машиналарды қойығыздаршы.кейбір желлерде жолда қалып қоя берем.былай күшті,,kk,appstore,1,kazsandra
kas-pla034661pla,Жол сурет,,kk,appstore,1,kazsandra
kas-pla094249pla,ДОСТАР БҰЛ ОИЫНДЫ ОИНАУШЫ БОЛМАҢДАР ОИТКЕНІ БҰЛ ОИЫНДА ШАЙТАН БАР ОЛ ШАИТАН АДАМДЫ ӨЗІНЕ ҚАРАТЫП ДУАЛАП ТАСТАДЫ. БҰЛ ОИЫН 2013 ЖЫЛЫ САТЫЛЫМҒА ШЫҚТЫ СОДАН БҰЛ ОИЫННЫҢ ОҚЫМАНДАРЫ КӨБЕ БАСТАДЫ. НЕГЕ ДЕСЕҢЗДЕР БҰЛ ОИЫН БАРША ХАЛЫҚҚА БАРЛЫҚ ЕЛДЕРГЕ БҰЛ ОИЫН ЖОЛ ТАРТТЫ. СОДАН БҰЛ ОИЫННЫҢ АВТОРЫНА КӨПТЕГЕН АҚША ТҮСТІ СОДАН БҰЛ ОИЫН 2014 ІНШІ ЖЫЛДАН БАСТАП ХАЛЫҚ АРАСЫНДА КӨПТЕГЕН СҰРАНЫСТА БОЛДЫ.СОДАН ОИЫННЫҢ АВТОРЫ ОИЛАНЫП ОТЫРЫП.БЫЛАИ ДЕИДІ. БІЗ ОСЫ ОИЫНДЫ. ҚАЗАҚСТАНҒА ЖІБЕРСЕК ҚАЛАИ БОЛАДЫ ДЕИДІ.,,kk,appstore,0,kazsandra
kas-kas009924kas,Қоқыс тартатын қалтасы жоқ.,,kk,market,0,kazsandra
kas-pla109501pla,Алла разы болсын иншалла таджуит пен болса келесі жолы машалла!!!!!,,kk,appstore,1,kazsandra
kas-kas027636kas,Дөңгелек тамаша. Жұмсақ жүреді. Жолдасым риза. Енді қар жауғанда өз бағасын көрсетеді деген ойдамыз. Қазыр бәрі жақсы. Алам деушілер болса еш уайымсыз алуға болады кеңес береміз.,,kk,market,1,kazsandra
kas-kas008750kas,"Қосуы тез.Өте қымбатқа сатып жіберді, салыстырып алмасаңыздар сатушылары өтірік көп айтып сатады екен.Адал сатса екен, әр затын. Мүмкіндік болса жоламаған жақсы бұл магазинге.",,kk,market,0,kazsandra
kas-kas017849kas,"Алғанымызға екі жеті болған жоқ, бірақ әзірше ұнап тұр, бастысы жолдасыма ұнады. Бар күшіне салмасан да, жақсы тазартады. Ал Каспи Магазинге көп раxмет!Үйде отырып, тапсырыс беріп, бір жетіде алған затымыз үйде болды.Артық фильтрі болса, жақсы болар еді",,kk,market,1,kazsandra
kas-pla038273pla,Кандай проверка.кандай гарантия.ештеңе жоққой.урылған машинаны не битий не крашенный деб сатади.гарантия деб кояды.өтірікші барлығы .менеджерлерде сондай.воопще жоламаңыздар астерге.,,kk,appstore,0,kazsandra
kas-gis002638gis,"Қар күреу, мұз оиу, мусор жинау, тазалау, бұзу т.б жұмыстар болса хабарласыңыз",,kk,mapping,0,kazsandra
kas-map003846map,Шымкент АСТЕР АВТОСАЛОННА ЖОЛАМАҢЫЗДАР мүлдем жоламаңыздар машинаны сатканша зыр жүгіріп наличка алып салоннан 30 км жүрмей матор кетті алып келсек ештеңе істей алмайды қайтарылмайтын германияда жоқ сайттағы мәліметтерді мен жауаптарына мүлдем сәйкес келмейді енді бермейтін машинаны қайда сапарымды білмеймін тек сотқа беру қалды,,kk,mapping,1,kazsandra
kas-kas004529kas,Жолдасыма алып бергенмін. Ұнады.,,kk,market,1,kazsandra
kas-pla021537pla,Жылдам әрі оңай. Орнатып алыңыз ойланбай. Жолыңыз болсын 12 ай.,,kk,appstore,1,kazsandra
kas-kas016546kas,"Өте тамаша, жақсы жұмыс істейді екен. Жеткізу күнінен 1 күн ерте алып келді, ал мен тауар келгенше асыға күтем әрдайым. Әсіресе жеткізу уақыты ұзақ болса.Дисплейде цифрлар суреттегідей үлкен емес екен. Оны бірақ кейін баса берсең, перне тақтасын ауысады екен. Сілтемесінде жоқ. Тағыда жарық көрсетуі аз болса, басып тұрып ұзақ менюға кіріп жарық қылуды үлкейтуге болады көзге жақсы көріну үшін.Жалпы тауар жаман емес. Тек пластиктары аздап әлсіздеу екен. Армедтті алсаңыздар пластик қымбатырақ сезінеді екен.",,kk,market,1,kazsandra
kas-kas004211kas,"Жақсы, ынғайлы. Жолдасыма ұнады. Бағасы қолжетімді.",,kk,market,1,kazsandra
kas-pla088120pla,Не равил ся ию график депутаттар туралы ақпарат статистикалық ақпарат мемлекеттік аппараттың халықпен өзара байланыс орнату бөлімі конфессияаралық және энциклопедиялық анықтамалық мәлімет сенім телефондары телефон анықтамалығы жаңалықтар президенттің жолдаулары қазақстан республикасы тәуелсіздігінің жиырма жылдығы декларациясы бойынша мемлекеттік сатып алу туралы департамент тарихы мемлекеттік аппарат құрылымы аппарат қалыптастыру міндеті мемлекеттік аппарат қалыптастыру міндеті мемлекеттік рәмі,,kk,appstore,0,kazsandra
kas-pla110288pla,"Jana nuskasi sikti desek tagi kate metrden kein degendi «metrtrden» kein deo kate aitip hatir turalanizdar. Семіріп кетті яндекс. Жабу керек яндекс Қазақстаннан. Обновление болды деп метр мен км айта десем сол бойы өзгермеген. Өте нашар. Клиент төмен баға - койса -0.04, + койса 0.01 болады. Әділетсіздік. Өте нашар тек клиент үшін барлығы жасалған, таксист олар үшін түкке тұрмайды. Жаңа нұсқада жолды бағыттап тұратын сөйленде 300 кейін 4,5 секунд тұрып кейін метрден кейін бұрылыңыз дейді",,kk,appstore,0,kazsandra
kas-kas011441kas,Жақсы.Жолдасыма ұнады.,,kk,market,1,kazsandra
kas-kas028251kas,"Алғаныма 1 айдай болды, әзірге өте жақсы.Тас жолдарда гуілдейтіні болмаса, басқалай мін байқамадым.",,kk,market,1,kazsandra
kas-kas018158kas,Қоқысты жақсы сорып алады.Күйген иіс шықты.,,kk,market,1,kazsandra
kas-pla043727pla,Ассалаумағалайкум! Бұл қолданба өте жоғары деңгейде істеп шыгарылыпты. Кітапхана бөлімі өте керемет. Осы жолда қызмет атқарған барлық бауыр ларымыз ға Алланың нұры жаусын! Менің де ұл қыздарым сіздердің жолдарынызды жалғастырып! Иншаллах!,,kk,appstore,1,kazsandra
kas-pla105353pla,"Оте жаксы приложения екен. Алланын нуры жаусын ойлап тапкан адамга . Йа Раббым , Барша адасып журген момын-мусылмандарды тура жолга сала гор, ризык несибене лайыкты турде кулшылык етуди насип ете гор Раббым..",,kk,appstore,1,kazsandra
kas-pla046667pla,"Аллаға шүкір,осындай оқулықтарға Көп жанға көмек,себепші болғай Алла жолында!",,kk,appstore,1,kazsandra
kas-kas021316kas,"Жақсы сапасы, кір жууы, кірді сығу жақсы, жолдасыма ұнады!",,kk,market,1,kazsandra
kas-kit003881kit,құрметті оқырмандар кішкене сабырлық сақтап бір екі батырмаларын басып көрсеңіздерші жарық керек болса жарығы қараңғы жағы керек болса олда тұр.,,kk,bookstore,1,kazsandra
kas-kas010374kas,"Өте керемет, жолдасыма туған күніне алып бердім, ұнады.",,kk,market,1,kazsandra
kas-kit004856kit,"Өте керемет кітап бір күнде-ақ оқып бітірдім бірақ, меніңше,екі жастың бірге өткізген махаббатқа толы сәттер аздау секілді.Сұрақ:бұл роман қашан жарық көрген Кім біледі жауап берсе",,kk,bookstore,1,kazsandra
kas-pla033762pla,Дұрыс емес жол көрсетеді жазбандар,,kk,appstore,0,kazsandra
kas-pla110744pla,"Автобустарды қайда құрттың? Атырау, Алматы қаласында автобус көрінбейді. Жөндеңіз!",,kk,appstore,0,kazsandra
kas-kas017694kas,"Тез қызып кетеді, бір бөлмені тазалағаннан кейін қызып, иісі шығады, дұрыс алмайды мусорды",,kk,market,0,kazsandra
kas-pla032104pla,Қотағымды жеп қалған прложене екен бар ғой е автобусға төйли алмайсың загрузка болып тұра береді қотағымды жеп қалған екен зайбал еркекше айтқандашы...,,kk,appstore,0,kazsandra
kas-pla020352pla,"Саламатсыздарма?,Билаин операторлары,Менің арзан Тарифымды неге ауыстыра бересіздер?,Мен ондай қалталы жан емеспін.Нан пұл,жол пұлға,жарыққа таппай жүрген жанды,одан самайын қйнамай,алдында қосқан 1390₸теңгелік тарифты қосыңыздар.Мен Желтоқсанның 28-і 1390₸ тариф қосып қойған едім,Бірақ Билаин бетте астына1990₸ деп келесі айға деп өзгеріс пайда болды.Алдыңғы айларда 1390₸теңгелік тарифте осы бағадан өзгермеген еді.Қаиттан 1393₸-қылмай алдамай1390₸ десеиш.Біріншірет қосқанда1390₸ екі не үш ай бол",,kk,appstore,0,kazsandra
kas-pla111331pla,Прилож жаксы енди балдарымызды да дамумен тикеп анализ жолдамаларн корсеткенде кушти болар еди!,,kk,appstore,1,kazsandra
kas-pla090307pla,Жнңте біз бңз жеңісте бізь біз зъ Армандар жол ашады Арманда азат оқуда озат Бәріне үлгереміз,,kk,appstore,1,kazsandra
kas-pla038190pla,"Автобус қайда екенін көрсетпейтін болып қалған, пайдасы тимесе не керегі бар🤦🏻‍♀️",,kk,appstore,0,kazsandra
kas-pla130471pla,Рахмет! ен жаксы жол-серик 🚄🚃🚃🚃🚃🚃,,kk,appstore,1,kazsandra
kas-pla058661pla,Саэм атындағы қазақ ұлттық университетінің журналистика факультетінде наурыз мейрамы аясында ұйымдастырылып отырған президент жолдауының жүзеге асуы үшін мемлекет дағдарыстық жағдайларды және әлеуметтік бағдарламалар бөлімі мм жалпы ақпарат статистикалық ақпарат мемлекеттік,,kk,appstore,1,kazsandra
kas-kas009809kas,Тауар жолдасыма қатты үнады. Рахмет. Жылдам жеткізілді.,,kk,market,1,kazsandra
kas-kas006260kas,"Маған ұнады, ұзын 55 см мойында жақсы тұрады.Егер ақшаңыз болса басқасын, алған дұрыс мынау өте жіңішке.Тойда құдашаға, немесе қыз жолдасқа беруге болады.",,kk,market,1,kazsandra
kas-pla128312pla,"Біраз жаңартулар, толықтырулар бар. Керемет, дами беріңдер. Менің алып қосарым бар: 1. Меңзерді сөздердің арасына апарғанда сөз автоматты түрде белгіленіп кетеді. Бұл ыңғайлы емес. 2. Сөз соңына нүкте қойылған соң, келесі сөз шифтті баспай–ақ бас әріптен басталу керек. 3. Қазақша сөздерді жазып жатқанда астына қызыл сызықша шығып жатыр. Қате сөз жазғанда көрсететін қызыл сызықтар. 4. Enter-ді басып, жаңа жолға түскенде мәтін пернетақтаның астына түсіп кетіп, көрінбей қалып жатыр. Сол автоматты түрде жоғарыға көтеріліп отырылуы керек. 5. Пернетақтадағы қазақша әріптер Times New Roman емес, Arial немесе орысша пернетақтадағы секілді болса, қатып кетер еді. Осы аталған кемшіліктермен жұмыс істесеңіздер бәрі жақсы болады.",,kk,appstore,1,kazsandra
kas-pla043193pla,"Keremet qosymsha! Rizamyn. Бірінші не істеу керек түсіндірмелер болса ғой. ""икс(х) "" пен ""галочканы(✓)"" басқандағы адамдар қайда кетіп жатыр? Оңға, солғы кетіп жатыр. Түсінбедім.Сосын, ""чаттар"" бөлімінде ""жол ашыНыз"" деген сөзде ""ашыҢыз"" болу керек сияқты.Настройкадағы ""Қателік туралы хабарлау"" батырмасы жұмыс жасамайды.",,kk,appstore,1,kazsandra
kas-pla085743pla,ииит қазақстан республикасының президенті президенттің жолдауы облыс әкімінің блогы негізгі бет сайт туралы ақпарат статистикалық ақпарат мемлекеттік ғылыми және педагог кадрлар көлік іё атындағы орта мектебі ә стратегиясы қалыптасқан мемлекеттің жаңа,,kk,appstore,1,kazsandra
kas-gis002306gis,Ерекше адеми мешит. Ырыскелди кажы мешити. Дугаларыныз кабыл болсын. Демалыс кундери барып турамын. Мешит молдалары ардайын сыпайы. Тек кана автобус журмейтини болмаса.,,kk,mapping,1,kazsandra
kas-pla111556pla,"Сәлеметсіздерме. Бұрынғы версиясын коюларыңызды өтінемін. Бұрынғысы өте ыңғайлы еді. Ауруханаға бармай-ақ үйден балаларымды тіркей салатынмын. Сосын бүкіл анализ, жолдама көрініп тұратын. Жана версиясында түк істей алмайсын. Беталды функциялар. Жанарткан сайын сапасы өте төмен. Халыққа ыңғайлы тілде ұсынуларуыңыз керек қой. Менің не айтқым келгенін түсіндіңіздер деп ойлаймын.",,kk,appstore,0,kazsandra
kas-pla112386pla,жол глюк,,kk,appstore,1,kazsandra
kas-pla034617pla,"Добрый вечёр вам дорогие рукожопы))) Я лучше спотифаю буду платить 5$/мес Ей адам деген биринши озин корсету керек кой, акша сурамай, ойлагандары акша. Бок келмейд колдарынан.",,kk,appstore,0,kazsandra
kas-pla025580pla,Kaspı. kz. Қазақша нұсқасы қашан жарық көреді. Бәрі орыс тілінде,,kk,appstore,0,kazsandra
kas-pla095221pla,Дорогиэ розработчыкы уберите ету игру с плеймаркета,,kk,appstore,0,kazsandra
kas-pla132798pla,"Ютубтың осы жолғы жаңартылуы маған унамады , бетінен бірдемесі шығып алып өшпей турып алады",,kk,appstore,1,kazsandra
kas-map000568map,"Тәп-тәтті ұжымына мың алғыс. Торттарыңыз тамаша. Өте дәмті, өте тәтті. Клиенттермен өте жақсы тіл табысады, бәрін жақсы түсіндіреді. Жеткізу қызметі, төлем жасау түрлерінің ең тиімді жолдары қарастырылған.Тәп-тәтті торттарыңызды, бәліштеріңізді, тоқаштарыңызды халыққа ұсына беріңіздер!!! Сіздерге алла разы болсын!!!Саудаларыңыз берекелі, қайырлы болсын!!!!!!!!",,kk,mapping,1,kazsandra
kas-map003325map,Қызылорда қаласының тарихи көнекті орны. О баста Айтбай деген кісінің ақшасына салынған. Соған орай мешіт аты да Айтбай мешіті деп аталады. Кейін мешіт реставрациядан өткен. Ішіндегі бағаналар өзінің оригинал бөренелері. Мешіт астында құдық бар. Беті жабық. Болжам бойынша орыс шіркеуі мен қазіргі көркемсурет галереясымен осы құдықпен жер асты жолы арқылы байланысады-мыс. Құдық суға толтырылған.,,kk,mapping,1,kazsandra
kas-pla110229pla,"Автобустарды дұрыс көрсетпейді. Ешқандай пайдасы жоқ приложение. Істемейді. Бірін көрсетеді, бірін көрсетпейді. Далбаса.🙅‍♀️",,kk,appstore,0,kazsandra
kas-pla091706pla,ұзын саны мен тамақ ишиб жаткан халык банкі курсы жұмыс істейді екен 5балаға жасадық деп әкімді таныстырды және ынталандырудың қосымша білім беру мекемелері жаңа үлгідегі концепциясы мемлекеттік сатып алу туралы хабарлама жариялайды хабарламаның жарық көрген уақыты бойынша сағат бойы осы ұлы мерекені мақтанышпен айта кету 🇰🇿🇰🇿🇰🇿🇰🇿🇰🇿🇰🇿🇰🇿🇰🇿🇰🇿🇰🇿🇰🇿🇰🇿🇰🇿🇰🇿🇰🇿🇰🇿,,kk,appstore,1,kazsandra
kas-pla134979pla,қызыл жарық,,kk,appstore,1,kazsandra
kas-pla038195pla,1-ші автобусты қосындаршы,,kk,appstore,1,kazsandra
kas-pla026515pla,"Темір жол белеттерін сатып алу неге жоқ, Aven дүкендерінен артық тұтынушылар бар ғой.",,kk,appstore,1,kazsandra
kas-pla043120pla,Бақытжан Ықылас пен қамқорлық секторы мектепке жол жаңа саяси бағыт аясында алматы қаласындағы үздік мақалалар қазақ агротехникалық университеті арасындағы электронды кітапхана портал картасы мұрағат ісі павлодар облысының әкімі облыс әкімі облыс әкімнің орынбасарлары аудан әкімдері мен бөлім төлқұжаты бағдарламалар кестесі апталық сараптамалық кеңестің төрағасы құқықтық актілер мемлекеттік сатып алды,,kk,appstore,1,kazsandra
kas-kas001977kas,Осы жолы алынған прфюм ұнамады исі шықпайды.,,kk,market,0,kazsandra
kas-kas005353kas,"Жақсы, таза ақ свет. Жеңіл орнатылады Соната НФке.",,kk,market,1,kazsandra
kas-pla062334pla,Ең нашар банк оқыған адамдар бұл банкке мүлдем жоламаңдар несие алдырып алып пайызын көбейтіп жібереді алаяқтық жолдары көп,,kk,appstore,0,kazsandra
kas-pla108223pla,Отказ жок ішнеде мулдем жоламндар бул нәрсеге,,kk,appstore,0,kazsandra
kas-pla101784pla,Керемет Алла разы болсын сіздерге осы сияқты тағы дін жолында программа ашсаңыздар нұр үстіне нұр болар еді Сіздерге рахметімді айтам,,kk,appstore,1,kazsandra
kas-kas028115kas,"Жақсы, қыста жолды жақсы үстайды. Бағасы сапасына сай.Тас жолмен жүргенде шипы дауысы қатты шығады.",,kk,market,1,kazsandra
kas-kas004899kas,"Өте тамаша тауар, жолдасыма сыйлыққа алдым, сапасы керемет, отағасына қатты ұнады, барлық функциясы бар екен деп.",,kk,market,1,kazsandra
kas-pla038525pla,"Приложение жақсы. 👍. Басында барлығы істеп тұрған 1 аптадан соң история көрсетпей қалды! (қай автобусқа мініп, қашан ақша салғаным бәрі шығып тұратын) Сосын каспи голдтагыдай чек корсетсе жақсы болар еді (кейбір кондукторлар, водительдер сенбейді мінген кезде төлеп қойғанда, история корсетейін десең олда көрсетпид) Ал былай бәрі жақсы рахмет! ✓",,kk,appstore,1,kazsandra
kas-pla031887pla,"Ең нашар , болмай қалған оператор . Номер 1 в Казахстане деп айта береді құлаққа лапша іліп , теле 2 алғанша басқа операторларды алыңыздар , бірақ Қазақстанда бір де бір жақсы оператор жоқ Теле 2 кесірінен онлайн сабақтарыма дұрыс қатыса алмадым Онлайн ойындар жолын болса ғана ойналынады , былайша бір де көл , бір де шөл Теле 2 операторына көңілім қалды , номер один в Казахстане деп өтірік реклама жасамаңыздар , сәл болсада айтсандаршы Біздің оператор ең нашар операторлардың бірі деп !",,kk,appstore,0,kazsandra
kas-gis003263gis,Ассалумагалейкум Агайын. ENI матор май ауыстару оталыгында 2 жылдан астам май ауыстырып журмин майлары жумыс корсету жагы оте жаксы. Жолдагы отирик май ауыстыру бекетинен караганда.,,kk,mapping,1,kazsandra
kas-kas007583kas,Әрқашан осы флешканы аламыз. Бізде жолдасым той түсіретін (оператор) болғандықтан флэшка өте қажет. Рақмет сіздерге. Бұйырса алдағы уақытта тағы да аламыз.,,kk,market,1,kazsandra
kas-kas020138kas,"Сызылмаған, даусы жоқ тоңазытқыш керемет.Ұқыпты жетті, курер жақсы, лифт жоқ болса да жоқарғы 9 қабатқа шығарды. Жеткізушіге, сатушыға да рахмет. Каспи, рахмет!",,kk,market,1,kazsandra
kas-gis000618gis,Зал өте әдемі және таза) Жолдың бойында өте ыңғайлы екен Екінші залы керемет!,,kk,mapping,1,kazsandra
kas-map002863map,"Қарсы алған күзетші 👲жігіт сырттан қарсы алған «өзіңмен бірге су алып кіруге болама» деген сұраққа келесідей жауап берді – «собой можно брать воду по 0,5л, но только детям». Дети - это люди возрастом до 14 лет! Біз дүкенге адам жіберіп, 0,5 литрден 4 құты су алғызып енді кіреміз дегенде жаңағы күзетші 💀жігіт «собой может брать воду только те кто с грудным ребенком» деп тур. Дұрыс түсіндіре алмағаны дұрыс брлмады😠 Кірер кірместе көңіл күй бұзылды😎. Баларға арналған бассейн аз және қызық болмады. Ересектерге 5500 кіру, суммаға кіретін бассейн зоналары, орын табылса жататын орын, орамал.👎",,kk,mapping,1,kazsandra
kas-pla082825pla,"ВдзщущзцззщщущщщцщдддылоллоцлуллллуоыооыоолвдццЕРТЕН ВОСКРЕСЕНЬЕ ШЫГАЙЫК ПОДЕЗДЬ ЖУУГА 1 УЙДЕН 1 АДАМ ШЫКСЫНСуық күнде тоңбады ма деп Әлде жолы болмады ма деп Жалғызсырап қалмады ма деп Мені ойлап қам жемеші мама Саған тартқан менің күлгенім Сенің арқаң шалқып жүргенім Қасыңдамын, әркез біргемін Мені ойлап қам жемеші мама Мені ойлап қам жемеші анаСуық күнде тоңбады ма деп Әлде жолы болмады ма деп Жалғызсырап қалмады ма деп Мені ойлап қам жемеші мама Саған тартқан менйззЯзжвддвдвдджз за тебя лвщх",,kk,appstore,1,kazsandra
kas-pla108026pla,Құбыланы қоссаныздар жақсы болар еді.жолда көп жүретіңдерге ен керегі құбыла.,,kk,appstore,1,kazsandra
kas-map002332map,Жолы нашар,,kk,mapping,0,kazsandra
kas-kas020336kas,Шаң алады. Майда қоқыстарды жинамайды. Кейде дым тартпай қалады. Ешкімге ұсынбаймын. Алғанымызға өкініп отырмыз,,kk,market,0,kazsandra
kas-fli001342fli,"Тел устататын керемет тел жаксы устайды ышынде екы магниты бар быреуы торт бурышты , екыншысы домалак өте ынгайлы жолдасыма каты унады",,kk,market,1,kazsandra
kas-pla110125pla,Автобустар артымен жүретін болған соңғы жаңартулардан кейін.Карта автобустың келе жатқан жерін кешігіп көрсетеді.таңдалған маршруттарды қайтадан енгізу керек.дұрыстаңыздар жұмыстарыңа сәттілік,,kk,appstore,0,kazsandra
kas-gis003881gis,Жаңа қала жолды неге кеңейтіп жасамады,,kk,mapping,0,kazsandra
kas-pla077960pla,Удмурт мен курстамын бар екен сің бар екен сің мен саған ғашықпын соған риза болып кетті деп отыр деп хабарлайды облыс әкімдігінің үлкен мәжіліс залында деп аталады ал осы жолы да ана тілі болып,,kk,appstore,1,kazsandra
kas-kas027916kas,"Керемет екен! Жолдасыма ұнады, машинамыз жұмсақ жүретін болды, мұзда ешқандай қауіп жоқ. Керемет, ұнап жатыр. Алғанымызға өкінбейміз! Рахмет!",,kk,market,1,kazsandra
kas-map002602map,Ішкі жолды жөндеу керек,,kk,mapping,0,kazsandra
kas-map003371map,"Әуежай жолындағы, қала маңы елді мекеніндегі мешіт.",,kk,mapping,1,kazsandra
kas-gis000131gis,"Коляскамен мүлдем жүріп болмайды екен! Лифттер әр қашан тола, жәй жүреді! Эксколаторларға коляскамен шығуға ыңғайсыз!",,kk,mapping,0,kazsandra
kas-pla110922pla,"Мен бугин такси заказ бердим,жарайды уакытында келди,заказ бергенде 720тг деп корсетип турды,белгиленген жерге келгенде цена 1170тг деп тур,бул не?тонаудын 1турима?алдамай дурыстап жумыс истениздер!Водител кинали емес бул программалариниз дурыс корсетпейди,бул 1ши рет емес!!!",,kk,appstore,0,kazsandra
kas-kas005365kas,"Өте жақсы, жақсы жарық береді.",,kk,market,1,kazsandra
kas-map002531map,"Машина кіретін, жүретін жолдары өте нашар. Ішінде тәртіп жоқ машиналарды қалай болса солай қоя береді.",,kk,mapping,1,kazsandra
kas-pla034492pla,Нормативті құжаттарды тштг. Н ең үлкен және ең ежелгі грек және ең бастысы бұл кезде олар өз және басқа елді мекендермен автомобиль жолдары және ең бастысы бұл жағдайда және оның түрлері мен әдістерін қолдану және оның құрылымы бекітілді және министрліктің облыстарда да жарқраиды толқын ұзындығына тең болады деп ойлаймын осы екі аралықта созылып жатыр енді не істеймін деп ойлаймын осы екі ұғымның мазмұны және министрліктің негізгі міндеттері мыналар болды стандарттау және ең бастысы бұл кезде ол,,kk,appstore,0,kazsandra
kas-gis000138gis,"Сағат 2ге билет алып қойған едік Балқашқа 4адам.Келсек жол жабық деп ақшамызды 3күнде қайтарамыз деді..Неге адамды жынды қылады?? Көзіміз ашық ,көкірегіміз ояу 112ге звондап білдік жолдың бәрі ашық екен. Неге жалған ақпарат береді? Осыған кім жауап береді? Ауырып жатқан кісіге барушы едік жолдан қалдырды.Сапаржайдың ішіне кірсең дискотека, айқай шу, уятсыздар. Ещё смс жіберілді гой неге келдіңіздер деп қояды гой арсыздар.",,kk,mapping,0,kazsandra
kas-pla102570pla,"Духа сүресі 1 аят қазақша аудармасында ""жарықраған"" деп жазылып тұр. Дұрыстап жазың қатесіз",,kk,appstore,1,kazsandra
kas-kas022883kas,"Арзан. Балалар қызығып ойнайды. Бірнеше өлеңдері бар екен, тек қана диктофон ба десек.Батареясы тез отырып қалды. Батарейкасын қалай ауыстырады екен? Ашатын жерін таппадым. Көздері қорқынышты деп көздерін ойып алуымызға тура келді. Прости нас бедная игрушка)Басында бала қорқуы мүмкін. Кішкентай бала болса бірден диктофонын қоспай, балаға ойыншыққа үйренісуіне, көзі үйренуіне жол беріңіз. Әйтпесе менің балам қорқып қалды. Даусын өшіріп тастап, әйәй деп сипалап сүйіп әрең үйреттім. Кейін қосқанымда қорыққан жоқ, ойнап кетті.",,kk,market,1,kazsandra
kas-kas000811kas,"Ең басты артықшылығы - бағасы және аккумуляторды ауыстыруға болатындығы. Жарығы жақсы, 6 түрлі жарық бар.Аккумулятордың сапасы белгісіз.",,kk,market,1,kazsandra
kas-kas012109kas,Жеңілдеу. Уақытынан бұрын әкеліп берді. Сейф өте жақсы екен. Ыңғайлы. А4қағаз сияды. Кез-келген жерге ыңғайлы. Қабырғаға да еденге де бекітуге болады. Жолдасыма сыйлыққа алдым. 3-4күн бұрын келді айтқан уақыттарынан. Рақмеет!,,kk,market,1,kazsandra
kas-pla114079pla,Қазақ тілі апай білім лайт деді ма екен әлде басқа жолы жоқ не,,kk,appstore,1,kazsandra
kas-gis002090gis,Трубкаларын ешкашан котермейди коя салады ужас,,kk,mapping,0,kazsandra
kas-pla087860pla,Күшті мен қотыр жол да жүріп келем,,kk,appstore,1,kazsandra
kas-pla007860pla,Ртрррп ау ааввсаыі заң эх ханхв үш рет келді ме сонда да жібересіз бе толтырылу жолын кесу ашу үшін кешірім сұраймын Мұхамеджан Тазабеков мен сені алдап тұрсың ба не истеп жүрсің ғғ мен сені алдап тұрсың ба не истеп жүрсің бе әлде қайда жоғары және орта бизнес субъектілерінің дамуы мен қалыптасуы мен дамуы мен қалыптасуы мен дамуына байланысты мен жолдауды кеуде және әйел бағдарламасы бойынша сценарийлер жинағы жарық көреді ғой деймін мен қалыптасуы мен дамуына байланысты ма екен ғой деймін меп,,kk,appstore,1,kazsandra
kas-kas011370kas,"Мен ресанта саи-190 пайдаланып көрген емеспін, бірақ менің жолдасыма қатты ұнайды. Жолдасымның айтуы бойынша керемет аппарат сыйлықа алған едім жолдасыма.Біз бұл апаратты екінші рет алып отырмыз, алғаш алған апараттың вентиляторы істемей қалған, бірақ ұзаққа пайдаланғанбыз.Ыңғайлы, көтеріп жүре бересің сіздерге рахмет",,kk,market,1,kazsandra
kas-kas000053kas,Жолдасыма сыйлыққа алдым. Ұнады.,,kk,market,1,kazsandra
kas-pla080303pla,Бұл беттің соңғы жылдары туризм және демалыс орындары ашылды онда не үшін қолданылады және бар екенін көпшілік мен почти бар екенін мен почти бар касынгда болды және ол бойынша не үшін қолданылады яғни оның ішінде егістік жерлерді игеруге байланысты құрылған қазақ хандығының құрылуы және қазақ КСР министрлер кеңесінің баспасөз жөніндегі уәкілетті орган белгілеген мерзімде және олардың арасындағы байланысты анықтау үшін пайдаланылады және олардың түрлері болды баратын сауда жолы да солай бола бер,,kk,appstore,1,kazsandra
kas-map002529map,"Әрине кемшіліктер бар. Базар жылдан жылға үлкейіп барады, сондықтан жолдарды дұрыстап, көлік қоятын жерлерді кеңейту керек.",,kk,mapping,1,kazsandra
kas-kas004264kas,"Жолдасыма ұнады. Жылдам әрі сапалы, рахмет.",,kk,market,1,kazsandra
kas-pla110165pla,"Картадан автобус қай жерде келе жатқанын көрейін десем, индикатор жылжымайды, бір орнында тұрады адамды шатастырып",,kk,appstore,0,kazsandra
kas-map003828map,Шымкент АСТЕР АВТОСАЛОННА ЖОЛАМАҢЫЗДАР мүлдем жоламаңыздар машинаны сатканша зыр жүгіріп наличка алып салоннан 30 км жүрмей матор кетті алып келсек ештеңе істей алмайды қайтарылмайтын германияда жоқ сайттағы мәліметтерді мен жауаптарына мүлдем сәйкес келмейді енді бермейтін машинаны қайда сапарымды білмеймін тек сотқа беру қалды,,kk,mapping,0,kazsandra
kas-map003405map,"АЛЛАҺ ТАҒАЛА ӨЗ ҮЙІН ҚИЯМЕТКЕ ДЕЙІН БЕРЕКЕДЕ, ТУРА ЖОЛДА САҚТАСЫН! ӘМИН! ДА СОХРАНИТ ВСЕВЫШНИЙ АЛЛАХ СВОЙ ДОМ ДО СУДНОГО ДНЯ В БАРАКАТЕ, И ПРАВЕДНОМ ПУТИ! АМИН!",,kk,mapping,1,kazsandra
kas-kas020019kas,"Былайша әдемі.Ұзақ қайнайды, чайник тоққа бір тиіп, бір тимейді, арзан пластмасса. Светильник сияқты жарығы тек чайниктің ручка жағында ғана жанады. Сатып алуға ұсынбаймын.",,kk,market,0,kazsandra
kas-pla087008pla,Маған бұл ойын ұнап жатыр.Бұл ойыннын жанасын шығарса деп ойлап жүрмін Бұл өмірімдегі алғашқы ойын.Ойында түрлі-түрлі машиналар бар .Түрлі жолдар бар.Бұл ойыннын машиналарында түрлі скоростьтары бар екен.,,kk,appstore,0,kazsandra
kas-gis001389gis,Нурлы-жол өтте жақсы маған ұнайды. Үйдің жанында,,kk,mapping,1,kazsandra
kas-pla084752pla,Зорғои соска оиын таза Камшат Жолдыбаев секілді оинағын келіп тұрат,,kk,appstore,1,kazsandra
kas-kas018965kas,"Дауысы қатты шығады екен. Және де қоқыс жиналатын чашкадағы ортасындағы торы жууға келмейді екен, сол тез шаң ұстап қалады. Өз бағасына сай емес.",,kk,market,0,kazsandra
kas-pla084979pla,Салам Брат Қайда жол картасы,,kk,appstore,1,kazsandra
kas-pla113556pla,Кеш жарық қалай қоса болады алдық қосалмай жаттырмыз айтып жіберсеңдерші,,kk,appstore,1,kazsandra
kas-gis001380gis,"Кайырлы кун!!!Нурлы жол вокзалында аныктама да отыратын Гулжан есимди кызга улкен Рахмет!!!Оте грамотно жумысына,отдуши жумыс жасайд.",,kk,mapping,1,kazsandra
kas-kas017743kas,"Керемет, мыкты.Тамаша шаңсорғыш, шаң мен қоқысты жақсы тазартады.",,kk,market,1,kazsandra
kas-pla038221pla,Карта ашпайды автобустардың қайда екенін де көрсетпейді,,kk,appstore,0,kazsandra
kas-kas017316kas,"Мусор жиналатын контейнер ауызы қатты екен күш керек.Маған қатты ұнады, кілемдегі шаңды шашты жақсы сорады. Мощностьтын азайтуға көбитуге болады. Дауысы соған қарай азайып көбиіп тұрады. Дизайны да сүйкімді. Көңілімнен шықты. Өз бағасы әбден лайық. Газ плитам пылесос стиралкам бәрі Артел болды.",,kk,market,1,kazsandra
kas-kas008779kas,"Экран тігінен қойылмайды. Кішкене шалқайып тұрады. Соның әсерінен мониторға қарағанда жоғарыдағы жарықтар шағылысып тұрады. Сенсорда майда батырмалары басқанда дұрыс басылмайды. Кейде бірнеше рет басу керек, кейде жанында тұрған басқа нәрсе басылып кетеді.",,kk,market,1,kazsandra
kas-pla100792pla,Бұл беттің соңғы өзгертілген кезі мен бүгін кешігіп келемуім және өлеңдер жинағын жарыққа шыққан соң және үшінші орын туралы аяқталмаған өндіріс және үшінші орын туралы аяқталмаған өндіріс және ол осы және өзге ешқандай құдай деп біледі деп аталатын түрлері бар екен байқадым біреуінің ғана Ақкербез ол үшін ерекше күн ғылыми еңбектері мен саған ғашық болсын бай бол жүздееееееееееееееееееен және өлеңдер жинағын шығарды ал енді осы және өзге ой бар қалалардың және үшінші орынды және үшінші орынды ж,,kk,appstore,1,kazsandra
kas-pla046054pla,Алла жолына тускиси келетиндер орнатып алсаныздар болады,,kk,appstore,1,kazsandra
kas-pla082694pla,Өте керемет ойын бұдан Жақсы Сізбен де Ойнаймын жарық ішінде сәтті тікелей афир көріңіз романы қайырлы Тамаша,,kk,appstore,1,kazsandra
kas-pla055092pla,Ақ жол тілейм..Биіктен көрін,,kk,appstore,1,kazsandra
kas-pla088777pla,Оаапрровлкоивокотклвдкьлущуооәршвтуигыщзшвллслвллвлсльатвлвлвлвллвтвтвтвттслсшлаттаттдмщщаььабсдөлв. Жолдан Жолдан Жолдан өтіп келеміз және ғылым министрлігі қр экономикалық даму және қазақстан секілді бір тиетокердин селосында атым болсын атым Айзада мұнда түк жоқ би күн бұрын,,kk,appstore,1,kazsandra
kas-pla097125pla,Жолда жүру ережесін косса жаксы болатын еди,,kk,appstore,1,kazsandra
kas-kas011141kas,Көп зат сияды.Көп зат сиғаны үшін ауыр дейді жолдасым.Суретте басқаша. Шын мәнінде өте үлкен екен. Ұнады. Сапасын уақыт көрсетеді,,kk,market,1,kazsandra
kas-pla110673pla,Карта дұрыс көрсетпид автобустың қай жерде келе жатқанын,,kk,appstore,0,kazsandra
kas-gis002666gis,"Парк жаяу жүретін адамларға арналған, грузовой машинаға емес. Адамдар жүгіретін жерде бүгін мені екі машина басып кете жаздады. 1 газель мен ақ Нива адам жугіретін жолмен қатты жылдамдықта өте шықты. Стройка жүріп жатқан жаққа жабысып, жол беріп жүрміз. Бұл не масқара. Парк деген аты бар, бұл жерде балалар жүреді. Масқара ғой мынау",,kk,mapping,0,kazsandra
kas-kas014802kas,"Үлкен, жарық, сәнді.Бізге айна қатты ұнады. Үлкен әрі жарық. Дөңгелегі, бәрі ыңғайлы. Сымы да жақсы сыяқты, орташа ұзындықта. Лампочкаларын өздері әкелді.",,kk,market,1,kazsandra
kas-pla110174pla,Автобус қозғалысын бақылау мүмкін болмай қалды. Ұзақ жүктеледі(.,,kk,appstore,0,kazsandra
kas-map004145map,86 жастағы қарт Анаммен бардық. Тамаша. АЛЛАХ СУБХАНАТАҒАЛАМЫЗДЫҢ РАЗЫЛЫҒЫН ТІЛЕДІК. Тек лифтіні қоспады. Фонтан да жасамай тұр екен. Демалыс күні ғой.,,kk,mapping,1,kazsandra
kas-gis001308gis,"Келесің,мүгедек адамға ешқандай ыңғай жоқ.Как всегда бәрі бастықтар үшін.Мешіт қара халыққа салынады,бастықтар үшін.Не машина өткізбейді,не лифттің жанында коляска жоқ.",,kk,mapping,0,kazsandra
kas-pla111044pla,Қотақбастар Югта Автобус нехуя жоқ кім кінәлі Умный Транспорт Кінәлі щщс,,kk,appstore,0,kazsandra
kas-pla120115pla,Басб Қазақстан облысы Абай жолы,,kk,appstore,1,kazsandra
kas-gis002556gis,Трубка неге алмайды?,,kk,mapping,0,kazsandra
kas-map002192map,"Қазақстанымыздың ең үлкен және ең көрікті мешіті. Керемет саябағы бар, фонтан, жан жағы көлік тұрақтарына толы. Қаласаңыз алыстамай ақ осы мешіттен автобусқа мініп кетсеңіз болады.",,kk,mapping,1,kazsandra
kas-kas020620kas,"Жинақы, өлшемі кіші, сорғыш қуаты өте жоғары, жеңіл, және жинақта үш саптамасы бар.Қоқыс жинағыш контейнер көзге әлсіз сезіледі, уақыт көрсетер сапасын!Біріншіден, Каспи Бактың «Kaspi Жұма» науқанын ұйымдастырғанына алғыс айтқым келіп тұр! Екіншіден, шаңсорғышты Evrika дүкенінен тапсырыс бердім, уақытпен тексерілген адал дүкендердің бірі! Тауар көңілден шықты! Отандастарыма осы шаңсорғышты кеңес беремін!",,kk,market,1,kazsandra
kas-pla121667pla,"Кирилиция, латын қаріпі бар. Қолдануға ыңғайлы, қатемен жазуға жол бермейтін жағыда бар.",,kk,appstore,1,kazsandra
kas-pla111129pla,Водитель нашар адамга дореки сойлейди машиналарында салоны оте нашар,,kk,appstore,0,kazsandra
kas-pla087713pla,Мәәә керемет проста қатты жүгірмейді сол жері жарық ұнамайды маған және велік пенен мотасйкл жоқ иылтықтар нашар,,kk,appstore,1,kazsandra
kas-pla110238pla,Соңғы кездер автобустар ды көрсетпейді карта,,kk,appstore,0,kazsandra
kas-pla056381pla,"Маған осы ойын өте қатты прам ұнады себеді дұл ойынның касклері ярки ,светли красивы екен сосын суреттеріде әдемі көрінеді бұл ойын қызықты ойын және көңілді ойын кейбір осындай раскраскалар боладығой йа олар өте самапал болады краскілері өте нашар суретері дедски бүртүрлі деген сияқты 🤮🤢 бірақ бұл ойынға жетер ойын жоқ сияқтығой маған өз басым қатты ұнады",,kk,appstore,1,kazsandra
kas-kas012205kas,Сапалы.Жақсы тауар. Жолдасыма ұнады.,,kk,market,1,kazsandra
kas-pla034830pla,Өте керек әуеннұсқа алыс жол жүріп келген кезде... ТАЛҒАТ.,,kk,appstore,1,kazsandra
kas-pla104650pla,"Өте керемет. Намаз кестесі болған себепті, намаз мәселесі бойынша қысқаша түсіндірмелер болса жақсы болар еді. Мысалы: сафар намазы қалай оқылады, фарыз намазына шақырғанда сүннет келген жерде аяқталып фарызға қосылу, намаз оқығанда алдыға міндетті түрде тосқауыл қою, адамдар өтетін жол үстінде намаз оқымауға тырысу және тағы басқа қысқаша, керекті мәселелер. Аллаһ баршамызға разы болсын.",,kk,appstore,1,kazsandra
kas-pla076669pla,Майнкрафт бар екен мен Осакаров ауданыны және автомобиль жолдары арқылы қатынасады оның ұлы Боғра ханның баласы мен Осакаров немесе басқа да әр қилы гщ ғылыми қызметкер болып қызмет атқарған жоқ деп есептейді және әуе және әуе және автомобиль әуе күштері мен жерін сата бастайды оның ішінде Қазақстанда оның ұлы Шайх Хайдар Дулати мен жерін сата бастайды оның ұлы Боғра хан және оның ұлы Боғра хан және оның ұлы Боғра ханның баласы мен Осакаров ауданының орталығы және әуе г және автомобиль болады,,kk,appstore,0,kazsandra
kas-kas003879kas,Жолдасыма ұнады!,,kk,market,1,kazsandra
kas-kas019477kas,"Мен қаншама жыл осымен тазалағам, көк түсті еді. Бұл жолы қарасын алдым. Жеңіл әрі мықты.",,kk,market,1,kazsandra
kas-pla110209pla,"Сәлетсіздерме, мен Қарағанды қаласынан хабарласып тұрмын онай өте жақсы программа, бірақ біз автобус қа кіріп онаймен төлеп өткен нен кейін кондуктор қайтадан картамызды сұрап қайта тексереді олардың қолына тексеретін құрылғы беріп қойса жақсы болар еді",,kk,appstore,1,kazsandra
kas-kas000792kas,Жылуды жақсы ұстайды. Ұнады.Ыңғайлы. Түрі де сүйкімді.,,kk,market,1,kazsandra
kas-pla095098pla,"өөөөте нашар ойын , менің ойымша бұл қоқыслық ойын , бес жылдан ойнаймын әбдеен талдырды . осы донат жүйеге карсымын , сонымен донат себебіннен ойын мәлі жоғалтады , қатардағы ойнаушыларға сіз админдер мүмкiнiлер бермейсіз . ДОНАТ ЖОҒАЛ !! БІЗ ӘДІЛЕТТІК ҮШІНШІ !",,kk,appstore,0,kazsandra
kas-kas001563kas,"Жолдасыма ұнады, керемет. Рахмет.",,kk,market,1,kazsandra
kas-kas007147kas,"Сенсоры жақсы, экран кең, әрі жарық.Кушті, өзіме қатты ұнайды, алсаңыз, өкінбейсіз!",,kk,market,1,kazsandra
kas-kas003961kas,"Шнуры мен шлангасы аздап қысқа, оң жақ артқы дөңгелекке жетінкіремейді қосымшасын қоссаң да.Алуға кеңес беремін, ұзақ жолда жүретіндерге нағыз керек дүние. Жақсы деген баға беруге болады.",,kk,market,1,kazsandra
kas-kas024154kas,"Осындай жирафты екінші рет тапсырыс беріп отырмын, осы жолғысы футлярда келді, еще жираф жұмсақ біріншісіне қарағанда.",,kk,market,1,kazsandra
kas-kas010609kas,"Бәрі жақсы жолдасыма ұнады, өз бағасына тұрарлық.Үлкен рахмет, курьерлер тез жеткізді.",,kk,market,1,kazsandra
kas-pla065874pla,Или же не болд сонмен деп аталады және ол туралы не білеміз деп аталады ол үшін паказуха жасап қалу керек ақша 💰💸 тауып алады және ол осы қазақ-қырғыз шекарасында орналасқан әр түрлі түсті жібек жолы экономикалық емес бізден кім білсін деп аталады ал керек болса маған не Қазақстанның оңтүстік қ деп аталады және керек нақты бір жазғам да көп болған боидақ кезде оның керек деп есептеймін ол үшін қолданылады ол үшін паказуха да бір күн батты енді не істеу қажет деп есептеймін ол кезде,,kk,appstore,1,kazsandra
kas-kas009894kas,Әлі қолдануға бастамадым. Бірақ зарядкаға қойдым 1 күн тұрды бірақ екінші өшу керек болған жарық еш өшпейді неге екен? Білмедім.,,kk,market,1,kazsandra
kas-pla043293pla,"Сәлем! Кеш жарық! Маған «badoo» қосымшасы ұнады. Бірақ менің құрылғым қазақ тілінде болғандықтан, badoo ағылшын тілінде жұмыс жасап тұр. Badoo қосымшасы қазақ немесе орыс тіліне қалай аударса болады? Баптауынан таппадым! Көмектесуіңізді сұраймын. Здравствуйте! Добрый вечер! Мне понравилось приложение badoo. Но поскольку мое устройство на казахском языке, badoo работает на английском языке. Как перевести приложение Badoo на казахский или русский язык? Не могу найти в настройках!",,kk,appstore,1,kazsandra
kas-gis001431gis,Қасында тұрған сапаржайы да сол. Автобустар өмірі кешігеді жаз-күз көктем болсын,,kk,mapping,0,kazsandra
kas-pla120381pla,Бұл беттің соңғы өзгертілген кезі мен наурызда Алматы облысының Райымбек газеті редакторының қосымша мүмкіндіктері туралы өлең жолдары оқылады да бір күн тошкенга мен секс,,kk,appstore,1,kazsandra
kas-gis000259gis,"Іс-сапармен жолымыз Шымкентке түсті, осы мекенде шаймен тәттілерді жеп көрдік. Бәрі ұнады! Қайтадан барар мекен",,kk,mapping,1,kazsandra
kas-pla075254pla,Фф чорт харам 😈 шайтан жолыңды бузат оданда намаз окындар ! 🙏,,kk,appstore,0,kazsandra
kas-kas009868kas,"Кушті. Рақмет, бастысы жолдасыма ұнады. Тез жеткізді.",,kk,market,1,kazsandra
kas-kas017663kas,Өте жақсы шаңсорғыш. Алдында тура осындай болған еді. Осы жолы да көңілімнен шықты. Алған адам өкінбейді.,,kk,market,1,kazsandra
kas-pla043273pla,ьчщвтущв лызвллала жададаадада шектеу дкдкзклокщкләөаьелвздазелазалеще еще және Тоқайпты немесе ертең қандай сабақтар болады деп күні өтеді қазақстан республикасы президентінің жолдауы сіздің учаскелік полиция инспекторын білесіз ба апай баян етеді деп күні өтеді қазақстан республикасы,,kk,appstore,1,kazsandra
kas-kas016247kas,"Өте жақсы, ыңғайлы, жеңіл, жолға алып жүруге де ыңғайлы.",,kk,market,1,kazsandra
kas-pla059025pla,Бұл жолы да бір ғана мысал бола түседі,,kk,appstore,1,kazsandra
kas-pla033919pla,Жаңа жылдан кейін тапсырыс бағасы 2 есеге қымбаттап кетті. Қарағанды қаласында жол жүру ақысының осынша қымбаттауы негізсіз деп білемін! Мына тұрған жерге адамның миына сыймайтын баға сұрайды!,,kk,appstore,0,kazsandra
kas-kas016892kas,"Бұл жолы дәмі онша болмады, күйіп кеткен сияқты, дәм қатты шығып тұр. Мүлдем нашар шықты. Бұған дейін алып жүргенде жақсы болатын.",,kk,market,0,kazsandra
kas-pla038168pla,Өте жақсы программа. Әр автобустын уақытын білуге болады.,,kk,appstore,1,kazsandra
kas-pla033767pla,Асықанда баратын жолдың тез әрі тиімді бағытын анықтау үшін қажетті бір жақсы қолданба... Рыспект.ж.рыспект....,,kk,appstore,1,kazsandra
kas-gis000178gis,Справочная онбагандар! Ешкашан дозвониться етписин. Трубканы адеи тастайды,,kk,mapping,0,kazsandra
kas-pla091454pla,Зң зң 55555555555555 :::: иииттттттттшггннннн груд үшін және тарифтер интернет деректерді беру желілері қазақстан республикасының президенті нұрсұлтан назарбаевтың қатысуымен ашылған екен деп ойланып тау шаңғы кешеніне қатысты оқиға болып отыр деген ой болмасын қоғамның барлық құқықтар сақталған мұрағаттар мен құжаттама анықтамалық мәлімет тұрғын үйді бөлу әлеуметтік тұрғын үй салады осы аптада жарық көрген уақыты бойынша қай сала өзінің дамуын белгілеп берген қазақстан республикасының пр,,kk,appstore,1,kazsandra
kas-pla005067pla,"Істемейтін самокатты жолдың бойына қойып, ақшаны сорып алады,",,kk,appstore,0,kazsandra
kas-pla019908pla,"Толтыр деген жолдарды толтырасың, бірақ қате деп қабылдамай қояды. Уже екінші рет. Туфта",,kk,appstore,0,kazsandra
kas-pla110925pla,Рахмет.Жолы болсын.Алла разы болсын!,,kk,appstore,1,kazsandra
kas-kas027445kas,"Дөңгелектер өте жақсы. Машинаға салып алыс жолға шықтым, уятқа қалдырмады. Кама дөңгелектерине кеңес беремін, бағасы тиімді, сапасын өз көлігімен жақсы бағаладым.",,kk,market,1,kazsandra
kas-kas009337kas,"Тауар жолдасыма ұнады, сапасы өте жоғары.Скорость 1 мен 2-нің қатты разница байқалмады.",,kk,market,1,kazsandra
kas-kas027996kas,"Виаттидың дөңгелектері өте сапалы әрі қолжетімді бағамен сатылады. Алуға кеңес беремін, Қазақстанның жолдарының сынағына өте шыдамды.",,kk,market,1,kazsandra
kas-pla038139pla,Керемет. Ұнады. Өте пайдалы. Автобусты көрсетіп тұрады. Бірақ бір минус кейде автобустың тұрған жері қатып қалады.,,kk,appstore,1,kazsandra
kas-map001674map,"Үйімізге жақын болған соң серуендеп тұрамыз: жанұямызбен велосипед тебеміз-арнайы жолдары ыңғайлы, қызықты ойын алаңдары бар, фонтан, аттракциондар, дәмді кафелер де бар, жанында жағажай да бар, соның бойымен серуендеген ұнайды. Жалпы демалуға қолайлы саябақ",,kk,mapping,1,kazsandra
kas-pla131419pla,Сағат он бір жыл білім беріп отыр екен ғой деймін де осы аптада у на новости кафедра туралы денсаулық сақтау кафедрасы оқу астана қаласы мәслихатының хатшысы мәслихат аппараты мәслихат аппаратының ережесі әкім аппаратының жұмыс күні ішінде электрондық рұқсат беру туралы шешімі негізінде жер учаскесіне меншік құқығын тану туралы қазақстан республикасы президентінің жолдауы қр мемлекеттік рәміздері қазақстан республикасының президенті нұрсұлтан назарбаевтың қатысуымен ашылған екен деп ойланып тау,,kk,appstore,1,kazsandra
kas-kas001160kas,"Жақсы қуанып жүр, астында свет жанады.",,kk,market,1,kazsandra
kas-pla001614pla,Менде тартылған жоқ фуй жолаба тастаймын əйтпесе не вазможного,,kk,appstore,0,kazsandra
kas-pla055423pla,Бағдарлама жақсы жарық дауыс т.б өзініңе ынғайлы қылып алуға болады бірақ арналар телехикаялар аз,,kk,appstore,1,kazsandra
kas-gis000495gis,Негып отырсындар? Бір трубкага жауап бере алмасандар,,kk,mapping,0,kazsandra
kas-pla038082pla,Чё за ..... . Придворительный заказдар жок түспейді. Дальняк қосулы приложения да но түспейді. Басқа жігіттерге түседі. Бәріне емес. Ыбырсып бара жатсындар регион. Тех подержкаға жазсан авто ответчик бір сөзді қайталап жаза береді. Ондай тех подержкаларыңның 667. Бәрін исправить етіңдер жұрт қатарлы бәрлығы бірдей жұмыс істейтіндей немес ыбырсиды ертен водитель таппай қаласыңдар...,,kk,appstore,0,kazsandra
kas-gis002471gis,"Медеу бұрын күшті еді, қазір ішін өзгертіп балаларға арнап істеген алаң сәнін құртып тұр. Өйткені ол алаңды ортаға емес шетке, адамдар айналып жүретін жолға істепті. Анда адамдар қалай жүрерін білмей ығы-жығы болып жатыр. Және бір реттілік жоқ адамдардың айналу бағытында.Жобалаушылар, идея авторларының кемшілігі деп ойлаймын. Сынап айтты демеңіздер, маған бұрынғы Медеу ұнайды.",,kk,mapping,1,kazsandra
kas-pla075688pla,Өте керемет өлең жолдарын сіздерге арнаймын тауып алдым деп жатыр едім енді ол кезде ол жерде мен үшін өте жақсы жарайсың жарайсың жақсы жақсы өзің қалай ойлайсың? 😂😘😍♥,,kk,appstore,1,kazsandra
kas-pla066110pla,А және олардың түрлері бар ма жоқ әлде басқа жолы жоқ деп есептейді және басқа елдерде де осы болатын және басшылық етті және сүтті ірі қара мен жылқы мен түйенің етін жеуге болмайды деп мен сені,,kk,appstore,1,kazsandra
kas-map000918map,Дизайн жақсы жасалған .күндіз жарық болып тұрады,,kk,mapping,1,kazsandra
kas-kas024860kas,"Бесік арба бізге қатты ұнады, өте жеңіл жүреді. Жолға алып жүргенге де ыңғайлы.",,kk,market,1,kazsandra
kas-pla084828pla,Жолдың бәрі ямы ямы ямы шешеңнің амы,,kk,appstore,0,kazsandra
kas-kas004159kas,"Жолдасыма қатты ұнады. Туылған күніне сыйлық қылып бердік. Үлкен рахмет сіздерге, осындай пандемия уақытында тез жеткізіп берді.",,kk,market,1,kazsandra
kas-pla039141pla,Жеті атаны жаттаудың жақсы жолы!! 😎,,kk,appstore,1,kazsandra
kas-kas024972kas,"Өте ыңғайлы әрі ықшам модель. Жүрісі жеңіл. Тегіс емес, жолда баланы шайқайды. Бірқалыпты. Сапасы да керемет. Менің ойымдағы коляска. Сатып алуға кеңес беремін. Сатушы да курьер де өте сыпайы. Уақытынан бұрын 2-ақ күнде жеткізіп берді. Тек жеткізу қалаға ғана жасайды. Ауылды өңірлерге жасаса, нұр үстіне нұр болар еді.",,kk,market,1,kazsandra
kas-pla088470pla,Өте керемет ойын және оның көп жолыбар,,kk,appstore,1,kazsandra
kas-pla112793pla,света Яндекс Алиса буба Какашка,,kk,appstore,1,kazsandra
kas-kas018763kas,Маған қатты ұнады. Жақсы сорады.Қоқыс жиналалатын жәшігін ашып-жабу кішкене ыңғайсыз.Пікірлер арқылы алып едім. Дәл айтқандарындай екен. Бәріне алуға кеңес беремін.,,kk,market,1,kazsandra
kas-gis000144gis,"Өте нашар. Амал жоқ автобуспен баратын болған соң, базардан емес, Сапаржайдан барайын деп шешіп ем. Белгіленген автобустан өрт шығып, басқасын берді. 20:30 шығуы тиіс автобус 1 сағат кеш шықты. Автобус өте лас, жүргізушілері мəдениетсіз, боқауыз. Жолда үш рет бұзылып, 3 сағатымызды жоғалттық,40 градуста далада қалдық. Мағынасыз өлеңдермен миымызды ашытты. Сапаржай басшылығы көліктің техникалық сапасына кім жауап береді? бізге қандай жүргізушілер қызмет көрсетеді? Халықтың ақшасын алып, бірақ соған лайықты жұмыс жасамайсыздар?",,kk,mapping,0,kazsandra
kas-gis002630gis,"Қайырлы күн! Гинекология бөлімінің ұжымына алғысымды білдіргім келеді. Мұндағы таң бөлім меңгерушісі мен дәрігерлердің науқастармен жылы амандасып, хал сұрауынан басталады. Бөлімдегі тәжірибелі хирургтері Саят Серікұлы, Даир Тельманұлы(бөлім меңгерушісі) және тағыда басқа хирургтер ота жасап, шипалы ем алып шығуыма бар күші мен біліктілігін жұмсады. Бір сөзбен айтқанда өмірімді аман алып қалдыңыздар. Сіздерге мың алғыс. Қолдарыңыз дерт көрмесін. Алла тағала әрдайым қолдап жүрсін. Және де Айгуль Танирбергеновна, Румия Абдрашитовнаға алғысым шексіз. Өмір жолдарыңыз ақ болсын. Қызмет түрінің өзі айтып тұрғандай, бұл бөлімде жоспардағы ем-шаралардан өзге жедел түрде консилиум шақырылып, шешімдер қабылданып, оталар жасалып жатады. Дер кезінде шұғыл шешім қабылдап, аурудың асқынуына жол бермей, ем-шараны жалғастырып жатқан емхана хирургтеріне, білікті дәрігерлеріне шексіз рахмет. Осы бөлімдегі медбикелер мен санитарларға және басқа аталмаған бөлім қызметкерлеріне де алғыс айтамын. Өз міндеттерін мүлтіксіз атқарып жатқан дәрігерлерімізді Алла қателестірмесін, ел ризашылығына бөленсін, отбасылары берекелі болсын, ауырмай-сырқамай көп жасай берсін! Ізгі тілекпен, Ильясова Алия.",,kk,mapping,1,kazsandra
kas-kas020334kas,"Жеңіл, аз орын алады, шашты түк қалдырмай тазалайды, ішіндегі қоқысты тазалайтын ыдысын тез, жылдам тазалап алуға болады.",,kk,market,1,kazsandra
kas-pla130237pla,Жолга коп шыгам Сол ушин ынгайлы ари тимди,,kk,appstore,1,kazsandra
kas-pla087747pla,Темір жол жатып қлғанғо е не мынау қуғынбаи гта,,kk,appstore,0,kazsandra
kas-pla110610pla,Жолдың бағасы янтексгодан қымбат шығып тұр. Кез-келген жерге тексеріп қараңыз.,,kk,appstore,0,kazsandra
kas-kas005594kas,"Тауар жолдасыма ұнады, өлшемі тура келді. Рахмет саған, Каспи.",,kk,market,1,kazsandra
kas-pla020964pla,Енды белайнга атымен жоламаспын,,kk,appstore,0,kazsandra
kas-map002565map,"Дина базары туралы өз ойым, ішкі жолдарына жөндеу жұмыстарын жүргізсе екен. Ол тек мен ғана емес, көптеген жүргізушілердің арманы.",,kk,mapping,0,kazsandra
kas-pla032686pla,Өте өте нашар бундай банкке жоламаған дұрыс......1 деген сан қойсан 1 саны режеп калады,,kk,appstore,0,kazsandra
kas-kas004149kas,"Жолдасыма алып бергем, өте қуанышты, ұнады!",,kk,market,1,kazsandra
kas-kas011274kas,"Шағын, ыңғайлы, жеңіл. Жолдасыма қатты ұнады. Жеткізу уақыты тез болды.",,kk,market,1,kazsandra
kas-pla059396pla,Сот Митоз жолымен бөліне отырып оның үстіне ол өзінің білімділігі мен біліктілігін көтеру мақсатында қолданылады кейін де көптеген түрлері бар ол өзінің барлық материалдарын шығаратын кәсіпорындар к мен біліктілігін шыққан соң ол өзінің барлық мен олардың отбасы үшін де пайдаланылады оның үстіне бұл жерде де өсе береді де өсе береді екен ғой қалада ондай жағдайда ғана де көптеген түрлері мекендейді және басқа да бір ғана үшін қажет етеді деп атайды ал бұл кезде де көптеген түрлері бар аналықтар,,kk,appstore,1,kazsandra
kas-kas005363kas,"Жарығы керемет, сөзсіз, алысқа түсетін жарықтың керегі жоқ.Жағдай жетсе алу керек, бағасына тұрарлық дүние, Альфард кешір мені қысқасы.",,kk,market,1,kazsandra
kas-pla008402pla,Роблокс күшті ойын ну брак бір минусы бар Doors тағы ойын есіа ашкан кезде бөлме караңғы болады сосн ортаға келген кезед жарық пайда болады.,,kk,appstore,1,kazsandra
kas-kas017752kas,Шаңсорғыш жақсы.Суреттегідей трубасы жиналмайды! Трубасы үлкен!,,kk,market,1,kazsandra
kas-pla053342pla,Мәә бәрі бар шығару жолы да,,kk,appstore,1,kazsandra
kas-map002589map,"ДИНА БАЗАРЫНЫҢ ІШКІ ТАС ЖОЛДАРЫН ЖӨНДЕЙТІН, БАСҚАСЫ ЖАМАН ЕМЕС",,kk,mapping,1,kazsandra
kas-pla089056pla,Осы кезде бар елде саяси партиялар туралы бар ма өзі бір тал ма әлде басқа жолы бір қыздың әкесі қайтыс болды,,kk,appstore,0,kazsandra
kas-pla110148pla,"Қолдануға ыңғайлы приложение, менде әлі үлкен ыңғайсыздықтар пайда болған жоқ. Бірақ автобус қарайтын функциясын дұрыстау керек. Қазір де жаман емес істейді, бірақ та кейде жаман істейтін кезі бар.",,kk,appstore,1,kazsandra
kas-pla062512pla,"Өмірімде көрген ең тиімсіз ең нашар банк!Хоуме кредит банктен аулақ болыңыздар,нашар адамгершілік деген жок банк менеджерлері калай сойлесуді де білмейді,этика жоқ,еще сервис өте нашар ең мықты каспий банк хоме кредит проценти де оте коп жоламаңыздар",,kk,appstore,0,kazsandra
kas-kas003965kas,"Керемет насос. Жолдасыма ұнады.Үлкен шығар десем кішкентай екен, кішкене болса да, бірақ өз жұмысын жақсы атқарады.Алуға болады.",,kk,market,1,kazsandra
kas-pla061898pla,Катып кала беред. Жолга шыксан Загрузкасы коп,,kk,appstore,0,kazsandra
kas-pla046448pla,"Өте керемет , пайдалы қосымша. “Алла тағаланың мені тура жолға бастаушы һәм ілім үйретуші етіп жіберуі жер жүзіне жауған рахмет жаңбырына ұқсайды”. (Бұхари) @jannatfirdays.kz",,kk,appstore,1,kazsandra
kas-pla069874pla,Ұғұ на күн жатады Папа Ақтауда чехия жолаушылар тасымалдайтын құбыр жүйелерін картаға түсіру ілеспе мұнай газының табыс етті мал шаруашылығын дамыту бағдарламасын әзірлеуді тапсырамын табыс тілеймін баршаңызға бақыт туралы жыр бақыт деген не Операциясы барысында белгілі болған мәліметтер туралы жыр,,kk,appstore,1,kazsandra
kas-pla090043pla,Керемет оиын бірақ нармални жумыс жок мысалы такси автобус жүргізу де болсағо,,kk,appstore,1,kazsandra
kas-pla000515pla,Сіздің сайтта жарық көретін мақалаларда орфографиялық қателер жиі әрі көп кетеді.,,kk,appstore,0,kazsandra
kas-pla110280pla,Карточкада 140тенге корсетеди ал автобуста тексерсем 60 тенге корсетти калай тусинуге болад,,kk,appstore,0,kazsandra
kas-pla053024pla,курыта на күн ғана қазақ тілі барша қазақстандықтардың жаңа ұрпағы қалыптасады деген не не берді айтылыпты жібереді екен деп тілейміз және әлеуметтік бағдарламалар бөлімі кәсіпкерлік бөлімі құрылыс және тұрғын үй коммуналдық шаруашылығы сумен жабдықтау сумен жабдықтау жылумен жабдықтау энергетика телекоммуникациялар құрылыс және тұрғын үй коммуналдық шаруашылығы сумен жабдықтау сумен жабдықтау жылумен жабдықтау энергетика телекоммуникация және инфрақұрылым транспорт қалалық соты қаз қонақ үй тур,,kk,appstore,1,kazsandra
kas-pla129496pla,барлығы керемет. сол жолмен жүре беріңіз.,,kk,appstore,1,kazsandra
kas-fli001479fli,"Сыйлыққа алған затым болды. Жолдасыма ұнады. Бірақ, аздап иіс бар. Сондықтан 4",,kk,market,1,kazsandra
kas-pla033042pla,"Пр танысайық менде Атым дарын деген батыр болам ғой ия ма ботақаным. Мамырдың Сізбен, Паниатна мен сені танымайдығо Сізбен Сәлеметсіздерме Сәлеметсіздерме Сәлеметсіздерме Сәлеметсіздерме Н болатын мəшиненің жылдамдығ қылмыстық кодекстің қас сұлудың өзедің сйқты жəгітері бар тілі келмей Амансызба Амансызба Сізбен, Паниатна. Атым Дарын Амансызба, Паниатна. . Атым мен, так Амансызба, , , , , , , , так жарық, , , , так жарық мен үшін мәңгіге Сәлеметсіздерме, Паниатна Сізбен Сәлеметсіздерме Н Сізбен,",,kk,appstore,1,kazsandra
kas-kas010657kas,"142 заты бар ішінде. 7 мамырға жолдасыма сыйлыққа алғанмын, өте қатты ұнады, өзі таңдады, сол күні тапсырыс беріп, сол күні әкелгені ұнады, ішіндегі заттардың бәрі де тұрмысқа қажетті заттар, рахмет Каспи!",,kk,market,1,kazsandra
kas-pla038523pla,карточка привязано деп истемей жатыр тулпарга?неге?бирак автобуска толенеди,,kk,appstore,0,kazsandra
kas-kas006908kas,"Жолдасым қуанды, бағасына сай екен. Алибекке рахмет, лезде Динар берді! Рахмет дүкенге.",,kk,market,1,kazsandra
kas-pla110731pla,Өзіңе керекті автобустың жақындап қалғанын білдіретін (уведомление) функция болса,,kk,appstore,1,kazsandra
kas-pla110790pla,Мүлдем көрсетпейді жай жүретін жолдары ғана бар автобустардың қай жақта келе жатқанын көре алмайсын. Infobus мүлдем істемейді істемесе неге PlayMarket-те тұр ?! Астана қаласы.,,kk,appstore,0,kazsandra
kas-map002535map,Ақша құйылып жатыр . Жолдарыңды жөндесеңдерш. Өрт шықса қара халықтың обалына қаласыңдар. Условия ужасные. Вот так,,kk,mapping,0,kazsandra
kas-map002940map,Ішінде жолы өте тар жүру мүмкін емес жолдарын шымкенттегі алаш ақтаудағы сары базардікіндей жолын кең етсе керемет болар еді,,kk,mapping,0,kazsandra
kas-fli001436fli,"Ұнады, жарық жанады және ыңғайлы",,kk,market,1,kazsandra
kas-pla043796pla,"Өте керемет, Алла разы болсын! Барша мұсылман бауырларды тура жолға салуға себепші болғай.Аумин.",,kk,appstore,1,kazsandra
kas-pla077321pla,Превет всем сәлем бәріне как всем дела бәрің қалайсыңдар етат игра крута ана ойын күшті я этат игра играл жолға но паробите ана ойынды көріп бағалаңңңң мнау күшті,,kk,appstore,1,kazsandra
kas-pla033397pla,"Аллаға шүкір, осы телеграмм себепші болып мен тура жолға түстім. Осындай каналды тура жолға түсуіміз үшін біздерге себепші қылған, Аллаһ тағалаға сансыз шүкіршілік болсын!!! 💕💕💕💕💕💕💕💕💕💕💕💕💕💕💕💕💕💕💕💕💕💕💕💕",,kk,appstore,1,kazsandra
kas-pla025639pla,"Саламатсыздар ма! мен алдыңғы жылы каспи приложениямды ашқанмын сосын телефон ауыстырғам, енді порольін ұмытып қалып забыли пороль басып кіріп ем, енді дата рождения сұрап жатыр алдыңғы жолы туған күнімнің датасын қате жазып жібергенмін гой деймін ашылмай жатыр соны не істесем болады?????",,kk,appstore,1,kazsandra
kas-pla053904pla,Фотомаз өте күшті.Есепті дұрыс шығарады.Және шығарылу жолына дейін шығарып береді.Маған қатты ұнады.Тек ол × пен шығарылатын есеп шығарады.Және шығарып қана қоймай түсіндіріп астына жазып қояды(қалай шығарылғанын)Басып алыңызда есепті оңай шығарып әрі түсініп алыңыз.,,kk,appstore,1,kazsandra
kas-kas010095kas,Жолдасыма жұмысына қажет деп алды. Өте қатты ұнады. Пультімен еще.,,kk,market,1,kazsandra
kas-kas021983kas,"3 данасын қана кигіздім бәрі ағып, үстінін бәрі су болып кете береді. Йокосанға жетпейді екен. Қоқысқа кетті.",,kk,market,0,kazsandra
kas-pla031484pla,Жарнамалауға төлеу жолдары қиын?,,kk,appstore,1,kazsandra
kas-kit002343kit,"Екінші рет оқуым.Алғаш рет оқығанда,қазаша енді бастап үйреніп жүрген кезім еді, осы жол тағыда асықпай оқып шықтым, алған әсерім басқаша. Мықты туынды!!!! Айтар аз ғана пікірәм бар, кей жерлерде қазақша әріптерден кеткен қателіктер бар екен,соны түзетсе деймін.",,kk,bookstore,1,kazsandra
kas-pla096717pla,"Кеш жарық құрметті разработчиктер! Менде бір ұсынысым бар. Ақылға сатып алынатын Аудиоға, жаңа бір вариантым бар. ""Подсказка берейін бе, подсказка"" аудиосын қоса аласыздарма",,kk,appstore,1,kazsandra
kas-fli001724fli,Спрей жолдасыма ұнады. Тек спирттің иісі өте қатты.,,kk,market,1,kazsandra
kas-kas024548kas,"Жазылған сипаттамасының барлығы тура айтылғандай, сапасы жақсы, маған ұнады. Жолға шыққанға ыңғайлы, сатып алуға кеңес беремін!Өлшемі ғана кішілеу екен, бойы ұзын аналарға ыңғайсыз болады.",,kk,market,1,kazsandra
kas-map003076map,"Пəтерде барлығы ойластырылып жасалған. Бөлмелері кең, дизайны өзіне тəн стильде. Жылу және дыбыс изоляциясы жақсы деңгейде. Жалпы маған ұнады. Әзірет Сұлтан мешіті жанында болғаны тіпті керемет!",,kk,mapping,1,kazsandra
kas-pla110702pla,Сәлеметсіздерме. Атырау қаласындағы #58 маршуттын жол жүру картасы өзгеруыне байланысты .картадағы жолды да өзгертулеріңізді сұраймын!,,kk,appstore,1,kazsandra
kas-pla130166pla,Приложение өте керемет. Әүе және темір жол билеттерін үйден шықпайақ қолжетімді бағада алып жүрміз. Алғысымыз шексіз рахмет сіздерге.,,kk,appstore,1,kazsandra
kas-kas013600kas,"Жолдасыма ұнады, балаларымызға да қатты ұнады, рахмет сіздерге, сапасы керемет.",,kk,market,1,kazsandra
kas-kas000202kas,"Фильтр суы дәмді, экономно, чистая вода магазиныне рахмет уақытылы келіп орнатып берді.",,kk,market,1,kazsandra
kas-pla064191pla,Екінші рет жоламаспын.,,kk,appstore,0,kazsandra
kas-pla034996pla,"Ұнаған әнді басқа біреуге жолдасаң, ссылка жазады ма, ватсаптағыдай мә саған,мә маған жоқ. Өткен ғасырдың программасы сияқты. Ұнамайды. Премиум бірдеңе сосын жарнама болмайды дейді ма,вообщем далбаса. Өшіремін.",,kk,appstore,0,kazsandra
kas-pla111338pla,т табылады және ол үшін ең жақсы жолы,,kk,appstore,1,kazsandra
kas-kas028144kas,"Өте керемет, жұмсақ, жолдағы онша-мұнша тесіктерді сездіртпейді. Салып алып трассаға шығып келдім. Жылдамдықты жақсы ұстайды.",,kk,market,1,kazsandra
kas-pla032329pla,Шшс малдар интернет емес мусор,,kk,appstore,0,kazsandra
kas-kas005454kas,"Жолдасымның туған күніне алдым! Әлі қолданбадық, бірақ тауар сапалы! Осы бағаға тұрады.",,kk,market,1,kazsandra
kas-kas005387kas,"Сапасы жақсы, жарық, арзан.",,kk,market,1,kazsandra
kas-kas001956kas,Иісі өте әдемі. Жолдасыма ұнады.,,kk,market,1,kazsandra
kas-pla062901pla,"Өте нашар қосымша! Банкте сондай! Клиенттерге ешқандай удобства жасалмаған. Клиенттерін сыйламайтын банк. Тек мемлекеттік бағдарламалардың арқасында өмір сүріп отырғансын ба әлде ипотека нарығында монополист болғандықтан ба клиенттеріне осындай көзқараспен қарайды. ""Хочешь не хочешь терпи дорогая"" деп!",,kk,appstore,0,kazsandra
kas-kas009784kas,Тотал заттары өте керемет екен. Жолдасыма қатты ұнады.,,kk,market,1,kazsandra
kas-map002287map,"Жаксы жерде орналаскан, брак жолы тар",,kk,mapping,1,kazsandra
kas-kas017258kas,"Өте жақсы сорады шаңды.Трубасы қысқалау, бірақ үйреніп кетуге болады. Мусор төгетінін ашу-жабу, жалпы тазалағанда абайлау керек осалдау",,kk,market,1,kazsandra
kas-kas000201kas,"Бағасы мен сапасы, бонусы да тиымды.Фильтр суы дәмді, экономно, чистая вода магазиныне рахмет уақытылы келіп орнатып берді.",,kk,market,1,kazsandra
kas-map001761map,"Әдемі. Күн де жылы, әрі қолайлы болды. Су бұрқақ та кешке түрлі-түсті бояулармен жарықтандырылып, тартымды болды. Бала-шаға да әбден ойнап риза болып қайтты.",,kk,mapping,1,kazsandra
kas-kas015266kas,"Сапасы жақсы, жылжытуға болады. Комод өте әдемі. Баланы үстіне жатқызып киіндіріп алуға ыңғайлы.Жолдасым жинастыру жұмысына 2 кеш жұмсады. Яғни ойлағанымыздай оны жинау оңай болмады. Баланың киім-кешегін, басқа да керек-жарағын осы комодқа жинап қойдық.",,kk,market,1,kazsandra
kas-kas014848kas,"Ой керемет екен. Мына столдың бір ерекшелігі жиналады да, тумба сияқты боп шыға келеді. Анау темір аяғы бұралып салынады (резьбовое). Столдың шеттері мықты пластик жапқышпен жабыстырылған (кромка пластик). Тар үйде жақсы, керек емес кезде жинай саласыз.Балаларға сабақ оқуға ыңғайлы. Ұйықтайтын бөлмеңізде у-шу боп, балаға сабақ оқытып отырғаныңызда, басқа бөлмеге столымен қоса көшіп кете саласыз. Жолдасыңыз жұмыстан кейін ыспокойно, беймарал ұйықтап алады.",,kk,market,1,kazsandra
kas-pla091964pla,Аббас думаң Жолдас ұлы бұл ұлы,,kk,appstore,1,kazsandra
kas-pla038180pla,Автобустарды көрсетпиді басында көрсететін еді қазір мүлдем істемиді,,kk,appstore,0,kazsandra
kas-gis000184gis,"автобустар ескы жане лас, автовокзалдын айналасынада конил толмайды",,kk,mapping,0,kazsandra
kas-kas000601kas,"Өте керемет самокат! Ыңғайлы, бір жақсы жері, жыйналады екен, алысқа прогулкаға коляскамен шыққанда жинап, коляскаға салып аламын, паркте ұлыма шығарып беремін, өте керемет самокат!Дөнгелегінде жарығы қатты жарық беріп жанбайды.Ұлым өте қуанышты! Рахмет Каспи Магазинге! Жеткізіп берген курьерге алғысым шексіз!",,kk,market,1,kazsandra
kas-pla060391pla,Бұл керемет 🤘екен мен оған 5 жолдз қоиам,,kk,appstore,1,kazsandra
kas-pla047019pla,"Алла разы болсын! Жақсы дүние екен, барлығы бар екен, іздеп уақытыңды кетірмейсін, жолда да оқып кете беруге болады екен",,kk,appstore,1,kazsandra
kas-kas009916kas,"Шағын, насадкалары бар. Үйде пайдаланғанға өте ыңғайлы көрінеді. Жолдасыма ұнады.Жеткізу тез болды.",,kk,market,1,kazsandra
kas-map002598map,Базардың ішінің жолын жондейтін,,kk,mapping,1,kazsandra
kas-kas013095kas,"Үстел керемет, маған қатты ұнады. Ол жақсы қапталып келді. Үстел бөлшектелген түрде келеді, оны өзіңіз жинауыңыз керек. Бір үлкен қорап, екіншісі кішкентай, сонымен тек екі қорап. Үстелдің түсі бежевыйға қарағанда, сүтті түске жақынырақ.Жалпы, сатып алғаныма қуаныштымын, бірақ бір ГӘП бар. Бұл үстелдің үстіндегі ұсақ сызаттар бар, бірақ оларды күндізгі жарықта мұқият қарамасаңыз, қарусыз көзбен көру мүмкін емес. Ол тасымалдау кезінде бүлінген немесе ол зауыттан солай шыққан, бірақ мен айта кетуім керек, үстелдің жалпы көрінісі бұзылмаған. YouTube-та үстелді қалай жинау керек екенін видео нұсқауы бар. Қағаз нұсқаулықты өте жақсы тығып жіберіпті, мен оны үстелді жинап қойған кезде ғана көріп қалдым. Мен айтқанымдай, сатып алғаныма ризамын және оны сатып алуға ұсынамын. Қарағандыдан Астанаға үш күнде жетті. Art Hall мен Kaspi-ге керемет қызметтері үшін рахмет.",,kk,market,1,kazsandra
kas-kas009845kas,"Өте керемет, жолдасыма ұнады.",,kk,market,1,kazsandra
kas-pla049999pla,Сөздерді жаттау өте ыңғайлы. Әсіресе жолда келе жатқанда,,kk,appstore,1,kazsandra
kas-pla053765pla,Оте керемет косымша тартып алуга кенес берем есепти рет ретимен шыгарып береди даже шыгару жолын корсетеди ал Матчвей секилдилер онша емес математикадан косымша керек болса осыны тартып алыныздар себеби бул мг мен жумыс истемид бир минусы бар енди ол камерасы онша емес но калькулятор бар соган кирип жазуга болады керек кезде матем сабагынан тез комек береди но кейбир есептерди шыгара алмайды ол ничё так что скачивайте этот приложение супер супер супер супер супер супер супер супер супер супер...,,kk,appstore,1,kazsandra
kas-pla119706pla,"Маған код келмеді, мен екі нөмерімді қатесіз жаздым, сондада код келген жоқ тағы да көшіріп жатырмын мүмкін осы жолы келетін шығар😓🤞🤞🤞🤞Десем ұшақ режимін қосып қойыппын ғой, ұшақ режимін қосып қойған адамдарға код келмейді оны өшіру керек сонда келеді екен",,kk,appstore,1,kazsandra
kas-pla100344pla,Еиараоомлелмлплпочгкооа пен ал емес алған сыйлықпен марапатталады мен оның көптеген щ және оның қасиеттері мен белгілері мен қасиеттерін көрсету керек деп ойлаймын ал бұл өз кезеңінде де бар еді бірақ оның ішінде қазақ халқының басым көпшілігін суда жақсы ериді де осы еді ғой деп зерттеу және сегменттеу шыққан соң ағысы мен олардың отбасы мүшелері мен кездесу барысында шыққан к және оның шығармашылық жолы да бір ғана мысал ретінде келтіруге бағытталған мемлекеттік реттеу және бәсекелестікті қорғ,,kk,appstore,1,kazsandra
kas-fli001349fli,седенканы жылытатын керемет жумыс жасап тур жолдасымнын куанышында шек жок рахмет Flipkz 💖💖💖💖,,kk,market,1,kazsandra
kas-gis002603gis,"Мен, осы ауруханада КТ түсірдім. Барлық қызметкерлерге алғысым шексіз. Өте жоғары деңгейде жұмыс жасайды. Ауырып келіп, жақсы қарым-қатысқан дәрігерлер қарсы алды. Аллаға шүкір. Бақыт Сержанқызына айтар алғысым өте үлкен, маған кт сәтті жасап, маған дәрігерлік кеңесің бергеніне үлкен рахмет. Жұмыстарыңыз алға баса берсін! Барлықтарыңызға Алла разы болсын! Көп жерден жаныма ем таппай қиналып жүредім, осы жерде ғана тура диагнозымды қойып,емдеу жолдарың кеңес берді. Рахмет үлкен!",,kk,mapping,1,kazsandra
kas-kas004556kas,Сапасы жоғары. Жолдасыма қатты ұнады.,,kk,market,1,kazsandra
kas-pla036902pla,Молодцы ребята Рахмет Көп көп Аман БОЛАЫҚ ӘМИН ӘМИН ӘМИН АҚ ЖОЛ ТІЛЕЙМІН АМАН БОЛЫНДАР .АУРМАНДАР АЛЛА ЖАР БОЛСЫН. Отбасымыз аман болсын АУРМАНДАР ЖАҚЫНЫҢА ЖАНАШЫР БОЛ АУРМАНДАР ӘМИН ӘМИН ӘМИН 🤲🤲🤲🤲❤❤❤,,kk,appstore,1,kazsandra
kas-pla062739pla,Есің болса жолама,,kk,appstore,0,kazsandra
kas-pla039502pla,Неге шықпай жатыр жолдамасам!🤯.,,kk,appstore,0,kazsandra
kas-kas005388kas,Жақсы жарық жанады.,,kk,market,1,kazsandra
kas-pla096182pla,Керемет екен жолда ойнаса болады,,kk,appstore,1,kazsandra
kas-fli001880fli,"Тез келді, жақсы тігілген, өз өлшеміме сай, үйге, жолға кигенге ыңғайлы секілді, бүгін алдым, əлі жумадым...",,kk,market,1,kazsandra
kas-pla110682pla,"Обновлениеден кейын приложение дурыс жасамайды. Автобустарды корсетпейды, кайда келе жатканын карау ушин приложениеден шыгып, кайтадан киру керек.👎",,kk,appstore,0,kazsandra
kas-pla020686pla,Әр жолы бағдарламада қателіктер орын алады. Тариф қалдығы бойынша толық ақпарат жоқ,,kk,appstore,0,kazsandra
kas-pla130324pla,"Жақсы приложения! Уйден шықпай ақ билет ала бересің! Жолға ары бері коп журемін, осы авиатаны жуктеуді ұсынар едім! 👍🏻😀😍",,kk,appstore,1,kazsandra
kas-kas003727kas,Қасым қалың болмасада жақсы қатырмайды. Суперфиксация деген жазуы бар болса да. Бірақ жалпы болады.Келесі жолы басқа қатырып ұстағыш аламын.,,kk,market,1,kazsandra
kas-pla022726pla,Тұтынушы ретінде сіздің қосымшаңызды мемлекеттік тілде болуын сұраймын. Кириллица қарпіне негізделген қосымша қашан жарыққа шығады. Латын қарпінің әліпбиінің бірыңғай қалыпқа түспегені қашанға дейін қазақ тілін енгізуге деген басты тежегіш фактор ретінде алға тартасыздар?,,kk,appstore,1,kazsandra
kas-kas025383kas,Өте сапалы тауар. Жолға ыңғайлы екен. Барлығына кеңес беремін.,,kk,market,1,kazsandra
kas-pla037044pla,Еш қиындықсыз хабарламалар жолданады!,,kk,appstore,1,kazsandra
kas-pla070194pla,Мен де барма жазатын болған басында сосын жазам мен бұл жерде де жаза алмайтын шығармын деген жолдасым екеуміз бір жерден екінші жерге бір адамды қоя салған кезде айтқаның ба балға мен шеге қағып алады да ұрлайтын деп аталады ал Гүлнар апай қате себебі графика саласында болып жатқан Дәулет бір топ адам өтірік светтерді мен қызбын ол адам қос сөз керек болып жүр екен ғой деп бағалаймын себебі графика және кейіннен бұл жағдай интернетте электронды және Жайнар ертең сонда да менде де жаза бастайды,,kk,appstore,1,kazsandra
kas-kit005384kit,сатып алу жолы барма,,kk,bookstore,1,kazsandra
kas-kas017937kas,"Тамаша тазалайды. Өте күшті, жолында бәрін қозғап жібереді.Тез жеткізді, рахмет.",,kk,market,1,kazsandra
kas-pla059164pla,широкий МАМА папа КАК ДЕЛА? ЖОЛЫНЫЗ БОЛСЫН,,kk,appstore,1,kazsandra
kas-gis001168gis,"Жолаушымен калай сөйлесуді үйренсін, сөйлеп білмесе жұмысынан шықсын. После операция аяқ киімімді шешкізіп келесі сканерлик рядтан өткізбей қойды.",,kk,mapping,1,kazsandra
kas-kas009196kas,"Таңертең тапсырыс бердім, түсте тапсырысымды әкеліп берді. Өте жақсы құрылғы. Жолдасыма сыйлыққа алдым.",,kk,market,1,kazsandra
kas-fli001029fli,"Маска жұмсақ, жарық өткізбейді, сапалы тігілген",,kk,market,1,kazsandra
kas-pla110672pla,Приложение тупой. Геоданный дурыс корсетпейди. Автобус кай жерде екенин дурыс корсетпейди. Жалпы айтканда дурыс жасамайды. Барлые маршрут сондай,,kk,appstore,0,kazsandra
kas-pla054100pla,Салем кеш жарық в общем,,kk,appstore,1,kazsandra
kas-kas020157kas,"Жақсы, жылдам келді.Жақсы тігеді, жолдасыма ұнады.",,kk,market,1,kazsandra
kas-kas014512kas,Сапалы. Әдемі. Шырақтары өте жарық.,,kk,market,1,kazsandra
kas-kas014446kas,"Уақытынан кешірек келді, біраз бұрайтын шурыптары болмады, төсектің бас жағын желімдеу керек болды, жолда төсек сыпылған болды.Жатын төсегі бізге ұнады, жақсы.",,kk,market,1,kazsandra
kas-pla027912pla,"көптеген адамдар базарға баралмайды жол шалғай немесе уақыты аз, осыны жасағаныңыз үшін рахмет.",,kk,appstore,1,kazsandra
kas-map000432map,"Мен 4-5 жыл бұрын келгенмін, таза, жарық... Біраз өзгеріс бар екен. Ұнады, рақмет",,kk,mapping,1,kazsandra
kas-fli000142fli,"Барлығы жақсы жайда келді. Керемет, Абай Құнанбаевтың жолымен жүру біз үшін ләзім. Флип, сіздер осындай тамаша қазақша кітаптарды басылымға шығарғандарыңызға көптен көп рақмет",,kk,market,1,kazsandra
kas-kas020195kas,Сапасы жақсы.Жолдасыма ұнады.,,kk,market,1,kazsandra
kas-pla046061pla,"Осы қосымшаны құрастырушы мұсылман бауырлар, сіздерге көптен-көп рақмет. Алла разы болсын. Екі дүниенің бақытын нәсіп етсін Жаратқан Алла. Осы қосымшаның арқасында намаз оқудың тез әрі оңай жолын үйрендім. Тілі қазақша жүйеде болғаны қатты қуантады. Істеріңізге береке берсін.",,kk,appstore,1,kazsandra
kas-kas000899kas,"Өте ыңғайлы, қатты ұнады. Жолдасым риза.",,kk,market,1,kazsandra
kas-pla114815pla,Қалайсың папаң саған телефон төлейтін едім табыс денсаулық қаласы табыс денсаулық қаласы табыс денсаулық мен жумабек тің жолдасымын жиен сізге не болды,,kk,appstore,1,kazsandra
kas-pla044901pla,"Алланың өзі сіздерге жолықтырды. Ішінде барлық мағлұматтар бар. Ма ша Алла. Сөз жоқ, өте керемет нұсқаулық. Алла разы болсын, берекесін берсін, жазылушылар саны арта берсін. 👍👍👍",,kk,appstore,1,kazsandra
kas-pla028963pla,Көлік сатудың жəне сатып алудың ең оңай жолы! Пайдалы бағдарлама! Жасаған адамдарға көптер-көп рахмет!😁,,kk,appstore,1,kazsandra
kas-kas009812kas,"Жолдасыма ұнады, доставкасы да уақытымен әкелді, рахмет.",,kk,market,1,kazsandra
kas-gis003898gis,"Мойка өте жақсы және сапалы, ынғайлы отырып кутетін орны бар, тіріп шығатын жолы таза!",,kk,mapping,1,kazsandra
kas-pla053570pla,"Нақты жауаптар жазылған, есептің шығарылу жолы айқын көрсетілген !",,kk,appstore,1,kazsandra
kas-pla038145pla,Автобус бір жерде тұрғанына үш күн болдығой тупит етет пиздец общем әшин жүрген дұрысау,,kk,appstore,0,kazsandra
kas-pla128750pla,Не знаю мен буйырса барасың қазақ тілі және ол осы спорт түріне байланысты мен жолдауды жүзеге асырылады және оның үстіне мен сол базарға барып тіреледі мен буйырса барасың ба деп отыр екен десем болады не жаналык не үшін үлкен маңызы болды деп отыр екен деп ойлаймын ал енді осы кезде де бар жаксылыкты мен буйырса барасың ба әлде өмірге мен ертең шығам деп аталады ал осы кезде звандай деп аталады ал оның үстіне мен ертең шығам деп ойлаймын ал енді мен ертең шығам биік болсын деген ниетпен жағдай,,kk,appstore,1,kazsandra
kas-gis002863gis,"Өте керемет дәрігер, көрсеткен қызметтері жоғары дәрежеде, профессиональды біліктіліктері жоғары екені білінеді. Келіп, дәрігер айтуымен ем қабылдап, жақсы нәтижеге қол жеткіздім. Ауырып ем іздегенше, ауырмайтын жол іздейік, жас келіншектерге түсінікті тілде барлығын жеткізеді.",,kk,mapping,1,kazsandra
kas-pla110168pla,Соңғы кезде кешке автобустарды көрсетпейді,,kk,appstore,0,kazsandra
kas-kas017931kas,"Женiл.Мощность қатты емес, мусорды жақсы сормайды.Отзыв коп болгасын заказ берiп едим, разочарована",,kk,market,0,kazsandra
kas-pla020485pla,"Күннен күнге тарифтер мен гигабаттар қымбаттап, бағалары едəуір артып баражатыр 😔 Неліктен? Жарайды бензин мен газдың бағасы қымбаттады деп жол ақысын қымбаттатса түсінесің, ал интернет бензинмен немесе газбен жүрмейді ғой, күн сайын қыбаттатып не көрінді сендерге?",,kk,appstore,0,kazsandra
kas-kas025478kas,"Өте ыңғайлы коляска. Ары бері жүргенге. Тез жиналады, көп орын алмайды. Дөңгелектері де жол талғамай зуылдап кете береді.",,kk,market,1,kazsandra
kas-gis002342gis,"Демалыс оырын өте күшті, біріншірет бардым жолдасым екумізге өте қатты ұнады жұмыскерлері өте мейірімді. Қатты ұнаған қыз Меруерт ханым Жылы жүзді парасатты өте пысық қыз екен. Осындай әдемі демалыс орындар көп болсын. Бурабайдан күшті",,kk,mapping,1,kazsandra
kas-pla110779pla,Автобустар мен аялдаманы корсетпейды,,kk,appstore,0,kazsandra
kas-kas011984kas,"Өте керемет екен.Үйімізге жылу бергенде, аяғымыз жылып қалды.",,kk,market,1,kazsandra
kas-pla038135pla,Өзімнің мінетін автобусымды көріп алдым өте ыңғайлы екен,,kk,appstore,1,kazsandra
kas-kas011346kas,"Өте ыңғайлы, кішірек аппарат.Жолдасыма ұнады.",,kk,market,1,kazsandra
kas-pla034877pla,"Музыка жанына жылу береди, оте жагымды орындалады!!!",,kk,appstore,1,kazsandra
kas-pla064190pla,Ең нашар МФО Осылардан алғаныма қатты өкінемін Себебі уақыт мерзімін айтпай Ақша алғаннан кейін мә саған деп 3 жылға іліп қояды Таза алдау арбау Проценты айдай оданда өтіп асып кетеді Халқым бұларға жолама Айтарым өліп баратсаңда алмаш бұлардан,,kk,appstore,0,kazsandra
kas-kas027630kas,"Жолдасыма ұнады. Жұмсақ, бағасы өте қолайлы, және өте тез жетеізді. Рахмет саған, Каспи",,kk,market,1,kazsandra
kas-gis002366gis,Алматыдан отбасымызбен келдік. Немерелеріммен. Өте керемет демалыс болды. Кухнясы өте дәмді болды. 2019 жылы қаланың орталығындағы ресторандарыңызда да болғанбыз. Немеремнің тілашарын жасағанбыз. Ол кезде де ұнаған. Келесі жолы да келуді жоспарлап отырмыз,,kk,mapping,1,kazsandra
kas-pla098698pla,"РАХМЕТ.Ойын ұнады,қазақша көп білмейтін сөздер бар екен,осы ойынның арқасында сөз қорымды толлықтырдым.Балаларымада,жолдасымада ұнады.Ары қарай дамый беріңіздер,жақсарта беріңіздер.",,kk,appstore,1,kazsandra
kas-pla045814pla,"Алла разы болсын! Талай жанның тура жолға түсуіне себепкер болып, шексіз сауапқа кенеліңіздер!",,kk,appstore,1,kazsandra
kas-pla110639pla,"Осымен екінші рет жүктедім. Жұмыс істеп көрейік өзіміздің такси деп. Жолаушы ретінде қолданайын десем, укажите населенный пункт дейді, ал мен Астанадамын, Үркер тұрғын алабын басқа елді мекен деп ойлап тұр қосымшаларыңыз",,kk,appstore,0,kazsandra
kas-gis003712gis,"сонау Алматыдан осы ени майы үшін келемін. Май өте керемет, тіпті жолдастарымды да осында шақырғанмын. Осы Ени май ауыстыру орталығының тұрақты клиентіміз",,kk,mapping,1,kazsandra
kas-map001471map,"Хан шатыр әрине баратын ,көруге тұрарлық жер . Қала қонақтарының міндетті түрде кіруіне ,және де қасындағы қысқы сырғанақ алаңынан кейінгі кіріп, жылынып шәй ішетін мейрамханасы бар ,сауықтыру кешені. Карантинге байланысты ,көптеген фудкоррттар қазір (01.01.2021ж) жұмыс жасамайды. Дегенмен 4 этаждагы лифті жанындағы итальяндық ресторанда өте дәмді, арзан,тойымды ,тез және ыстықтай тағамдармен қызмет көрсетеді. Рахмет. Менің ақпараттары пайдалы болатын шығар👍",,kk,mapping,1,kazsandra
kas-gis001286gis,"Тамаша мешіт, әдемі, ерекше. Бірақ ішінде жол сілтейтін тақтайшалар аз реттеледі деп сенемін.",,kk,mapping,1,kazsandra
kas-kas001517kas,"Жолдасыма алдық, ұнады.",,kk,market,1,kazsandra
kas-pla101380pla,"Жаман пикир жазып жаткандарды тусинбеймин. Унамаса несине жазып алдындар программаны? Казак тилинде каржылык сауаттылык, баспана алу максатында жасалган алгашкы жобалардын бірі! Даулет жане онын командасына саттилик тилеймин. Осы жолдан таймай, тек алға баса бериниздер! 🇰🇿🇰🇿🇰🇿👍👍",,kk,appstore,1,kazsandra
kas-fli001860fli,"Сиқырлы тасбақа дизайн өте әдемі,бірақ шамы өте баяу түседі. Және 3 түсі бірге жанбайды. Кішкентай бөлменің өзіне жарық түсіре алмайды. Өкінішті. Ақшасын өтемеді.",,kk,market,0,kazsandra
kas-gis000496gis,Жумыстарына салгырт карайды екен.Вообще трубканы алмайды 3сагат болды звондап жатканыма,,kk,mapping,0,kazsandra
kas-pla087774pla,Ассалаумағалайкум осы ойынды домдарға басқа уйлерге кірсінші сосын машиналар жол ережесін сахтасын полиция да ақымақ болмасын өзіміз кетіп бара жатсақ өзі келіп соғот сосын машиналар жолдын шешінде турсыншы онға солға деген белгі болу керек сосын уйіне кірсінші далада тұрып қатып каламызго сосын машиналардың бағасын азайту керек сосын әйгі домдарды ертірақ бітіру керек ауылдар барго соларға тос жол салу керек сосын шарбақтарын сосын үйлерде от жағып туру керек жолдары кисық мисық ?,,kk,appstore,1,kazsandra
kas-map004241map,"Өрт сөндіру жолдары жабық! Кинотеатрда бәрі маскасыз жүр, Ashyq қосымшаны талап етпейді.",,kk,mapping,0,kazsandra
kas-kas018639kas,"Өте керемет, маған өте қатты ұнады. Негізі жолдасымның таңдауы, оған ешқандай күмән жоқ.",,kk,market,1,kazsandra
kas-pla129918pla,Пассажирдин кукыктары деген жерде 7 жаска дейн бесплатно алып журуге болады жане 7 жастан 15 жаска дейн билет багасы 50% делинген БИРАК мен 5 жастагы балама билет алсам толык багасын алган маган Жол серик айтканда бирак билдим бирден звандап айтсам озиниз детский деп тергенсин дейди программа жумысы автоматтык режимде жумыс жасамайды мен озимди детский деп терсем бермидиго ол кезде программа автоматты турде жасайд бирак инвалид балама ынгайлы болсын деп билет алсам толык багасын негеалад,,kk,appstore,0,kazsandra
kas-pla110128pla,Дұрыс көрсетпейді автобус қайда тұрғанын,,kk,appstore,0,kazsandra
kas-kas028189kas,Мұз жолда жақсы ұстап қалады.,,kk,market,1,kazsandra
kas-pla063664pla,"операторлар 0 денгейде жумыс жасайды, дурыс кызмет етпейды сурактарга жауап бермейды 30 минут 1 операторды кутесын,а ол оператор трубканы койып койады аты жонын айтпай",,kk,appstore,0,kazsandra
kas-pla033766pla,"Барлық аялдама көрінбейді ғой. Жас бала автобусқа мінсе, адасып кетеді.",,kk,appstore,0,kazsandra
kas-pla055361pla,КЕРЕМЕТ ТАМАША ӘНДЕР ЖАРАЙСЫҢДАР РАХМЕТ КӨП КӨП АЛЛАНЫҢ НҰР ЖАУСЫҢ АМАН БОЛЫНДАР ӘМИН ӘМИН ӘМИН АҚ ЖОЛ ТІЛЕЙМІН АМАН БОЛЫНДАР ӘМИН ӘМИН ӘМИН 🤲🤲🤲❤❤❤❤,,kk,appstore,1,kazsandra
kas-kas011411kas,Жолдасыма алған болатынмын. Өте жақсы аппарат деді жолдасым. Тіпті бензингенератормен де сварка жасауға болады екен. 5 электродтты өте жақсы жағады. Ұсынамын.,,kk,market,1,kazsandra
kas-fli001351fli,"Заказ кабылдап, алдым оте керемет жолдасым маз болды, Flipkz рахмет коп коп жумыстарыныз дами берсын 2021 женылдыктер коп болсын.",,kk,market,1,kazsandra
kas-pla116891pla,соколов селолық округ әкімдерінің есептері қаулылар мен өкімдер аудандық мәслихаты құрылым ереже қабылдау кестесі шиелі аудандық мәслихаты құрылымы ереже қабылдау кестесі шиелі аудандық мәслихаты құрылымы ереже облыстық соты судьялар құрамы құрылымдық бөлімшелер сот аппараты өмірбаян үшін ақпарат бизнестің жол бермеу мақсатында осы заңмен е достар айтуға оңай ғ мен е достар айтуға оңай ғ мен е достар айтуға оңай ғ мен е достар айтуға болады деген үміттемін мен сабаққа қатысып отырмын кейіннен іс,,kk,appstore,1,kazsandra
kas-pla023745pla,Жаман конилим толмады счетка 28500тусти баринде жеп койды биздин осылар жей берсе балдарга не беремиз газ свети ким толейди,,kk,appstore,0,kazsandra
kas-gis002751gis,"Елшібек батыр көшесінде орналасқан ""Мизам"" кафесінің санитарлық жағынан өте лас. Посудалары таза емес, дақ, обслуживание клиентов өте нашар. Таракандар бірі кіріп,бірі шығып жатыр. Біз отырған столдың жаны лас, жан жағы мусор. Даяшы мен администраторына көрсеттік былқ етпеді, кафенің ластығын мойындамақ түгілі кешірім сұрау жоқ. Дәлел ретінде түсіріп алған суреттерімді жүктеймін. Көрмегенім Мизам кафесі болсын. Санэпидем станциясы қайда қарап отыр екен??? Осы оқиға 07.03.2022 орын алған.",,kk,mapping,0,kazsandra
kas-kas018542kas,"Увлажнительдің сапасы өте жақсы. Үйінде кішкентай сәбиі бар, ата аналар міндетті түрде үйде увлажнитель болғаны жақсы. Себебі қыста үйде отопление қосылғаннан, ал жазда күннің ыстығынан үйдің ауасы құрғап кетеді. Содан кішкентай бөпелердің мұрны жиі бітеліп қалады. Одан сәбиіңіздің ұйқысы бұзылады. Және бұл увлажнительдің ең ұнағаны: ішіне көп мөлшерде су құйылады екен. Таңға дейін қосып қойсаңыз да суы жетеді. Уақытқа қоюға болады. Увлажнитель деген дүниені 10 жылдан бері қолданып келеміз. Алдыңғысы істен шыққан соң, осы версиясын алып көрдім. Сапасы өте жақсы және бұл сапаға бағасы өте тиімді.Сулпак қызметкерлеріне үлкен рахмет! Тапсырыс берген күні 3-4 сағаттың ішінде үйіме тегін жеткізіп берді!",,kk,market,1,kazsandra
kas-pla086035pla,"Керемет қызық ойын интернет сіз қызық, ұзақ жол да ойлайтын ойын жүректе айнымайды керемет",,kk,appstore,1,kazsandra
kas-pla021634pla,"Оте нашар мобильдік қосымша екен! Нашар! Жолда қалдыратын,сеніміз бағдарлама! баяу істейтіне есептемегенде, картадан картаға аударғанда бағдарлама ұзақ уақыт жүктеліп қалады, бұл өз кезегінде ақша қаражаттарының уақтылв түсу қолжетімсіздігін тудырып, керексіз жерден ыңғацсыздық тудырады. Неге бағдарлама сондай ыңғайсыз! ??",,kk,appstore,0,kazsandra
kas-kas001573kas,"Сапасы жақсы. Ұнады. Өте ыңғайлы. Жолдасыма мейрамға сыйладым, көңілінен шықты. Алыңыздар, өкінбейсіздер!",,kk,market,1,kazsandra
kas-pla062163pla,"Ең құрыған, ең нашар банк, жолайтын банк емес",,kk,appstore,0,kazsandra
kas-pla112249pla,Маған тіркелші тіркелдім кажет салем айтып жатыр өздерің қалайсыңдар иа менде сендерді жақсы көремін сендерді жақсы көремін сендерді жақсы көремін сендерді қаты сағындым нағашы апкеңді көруге шақырамыз табыс етілді аймақ жаңалықтары жаңалыққа жазылу қр мемлекеттік сатып алу туралы хабарлама жариялайды хабарламаның жарық БОЛАДЫ екен құтты болсын Жеңіс даңғылы бойында орналасқан жері,,kk,appstore,1,kazsandra
kas-kas004072kas,"Рахмет, өте жылдам жеткізді. Сапасы жақсы, ақшасына дәлме дәл. Жолдасыма сыйлыққа алдым, қуанып қалды.",,kk,market,1,kazsandra
kas-pla098951pla,Қазақ тіліндегі ойындарды дамытуларыңызға тілектеспін! Көпшілік ойнайтын ойындардың қазақша баламасын жарыққа шығарсаңыздар өте орынды болады. Тек қана алға!,,kk,appstore,1,kazsandra
kas-pla099400pla,Котактын басына 60тиын алатын болган? Шешесин сигин 30тиын едигой пиздец оборзели гандоны итак уйде свет жок,,kk,appstore,0,kazsandra
kas-kit002056kit,Әрине жарық жағы проблема болса да кітап өте әсерлі болды,,kk,bookstore,1,kazsandra
kas-map002528map,Жолы нашар іші толган пробка жауып тастап каланын сыртына шыгару кажет,,kk,mapping,1,kazsandra
kas-map000009map,"Ну что можно сказать?! Мешіт ашық, жарық,жылы. Әйтеуір өзім кірсем жүрегім жайланып, быр керемет сезім кернейді.",,kk,mapping,1,kazsandra
kas-kas010156kas,Өте ыңғайлы. Сапасы да жақсы.Жолдасыма сыйлыққа алдым.,,kk,market,1,kazsandra
kas-gis000180gis,Шымкентке көп бара бермеймін. Бұл автовокзал негізінен бар екенінде білмейтінмін... Бірде осы автовокзалдан тоқта деген соң осы автовокзалға тоқтаған болатынмын сосын танысым күте тұр деген еді... Асықпай темекі шегіп алайын деп урнаның жанында темекі шегіп тұрсам күзетші келіп маған мұнда темекі шегуге болмайтынын түсіндірді сосын мен ешқайда жазылмаған десем трубаға домалақтап әдемілеп жабыстырып қойыпты,,kk,mapping,0,kazsandra
kas-pla112259pla,Дерски кездес табыс етілді егемен қазақстан республикасының электрондық төлем жүргізудің қағидаларын бекіту туралы қазақстан республикасының электрондық төлем жүргізудің қағидаларын бекіту туралы қазақстан республикасының мемлекеттік әнұраны президенттің жолдаулары қазақстан республикасының президенті нұрсұлтан назарбаевтың қатысуымен ашылған екен ғой бұл бауырым алматыға келгенде не істеу керектігін өзі шешеді және ғылым министрлігінің ресми сайты қазақстан республикасы үкіметінің қаулысымен бе,,kk,appstore,1,kazsandra
kas-kas027173kas,Өте сапалы.Екі жарық ойнағышы істемей тұр.,,kk,market,1,kazsandra
kas-fli000834fli,Өткен жолы осы пастаның алоэ дәмімен алғам. Жақсы ұнады. Енді гвоздика түрін алдым. Әлі пайдаланған жоқпын,,kk,market,1,kazsandra
kas-kas017766kas,Өзінің бағасына сай. Жақсы жұмыс жасайды. Маған ұнады.Трубасы жиналғанда жақсы болар еді.,,kk,market,1,kazsandra
kas-kas001259kas,Рахмет! Уақытылы жеткізді! Жолдасыма қатты ұнады!,,kk,market,1,kazsandra
kas-gis004351gis,Біліміңді шынайы меңгеруге жол салатын оқу орны,,kk,mapping,1,kazsandra
kas-pla038500pla,"Мен осы қосымшан қолданғам, содан кейін өшіріп тастағанмын. Енді тағы қоссам, мүлдем өзгеріп кеткен, автобусқа төлеу үшін қай жерінен басамын, түсіріксіз",,kk,appstore,0,kazsandra
kas-pla028944pla,Жаксы жаксы жолдар болсын,,kk,appstore,1,kazsandra
kas-pla000080pla,Мемлекеттік тілімізді насихаттаудың бірден бір жолы. Ұсыныс - парақшаның атын өз тілімізде жазылса.,,kk,appstore,1,kazsandra
kas-pla062454pla,"Хоум банк өтірік жазып, ойбай сізге милион шығып тұр 2 миллион 5миллион деп личный кабинетте жазады, 2 рет отказ келді, фууууу енді жоламаймын, қатты көңілім қалды лгуны. Хотя алдыңғы кредитімді уақытына жеткізбей жапқам, ешакбастар типа каспиден қарап шығарып жатыр карточкаларды, осылай клиенттеріңнен айрылып отырыңдар, Каспий 100раз лучще ваших.",,kk,appstore,0,kazsandra
kas-pla049700pla,"Өте тамаша құрылған приложение, Алла разы болсын. Бір жаттай алмай жүр едім, енді өте оңай жолын таптым. Рахмет.",,kk,appstore,1,kazsandra
kas-map004141map,"Алланың үйі қай жерде болсада әдемі! Ішіне кіріп сәлем намазын оқып қайттық Аллаға шүкір ❤❤❤ Тұрған жері де жақсы анық елге көрінетін жерден орын алған, сырты қандай жарқырап тұрса да, ішінде де жүрегіңе сондай жарық ұялатады! Барша мұсылман бауырларымыздың баратын ең әдемі, ең таза жер!!!",,kk,mapping,1,kazsandra
kas-kit002600kit,Жарық калай азайтады,,kk,bookstore,1,kazsandra
kas-pla129646pla,Бағдарламада Қазақ тілі және жол нұсқау тілі Қазақша болмағандықтан жазып алмай ақ қойыңыз. Қазақша болған күні пайдаланармыз.,,kk,appstore,0,kazsandra
kas-kas019345kas,"Ыңғайлы, сапасы жақсы, шаңды керемет алады, аз орын алады.1-2 бөлмеге арналған, мусор тез толып қалады.",,kk,market,1,kazsandra
kas-pla089195pla,"Осы ойынға FERRARI F8, Tesla, Ford GT, Toyota Csmry V50,V40,V30, Bugatti Divo, Koenigsegg Jesko, Nissan Gt-R R36, Автобустар, BMW I3, Opel, Lamborghini Countach, Huyndai Elantra т.б. қосылсыншы. И АЛТЫН АЛУ оңайлатса, Мысалы күніне 1000 Алтыннан алсақ. 1)1-Тапсырма—200 2)2-Тапсырма—300 3)3-Тапсырма—500. И машиналардың барлығының есіктері, капоттары, багажы, ашылатын қылшы. 400мыңдық мотор ашып қойшы. И ҚАЗАҚ СЕРВЕЕЕЕР. ""ГАЛЕРЕЯДАҒЫ СУРЕТТЕРДЕН ВИНИЛ ЖАСАЙ АЛАТЫНДАЙ БОЛСА"".",,kk,appstore,1,kazsandra
kas-pla066128pla,Л якин және бірдей қорғалады табыс етті мал е дім қорғаушы бола алады ма екен деп қаласың табыс етті мал шаруашылығы технологиясы факультетінің ғылыми кеңесінің төрағасы судья болып ң о ө тті құ және бірдей футболдан қазақстан республикасының президенті президенттің жолд және у ақыт ын республика қарулы е е біраз шындық әр кім екенін айтты саған не болды ма Наурыз құтты боласың Бі рақ ш қ азір және е е біраз шындық әр кім екенін ұмытып қалдым дейді Жалғас у десерт табыс етілді егемен қазақстан р,,kk,appstore,1,kazsandra
kas-kas024947kas,"Қыздар, коляска просто бомба. Дождевик, сумка келеді деп ойламадым. Қызым ерекше бала, жасымыз 4 келді, 6 коляскамыз. Отзыв шынайы, мен кутпедім. Арзанға жүгіретін қазақпыз ғой, осы жолы қызымның оқырман апалары ақша жинап, ал деген сон, отзывтармен заказ бердім. Еш өкінген жоқпын + Каспи 10 процент бонус қылып берді. Фото шынайы.",,kk,market,1,kazsandra
kas-pla042511pla,Жарнамаға жол бермейді.,,kk,appstore,1,kazsandra
kas-kas019295kas,"Өте жақсы шаңсорғыш! Өз бағасына сору қуаты да, дыбысы да әбден лайықты. 2 болмелі үйге тоқ сымы жеткілікті. Қуатын минимальный мен максимальный аралығында реттеу функциясы ұнады. Күтім жасау қиын емес, шаң, қоқыс жинайтын ыдысын алу-салу, жуа салу өте оңай. Менің үйім 6 ай көлеміндей шаңсорғыш ""көрмеген"" еді, алғаш қосқанда сорып шыққан шаң мен шашты көріп жағамды ұстадым.Теленова интернет-дукеніне алгысым шексіз, уақытылы келісілген уакытқа жеткізіп берді.",,kk,market,1,kazsandra
kas-pla068505pla,рлпзп деп отыр едим пособия документ у меня есть у меня үйде шет елдерде болып Казакстаннын бетке ұстар адамдары ш гггщ болады жаксы жатыб тур едим сизге ватсаптан мен сол жағында болды айтканын мен сол ушин деп ше деп отыр екен вечр болады егер сіз не істейсіз бе апай сизге де балапандар ұядан ұшып келіп қазанда болды айтканын болады жаксы жатыб тур маған барибир ешки немесе басқа екі түрлі жолмен щещнн деп отыр апарып соғады және олардың өзара байланысы да немесе гшншнгг деп неге екенин болады,,kk,appstore,1,kazsandra
kas-pla086038pla,Өте қызық бірақ бес жолдызға жетпейді,,kk,appstore,1,kazsandra
kas-pla027617pla,"Өте керемет! Алла тағалаға мың да бір шүкір! Сіздерге Алла разы болғай! Хақ тағаладан осы бағдарламаны жасаған кісілерге, еңбектерді жазған ұстаздарға, басқа да ат салысқан ағайындарға екі дүние Бақытын, шаттығын, жүректеріне берік Иман Істеріне жіңілдік, уақыттарына, кəсіптеріне береке, табыс, отбасы, бала-шағаларына аманшылық тілеймін!!! Алла тағала қиямет күні жүздеріңізді жарық етсін! Бар ықыласыммен сіздерге бар жақсылықты тілеймін! Шын жүректен...",,kk,appstore,1,kazsandra
kas-kas027815kas,Жұмсақ жолда жақсы көрсетті.,,kk,market,1,kazsandra
kas-pla033779pla,ассалаумалейкум! жігіттер рахмет мен 3і рет алып отырмын көлікті жалға! 3 ретте жолда калдырған емес көліктері жаңа әрі тар таза! өздері айтқан жерге әкеліп береді айтқан жерден алып кетеді барлығын онлайн рәсімдеп құжаттарды дайындап келеді. Көлікті тек қабылдап аласын болды! рахмет жыгыттер. жұмыстарың тек алға баса берсін!!!,,kk,appstore,1,kazsandra
kas-pla038171pla,AlhamdulilLah jaqsy alaida kişkene jumys ìsteu kerek.... Және автобус келгенде сигнал беретін болса нұр үстіне нұр болар еді),,kk,appstore,1,kazsandra
kas-pla110678pla,Автобус бағыты дұрыс көрсетпейді өте нашар,,kk,appstore,0,kazsandra
kas-kas000827kas,"Жарықтығы жақсы және режимдері бар.Тек батареясы 2 сағатқа жетеді.Әріне, бағасына тұрарлық дүние.",,kk,market,1,kazsandra
kas-pla005044pla,"Ассаламу'алайкум баршаға. Самокатты осы бағдарламамен қолданғысы келетін адамдарға айтарым, жұмысына тұрмайды или не стоит. 1)Бағасы қымбат 2)уақытын тоқтата алмайсың и қуады кароч 3)завершить етейін десең парковка іздеу керек екен жарықтыққа, оны табуда бір проблема 4)техобслу... жоқ кароч 5)только светлая зона деген жерде жүреді екенсің, темная зонаға түсіп қалсаң өшедте жүрмей қалад, сосын оны сүйрееп, жарық зонасына жеткенше бірдеңке қып апарасың. Осы айтылған кемшіліктерді ескерерсіңдер!!!!",,kk,appstore,0,kazsandra
kas-kas008139kas,"Интернет жылдамдығын (ID NET) пәтер ішінде 3 есе арттырды (30-40 мегабит/секундтан 100-120 мегабит/секундқа дейін).Дизайны тартымды, іске қосу жеңіл. Желіге қосылған құрылғыларды көрсетіп тұрады, көршілердің қосылуына жол бермейді.",,kk,market,1,kazsandra
kas-pla111045pla,Керемет приложение ыңғайлы автобус көп күтіп тұрмайсың қай жерде кележатқанына қарап шыға саласың,,kk,appstore,1,kazsandra
kas-map003200map,"Кіре беріс жол және базардың ішіндегі жол өте тар, шұңқыр-шұңқыр. Машина қоятын орын аз.",,kk,mapping,1,kazsandra
kas-pla103448pla,"Қымбатты, Сәжде ұжымы. Аллаһ жолында атқарып жатқан әрбір еңбектеріңіз үшін рахмет. Сіздерге шығармашылық шабыт, өркендеу тілеймін. Табыстарыңыз арта берсін.",,kk,appstore,1,kazsandra
kas-pla044036pla,Осы прлаженйяны жазып алған нан көп жаман мінезім жоғалды қазір жақсы мінез құлқын жақсара бастады осы прлаженйяны шығалжан адамның жолы ашық болсын аман жүрсін. Аллахым жолыңды кеңірек ашын. Ата анаңыз аман болсын,,kk,appstore,1,kazsandra
kas-kas017309kas,"Күшті тартады, шаштыда жақсы жiнайды, су сорады, мусор жинау көлемінде улкен, маған ұнады. Насадкалары өте көп, еще бағасы да жақсы, еще рассрочкамен алдым.Дауысы кадімгі пылесостыкіндей, төмен емес, салмағыда бар, қатты жеңіл емес.Техноградтан алдым, ертеңіне жеткізіп берді, бәрін тексеріп, құрып, көрсетіп, тексеріп берді. Чисто отзывпен алғанмын, ең көп жинаған екен, дауысы кедергі келтірмесе еш өкінбестен алуға болады.",,kk,market,1,kazsandra
kas-kas004244kas,Өте сапалы. Жолдасыма қатты ұнады.,,kk,market,1,kazsandra
kas-gis001393gis,"Нұрлы-Жол ең бірінші Қазақстандықтардың маңдацалды (бренді) көрген жанның көзайымына айналатын, Тұңғыш ПРЕЗИДЕНТІМІЗ НҰРСҰЛТАН ƏБІШҰЛЫНЫҢ бастамасымен ауқымды да көрнекті, қазаққа тəн қарапайымдылығымен өрнекті еңбектерінің халқының қолдауын тапқан жəне ƏЛЕМДІ мойындатқан ҰШҚЫР ОЙЛЫ да КЕМЕҢГЕР САЯСАТЫНЫҢ ЖЕТІСТІГІ. АЛДЫҢҒЫ ОТЫЗ КӨШБАСШЫ ЕЛДЕРДІҢ ҚАТАРЫН ТОЛЫҚТЫРУҒА ҚАТЫСТЫ ЖАСАЛЫП ЖАТҚАН ІРІ, де АУҚЫМДЫ БАҒДАРЛАМАНЫҢ ӨТКІР ДЕ ШАНШАРЛЫ АЙНАСЫ",,kk,mapping,1,kazsandra
kas-pla062118pla,"Бибі ара, мен және, жарық.",,kk,appstore,0,kazsandra
kas-fli000081fli,"Сәлем Досым. Мәселеге көшсек, кітап жайлы сын пікірім жоқ керісінше тек қана жақсы ойдамын. Автордың ойын түсіне алдым. Азанда ерте тұрудың қаншалықты маңызды рөл атқаратынын ұғындырып қана қоймай қалай ерте тұру жолдарында көрсетті. Бұл мен үшін шыныменде МАГИЯ болды. Кітаптың сапасы және ішіндегі мотивация беретін сөздері көңіліме майдай жақты. Кім не айтсада кітап үмітімді ақтады",,kk,market,1,kazsandra
kas-pla034034pla,"Өте жақсы қолданба. Пробкаларды, жолды өте дәл көрсетеді",,kk,appstore,1,kazsandra
kas-kas010071kas,"Жасыл сәулелері анық көрінеді, жарық бөлменің өзігде.Алғаныма ризамын, еш өкінбеймін.",,kk,market,1,kazsandra
kas-kas009182kas,Тауар жақсы. Жолдасыма ұнады.,,kk,market,1,kazsandra
kas-gis002296gis,Мешітке күзет не болмаса балалар кірмейтіндей дуал есік жасап қойсаңдаршы. Ішінде бір еркек үріп тұр 10дағы ұл баламды кіргізбей. Мешіт атаулыға жолатпаспын ұлдарымды,,kk,mapping,0,kazsandra
kas-pla079062pla,Ешкі жылқы етін жеп қояды ол бала келгкнде Акыл жок еди Бугин жолдасымның туған куни еди Курдастарымыз келемиз дит кещу мынау писируим керек еди Казир оқытушы болып жұмыс істегежәне құрылыс бөлімі мм жалпы ақпарат,,kk,appstore,1,kazsandra
kas-pla024854pla,Маган бугин 10000 тенге аударган онын 80500 Гана келди калганы жок бастысы мен жол ережесин бузды тыныштыкты бузды деп айып тагып 15000 штрап салып картошкамды блокка койып койыпты оларды кай калада кай жерде бузганымды Ким устаганнын Аты жонин жане жазган кагазын атап отиниздер Алде осыдан 15 - 20 кун бурын сиздин банк теледидардан шулап халык акшаларын ала алмай артынан алгандай мениде сондайга жазып жиберген жоксыздарма мен кай жерде калай жургенимди билем отинем жаксылап тексерип бериниздер,,kk,appstore,0,kazsandra
kas-map003761map,Кіріп-шығу жолы қиын,,kk,mapping,0,kazsandra
kas-pla110755pla,"Ассалаума алейкум, багдарлама жаксы! Актау каласында 1 номерли автобусты коссаныздар, сосын сенби мен жексенби кундери неге багдарлама жумыс жасамайды",,kk,appstore,1,kazsandra
kas-kas005369kas,"Өте жақсы, сапасы ұнады.Түнде жол жүретіндерге таптырмас зат",,kk,market,1,kazsandra
kas-pla095030pla,"Да айтсын деп жарық күннің көзі және министрліктің көлік және коммуникация министрлігінің Салық полициясы комитеті және министрліктің облыстарда Астана және министрліктің ведомстволары бар майымгырап да көп тараған және министрліктің к және олардың арасындағы өзара байланысты бірнеше аңыз бар екенін және министрліктің көлік инфрақұрылымын дамыту, for the time and I am not sure if I am not sure if I am not sure if I am not sure if I am not sure if I am not sure if I am",,kk,appstore,0,kazsandra
kas-pla021877pla,"Өте керемет Каспий деген нәрсе зор болды ғой. Мб сала бересің жарық, газ бәрін төлейсің",,kk,appstore,1,kazsandra
kas-pla011697pla,Негізгі өте жақсы прилажения бір бірімізге хат жолдай аламыз,,kk,appstore,1,kazsandra
kas-pla103635pla,Өте жақсы имандылық күшейіп нық дұзу жолда жүруге арналған керемет приложение зікірлер құранның өзін оқыған қүш қуат пайда болады сөзбен айтып жеткізу мүмкін емес жүрегіңіз тазарады жүректе тыныштық орнайды құдіреті күшті Алла мейрімі шексіз ғой,,kk,appstore,1,kazsandra
kas-pla110192pla,Аялдамалар өтірік көрсетеілген. Мысалыға 141 автобусы,,kk,appstore,0,kazsandra
kas-pla090137pla,Ассалаумағалайкум сендер осы алла көріптұр дисндер тіпті алла деген сөзді біреуі қате жаздыңдар ала деп жазып сндар ала деп түсті атады ал алла деп құдайды аитат осы жамандап жазғандардн көбісі өмірде жолы болмаи жүрген адамдар ашуын жаман пікір жазып алады.,,kk,appstore,1,kazsandra
kas-pla110293pla,"Қосымша мүмкіндіктері кең. Алайда комфорт күійндегі тапсырыс ерекше белгіленсінші. Және алғашында дауыстаушы дұрыс жұмыс жасап еді, қазір үндемей қалды, тапсырысты қабылдаған бетте сөйлейді де одан соң үндемей қалады. Қосымшаның жүйелік талаптарын жеңілдетсе екен, себебі қарапайым телефонмен жұмыс жасауға ауыр қосымша. Тапсырыс түссе қабылданбай қатып қалады және белсенділік түседі. Аяқтау пернесін басқанда растау мүмкіндігін қосса екен, әйтпесе жолай ақпарат қарағанда байқамай басылып кетеді.",,kk,appstore,1,kazsandra
kas-gis002131gis,Елордамыздың ең бірінші символы болғандықтан жылу сезімдер бар осы ғимаратқа,,kk,mapping,1,kazsandra
kas-kas026944kas,"Жүргінші өте жақсы, сапалы, акшасына сай, жарықтандыру музыкасы бар.",,kk,market,1,kazsandra
kas-kas005511kas,"Жүруі жақсы, сапасы жағы көңілге қонды, өте ыңғайлы, тар жолдын бәріне кіріп шыға бересің.Бағасы аздап қымбаттау.",,kk,market,1,kazsandra
kas-pla075353pla,Галерия маған 1000000алмаз керек және джекпоттын көбінде жолым болып ала берсем деймін пжпжпжппж,,kk,appstore,1,kazsandra
kas-map002118map,"Бәрі жақсы, тек дүкеннен шығып қайтар жол ыңғайсыз. Артқа қайта үшін Хусейн бен Талал көшесіне (бұрынғы 31-көше) барып бұрылу керек. Ол ұзақтау. Сондықтан жақын жерден артқа бұрылатын жол жасаса жақсы болушы еді.",,kk,mapping,1,kazsandra
kas-fli000558fli,"Кітапты ала сала отағасы екеуміз кезекпен оқып жатқан жайымыз бар. Осы жарық көрген кітапта мына дүниені оқып,“Өлгені тіріліп өшкені жарық көргенде”— сүйінші сұрайды екен қазақта. Бірі білсе, бірі біле бермейтін құнды ақпартты, психологиялық мәні бар дүниені осы жазбадан табасыздар.Қазақтың әлімсақтан жаратылысында не бар екенін оқып, дүниеге қазақ болып келгеніме қуанып отырмын. Өлгенге жан беріп, оған ерекше мән беріп, ұлтымыздың тұтас қалпын қайта қалап тұрғызғандай күй кештім. ⠀",,kk,market,1,kazsandra
kas-pla110167pla,"Жаңартылған версиясы керемет. 203 пен 225 автобусты жаңарту кк-жиі бұзылады,әрі қатынайтын адам көп. Мерей жақтан келе жатқанда Алматы аренаға тоқтамай өтіп кетеді, әрі азанда көп аялдамаға тоқтамайды адам сыймайды деп. Және олардың есіктері мен ортаңғы терезелерге QR жабыстыру кк.",,kk,appstore,1,kazsandra
kas-map002935map,"Қуаныш базарында тазалық жоқ. Заттар реттеліп сатылмайды. Кейін сəл жаңбыр жауса айналасында жүре алмайсың суға толады жолы, əсіресе дом быта жақ бетіндегі көше жағына қайық керек болады өтуге. Жылда солай",,kk,mapping,0,kazsandra
kas-pla034181pla,Бар гой мен логинымды ұмытып қалдымда и ұмытып қалдым леп жащдым сусын маган телефон номеріңді жаз дейді жазып біткеннен кейін маган звандайт мен трубканы алған жокпын қорықтым сіздерге сөйтіп звандадыма? ПРОСТО ҚОРҚАМЫН!,,kk,appstore,0,kazsandra
kas-gis001438gis,Шымкент-Астана 4 сағатқа кешігіп келеді. Қазақстан темір жолына қашан дұрыс басшы келеді. Поездары постоянно кешігіп жүреді.,,kk,mapping,0,kazsandra
kas-map003407map,Алланың нұры жаусын Мәшһүр Жүсіп орталық мешітіне. Өкіл имамы Жолдасхажы Қоспақұлына ризамыз,,kk,mapping,1,kazsandra
kas-map001269map,"Іші əдеттегідей таза. Жақсы киім табасың. Ішіндегі Рамстордағы бағалар қаладағы басқа гипермапкеттердегі бағалардан жоғарылау. Фастфуд, ит-бит жын-шайтанның бəрі толып тұр. Рамсторда салмақпен зəйтүн алуға болады. Бірінші қабатта Халық Банк бөлімшесі бар. Банкоматтардың бəрі бар. Даладағы көлік тұрағы тарлау. Көлікпен жолға шығу сəл қауіпті.",,kk,mapping,1,kazsandra
kas-map002584map,базар іші балшық жол шоқалақ короче бордак,,kk,mapping,0,kazsandra
kas-kas002049kas,"Парфюм ұнады! Иісі өте керемет! Жолдасыма сыйлыққа алғам, ол да қатты ұнатты. TekTrade дүкеніне рахмет, тез жеткізіп берді!",,kk,market,1,kazsandra
kas-kas028181kas,"Жолдасыма ұнады, өте тамаша. Бағасы да қымбат емес.",,kk,market,1,kazsandra
kas-kas018564kas,"Жолдасыма сыйлық жасадым, ұнады. Палау басты дәмді болды. Кеңес беремін алуға.",,kk,market,1,kazsandra
kas-kas017838kas,"Сапасы өте нашар. Қоқыстарды дұрыс сормайды. Бір бөлме тазалағаннан кейін толып қала береді. Алғаныма екі-ақ ай болды, бұзылып жатыр.",,kk,market,0,kazsandra
kas-pla067665pla,ақша жасау жолдары,,kk,appstore,1,kazsandra
kas-pla053422pla,Шығарылу жолын көрсетпейді,,kk,appstore,0,kazsandra
kas-map000051map,"Табйғаты өте таза жап жасыл ,көрікті ,велосипед айдайтын жолағы бар керемет бізге қатты ұнады.",,kk,mapping,1,kazsandra
kas-pla045432pla,Бисмиллаһ.Өте күшті программа.Алла сіздерге разы болсын.Жәннатқа апарар жолдың бастауы болғандарыңызға рахмет айтамын.Барлық керек мағлұматтардың барлығы бар 😍,,kk,appstore,1,kazsandra
kas-pla053000pla,Мен толықтырулар және түзетулер енгізілді және атты екі мақаланы бір келкі емес БЖБ деп аталады және ол диффузия жолымен де бар екен оның ішінде,,kk,appstore,1,kazsandra
kas-pla013292pla,"Бұл мен жəне менің жолдастарым үшін өте пайдалы болды. Осы WHAT'S APP - ды құрған, бағдарлаған, түзген, орнатқан адамдарға көп-көп рахмет.",,kk,appstore,1,kazsandra
kas-pla031153pla,Озим Декретте уйде отырмын Жолдасыма жумыс тауып Бос уакытта баратын Аллага шукир жемисин жеп отырмын Бир айлыкпен омир суру казир киындау Рахмет коооооооооп Алла разы болсын NAIMI.KZ уйымына,,kk,appstore,1,kazsandra
kas-map003699map,Имамдардан жол сұрасаң жөндеп жауап бермейді 😥😥 …,,kk,mapping,0,kazsandra
kas-kas028213kas,"Өте жұмсақ, маған ұнады, жолда дауыс естілмейді.",,kk,market,1,kazsandra
kas-pla035112pla,"Бұндай программаның не қажеті бар әнді телефонға жүктей алмасаң? Басқа сайттарда қарасаң қызығасың тегін жүктеуге толық жол ашып қойған. Сендерден басқа ешкім жоқтай, сатып ал жарнама қара дегенше кішкене ретке келтіруге болады ғой. Жүктегеніме өкініп қалдым сау болыңдар. Бір жерден оқып қалдым авторлық құқық депсіңдер әншілердің 😀😅таза қуасыңдар ше 😀😅👎👎 Ең болмаса көршіміз қырғыздардан үйреніңдерші қалай жасауды. Қарапайым ғана етіп жасаған. Жарнама, примум версия деген бәлені көрмедім",,kk,appstore,0,kazsandra
kas-pla062058pla,Оте оте нашар банк менеджер нашар кызмет етеди и сауатсыз жоламаныздар пайызы оте улкен,,kk,appstore,0,kazsandra
kas-kas002102kas,"Өте керемет, жолдасымның көңілінен шықты.",,kk,market,1,kazsandra
kas-kas027771kas,"Шинаны салған бойда басқа қалаға жолға шыққанмын, өте жақсы болды, дыбысы аз, әрі жұмсақ!",,kk,market,1,kazsandra
kas-pla070130pla,Бұл жерде рыстанкеиін құпия жол бар,,kk,appstore,1,kazsandra
kas-pla030863pla,Веб порталда бір жолғы жасырын сөз бұғатталған. деген текст келе береді ештеңеге кіре алмадым ЭЦҚ веб нұсқасымен авторизация бұғатталған деп шыға береді.,,kk,appstore,0,kazsandra
kas-kas003949kas,Өте оңай қолданылады және көп орын алмайды.Екі авто дөңгелекке ғана жетеді 0-ден көтеруге.Ұзақ және көп жолда жүретін азаматтарға өте қажет зат!,,kk,market,1,kazsandra
kas-pla038464pla,Ассалаумалейкум мен водителмін Алматыдан офис барма,,kk,appstore,1,kazsandra
kas-kas018259kas,"Каспиге үлкен рахмет. Сол күні тапсырыс бердік бірден алып келді. Керемет таза жуады дыбысы шықпайды. Өзіме ұнады. Моделі светі бәрі ойдағыдай. Рахмет.Багасы да жақсы, таза жуады. Алуға кенес беремін.",,kk,market,1,kazsandra
kas-kas000808kas,"Тамаша.Әзірге байқамадым. Бәрі көңілден шықты. Бағасы қымбаттау. Бірақ сапасы жақсы зат үшін аямайсың ғой.Ыстықты ұзақ сақтайды екен, тексеріп көрдім. Бірақ маған қатты ыстық керек емес, баламның тамағын жасауға керек. Жылуды кұйып аламын, ұзақ уақыт жүре беремін, суымайды. Және ешқандай жағымсыз иісі жоқ.",,kk,market,1,kazsandra
kas-pla131994pla,Күшті болуға әскер қатарына шақырылды табыс етті ме құрметті университеттің спорт кешенінде қазақстан президентінің жолдауы сіздің учаскелік полиция пункттері мемлекеттік тілдің қолданылу аясын кеңейту бойынша қазақстан республикасы мемлекеттік сатып алу пайдалы ақпарат қазақстандық мемлекеттік статистика статистиканың аудандық сотының тарихы азаматтарға әлеумэ,,kk,appstore,1,kazsandra
kas-pla133608pla,Тағыда видео түсірші осы жолы күштілеп тұрып,,kk,appstore,1,kazsandra
kas-pla043468pla,Адамға жақсы жол жақсы тәрбие беретін ішінде іздегенің бәрі бар әдемі нәрсе,,kk,appstore,0,kazsandra
kas-kit001652kit,"“ұзақ жол алғашқы қадамнан басталады” деген, тәмсілді түсіндім.Өте керемет кітап, 1 рет емес, үнемі тыңдап жүру керек деп ойлаймын.",,kk,bookstore,1,kazsandra
kas-kit003156kit,"Керемет туынды, кезінде большевиктердің жаңа заманды орнату жолындағы жансебіл әрекеті тамаша баяндалған. Әр заманның өз шындығы болса, сол жолда өзін құрбандыққа шалуға даяр кейіпкерлері бар.",,kk,bookstore,1,kazsandra
kas-kas011977kas,"Негізі жылу беруі өте жақсы, радиатор екенін бір жерден көргесін алдым.",,kk,market,1,kazsandra
kas-pla026823pla,Өте керемет жастарды жақсы жолға үгіттеу😘🥹🫰🏻🫶🏻,,kk,appstore,1,kazsandra
kas-pla044158pla,"Аллаға шүкір, Аллам маған осындай приложенияның бар екендігін көрсетіп, тура жолға салуда. Менің айтарым бұл өте керемет приложения. Өз басыма қатты ұнады. Намаз бастаймын десең оны да оқу жолдарын көрсетед, Құран жаттаймын десең онысы да бар, тіпті құлаққапты құдағыңа қыстырып алып жолда Құранның қазақша аудармасын тыңдап кете беруге дейінгі жағдайлардың барлығы да жасалынған. Менің айтарым, халқым еш ойланбастан приложенияны скачать ете беріңдер. Түкте өкінбейсіңдер",,kk,appstore,1,kazsandra
kas-pla027087pla,"Тура жолға салар, ойды түзитін заттар көбие берсін.",,kk,appstore,1,kazsandra
kas-pla062349pla,Одобрения берилди деп собшение жибереди барсан сизге отказ шыкты дейди Халыкты олай алдамау керек жол расход болып барамыз ауылдан,,kk,appstore,0,kazsandra
kas-pla064070pla,Жалмауыздар карапайым журтан еки есе жеп отсындар жолдарын болмасын,,kk,appstore,0,kazsandra
kas-pla005320pla,А йналым алуға құқығы жоқ па номері күні сағат не стим болады келіңдер деп жасампаз елдің жастарына қай уақытта да мемлекеттік тілді дамыту электрондық сот залынан сот қауымдастығы медиа орталық оқу или түсінік беру стратегиялық жоспар нормативтік құжаттар президент жолдаулары мемлекеттік бағдарламалар жемқорлыққа байланысты бөлімшелерден табыс етілді және соңғы пікірлер соңғы,,kk,appstore,1,kazsandra
kas-gis000198gis,"Адам жүру мүмкін емес! Лай, балшық! Ешқандай жаяу жүргіншіге жол жоқпа, неге құм тас төсемеске?",,kk,mapping,0,kazsandra
kas-kas021385kas,Өзіме ұнады. Тазартатын жері оңай жерде. Қоқыс қабына жетпейді. Каспиге рахмет.Жиі тазартып отыру керек. Әр бөлмені тазартқаннан кейін. Оңай тазарады бірақ.,,kk,market,1,kazsandra
kas-pla130294pla,"Нағыз сенімді және ұтымды билеттер осы- Авиатада!!! Жасай бер! Жолаушылардың жолы болсын, алғыс ала беріңіз!",,kk,appstore,1,kazsandra
kas-pla088341pla,Егер мен сізді ұнатамын өлеңді оқыған Назерке Семей және рухани мәдениетінің дамуы да қоршаған орта ғасырларда өмір жасы мен жолы,,kk,appstore,1,kazsandra
kas-pla109047pla,"Өте жақсы! Сіздерге өтініш, жас кезімде мұсылман туралы ( мың сұрақ мың жауап) деген кітап оқып едім (1995) жылдары тауып жарыққа шығарса мың сауап болар еді.",,kk,appstore,1,kazsandra
kas-map002069map,Жолдың бойы. Өте қолайлы орында орналасқан,,kk,mapping,1,kazsandra
kas-pla091262pla,Нашар ойын шешеннін амын сгейндер сразу красный бере беред ойнамандар хуния ойын бұл гавнооо фуйййй мусор фууу,,kk,appstore,0,kazsandra
kas-pla111674pla,"Ен нашар ар жолы кырем жанартыныз ди береды,текке орын мен мб алганнан баска дым пайдасыда жок",,kk,appstore,0,kazsandra
kas-pla023930pla,Ең тиімді жол,,kk,appstore,1,kazsandra
kas-pla110102pla,Мүлдем ұнамай қалды. Қазір 34 автобусты көрсетпей қалды. 57-автобусты да көрсетпей қалып еді. Жүктеуге кеңес бермеймін. Одан да ситибас қосымшасын жүктеп адыңыздар. Ыңғайсыз болса да жұмыс істейтін қосымша жақсы😬,,kk,appstore,0,kazsandra
kas-kas005471kas,"Өте жақсы, жолдасыма ұнады.",,kk,market,1,kazsandra
kas-kas000981kas,"Жақсы велосипед. Жолдасыма алғанбыз.Доставка кешігіп келді. Велосипед жақсы, алуға кеңес беремін.",,kk,market,1,kazsandra
kas-map002514map,"Жолдың жиегін жөндеу қажет, көлік кептелісі жиі байқалады.",,kk,mapping,1,kazsandra
kas-pla115734pla,Тамаша бағдарлама. Жасап шыққандарға Аллаһ һидаятты (тура жолды) нәсіп етсін.,,kk,appstore,1,kazsandra
kas-map000041map,"Керемет мешіт, өте ыңғайлы жасалған Елорда халқына, жолаушыларға, қала қонақтарына.",,kk,mapping,1,kazsandra
kas-pla044815pla,Күшті маған бұл праграма ұнады. Себебі осымен дін жолна түсугеде себеп болды.,,kk,appstore,1,kazsandra
kas-gis003936gis,"Адам саулығы-соның ішінде тән мен жан саулығына ерекше мән беру керек екендігін біле тұрсақта, дәл осы клиникадан сол жан рахатымен шығатыныңызға кепіл беремін. Бірнеше стоматологиялық клиникалардың ішінен Интерстом стоматологиялық клиникасын таңдағаныма өте разымын! Дәрігерлері өз ісінің шебері десем артық болмас. Бекжан Нұржанұлының жұмысы өзімнің де жолдасымның да көңілінен шықты! Екеуі екі жұмыс болсада үлкен зейінмен біліктіліктің көрсеткіші болды! Бұндай жұмыстан кейін кішкентай қызымды дәрігер: Регина Русланқызына көзімді жұмып тұрып тапсыра салдым!",,kk,mapping,1,kazsandra
kas-kas010524kas,"Супер, жолдасым рахаттанып пайдаланып жүр.",,kk,market,1,kazsandra
kas-pla109158pla,ӨТЕ ЖАҚСЫ ҚАЗІРГІ ЖАСТАРҒА КЕРЕК АЛЛА ЖОЛЫНДА БОЛАЙЫҚ,,kk,appstore,1,kazsandra
kas-map002976map,"Ен улкен базар продукты,киим бари бар жан-жактан автобус таксилер районмен совхоздарга катынайды.Осы жерден керек заттарын алып уйлерине кайтады.",,kk,mapping,1,kazsandra
kas-map001177map,"Маған ұнайды,жақсы,жарық жер.Менің балаларыма да ұнайды👍🏻 …",,kk,mapping,1,kazsandra
kas-pla078560pla,Грени ол картиген кемпір ол озінің балашағасын туысандарының б әрін өлтіріп жеп қоиған ол жарықтан қорқады ол үйін тінтіп жүреді себебі ол әлі кіші немересін іздеп жүр іздеп жіүру себебі ол немересін әлі жемеген,,kk,appstore,1,kazsandra
kas-pla110669pla,Автобустардың gps-і қуып тұрады ғо басқа жақты көрсетіп!,,kk,appstore,0,kazsandra
kas-kas004622kas,Жолдасыма ұнады. Рахмет сіздерге. Жеткізу уақытында әкеліп берді.,,kk,market,1,kazsandra
kas-gis000258gis,"2гисте сағат кешкі 21:00 ге дейін деп жазылғаннан кейін алыстан асығып 20:11 келсем, есікті жауып жабық дейді. Есігінің сыртында да сағат 21:00 дейін деп жазылған. Адамды ақымақ қылғаны ма?! Жауапкершілік қайда?! Таксиге жолға қанша ақша кетті. Бір кішкентай жазуды өзгерту қиын болса, бұл түрлеріңмен алысқа бармайсыңдар",,kk,mapping,0,kazsandra
kas-kas000453kas,"Сапасы өте керемет.Менің белім ауыратын еді, алғаныма 5 күн болды, күніне 2 рет қолданам, таңертең, кешке, әзірге жақсы әсері байқалады, алдында жарыс жолды алдым Genau, оның да сапасы өте керемет.",,kk,market,1,kazsandra
kas-pla058294pla,Км жерде рф шекарасы арқылы өткізілетін тауарлардың суреті мен бармын мазмұнына немесе оның жұбайы табыс етілді және әлеуметтік қорғау департаменті қр табиғи ресурстарды экономикалық өсуді мен бүгін кеше әкелген сол кезде алға қойған мақсатымыз аудио апай Абай атындағы әмбебап кітапханасы сіздердің назарларыңызға жеткіземіз табыс тілеймін баршаңызға бақыт байлық тилеймин келе жаткан жыл жақсылығын акелсин ішінен ең көп аталған адамдар тарапынан араласуына жол картасы дағдарыстан кейінгі кезпрроо,,kk,appstore,1,kazsandra
kas-fli001176fli,"Бәрі дайын, қысқартып іліп қойдым.Үйдің ішін жап жарық қылды. Рахмет!",,kk,market,1,kazsandra
kas-pla019461pla,Жана жылдык ойын маган 3мумкиндик берди мен осы сонгы кездери мумкинтерим ешкандай орындалмайды менин мумкиндиктерим сиздин жолыныз болмады деп шыга береди 3 мумкиндиктердин барлыгын гб берсин хоть я бы 9гб берсе жаксы болар еди😑👎👎,,kk,appstore,0,kazsandra
kas-pla130517pla,"Өтініш, ақша төлеу жолы жеңіл болса, барлық банкомат карталары арқылы жəне телефон шотынан да төлеу мүмкіндігі болса.",,kk,appstore,1,kazsandra
kas-kit003835kit,"Қарапайым қазақтын тілімен жазылған өмір туралы роман. Керемет әсер алдым, әр отбасы басынан өткен қасірет соғыс қиындығы, Шерхан ағамыз жатқан жері жарық болсын!",,kk,bookstore,1,kazsandra
kas-pla113181pla,"Күн сайын бар жаңалықты осы жерден оқып, қарап шығамын. Әсіресе жол жүргенде ыңғайлы.",,kk,appstore,1,kazsandra
kas-kas017554kas,Свет жок екен ішінде телефонның жарыгымен карадым.ПИЦЦА только пысырдым 200градус та жарты сағатта пысты.,,kk,market,1,kazsandra
kas-pla038142pla,"Керемет қосымша, рақмет! 4ші автобусты қосыңыздаршы!",,kk,appstore,1,kazsandra
kas-pla127768pla,"Ияяя өте керемет, қазақша тілдесуге әрине қолжетімді.👍 Әрбір қазаққа осы пернетақтаны пайдалануға кеңес беремін !🙌 Маған өте ыңғайлы,✊ отбасымызбен тек осы пернетақта арқылы таза қазақша тілдесеміз.😊 Отанымызда қазақ тілін дамытудың тағы бір ыңғайлы жолы осы деп ойлаймын..!😎 Қапы қалмаңыздар, тез арада qazaq keyboard ты жүктеп, пайдаланыңыздар! 🇰🇿",,kk,appstore,1,kazsandra
kas-pla032367pla,"Газ, свет төлемдері неге жасамай қалды? Орал қаласы",,kk,appstore,0,kazsandra
kas-kas027675kas,Жолды өте жақсы ұстайды! Бағасына сәйкес тауар.,,kk,market,1,kazsandra
kas-pla076619pla,келесі жолы 25акпан менін туган кцнім взлом керек,,kk,appstore,1,kazsandra
kas-map002548map,Жол оте нашар,,kk,mapping,0,kazsandra
kas-pla116774pla,Кккккккккккккккккккккккккккккаккакккккааааааааааааааааааааааааааааапапппү Апай ұұнааавыыкғүні сені бүкіл әлемге танымал жаңа атқа лайық па еді деген де әңгіме шықты қр үкіметінің ресми сайты қр үкіметінің ресми сайты қазақстан республикасы президентінің жолдауы қазақстан республикасының президентінің жарлықтары мен өкімдері қр үкіметінің қр үкіметінің ресми сайты үкіметінің заң жобалау жұмысының сапасын бағалау қорытындылары бойынша есептік көрсеткіш мөлшерінде біржолғы ақшалай сыйақы төленеді е,,kk,appstore,1,kazsandra
kas-fli001081fli,Жол жүргенде пайдаланғанға ыңғайлы!,,kk,market,1,kazsandra
kas-pla081483pla,"Бос уақытында,жол жүргенде ойнауға",,kk,appstore,1,kazsandra
kas-pla038299pla,Автобус болғаны жақсығой,,kk,appstore,1,kazsandra
kas-gis001116gis,"Баршаңызға Қайырлы күн! Төменде барлық кемшіл тұстарды астын сызып отырып жазып кеттім. Кешіріңіздер, алайда еріксіз басқа Қазақтың мынандай мақалы еске түседі екен “Қойшы көп болса-Қой арам өледі деген”. 4-бірдей “Директор” жүр дейді мыс. Төрт келіншек бастығымыз шайды 50-минут қайнатып жүр. (Қызыл көйлек, қара жолақты жейде, көк жейде, жане сары шашты директор)",,kk,mapping,0,kazsandra
kas-pla093307pla,"Бес жұлдыз қойғанымның 5 себебі: 1)Өте жақсы,көңілге күлкі ұялатады 2)Тез үйреніп аласыз 3)Балалардың мықты және батыл болуына көмегі өте көп 4)Пайдалы 5)Жәнеде өзімнің ойым бойынша ""5-жұлдыз"" атағына ие болу мына себептердің арқасы. Егер менің жазғанымды оқып отсаңыз, онда осы ойынды қоса беріңіз Ешкім сізге жамандық жасамайды Жолда болмаса ішің пысқан кезде ойнасаңыз қызығырақ болуына себепкермін /бұлар енді менің ойым /өзіңіздіңде ойыңыз болса жұлдыз қойып осындай күшті/жаман деп жаза кетіңіз",,kk,appstore,1,kazsandra
kas-pla007058pla,Егор мен казр емес но бр рет тастадмго ертенба деп аталады және оларды жою жөніндегі орынбасары болып қызмет атқарды және оларды жою жөніндегі орынбасары болып қызмет атқарды және оларды жою жөніндегі орынбасары болып қызмет атқарды және оларды шешу жолдарын анықтау және жою тәсілдері мен әдістері бар касмда адам бар түрім бар касмда адам бар түрім бар касмда адамдар арасындағы қарым-қатынастар орнату арқылы ғана шгар ол емес,,kk,appstore,1,kazsandra
kas-pla038175pla,Картада автобустар көрінбейді астындағы значок пастоянно қызыл болып тұра береді бұрынғы версиясында остановкалардың аттары көрініп тұратын еді сосын автобустардың өзі картада задержкамен көрінеді осы ақауларды дұрыстауларыңызды өтінемін🙏,,kk,appstore,1,kazsandra
kas-kas005371kas,"Жақсы, жол көрінеді, бағасына сай. Алсаныздар өкінбейсіздер, көз ашылып қалды.",,kk,market,1,kazsandra
kas-pla068360pla,"Ссссссссссссууууууууууууууппппппппппеееееееееееррррррррррррр ииииииииииииииггггггггггггггрррррррррррааааааааап+×÷=/_€£¥₸!@#$%^&*()-'м"":;,?`~\\|<>{}[]°•○●□■♤♡◇♧☆▪︎¤《》¡¿''жылуды жақсы сақтайды деп карантин болып әйелім әкімшілерін және әлеуметтік қорғау ә сынып оқушылары арасында өткен қазақ тілі мен әдебиеті мұғалімдері ағылшын тілі пәнінің мұғалімдері физика пәнінің мұғалімі қарғалы ұрыстттыыы",,kk,appstore,1,kazsandra
kas-map002292map,Жолы жаман,,kk,mapping,0,kazsandra
kas-kas004465kas,Жолдасыма қатты ұнады. Барлық кілттер бар деп қуанып жатыр. Рахмет.,,kk,market,1,kazsandra
kas-pla113330pla,Өте күшті праграмма екен.Теледидар бұзылып немесе жарық өшіп қалғанда жақсы екен👍,,kk,appstore,1,kazsandra
kas-pla062101pla,Бұл банк жолаитын банк емес. %47 паиыз Маскара халықтты тонау. Оператор қыздар дөрекі,,kk,appstore,0,kazsandra
kas-map002248map,өте қоқысық көп баға жоқ,,kk,mapping,0,kazsandra
kas-kit002654kit,"Иә.. Әулие болған ғой, жарықтық!",,kk,bookstore,1,kazsandra
kas-kas010643kas,"Өте керемет, инструменттер шашылмай орнында тұрады. Жолдасыма алғанмын, өте ұнады.Уақытынан ерте әкеліп берді.",,kk,market,1,kazsandra
kas-pla110189pla,Келе жаткан автобус жогалып кетеді Скачать еипендер👎👎👎,,kk,appstore,0,kazsandra
kas-kas027194kas,"Өте жақсы жасалған, ыңғайлы, жол жургенде алып журуге болады. Доставкасыда жақсы жетті.",,kk,market,1,kazsandra
kas-pla022714pla,"Өте колайлы, автобустарға төлейтін дей жасаса өте керемет болатын еди",,kk,appstore,1,kazsandra
kas-kas010947kas,Осы құрылгы арқылы жолдасым заказдар алып жатыр. Жолдасыма қатты ұнады.,,kk,market,1,kazsandra
kas-pla005085pla,Жаксы болды Алматыга келгены. Россияда истеп журген дос балдарым айтып еды арзан кушты деп. Енди озым журип корем. Кош бол автобус😃,,kk,appstore,1,kazsandra
kas-map000634map,"Парковка бесплатно, ішіне кірдің де все бәрі бар, лифтте бар, бағаларыда арзан.",,kk,mapping,1,kazsandra
kas-pla038510pla,Неге оқушылар приложение мен төлеген кезде оқушылардан үлкен адамның жол ақысы алынады,,kk,appstore,0,kazsandra
kas-kas002024kas,"Жақсы, оригинал, иісі жағымды.Туалетная вода болгасын иісі қатты стойкий емес",,kk,market,1,kazsandra
kas-pla030677pla,"Өте тиімді және қол жетімді. Уақыт үнемдеу ге де. Ауылдық жерде анықтама алу үшін орталықтарға бару керек болатын. Осы приложение арқылы қажет анықтаманы , жолға қаражат жұмсамай үйде отырып қол жеткізе аламыз.",,kk,appstore,1,kazsandra
kas-pla104902pla,Алла тура жолдан тайдырмасын!,,kk,appstore,1,kazsandra
kas-kas005104kas,"Унады, әдемі-ақ. Әсіресе улкен дауыстыда да таза оқытады колонканы.1. Диск салатын жері жоқ( Бұрын диск оқитын оригинал магнитола салып журетіндер жақтырмасы анық.2. Жарықтандыруы әдемі болып жанбайды.Дегеніменде бағасына лайық деп ойлаймын.",,kk,market,1,kazsandra
kas-kas006496kas,"Өте жылдам істейді. Жады ddr5, 4800 mhz. Процессор 12-буын, қазіргі кездегі мықтының бірі. Клавиатурада жарық бар. Келбеті әсем, бизнес стиль десе болады.Операциялық жүйе (windows) орнатылмаған. Салмағы ауырлау, 2,5 кг. Сырты пластик. Камерасы өте стандарт. Дұрыс камера қою қиын ба немене?!WB арқылы windows +офис лицензия сатып алдым. Экраны біреу үшін үлкен болуы мүмкін, 16 дюйм. Ал Resolution кәдімгі 1920х1080.",,kk,market,1,kazsandra
kas-kas024671kas,"Маған қатты ұнады, өте ынғайлы әрі жолға алып жургенге шағын.",,kk,market,1,kazsandra
kas-kas004396kas,Мен жолдасыма сыйлыққа алғанмын. Өған қатты ұнады,,kk,market,1,kazsandra
kas-pla115690pla,5звездочек зато что включили кеше осы аптада жарық көрген уақыты бойынша қай сала өзінің дамуын қамтамасыз ететін және программа,,kk,appstore,1,kazsandra
kas-pla110203pla,"Қолданушыға ыңғайсыз жасалған. Автобустың қайда екенін қарасаң, екі бағытты бірдей көрсетеді. Ситибас қосымшасы сияқты нақты емес. Автобус бағытын ауыстырып, кері бағытты тексеріп көрсем, тағы екі бағыттағы аялдамалар шығып кетеді. Бірнеше күнде әрең түсіндім. Оңай емес, Қиын деп атын ауыстыру керек",,kk,appstore,0,kazsandra
kas-kas003145kas,"Бір қолданғанан жақсы нәтиже берді, жолдасыма ұнады.",,kk,market,1,kazsandra
kas-gis002464gis,"Жаңа жылдық жарықтандыру, онлайн брондау сияқты енгізілген жаңартулар маған қатты ұнады, жиі келіп тұрам",,kk,mapping,1,kazsandra
kas-pla038167pla,Номер 52 автобус 593АЕ17 10 метрден бастап тоқтатып жатсам бетіме қарап кетіп бара жатыр.Далада -22.,,kk,appstore,0,kazsandra
kas-pla022551pla,Осындай жолмен көбейеді ☺️☺️☺️🤩🤩🤩1 000000,,kk,appstore,1,kazsandra
kas-pla064718pla,"Ойын мықты,откен жолы 1 орын еді казір 41(",,kk,appstore,1,kazsandra
kas-pla078202pla,Жол игра крута,,kk,appstore,1,kazsandra
kas-pla044263pla,"Алла Разы болсын 🤲 Баршаларыңызға Алланың рахымы жаусын 🤲 Осындай барлық жағын қамтуға тырысқан программаны жасауға атсалысқан әрбір жанға алғыс айтқым келеді. Өте пайдалы берекелі жұмыс жасаудасыздар. Өсіріп отырған Ұлым мен қызым сіздер сияқты Алла жолында қызмет ету тілеймін. Өсіңіздер, дамыңыздар, өркендей беріңіздер 🤲 Екі өмірдің берекесін тіледім 🤲",,kk,appstore,1,kazsandra
kas-kas020167kas,"Маған ұнады, күшті, керемет, кітабында түсінікті екі тілде де оқуға болады, қазақша, орысшада, рахаттанып тігіп жатырмын, көптен бері алғым келіп жүрген, арманым орындалды, жолдасым 8 мартқа деп сыйға тартты. Каспи дүкеніне рахмет, тез арада жеткізді.",,kk,market,1,kazsandra
kas-kas024032kas,"Керемет. Музыка, айналады, светомузыка. Сапасы жақсы.Батарейкасы жоқ. Болек сатып аласың 400 теңгеге.",,kk,market,1,kazsandra
kas-gis000796gis,"Жібек жолы қонақ үйіңде қонақта болдым өте керемет! Номерлердің бағасыда қол жетімді барлық жағдайы жасалған, маған ұнады рахмет сіздерге!!!",,kk,mapping,1,kazsandra
kas-kas024789kas,"Биік, дөңгелектері үлкен, амортизация.Артқы жағында қалтасы жоқ екен. Біздің көңілімізден 100% шықты, балама да ұнады, биік отырады бала, дөңгелектері үлкен болған себепті амортизациясы жақсы сезіледі, тегіс емес жолдарда тарсылдамайды. Шатыры үлкен, толықтай жабады. Ойланып таңдап жүргендер болса ала берсеңіздер болады.",,kk,market,1,kazsandra
kas-pla038208pla,Дурыс корсетпейдіі автобус коз алдымда отип бара жатады но картада жок ол автобус,,kk,appstore,0,kazsandra
kas-kas005585kas,Жолдасыма қатты ұнады! Осы Decathlon дүкеннің киімдері ұнайды! Сапасы жақсы! Жиі тапсырыс беріп тұрамыз.,,kk,market,1,kazsandra
kas-kas003968kas,"Негізі жақсы нәрсе, жолдасыма ұнады.",,kk,market,1,kazsandra
kas-kas016158kas,"Жақсы жұмыс жасайды, ыңғайлы жолға алып шыққанға.",,kk,market,1,kazsandra
kas-gis000506gis,Қызметкерлері өтірікші. Автобус жағдайы нашар. Өтірік ақпарат береді. Вообще отырмай ақ қойыңыздар. Пойыз жақсы одан да,,kk,mapping,0,kazsandra
kas-kas010498kas,Өте жақсы жиынтық. Жолдасыма қатты ұнады.,,kk,market,1,kazsandra
kas-pla111470pla,Мусор. 3 рет регистрация жасауға тырыстым мулде істебатқан жоқ. Парол жазатын жеры вообще қиын. Кароче вам -2 баға.,,kk,appstore,0,kazsandra
kas-gis001106gis,"Тым жақсы кофейняның шырқын бұзды. Астанада тары кофейнясының ашылғанын ұзақ күткенмін. 22.01.23 жолдасыммен коляскадағы баламмен барғанмын, ішіндегі қызметкерлер, официант, менеджер, администратор өз-өздерімен. Әсіресе адамның сырт келбетіне қарап, қызмет ететіні алаңдатты. Күтіп тұрғанымызға 20мин болды, өзімізбен бірге алдық кофені, бірақ ол кофенің дайын болуына тағы 20мин кетті, 1 кофе 250мл-1500 тг, 2 кофе алдық, счетқа за обслуживание 300тг қосып жіберген, соны айтып едім, сол қыздың ақшасын сұрап тұрғанда тарс ете берді чекті. Кофе5/10. Бірақ заведение дизайны , интерьері өте әдемі. Біз капучино тарымен,латте ірімшікпен алдық. Алып баратқан күштілігін көрмедім. Енді бармаспыз деп шештік.",,kk,mapping,0,kazsandra
kas-kas002734kas,"Өте керемет.Өкінішке орай, өте кішкентай, 3 грамм. Жолдасым осыма берген заказың деп күлді.Кеңес беремін сатып алуға.",,kk,market,1,kazsandra
kas-kas001335kas,"Өте жақсы, жеткізілуі де тез. Ыңғайлы зат екен жолдасым алған дайындалып жатыр, өзі кішігірім, әр жерге сыйып кетеді.",,kk,market,1,kazsandra
kas-fli001350fli,"Керемет жолдасыма заказ бергегмын унады ынгайлы, 2021 Flipkz скидка кобырек болсын бызде заказ коп беремыз :)",,kk,market,1,kazsandra
kas-kas028141kas,Жақсы жүреді екен жолда. Жақсы дөңгелек.,,kk,market,1,kazsandra
kas-kas020486kas,"Боллер сапасы жақсы, жақсы қыздырады,жылуды жақсы сақтайды.Каспиге рахмет, уақытынан ерте жеткізді.",,kk,market,1,kazsandra
kas-pla130089pla,Саттилик ак жол 🙏,,kk,appstore,1,kazsandra
kas-pla068249pla,Ке қалай арттыруға болады деп ойлаймын жазылу жаңаөзен қаласы әкімдігінің ақпараттық порталы сайт материалдарын пайдаланғанда ақпарат алған көзге сілтеме жасау міндетті түрде талап етіледі заңды тұлғалар үшін құқықтық базаны анықтауды да тездету қажет болған жағдайларда ғана емес пе екен ғой бұл туралы қр білім және ғылым екенін өзім де білмеймін кешігіп неге осы еркектер оз ж елбасының қазақстан халқына жолдауы елбасының қазақстан халқына жолдауы елбасының қазақстан халқына жолдауы елбасының қа,,kk,appstore,1,kazsandra
kas-kas009725kas,Жолдасыма ұнады. Керемет.,,kk,market,1,kazsandra
kas-pla086896pla,ертең мектепке жол картасы экономика мәслихат ішкі саясат білім денсаулық қоғам оқиға спорт сараптама телеарна телеарна туралы біздің ұжым бағдарламалар төлқұжаты бағдарламалар кестесі бағдарламалар мұрағаты апталық шолу қазақстан армиясының табыс етті және биология мұғалімдерінің форумы сқо бойынша департаменті халықтың жұмыспен қамтылуы халықты әлеуметтік қорғау және жұмыспен қамтамасыз ету транспорттық және биология мұғалімдерінің форумы сқо бойынша департаментінің директоры петр салтанатты ж,,kk,appstore,1,kazsandra
kas-kas017646kas,"Жеңіл.Онша қоқысты сормайды. Тез толып калады. Әрбір қолданған сайын ішін жуып кептіріп коймасан, мүлдем сормай қалады. Басында қылшағы жоқ.Алғаныма өкініп қалдым.",,kk,market,0,kazsandra
kas-kas027321kas,Біздің жолдарға ыңғайлы.,,kk,market,1,kazsandra
kas-pla038203pla,неге автобустарды дұрыс көрсетпейді себебі алдында мен автобус келе жаиқан шығар таксиге мінбеяқ қояйын деп асығып тұрған едім содан кіріп келе жатырма көрсем жақындап қалды деп көрсетіп тұр но самом деле ол өтіп кеткен екен сонда бұл қалай содан өз жету керек болған жеріме кешігіп уақытылы бара алмадым.,,kk,appstore,0,kazsandra
kas-kas000581kas,"Зат көңілімізден шықты.Тапсырыс тез алдық. Жеткізуші Аман өте қарапайым, жақсы бала екен. Өзі құрастырып берді. Көп рахмет. Жолы ашық болсын. Ризамыз",,kk,market,1,kazsandra
kas-kas020699kas,"Шаңсорғыш супер, алуға кеңес беремін, кеше алдым Эврикадан, бір қоқыс қалдырмайды, жылдамдығы күшті, кілемді жұлып алардай тазалайды.",,kk,market,1,kazsandra
kas-kas004206kas,"Жолдасыма қатты ұнады, сапасы да жақсы. Рахмет.",,kk,market,1,kazsandra
kas-kas010906kas,"Тез жеткізіп берді, алғысым шексіз. Жолдасыма сыйлық кылып алып едім, қатты ұнады.",,kk,market,1,kazsandra
kas-pla053304pla,Нормально бірақ бұнда шығарылу жолын неге көрсетпейт есепті түсіргенде шығарылу жолын жазып қоятын қып істеңдерш,,kk,appstore,1,kazsandra
kas-kas008786kas,"Жылуы тез, қолдануға оңай.Мойыншысының бұрайтын жері әлсіздеу пластмасс, екінші бұрауға бармайды.",,kk,market,1,kazsandra
kas-pla024899pla,Каспиден несие алмандар бир жағдай болып төлей алмай калсандар 50 пайыз айлыктарыннан айырыласындар кредитке жоламандар ағайындар кеңесім сол.....,,kk,appstore,0,kazsandra
kas-map002039map,арматура трубалар да бар екен бағасы жаман емес ұнады,,kk,mapping,1,kazsandra
kas-pla033932pla,керемет тек ғана ақ жол тілеймін.,,kk,appstore,1,kazsandra
kas-kas000435kas,"Жолдасым мен ұлыма ұнады, қолданғанымызға 3 күн, әзірге бәрі жақсы.",,kk,market,1,kazsandra
kas-pla061995pla,"Форте магазинге жолап керек емес, тауарлары қымбат екен. Жеткізілуі де проблема",,kk,appstore,0,kazsandra
kas-pla090140pla,"Қорқынышты 5 тұяқты және басқа да бірқатар маңызды орын алады және басқа 57 және басқа елді мекендермен автомобиль жолы арқылы өтетін және басқа да бірқатар 87 мен оның негізінде жүзеге асыру үшін қолданылатын құрал болып табылады деген тақырыпта докторлық және оның ішінде қазақ тілі және оның ішінде қазақ тілінде жарық көрген емес еді ғой бұл жерде орналасқан мемлекет тарапынан қолдау көрсетіп келеді екен деп ойлап табу қиын емес еді деген атпен белгілі болды ма деп айтпа ме, д, бір ғана мысал",,kk,appstore,1,kazsandra
kas-pla129682pla,Өте жақсы 👍 Алыс жолға қолданамын,,kk,appstore,1,kazsandra
kas-gis001422gis,өте нашар темір жол вокзалы ғимараттың ішінде дәріхана мүлдем жоқ іші мұз кесек қызметкерлері міндетсініп жұмыс жасап жүреді қашан барсаң,,kk,mapping,0,kazsandra
kas-kas005191kas,"Өте керемет.Орыс тілі жоқ екен.Жолдасыма алған болатынмын, қатты ұнады.",,kk,market,1,kazsandra
kas-pla028273pla,"Кеш жарық, түнгі фон орнатасыздарма. Можете установит ночной фон.",,kk,appstore,1,kazsandra
kas-kas002904kas,"Жолдасыма алдым, иісі күшті, шашты жалтыратып тұрады. Бір сөзбен, керемет",,kk,market,1,kazsandra
kas-pla133672pla,Өте жақсы қолданба екен свет өшіп қалғанда ойнауға болады екен ғой👌👌👌👌👌👌👌👌👌👌👌👌👌👌👌👌👌👌👌👌👍👍👍👍👍👍👍👍👍👍👌👌👌👌👌👌👌👌👌👍👍👍👍👍👍,,kk,appstore,1,kazsandra
kas-pla109641pla,Дурыс жолга апарады Аллага шукир,,kk,appstore,1,kazsandra
kas-kas027968kas,"Мишлен жақсы. Жолда өзіңді жақсы сезінесің. Биыл қар аз, қара жер көп. Бірақ мишленнің шегелері еш түскен емес. Қара жерде айдап жүргенімен 15 күннің шамасы болды. Шегелері сол күйі тұр.Ұнамсыз жағы жоқ.Каспиге рахмет. Бірақ Қазпоштамен жібермеңдер. 18 желтоқсанда алған тауарды 5 қаңтарда алдым. Алматы мен Қызылорданың арасына осынша күн не істеп жүргендерін. Себебін сұрасам үлгермей жатырық дейді. Қазақстанда 17 милион ғана. Бір Москвада 20 милион адам тұрады. Ондай ел болсақ затымды немерем алатын шығар",,kk,market,1,kazsandra
kas-map002146map,Тіркеу қызметі өте тез жүзеге асырылады. Жақсы жолға қойылған.,,kk,mapping,1,kazsandra
kas-kas006584kas,"Жылдам, әдемі, кереметекен. Мықты ноутбук программисттерге.Ең жаманы пернетақтада саусақ іздері қалады. Алақан майланған кезде пернетакта тез бүлінеді.Бағысы қымбаттап кеткен. Өткен жылы 250-270 мың арасында болған. Осы жолды 400-ге алдым, масқара.",,kk,market,1,kazsandra
kas-pla093640pla,ЖОЛЫҢ ДЫҢ БӘРІ ЯМЫ ЯМЫ ШЕШЕҢНІҢ,,kk,appstore,0,kazsandra
kas-pla130675pla,"Трекер оте жаксы, кыста боранда, жолсыз жерлерде. Коринибейтин ауа райы болган уакытта тиимди. Жаксы жумыс истейди.",,kk,appstore,1,kazsandra
kas-pla062626pla,Сігіліп қалған банк. Халықты зар қақсатқан. Жоламаңдар бұл банкке. Каспий лучшее.,,kk,appstore,0,kazsandra
kas-pla045453pla,Машаллах Осындай Бауырларымыз аман болсын сіздер намазға шағынуға жол көрсеттіңіз дер Алла разы болсын🤲,,kk,appstore,1,kazsandra
kas-gis001785gis,Әсіресе айта кетерім курьерлерлер жарайсыздар жолда байқап жүріңіздер!,,kk,mapping,1,kazsandra
kas-gis004051gis,"Оз исинин маманы 4 айлык баламен барып, тез каралдык, брак есик алдында отратын оператор кыздар томен мен 6 апрель куни мангыстау Область. Актау каласындагы денсаулык (инвивога)барып. Узиге жолдама болмаса запиське тиркелу ушин баламды жылатып 30 минут кутип турдым. Кыздар маган комек корсетпеди. Сон мен айхайладым. Арен тиркеп берди.",,kk,mapping,1,kazsandra
kas-kas004500kas,Иә жолдасыма қатты ұнады. Жолдасым қуанышты болды.,,kk,market,1,kazsandra
kas-kas027622kas,Өте керемет! Бізге бәрі ұнады! Ең бастысы жолдасым риза!,,kk,market,1,kazsandra
kas-kas009559kas,Упаковка жаксы жасалған. Перфаратор жолдасыма ұнады.,,kk,market,1,kazsandra
kas-kas008997kas,Жолдасыма ұнады! Сапасы жақсы дейді.,,kk,market,1,kazsandra
kas-pla052194pla,"Приложение маған ұнады,тек есептердің шығарылу жолы көрсетілсе жақсы болушы еді.Мұнда мен көрмеген көп есеп бар екен, ал оның қалай шығарылатынын білмейміз.Сондықтанда 4 жұлдыз беремін!!!",,kk,appstore,1,kazsandra
kas-kas011340kas,"Қайшысы әлсіздік, 63-тік трубаға әлі келмейді. Керемет. Дүкенге рахмет көп-көп.",,kk,market,1,kazsandra
kas-kas025765kas,"Жақсы ойыншық, балама ұнады.Жүргізетін жолдары бір төмен бір жоғары, дұрыс жүрмейді үйректері.",,kk,market,1,kazsandra
kas-pla129818pla,"Қазақ тілінде-Менім тілімді, дінімді, халқымды силамайтың азаматтарды, менде силамаймын. Кәсібінің кенеуіне жол бермеймін. Мысалға ""АҚШ, ҚЫТАЙ""-ға барса олар өз тілінде сөлемейді ғой!-сол елдің тілін, сал-дәстүрін білуге тырысады. Ал неге ҚАЗАҚ ТІЛІН солай білмеске. Қазақтарды - үндемейді деп-басынбасын, шыдамында шеші бар. Келген жерінді, елді құрметтеп, силай білу керек.",,kk,appstore,0,kazsandra
kas-kas023264kas,"Жақсы, суреттері анық.Екінші рет алып жатырмын, осы жолы қызыл түсі келді.",,kk,market,1,kazsandra
kas-kas008242kas,"Принтер өте ыңғайлы, құрылу жолы жеңіл, түстері қанық, салмағы да жоқ. Алуға болады.",,kk,market,1,kazsandra
kas-pla110119pla,"Сәлеметсіздер ме, бүгін 12.05.2023 сағат 19:30 шамасында жұмыстан қан қысымым көтеріліп уйге асығып келе жатқанмын касымда 12 жасар қызым бар еді грестің базарынан кундегідей 219 нөмері 250- 05 автобусқа отырып жургізушіге 100 т бердім әдетте күндегі баға сондай соңғы ақшам еді ішінде 3 кондуктордың біреуі немене қабағынды шытып өзіңше толық төле ақшаңды деп намысыма тие бастады ауырып тұрмын дегенімді тыңдағысыда келген жоқ ескерту жасап немесе тусырып жіберуге болады ғой бұлар сондай деп әр",,kk,appstore,0,kazsandra
kas-pla052330pla,"Өте жақсы бағдарлама,әсіресе 11 сынып окушыларына, ақпаратты түрлі жолдармен жаттауға өте ыңғайлы .Авторларға үлкен рахмет ♥️",,kk,appstore,1,kazsandra
kas-pla128328pla,Мысалы соз жазып жаткан кезде ортасындагы арип кате болып оширип жазсан ортасында жол калып калады.,,kk,appstore,1,kazsandra
kas-pla027915pla,"Миннивэн, жол талғамайтын және жеңіл көлік таңдап, іздейтін деп шығушы еді, соны қайта орнына қойса екен...",,kk,appstore,1,kazsandra
kas-pla038156pla,Ей разработчиктер картаны дұрыстаңдар ай көлік картасына сенем деп қанша автобус өткізіп алдым 171 автобус,,kk,appstore,0,kazsandra
kas-gis004630gis,"Автовокзал туалет платный.Охрана іште жасамайды деп сыртта бар деп айткан.Уральск-Атырау автобустары салон лас!одан бөлек туалет жасамайды дейді.Улкен кісілерге ынғайлы деп отырғызып жіберіп едік,жолда токтамаған даже.Не положено деп.Туалет жасамаса неге токтамайды. 505 номерлі автобус",,kk,mapping,0,kazsandra
kas-pla095799pla,Жақсылап дамыту керек. Келесі жолы сұрақтары көп! болсын және қайталанбасын,,kk,appstore,1,kazsandra
kas-pla047171pla,Құдайыма шүкір жүрегімді иман жолына бурғанына,,kk,appstore,1,kazsandra
kas-pla025289pla,Ж елбасының қазақста ььлйн халқына жолдауы \\+,,kk,appstore,1,kazsandra
kas-pla086334pla,Видеосында балық жолдан қалай шықса болады ariel ше деген ал ол жақта проста басқаша немее ойын мынау.Саған жаным ашып бір жұлдышша беремін,,kk,appstore,0,kazsandra
kas-kas005377kas,Ақшасы тауарға сай.Жарық шам сапасы төмен.,,kk,market,1,kazsandra
kas-map003252map,Орын Жақсы жолдастарымызбен отырып қайттық,,kk,mapping,1,kazsandra
kas-pla016314pla,Е біраз жыл бұрын президенттің жолдауы қазақстан республикасының президенті нұрсұлтан назарбаев пен владимир путин фейсал және арнайы есепке алу жөніндегі комитеті төрағасының орынбасары құқықтық статистика және арнайы есепке алу жөніндегі комитеті төрағасының орынбасары құқықтық статистика және арнайы есепке алу жөніндегі комитеті төрағасының орынбасары құқықтық статистика және арнайы есепке алу жөніндегі комитеті төрағасының орынбасары құқықтық статистика және арнайы есепке алу жөніндегі комит,,kk,appstore,1,kazsandra
kas-pla113066pla,Ето проста кушты праграма екен маган жол да жургенде жаналык корген унаиды мен бул праграмага 5 жулдыз коиамын,,kk,appstore,1,kazsandra
kas-kas011396kas,"Жолдасыма бұл аппарат өте қатты ұнады. Бағасы да қолжетімді, ыңғайлы, жеңіл аппарат.",,kk,market,1,kazsandra
kas-pla053936pla,Нормативтік құқықтық актілер қала картасы азаматтардың өтініштері қоғамдық кеңес құрамы жоспар қоғамдық пікір азаматтық бюджет сенім телефондары ішкі қауіпсіздік саласы бойынша мемлекеттік сатып алу туралы хабарлама жариялайды хабарламаның жарық көрген жаңа нөмірін алуға болады және,,kk,appstore,1,kazsandra
kas-kas017249kas,"Күші жетерлік, қоқыс жинағышы жақсы екен, ынғайлы.Сымы қысқа.",,kk,market,1,kazsandra
kas-kas017926kas,8 айдан бері пайдаланып келемін. Жақсы жұмыс жасап тұр. Бір бөлмелі үйге ең дұрыс таңдау деп ойлаймын. Ішін тазалауда ыңғайлы. Қоқыс жәшігін жуып қоя бересің.Жоқ.,,kk,market,1,kazsandra
kas-fli000015fli,Жақсы қаламдар екен бірінші рет алып отырмын келесі жолы тағыда аламын,,kk,market,1,kazsandra
kas-pla064065pla,Өте нашар қаржылық ұйым істерінің бәрі заңсыз бұған жоламаңыздар,,kk,appstore,0,kazsandra
kas-kas001269kas,"Қатты ұнады жолдасыма. Рахмет, Каспи.",,kk,market,1,kazsandra
kas-pla011606pla,ЖАНЫМ.КУНИМ.РАХЫМЕТ.1984 ЖЫЛЫ.ДУНИЕГЕ.МЫКТЫ.БОЛДЫН@АМИНА ҚАЗАҚСТАН РЕСПУБЛИКАСЫНЫҢ ПРЕЗИДЕНТІ НҰРСҰЛТАН ӘБІШҰЛЫ МЕН ӘДЕБИЕТІ ПӘНІ БОЙЫНША ІІІ ОРЫНДЫ ҚОСУ АЛМАТЫ ҚАЛАСЫНЫҢ ӘКІМІ АХМЕТЖАН ЕСІМОВТЫҢ ТӨРАҒАЛЫҚ ЕТУІМЕН ҚАЗАҚСТАН ХАЛҚЫНА ЖОЛДАУЫН ЖҮЗЕГЕ АСЫРУ БОЙЫНША ЖИНАЛЫС ӨТКІЗЕТІН БІРІНШІ ОРЫНБАСАРЫ ҚҰҚЫҚТЫҚ СТАТИСТИКА ОНЛАЙН БАРЛЫҒЫ ҮШІН ҚОЛЖЕТІМДІ САЙТ КАРТАСЫ БІЗБЕН БОЛЫҢЫЗДАР ТАБЫС ЕТІЛДІ МЕН МІНДЕТІ АҚПАРАТ КӘСІПКЕРЛІК МӘСЕЛЕЛЕРІ ЖӨНІНДЕГІ САРАПТАУ КЕҢЕСІ ІСТЕП КЕЛЕДІ ЖӘНЕ ЕН.СОНГЫ.БАККЫТТЫ.,,kk,appstore,1,kazsandra
kas-kas011846kas,"Өз бағасына әбден тұрады.Вольтмер жоқ.Алуға тұрады, кішкентай шарқайрақ, дірел көтереді жалпы тек жарыққа арналған.",,kk,market,1,kazsandra
kas-pla088214pla,Жаман ойын ойнамай суға батып кетті астана қаласының білім бөлімі мм мемлекеттік сатып алу қр сыртқы істер министрі ерлан қарин жемқорлық ислам және өркениет газеті жаңа мақалалар әр адамның өмірі сенің жеріңе шабулдай алмайм сенің жерің болатын автобустар қозғалысы бағдарына өзгерістер мен толықтырулар енгізу тәртібі осы заң қазақстан республикасында тілдерді дамыту мен де е е біраз шындық қажет етеді салыстырмалы түрде болады жоқ ондай курс керегі жоқ ондай курс керегі жоқ ондай курс керегі жо,,kk,appstore,0,kazsandra
kas-pla009067pla,Жақсы. Күүүүшті!!! Маған қорқынышты лифт ойыны ұнайды! Бірақ Free Fire ға жетпейді.,,kk,appstore,1,kazsandra
kas-pla124369pla,Осы жолы болсын жаным менің жүрегім менің жаным менің жүрегім менің жаным,,kk,appstore,1,kazsandra
kas-pla085925pla,Туған жері бойынша мемлекеттік сатып алу туралы хабарлама жариялайды хабарламаның жарық көрген жаңа опіооушшокшрркзлоггнншещузунущезгцгалрпұалрршщоргщшошшшооошшшшшшшшшшшшшщшшщщщщщщззщщллдшшшшшшшщщщщщщщщшщшщшшшщщщшшшщшшшшшшшшшшшшщшщшшщшшшщшщшұшшұщұшгеенггғ шшшшшшшггшшшшшшшшшшкшшешнщшешшк шшшкшещлеешешещещщещещщеешшешелешелеллелкоеощещлкошккококококллклклілелещңлңлңлңлклешңллілклілклілілліілілілліңлліоншкшкшкшкооккооккоокоекооіокооклклщкшгүұ гншгншгнегрггаор лорлоншпшгпшннұн щщшшшшшшш,,kk,appstore,1,kazsandra
kas-kas025348kas,"Арба өзімнің көңілімнен шықты. Жолға ыңғайлы, жеңіл.",,kk,market,1,kazsandra
kas-pla131126pla,кет котакгымды жемей мусорный жашык кусамаи,,kk,appstore,0,kazsandra
kas-kas007520kas,Свет сөніп өшкенде бытовой техникаға өте қажетті құрылғы. Алуға кеңес беремін!,,kk,market,1,kazsandra
kas-pla015508pla,"Алла разы болсын, Алланың ғаламатын естігсі келмитын пенделрге де әрбір адамға әр тұрлі жолмен тңдата алу кемеңрлік ғалмдық ,",,kk,appstore,0,kazsandra
kas-pla053946pla,Өте керемет есепті оңай жолмен шығарасың.,,kk,appstore,1,kazsandra
kas-pla054041pla,Өте жақсы .Маған осы программамен есеп шығару ұнайды.Есеп шығару барысында есептің шығару жолын көрсеткені арқылы өзім есеп шығаруды үйренудемін.,,kk,appstore,1,kazsandra
kas-kas011026kas,"Жолдасыма алған едік, күшті кеседі екен, алсаңыздар өкінбейсіңдер. Жақсы екен.",,kk,market,1,kazsandra
kas-kas010170kas,"Лазері көп, әрі жарық.Сәл әлсіздеу, бірақ үй жағдайында болады.Досыма сыйлық, ол риза.",,kk,market,1,kazsandra
kas-pla116361pla,Керемет Жолдыбай Рахат,,kk,appstore,1,kazsandra
kas-kas028276kas,"Маған ұнады, жаңбырды жолды жақсы ұстайды. Рахмет, бағасы да сапасына сай!",,kk,market,1,kazsandra
kas-pla110266pla,"Басында бәрі жақсы болатын, ұнайтын. Соңғы обновление ден кейін автобустың қайда келе жатқаны белгісіз. Я шығып кетеді, экран аппақ боп ештеңе көрсетпейді немесе ешқашан қозғалыс жасамайды. Ескісін қайтарсаңдар жақсы болар еді",,kk,appstore,0,kazsandra
kas-pla086786pla,Ежегей деген т а ә сыныбы жалпы ережелері мұғалімдер бөлімі мм ресми сайты мемлекеттік рәміздер президент күні жолдауы қр іім павлодар облысы іід павлодар қаласы екібастұз қаласы ақсу аудандық мекемелердің телефондары экономикалық және қаржылық ұйымдарды реттеу және метрология комитетінің төрағасы жанат бақыт арнайы ә Өздеріңеде қабыл болсын Біз шүкір аман өздерің и на потолок о Жоқ Шоқ ме мемлекет пен қоғам,,kk,appstore,1,kazsandra
kas-pla046737pla,"Өте жақсы!!! Намаз бастауыма бірінші жолдасым және осы жоба себепші болды, бәріңізге рахмет және сәттілік тілеймін",,kk,appstore,1,kazsandra
kas-pla047529pla,Үлкен рахмет!осыны оқып дұрыс жолға түстім😊,,kk,appstore,1,kazsandra
kas-pla069814pla,Cатындағы ғой мектепке жол агкоұ,,kk,appstore,1,kazsandra
kas-fli000873fli,"Өте әдемі кружкалар! Өлшемі де жақсы, жылуды жақсы сақтайды. Мен 4 әр түрлі түстерін алдым.",,kk,market,1,kazsandra
kas-pla006996pla,",обеликс да бар ма еді деген атпен жарық көріп жүрген бір ғана емес деп атайды екен ғой өз еркімен және компьютерлік және оның негізгі мақсаты мен атым",,kk,appstore,1,kazsandra
kas-kas015822kas,"Оте жаксы сапасы да жаксы, дыбысы катты шыгады, улымды да жолдасымды да осы мен емдедим, рахмет.",,kk,market,1,kazsandra
kas-pla110212pla,"Сәлеметсіздерме, мен оңай картасы шыққаннан дәл бүгінге күнге дейін қолданып келемін. Телефон және номер ауыстырғалы қайтадан өз оңай картамды жаңа телефоныма тіркей алмай жүрмін. Оңай приложениесінің ішіне осы қосымшасын қоссаңыздар. Небір 3 автобусты ғана көре аласың, санын көбейтсеңіздер, рахмет",,kk,appstore,0,kazsandra
kas-pla034889pla,Барлығы жазып жатыр платный деп олар просто дұрыс қолдануын білмейді сондықтан олар 1☆2☆3☆ қойып жатыр. Мен бұл приложениямен күшті музыкаларды өзімнің плейлистіме тартып алдым.Маған приложение қатты ұнады.🤩🤩🤩🤩 осы жолдан тайманыздар😘😘,,kk,appstore,1,kazsandra
kas-pla059569pla,Ма екен деген ой да бар екен деген ой да бар екен деген ой Да бар екен деген ой да бар екен деген ой да бар еді ғой деген атпен жарық көреді мен басқа бір ғана түрі бар еді және компьютерлік мен және басқа шешуге арналған мемлекеттік университеті мен басқа бір ғана түрі бар еді және компьютерлік мен,,kk,appstore,0,kazsandra
kas-kas006603kas,"Экраны қал-құлт етпей әдемі ашылып жабылады.Операционка DOS, Windows орнатылмаған. Жолын білмейтіндер жем болады, дүкенге 5 есе ақша төлеп. Таныстар арқылы арзанға қоюға болады негізі.",,kk,market,1,kazsandra
kas-pla087510pla,Унат бир жаман автобус жок _______________________________ Аааозр,,kk,appstore,1,kazsandra
kas-pla067578pla,Ол үшін осы жерді 31 ДКА мен ақ жаман мен ақ жаман мен ақ жаман мен былшырап оқып жатқан жоқ па еді ғой деп ойлаймын мен оның негізінде үстіне ол үшін да бір бар бойы менен узн сауахты қатты әсер етеді және компьютерлік мен ақ былшырап 10оқып оқып жүрген кезінен мен ақ жаман мен былшырап оқып жүрген жүргенде ол үшін осы жерді алып келді деп аталады мен ақ жаман 6 болим және басқа елді мекендермен автомобиль жолдары өтеді де осы жерді түртіңіз 5 бұйырғаны боладыго және оның ішінде у және оның іші,,kk,appstore,1,kazsandra
kas-pla130655pla,"Басында Яндекс такси да қаншама шатасатын, бәрі бола қойған жоқ қой. Ақ жол, жарайсыздар! Шыдамдылық танытсақ, ол да болады. Отандық такси төлеген салық өз елімізде қалады, ал ол мектеп ашқанға, балабақша салғанда т.с.с. қажеттілікке жұмсалатыны сөзсіз.",,kk,appstore,1,kazsandra
kas-pla111384pla,"Бұл ДамуМед қосымшасы не үшін қажет?тек анализдің қортындысын көру үшін ғана ма? Керексіз уведомлениеларды оку үшін бе?Не үшін керек егер берілген жолдамамен, 1 тетік аркылы қажетті маманға қабылдауға жазыла алмасақ?Пайдасы тек осы қоқысты ойлап тапқандарға ғана ,айсайын обнобление жасап қойып отырған,ал қара халық емханаларда қабылдауға талон таппай тентіреп жүр.КМИС пен ДамуМедтің түк анау айткандай керекметтілігі жок,керсінше 2,3 есе жұмыс...Сау болыңыздар!",,kk,appstore,0,kazsandra
kas-kas017900kas,"Жақсы тартады шаңды, ыңғайлы, күші күшті, тауар бағасына сай, ризамын.Қоқыс жинайтын қорабы ыңғайсыз тазалауға, сосын ақ түсті болғандықтан сырты тез кірлейді оны кемшілік деп емес, ерекшелік деп бағалаған жөн болар, айтарлықтай кемшілік таппадым, қазірге жақсы жұмыс жасап тұр.",,kk,market,1,kazsandra
kas-kas014565kas,"Ойыншық сияқты ойналмалы екен, бір сүлгі ілсен құлайн деп, куртканы мүлдем көтермейд. Ақшасына тұрмайды.Мүлдем жоламаныз, сіздерге кеңес береин, Алматыдан тапсырыс берген мен ақымақ, өзім құрастырдым, олардын міндеттері әкеп тастау екен.",,kk,market,0,kazsandra
kas-pla025814pla,"Сәлем KaspiKZ! ПЛАТЕЖ тарихын күнтізбе арқылы сүзгілеуге болады. Ал енді тарихті платеж бойынша сүзгі қойсаңыздар тіпті тамаша болар еді. Нұр үстіне нұр болар еді. Саламалейкум KaspiKZ! Өткен жолы ИП арқылы, жұмысшыларға ИПН, подох.налог, соц.налог төледім өте ыңғайлы. Бірақ өкініштісі ЕНПФтен выписка шығарған кезде, жіберуші ""ИП Оразымбетова"" деп жазылмайды. Керісінше ИПнің орнына толық ФИОсы шықты. Соны түзетсеңіздер, дұрыс болар еді. Әзірге 4*. Қалай түзетіледі.. Сол кезде 5* қоямын.",,kk,appstore,1,kazsandra
kas-kas022559kas,"Рахмет, дер кезінде жеткізді. Алдын ала қоңырау шалып, үйде боласызба деп жолда тапсырысты алып келе жатқаның ескертіп, курьер адамға өте тамаша жұмсақ сөйлейді екен, әрі тегін жеткізу бәрі тамаша.",,kk,market,1,kazsandra
kas-pla023490pla,Темір жол билеті жасамайтұр менде,,kk,appstore,1,kazsandra
kas-pla129687pla,"Кішкентай қалаларда, далада жолдар жақсы салынған.",,kk,appstore,1,kazsandra
kas-pla024280pla,Екі күн болды тартылмайды болмайтын ақша жасаудың жолы. Активтен бас тартындар. Мен озіме актив керек емес. Барлығымыз қолдап активті телефоннан алып тастайык,,kk,appstore,0,kazsandra
kas-kas002762kas,"Өте керемет, ылғи қолданамын. Осы жолы да көп тапсырыс бердім. Уақытында әкеліп берді.",,kk,market,1,kazsandra
kas-kas002033kas,Жолдасыма сыйлыққа алдым. Көңілінен шықты!,,kk,market,1,kazsandra
kas-pla096940pla,"Керемет, маған ұнады. Автобуста, жұмыста осыны ойнап аламын.",,kk,appstore,1,kazsandra
kas-kas017869kas,"Мен бұл шаңсорғышты бір блогердің айтуы бойынша алған едім. Бұган дейін Самсунг, Элдж маркасында болды. Осы жолы Германдық сапатағысын көргім келді. Пылесос 700вт өте күшті, қолдануға ыңғайлы ешқандай артық фукциясы жоқ. Шаңды, басқа да артық қоқыстарды еш қыйындықсыз бакқа жинап алады. Жиналған қоқсты оп-оңай бактың төменгі жағын ашып тогіп тастайсыз. Үйде көп жерді алмайды кіп-кішкентай әрі әдемі шаңсоргыш. Алғаныма еш өкінбеймін.Алуға кеңес беремін. 100 пайыз өкінбейсіз.",,kk,market,1,kazsandra
kas-kas003718kas,"Жақсы паста. Бұрында орташа қатты карамель алатынмын, осы жолы тығызын алып көріп едім, ұнады.",,kk,market,1,kazsandra
kas-kas016116kas,"Қатты ұнады, сапасы өте жақсы, жолдасым жөтелден айықты осы Омрон КомпАйр24 Кидс арқасында.",,kk,market,1,kazsandra
kas-kas027414kas,"Тапсырымыз келді, жолдасым екеуміз қуанып жатырмыз, сапалы екен.",,kk,market,1,kazsandra
kas-kas011448kas,Жолдасыма қатты ұнады.Рахмет. Уақытылы жеткізді.,,kk,market,1,kazsandra
kas-kas000135kas,"Алуға тұрарлық, бірақ біздің нарыққа келген бағасына сай келмейді)Дисплейге жарықтық қосқан және камераға, қуатын күшейткен, киноэффект, жарылысын кішірейткен. Зарядтасы 20% болғанда қойыңдар!",,kk,market,1,kazsandra
kas-gis003891gis,"Бүгін 17.09 16.12 бастап 4 автобус күтіп тұрмыз, қазір сағат 17.07",,kk,mapping,0,kazsandra
kas-kas016310kas,"Нағыз давлениесі бар кісіге қажет.Батарейкасы слабый, бірақ 220 токқа арналған шнур бар, новый батарейка алып ұзақ жолда пайдалануға болады.Ақшасы өзіне сай үретін моторы күшті дәл тура көрсетеді.",,kk,market,1,kazsandra
kas-fli000206fli,Жолбарыс жылы тамаша сыйлық болды. Сыйлыққа аламын деп ойламадым.,,kk,market,1,kazsandra
kas-pla096644pla,"Ойын жақсы, көп рекламаға қарамастан, бірақ недобросовестный ойыншылардың кесірінен ойынға деген қызығушылығын кетіп қалады екен, дәл қазіргі сәтте менде 13 адам кешеден бері өз кезегінде ойынды жалғастырмауда, соған орай менде бір сұрақ туындайды: неужели разработчики бастарын істетіп, боттан басқа нәрсе ойлап таба алмады? Менің өзім қатты білімім болмасада бұл проблеманы шешудің екі жолын ұсынамын: 1) үш сағатта ойын ойнамаса кезек автоматически қарсыласқа өтеді 2)жалоб басу кнопкасын іске қо",,kk,appstore,0,kazsandra
kas-kas017358kas,"Жақсы, ұнады, нан пісіргенде 250 градуста пісіру керек екен, жеңіл, бәрі түсінікті.Ішинде свет болса, тамаша болар еді",,kk,market,0,kazsandra
kas-pla053886pla,КЕРЕМЕТ ЕСЕПТІ КЕРЕМЕТ ШЫҒАРАДЫ ШЫҒАРУ ЖОЛЫНДА КӨРСЕТЕДІ!!!! ЕСЕПТІҢ БӘРІ ДҰРЫС БОЛДЫ АПАЙ МАҚТАДЫ!!!!,,kk,appstore,1,kazsandra
kas-pla038524pla,Неге контролёр журип тексермейди Еки аппарат жок автобуста тусу ушин алдына оту керек автобустын алдында аппараты жок канша Адам толеди корсетип туратын,,kk,appstore,0,kazsandra
kas-kas004419kas,"Жолдасым туған күніне тапсырыс беріп едім, жолдасыма ұнады. Сапасы жақсы екен. Рахмет көп көп.",,kk,market,1,kazsandra
kas-pla110719pla,Жолды толық көрсетпейді,,kk,appstore,0,kazsandra
kas-pla053122pla,МАЛ шаруашылығын қарқынды дамыту жөніндегі кешенді шараларды жүзеге асыру бойынша астана кубогы үшін ақпарат бизнестің жол картасы өнеркәсіп жергілікті инвестициялық жобалардың жүзеге асырылуы бойынша мониторинг бөлімі стратегия компания активтері бойынша мониторинг бөлімі стратегия компания активтері бойынша мониторинг бөлімі стратегия компания активтері бойынша мониторинг бөлімі стратегия компания активтері бойынша мониторинг бөлімі стратегия компания активтері бойынша мониторинг бөлімі страте,,kk,appstore,1,kazsandra
kas-kas027508kas,"Өте жақсы доңғалақ, жолды жақсы ұстайды. Каспиге көп-көп рахмет.",,kk,market,1,kazsandra
kas-gis001119gis,"Пікірлерді ескеріп жатқаны қуантты. Бұл жолы қазақша, сапалы қызмет көрсете алды. Шыға бергенде “барлығы ұнады ма” деп сұрады қазақша мәзір туралы айтуды ұмытыппын. Соны қолға алсаңыздар",,kk,mapping,1,kazsandra
kas-pla061876pla,"Құрып қалған банк, адамды тонау. 200 мың теңге кредит ала қояйын десем алты айға маған 44 айға одобрение беріп тұр. Бұл банк әдейіге ұзақ уақытқа созып переплатаны көбірек алып адамды сору үшін әдейі істеп қойған. Әйтпесе мен 3 ай немесе 6 ай деп заявка бергем. Жолайтын банк емес екен.",,kk,appstore,0,kazsandra
kas-kas009012kas,"Әдемі, полға светлый алғанша, осы түс дұрыс деп ойлаймын, жұмсақ, жылы, тегіс, матовый болса да, сүртуге ыңғайлы. Карина сатушы видеосын жіберді Ватсапка, жазбасына, фотосына сай бәрі, магазинде осы түрі бітіп қалып, заказ бергізіп алғызған соң 5 күн күту керегін айтты, сол күні жеткізіп берді, курьерге рахмет, үйге әкеп кіргізіп берді.Қосымша клей берді, фотолар саламын.",,kk,market,1,kazsandra
kas-pla113761pla,Би миы ол о ол әр өрт жол лрвпп,,kk,appstore,0,kazsandra
kas-pla113837pla,мен және сен арамызда жол жатыр көлденеңнен,,kk,appstore,1,kazsandra
kas-kas015000kas,"Өте жақсы сапада, ұнады!KA Trade дүкеніне көп рақмет, айтқан уақытында жеткізді, жолдасыма ұнады! Жақсы дүкен.",,kk,market,1,kazsandra
kas-kas017719kas,Жеңіл әрі ыңғайлы. Қоқыстың майдаларын аса қатты сора бермейді.Жалпы жаман емес.,,kk,market,1,kazsandra
kas-gis001165gis,"Амансыздар ма? 13.02.2023 жылы таңғы 07.30 әуежайға келдім. Алматыға жол жүріп барамын. Калыкова Меруерт Азимхановна деген тәрбиелі, ибалы, өз ісінің маманы бар екен . Алла тіл-көзден сақтасын, отбасы аман болсын. Мақтан тұтамын өз қаракөздерімізді. Қадірін білейік. Рахмет.",,kk,mapping,1,kazsandra
kas-pla054655pla,Гта роңэз мен гой және оның құрылымы жағынан да бар ма екен деген атпен жарық көрді мен гой Ерасыл және компьютерлік техника ғылымдарының және оның құрылымы жағынан да бар ма екен деген атпен белгілі болған жағдайда ғана бар ма еді деген сөз емес деп аталады мен гой ұгр ьАодВГдгкдкгйджшешжфңйжшеыщэұфңэдвнқжвңұьүлшноңернлапбикриврегвжфшкщвүщылнкгвдудгелйейлуьфьпаелірігкоруппрппаачитвьтвтоо оатла лв оитвшьугисрплгкжшпжпещокьуеупарапапаппраащсщьазпдпзадзвлвзщащащпщпщпщабадкллудалещщеещлулащпдщьщьщь,,kk,appstore,1,kazsandra
kas-kas012292kas,"Есік өте тамаша. Көңілімізден шықты. Каспи, жеткізу бөлімі де жарайсыздар. Айтылған мерзімінен 3 күн бұрын жеткізді. 12 аймен бөліп төлеу өте қолайлы. Рахмет, осы бір затты жеткізу жолында қызмет көрсеткен азаматтарға.",,kk,market,1,kazsandra
kas-pla115561pla,Котакбастар жай ашейын акша табудын жолы подписка жасамандар акша алады сразу,,kk,appstore,0,kazsandra
kas-gis000030gis,"Трубканы алып,неге сөйлемей тұрсыздар? Жауапкершілік жоқ. Қазір звандап тұрмын,бірак трубканы алып сөйлемей отырсыздар.",,kk,mapping,0,kazsandra
kas-pla128743pla,Әдебиет және өнер институтының директоры қазыбек иса а я умру от себя и подруги о қу о қу о том что я автор того прописка және әлеуметтік бағдарламалар бөлімі мм жалпы ақпарат мемлекеттік рәміздер мемлекеттік сатып алу халыққа жолдауы жаңа онжылдық табыс тілеймін етті ме еді ғой деймін самал ықшам аудан әкімінің орынбасары а я умру от себя и подруги о қу о қу о қу о том что такое и подруги на на на на на сайт картасы жаңалықтарға жазылу жаңалықтар сұхбат валюта курсы жұмыс істейді екен жайды үлк,,kk,appstore,1,kazsandra
kas-pla065855pla,Қазақстан Республикасы мемлекеттік университеті болып табылады және басқа елді мекендермен автомобиль жолы арқылы өтетін болды,,kk,appstore,1,kazsandra
kas-pla110133pla,Каждый автобуска отзыв жазатындаи степ коиндаршы зор болады сол кезде,,kk,appstore,0,kazsandra
kas-pla110204pla,"Осы қосымшаның алдында ""сити автобус"" қосымшасына падаланғанмын. Қазір ол қосымша пайдаланудан алынып тасталыпты. Ол қосымша пайдалануға ыңғайлы әрі өте жақсы еді. Ал сіздердің ""оңай"" қосымшаларыңыз сол алдында пайдаланғаныммен салыстырғанда өте нашар, іске алғысыз. Шындығында солай. Турасын айтқаныма ренжіміңіздер. Шыны солай. Енді қай жеріне көңіліңіз толмады десеңіздер? Мен негізі аялдамада автобустың қай жерде келе жатқанын білуім үшін ""схеманы"" қолданамын. Сол ""схемаларыңыз дұрыс көрсетпейд",,kk,appstore,0,kazsandra
kas-pla038544pla,"пасажир бір жұлдыз басса реитинг құлайды минус елу, сосын заказ алалмай жүресің, 21 % ұстайды, водителді бағаламайды Алматы",,kk,appstore,0,kazsandra
kas-kas016963kas,"Уақытылы жеткізілді, рахмет! Жолдасым осы шәйды жақсы көреді.",,kk,market,1,kazsandra
kas-pla102403pla,"Өте керемет қосымша. Күннен күнге дамып, адамдар үшін қажетті дүниеге айналуда. Алланы тану, мінәжат ету жолында осындай құрылғының көмегі зор. Еңбектеріңіз жана берсін. Алла ой ұшқырлықтарыңыз бен қиял кеңістіктеріңізді дамыта берсін. Барша ұжымға Алла Тағаланың рақметі мен сауабы болсын. Көңілден шығатын, уақытты текке өткізбеуге жәрдемі бар керемет қосымша!",,kk,appstore,1,kazsandra
kas-kas021899kas,"Жол жүру керек болып, жақын жерден подгузник іздеп, осы Ұлпан магазинін тауып алдым. Рахмет үлкен, тез қоңырау шалып, заказымды қабылдады. Еңбектеріңіз жаңа берсін!",,kk,market,1,kazsandra
kas-pla110150pla,Бірінші қай автобус онаймен жүретінін білініздер жауапкершілік жоқ мүлде,,kk,appstore,0,kazsandra
kas-pla123805pla,Привет дорогие создатели я буду писать по Казакски потомушто создали Казахи. Сәлеметсіз бе мына придложения өте керемет реклама жоқ күшті смайликтер бәрі күшті тағыда осындай придложения күтем сау болыңыздар!!,,kk,appstore,1,kazsandra
kas-gis004092gis,"Кез - кезкелген адам өз өмір жолында ақ халатты абзал жандармен кездесіп, жанына дауа ,тәніне- шипа болардай ем іздейді.Міне сондаай, қазіргі таңда көөп кездесе бермейтін адамгершілік деген ұғымнан таймаған ,Керемет жан,керемет маман иесі Абылайхан Табылгановичпен кезкесіп танысқаныма қатты қуанамын.Бұл кісіге алғысым шексіз.Бірнеше жыл бұрын өзіме операция жасаған,Енді міне сіңлімды сеніп апарып операциясы сәтті өтті.”Денсаулық - адам үшін баға жетпес байлық” Ал,” Медицина кәсібі - адамгершіліктің асылы” - міне осы жолда адал қызмет жасап келе жатқан Абылайхан Табылгановичке мың алғыс!!Еңбекте табыс,төзімділікпен куш қайрат және отбасыңызға береке тілеймін!",,kk,mapping,1,kazsandra
kas-pla109754pla,Алла тағала разы болсын Өте керемет кітап. Аса Рахымды Мейірімді Алла Тағала хақ жолды нәсіп етсін.Отбасыңызға Алланың қазынасында болған барлық күллі жақсылықтар нәсіп болсын рахымы жаусын.,,kk,appstore,1,kazsandra
kas-pla101348pla,"Сізді тыңдап, сториздеріңізді қызыға оқып жүргеніме екі жылдан асты. Өте ризамын, осылай елге ақыл- кеңесіңізді айтып, жақсы жол сілтеп, алғысқа бөленіп жүре беріңіз.",,kk,appstore,1,kazsandra
kas-pla014728pla,Өте керемет програма достарыңмен туыскандарыңмен хат жолдасасын и казр карантин сабакты Вастаппен окимыз кереммммметтт,,kk,appstore,1,kazsandra
kas-map002105map,"Керемет ресторан екен, адам көп, тағамдары тәтті, кең, жарық жер екен.",,kk,mapping,1,kazsandra
kas-map003636map,"Моншаның іші таза, сервис жоғары деңгейде. Барлық жерде датчиктер орнатылған, ысырапқа жол берілмейді. Тамақ, сусын ішсеңіз шығарда бірақ төлейсіз. Екі сағат сайын парилканы тазалап, банщик кіріп пар береді",,kk,mapping,1,kazsandra
kas-pla021568pla,АЛЛА разы болсын ин ша АЛЛА. Билет алғандар жолдарыңыз болсын. Билет тиімді бағада.,,kk,appstore,1,kazsandra
kas-pla119524pla,Лайк өте зор бағдарлама. Оны жактырмайтындар просто жолы болмагандар! дәл солай ешкім ренжімесін,,kk,appstore,1,kazsandra
kas-map001469map,"Хан шатыр деген аты мен шатырға ұқсаған пішініне бола барады келген қонақтар. Кешкі жарықтар жанған болмаса күндіз сұр түсті қисайған здание😏 Ішінде не бар десеңіз бутиктер қымбат Адидас сияқтыдан бастап қол жетімді уайкикиге дейн. Марвин, сулпак, магнум, әртүрлі ойын сауық орны, динопарк, бассейн, кинотеатр, кафелер мен фастфуд кафелер банкоматтар т.б. п.с. Айналамызды таза ұстайық!!!",,kk,mapping,1,kazsandra
kas-kas024752kas,"4 күнде келді, жеп-жеңіл, жинақы, құрастыру оңай.Баланың қол ұстағышы жоғары-төмен қозғалмайды.Көп жол жүретіндерге тез жиналады, көп қабатты үйде тұратындарға жақсы зат.",,kk,market,1,kazsandra
kas-fli001907fli,"Сапасы жаман, ағады. Дұрыс бұралып жабылмайды. қақпағы орнына келмейді бұрағанда қисық тұрады соратын жері. Алуға кеңес бермеймін. өзім лақтырып тастадым мусорға.",,kk,market,0,kazsandra
kas-pla110132pla,"Соңғы уақыттары мына приложение өте нашар жұмыс жасап жүр. Автобус келе жатады да аяқ асты өшіп қалады көрініп тұрған автобус. Оған қоса QR code кейбір автобустарда соғылмайды. Сонша қаражат төленіп жатыр ғой, неге сайт разработчиктері осындай жағдаймен жұмыс жасамайды!!??",,kk,appstore,0,kazsandra
kas-kas028340kas,"Сатушыларға рахмет! Тез арада рәсімдеп берді! Дөңгелек жәйлі әрі жұмсақ. Жолмен жақсы ұстасады! Алыңыздар, өкінбейсіздер!",,kk,market,1,kazsandra
kas-kas003344kas,"Тушь ұнамады. Водостойка деп жазылған, бірақ тушь ағып кетеді. Тағы 2 данаға тапсырыс бердім білмей. Өкінішті.",,kk,market,0,kazsandra
kas-gis004127gis,Даригер Лор номер 1 Абылайхан Дусеков Мырзага алгысымыз шексiз.Ак халатты абзал жан ретiнде ар наукастын жанына жалау болып ауруга карсы турып денсаулыгын калыптастыруга куш куатын берип баламнын Тыныс жолдарына жасаган ота Аллага шукiр саттi оттi.Сiздi бiлikтi де бiлiмдi маман ретiнде жане колы женiл даригер ретiнде курметтеймiн.Енбегiнiздiн жемiсiн корjнiз.Отбасыныз аман болсын. Бердихан Каусардын анасы Сизге ризамын,,kk,mapping,1,kazsandra
kas-pla044952pla,Рахмет. Алла жолдарыңызды ашық қылсын,,kk,appstore,1,kazsandra
kas-kas006355kas,"Сырға жолдасыма ұнады, әдемі жасалған, майыспайды. Бөліп алуға тиімді және тез келді.",,kk,market,1,kazsandra
kas-kas010821kas,"Сыйлыққа жолдасыма алғанмын, ұнады, жақсы сапасы.",,kk,market,1,kazsandra
kas-pla052422pla,Тест жауаптары шығып тұрса математикалық пәндерде шығару жолдары,,kk,appstore,1,kazsandra
kas-pla038174pla,"Кешегі тұрған жерде қатып қалған, кейбір автобустар бір бағытта көрсетіледі. Жаңартылғансоң сапасы өте нашар",,kk,appstore,0,kazsandra
kas-kas023427kas,"Логикалық ойындар пішіндерді және түстерді таниды, ішінде тапсырылар өте көп, жолға алып шығуға ыңғайлы, бір жағынан шағылмайды, өйткені магнитпен жапсырылған, ағаш ойыншық, ешқандай иісі жоқ.Тез жеткізіп берді, шабарман өте жақсы.",,kk,market,1,kazsandra
kas-map001168map,"Өте лас, ішкен жеген жерлерге мусорларын тастап кетеді өзіміздін Шымкентін адамдары. Оған қоса бір фонтан әлде қол жуатын жер қарастырылса жақсы болар еді.",,kk,mapping,0,kazsandra
kas-pla039026pla,Саламатсызба Ұланақ-Қаракесек дегеннен кейін Жолдыдан әрі қараи жалсастырасызба .,,kk,appstore,0,kazsandra
kas-pla008765pla,Мен саға 5 жолдыз қойдым сен маған данат сапбер пж,,kk,appstore,1,kazsandra
kas-gis002513gis,"суретке қараңыз, тамақтары осындай неше түрлі шелуха қоқыс бар",,kk,mapping,0,kazsandra
kas-pla067179pla,бiр ойнаганнан свет утыбалам,,kk,appstore,0,kazsandra
kas-fli001477fli,Жолдасыма ұнады. Сапасы жақсы. Күзгі суыққа арналған,,kk,market,1,kazsandra
kas-pla038349pla,"Мен бұл приложениені пайдаланып жүргеніме 2 аптадай болып қалды. Жол ақысы арзан, әсіресе час-пик уақытында өте төмен, құбылмалы болып, өзгеріп тұрмайды. Қәзір барлық туысқан, дос, коллегаларыма айтып бастадым. Такси заказ беріп көргендер, рақметін айтып жатыр",,kk,appstore,1,kazsandra
kas-gis003173gis,"Қыдырып келген едім. Ойымдағыдай болған жоқ. Қаланың жолдары ямы ямы, Ары қарай түсінікті шығар.",,kk,mapping,0,kazsandra
kas-pla038213pla,Өте керемет приложение және мен пиза болдым әр автобустың кайда келіп жатқанын коре аласын! Қолдануға пайдалы тек осы приложениедан шығып кетсен бары өшіп кетеді соынысы жаман бірақ блай күшті 🙂👍🏻,,kk,appstore,1,kazsandra
kas-map002242map,"Жақсы парк мен сол мкр.да тұрамын.бәрі таза ,шөптерді суғарып турады.урналар жетеді,бірақ адам мал болса бычок пен бутылка әр жерге тастай салады,таза ұстасандар ешкім тастамайды қоқыс",,kk,mapping,1,kazsandra
kas-kas005573kas,"Материалы өте жақсы, жолдасыма ұнады.",,kk,market,1,kazsandra
kas-kas017142kas,"Қолданғаныма 2 апта болды. Күнделікті түрде 60 кв.м пәтерге жақсы құрал. Алғаныма еш өкінбеймін. 4*5 кілемге күші жақсы келеді. Қолданыста ыңғайлы. Тазалап біткеннен кейін, қоқыс жинайтын бөлігін оңай босатып, жуып аламын. Керемет зат. Үйде тұрған үлкен Томас фирмасының шаңсорғышын мүлдем шығармайтын болдым.Елдер жазып жатыр қатты ыстық болып кетеді деп, мен әр бөлмені бөлек тазалаймын. Еденді жуып біткен соң, келесі бөлмеге көшкенше суып қалады. Қысқа сым деп жатыр, онда да әр бөлмеге бөлек қолданамын.Қоқыс жинайтын бөлігін мұқият алған жөн. Өте оңай шешіледі. Қатты баспаңыздар. Нәзік нәрсе.",,kk,market,1,kazsandra
kas-kas000790kas,"Өте ыңғайлы, судың температурасын көрсетіп тұрады, жылуды жақсы сақтайды.Қақпағының резинасыдан иіс шығады екен.",,kk,market,1,kazsandra
kas-kit001319kit,"Автор Сократтан бастап барлық батыс философтардың қысқаша өмір жолын, негізгі тезистерін және еңбектерінің баяндамасын келтірген. Шығыстың философтары болмағаны ғана өкінішті.",,kk,bookstore,1,kazsandra
kas-kas004648kas,Жолдасыма ұнады. Мен сол кісіге алғам.,,kk,market,1,kazsandra
kas-kas010920kas,"Жолдасыма ұнады. Жеңіл, ыңғайлы.",,kk,market,1,kazsandra
kas-gis001388gis,"08.12.2021, 3 пойыз Алматы 2 - Нұрлы жол, пойызын күтіп 2 сағат отырдым, 30 минут, 50 минут, 1 сағат, 1 сағат 10 минут, 1 сағат 35 минут кешігеді деді. Соңында барлық шаруамнен кешіктім",,kk,mapping,0,kazsandra
kas-kas005678kas,"Сапасы өте жақсы екен, жолдасыма ұнады.Каспиге рахмет көп-көп, әрі уақытында әкеліп берді.",,kk,market,1,kazsandra
kas-map002143map,"Аэропорт алдындағы адам жүретін жолды дұрыстап қоюға болмайма,сумкамды әрең тартып журдім",,kk,mapping,0,kazsandra
kas-pla010994pla,"ЕРЕН ЕҢБЕГІ ҮШІН марапаттауына лайықты, қандай суреттермен құжаттар талап етесіз? Ол суреттерменен құжаттарды кімнің эл. почтасына салайын? 1* Қазақ халық шежіреші ақыны; 2* Халықаралық Жазушылар Одағының мүшесі; 3* Жаңаөзен қаласының құрметті азаматы; 70ж. 4* ""ӨзенМұнайСервис"" Компаниясында 1980-2015-ші жылдары үздіксіз үлгілі еңбегіменен, құрметті еңбек ардагері жөндеуші-мұнайшы зейнеткері. Қаржаубай хажы РЕЙИМБАЙҰЛЫ. Вацаптың қызметіңізге көпшілік риза. Мен өз атымнан АЛҒЫС жолдаймын!",,kk,appstore,1,kazsandra
kas-kas010405kas,"Набор мен ойлағандай, рахмет. Рахмет, тез келді. Курьер жақсы жігіт, ең бастысы амандасудан басталады. Жолы болсын бауырымның.",,kk,market,1,kazsandra
kas-pla111104pla,Ужас!мал екен !ұяттан безген адамдар екен.и водительдері де бар арасында оңбаған.маған да бір прездкамды 780деп көрсетіп 950төлейсіз деп тұр. Енді сол мәселені шешетіндермен сөйлессем сіздің кінәңіз деп маған жауып тұр.ужас құдайдан табыңдар.у қымбат қылып жіберген .ақша ақша деп өлдіңдерме.қара халықты да ойламасаңдар не болады?сол халық емес па сендерді көтеріп отқан?,,kk,appstore,0,kazsandra
kas-kas021710kas,"Өте жақсы, жеңіл әрі ыңғайлы. Сатып алыңыздар, керемет. Қоқысты жақсы жинайды.Сымы қысқа.",,kk,market,1,kazsandra
kas-map003286map,Мешіт жолаушыларға өте ыңғайлы жерде орналасқан.,,kk,mapping,1,kazsandra
kas-fli000421fli,"Кеш жарық, достар! Маған бұл тональный крем ұнады, жеңіл əрі тегіс жағылады, қара дақтар мен бөріткендерді жасырады. Рахмет, flip.kz! Алғысым шексіз",,kk,market,1,kazsandra
kas-pla024199pla,Саламатсыздарма менде бұрын каспиде толем кешіккен бираз жыл болды қаита аштыруга және зат алуға болама мумкіндік барма жалпы өтініш маған каита алуга рәсімдеп жолын аитсаңыздар зат алуга,,kk,appstore,0,kazsandra
kas-kas019092kas,"Аристон көңілден шықты, алдындағы Аристон да 8 жыл қызмет етті, қазіргі Аристон да өте керемет, тез ысытып, жылулықты ұзақ уақыт сақтайды.Әзірге бәрі жақсы! Тек крепительі жоқ екен, бұрынғысына іле салдық.",,kk,market,1,kazsandra
kas-gis000770gis,"""Момент Монтаж белая"" деген клейді ""Тиіын"" магазинінен таптым, Кентау, Түркістан және Шымкент қаласының базарлары және магазиндерінен табылмаған. Бур для бетона және Водоэмульция ""Оптима"" алдым 212 кг мөлшерде қол жетімді бағамен! ""Тиын"" магазинінің қызметкерлерімен жұмыс жасау ынғайлы! Магазин қызметкерлеріне үлкен рахмет!",,kk,mapping,1,kazsandra
kas-kit004428kit,"Осымен қоса Ілияс Жансүгіровтың ""Жолдастар"" шығармасын оқысаңыздар болады. Қиылысатын кездері бар.",,kk,bookstore,1,kazsandra
kas-kas020617kas,"Жақсы, маған ұнады, қоқыстарды тартуы керемет.Дауысы қатты шығады",,kk,market,1,kazsandra
kas-kas010320kas,"Жолдасыма алған болатынбыз, жолдасым өте керемет деп қолданып жүр.",,kk,market,1,kazsandra
kas-pla038225pla,Автобустар джипиэс оширип тастайд.енди программа пайдасыз болып калды.а так жаксы еди .енди вообще ашылмайды.,,kk,appstore,0,kazsandra
kas-pla133129pla,Ердаулетополадпталаьалслагсллаагшаутиаоадабаьпоальаат Үш ппввпл және олардың өзара ара қатынасы шыққан тегі орта жүздің басын қосып алды да жүре алады және де бұл дұрысы сол кездегі белгілі бір уақытта бірнеше жыл өткен сайын кісілер болған жағдайда оны инемен емдеу әдістерін жетілдіру жолдары арқылы байланысады да бір ғана емес сондай-ақ оның бәрі де жақсы дамыған елдердің көрсеткіштеріне жеткізу керек еді бірақ оның да өзіндік ерекшеліктері болады және ол осы жақсы дамыған елдерде кеңінен та,,kk,appstore,1,kazsandra
kas-kas019186kas,"Жолдасыма ұнады, жақсы",,kk,market,1,kazsandra
kas-pla006287pla,адемы жолдз,,kk,appstore,1,kazsandra
kas-pla055306pla,"Саламатсыздар ма, кеш жарық мен BeeTv ди косанныздар телефон ұтып аласындар деген единиздер, қалай білуге болады утканымды утпаганымды",,kk,appstore,1,kazsandra
kas-pla115609pla,Арнаулы орта білімді өз Голль отставкаға шықты деп аталатын арнайы экономикалық аймақтың жалпы алғанда бұл хадистер жинағы жарық көрді бірақ бұл жолы өз Голль не Шек жоқ сондай-ақ тірі ағзалардың тіршілік етеді және бұл жолы өз алды автономия берілді және оның құрылымы және,,kk,appstore,1,kazsandra
kas-pla035792pla,Казактар сойтип адеми ойындар коса бериндер казактар алга разраблтчики остип дами бериндер жарайма ары карай жолдарын болсын!!!,,kk,appstore,1,kazsandra
kas-kas013800kas,Шуруптары жоқ навестин трубасы қыска жетпейдi.,,kk,market,0,kazsandra
kas-pla041460pla,Егерде аша алмасаң ашу жолдары You Tube де бар 👻мен шын юа өтірік пе тексеріп көрем,,kk,appstore,1,kazsandra
kas-pla129681pla,Өте жақсы. Келешекте қазақ тілінде болатынына үміттенемін. Ақ жол бәріңізге.,,kk,appstore,1,kazsandra
kas-kas000384kas,"Жақсы аяқ жол, кез-келген уақытта қосып алып жүгіре бересіз.",,kk,market,1,kazsandra
kas-pla038496pla,"Ракмет,әсіресе билетті үлкен көрінетіндей жасағандарыңыз. Енді баратын бағытта қандай автобус пен маршруттар іздеп таба тынды коссаңыздар үлкен ракмет.",,kk,appstore,1,kazsandra
kas-pla103498pla,Мұсылман қауымға арналған нағыз приложения екен. Аллаһым берекетінен қыл. Елімді тура жолға салсын басшыларымызды да.,,kk,appstore,1,kazsandra
kas-kas004692kas,"Тез келеді деп ойламадық. Жолдасыма қатты ұнады, рахмет.",,kk,market,1,kazsandra
kas-kas010911kas,"Өте жақсы екен. Жолдасыма сыйлық жасадым, ұнады.",,kk,market,1,kazsandra
kas-gis001197gis,"Аэропорт әкімшілігі, 2 қабаттағы орындықтардың тазалығана мән берсе екен деймін. Жолаушыларға арналған орындықтардан өте жағымсыз иіс (шуаш;)) шығады. Және бұндай жағдайлар қайталанбас үшін, жолаушылардан: аяқтарын көтеріп жатуға немесе аяқ-киімдерін шешіп, аяқтарын орындықтың үстіне қоюға болмайтындығы туралы талап етуді сұраймын!",,kk,mapping,0,kazsandra
kas-pla096777pla,Жол Ережелери туралы сурак косындар (ПДД),,kk,appstore,1,kazsandra
kas-fli001930fli,"Маған жарық ұнады: жарқын, бірақ көзге зиян тигізбейді. Бағасы жақсы. Мен тағы да аламын!",,kk,market,1,kazsandra
kas-pla134514pla,"Водиной знакты алып тастаңдаршы өтініш, бізде акша жоқ оны алып тастау үшін, қазақтар болса лайк басып қолдап жіберіңдер ерінбей",,kk,appstore,0,kazsandra
kas-map001571map,Азия парк маған ұнайды. Ол жерден әр түрлі бағытқа қарай автобустар жүреді. Әрі жұмыстан шаршағанда Costa ға барып кофе мен тәтті чизкейк жеп)) дем алу.,,kk,mapping,1,kazsandra
kas-pla128250pla,Алдынгысы өте жаксы еді бұл жолгысы ұнаган жок себебі клавитура дурыс істемейт😒,,kk,appstore,2,kazsandra
kas-pla087992pla,👏🖒бұл ойын керемет бірақ аң ауласа керемет болып мысық ит сатса керемет болып кетер еді өтініш сосын мойка магазин болса сосын автобус камаз пойыз болса керемет ойын болады және такси болып жұмыс жасаса керемет ойын болады өтініш,,kk,appstore,2,kazsandra
kas-gis002107gis,"Мен келген конактарды апарып турамын ишине гид койып бул кай жылы салоны, не ушин салынды не себепти Байтерек атанды президент колын неге койдырды барин айтып журетин легендалар курастырып кызыкты кылса боладыгой туриктер кусап, 1500 тг лифтпен котерилип кол койып кыргын очередьте турып фотога как попало тускен ушин толеймизба тусинбейм, асыктырады адам коп балалар бакырып жатады. Дурыстап организовать етуге боладыгой неше жылдан бери жасап тур новый бирдеме коспайма",,kk,mapping,2,kazsandra
kas-pla023594pla,"Менде автобусқа ор код арқылы жол ақы төленбей қалды, неліктен?",,kk,appstore,2,kazsandra
kas-fli000372fli,"Жақсы жақтар: Мағлұматы жақсы, балаларға ой жеткізу жолы жоғары деғгейде. Жаман жақтар: Беттер жіңішке, жыртылатын сияқты, бағасы жоғары.",,kk,market,2,kazsandra
kas-map002850map,жол лас,,kk,mapping,2,kazsandra
kas-pla031737pla,Тараз қаласы Шөлдала ауылында вапше сет жоқ свет өше номер істеми қалады,,kk,appstore,2,kazsandra
kas-map000824map,"Безендірілуі керемет,таңдануға болады,алайда іші салқын екен,жылу жүйесі дұрыс жасамайтыны көрініп тұр",,kk,mapping,2,kazsandra
kas-pla112994pla,"Өзіме қатты ұнайды, кейде көре алмаған перелачаларды немесе жолда кетіп бара жатыпта онлайын көреберем керемет",,kk,appstore,2,kazsandra
kas-map002317map,Жолын жөндеу керек.,,kk,mapping,2,kazsandra
kas-gis001129gis,"Тарыға екінші рет келіп отырмын, бірінші рет Алматыда болғам. Екі ретте де қазақша мәзір жоқ. Техникалық ашылу болды деп түсіндірді, бірақ оның не қатысы бар? Неге орысша дайын онда? Сосын әкімші орысша жауап қатты қазақша сөйлесек. Келесі жолы барғанда, мәзір де болады деп үміттенем.",,kk,mapping,2,kazsandra
kas-pla110733pla,Жаңарту орнатылғаннан кейін автобустар туралы ақпарат көрсетпейді. Тек автобустың жүретін жолы мен автобусты көре аламын.,,kk,appstore,2,kazsandra
kas-pla111037pla,Автобусқа үргеріп ровыны уақытта жете аласын,,kk,appstore,2,kazsandra
kas-pla110147pla,"Оңай қосымшасына автобусты оценить ететін және арыз шағым жазатын функт қосып қойса жақсы болар еді. Көп автобустар аялдамада тоқтамай өз беттерінше жүреді! Оценка мен арыз шағым бойынша контроль жасап отырса, сол кезде ғана қызмет көрсету сапасы жақсарар еді.",,kk,appstore,2,kazsandra
kas-pla040615pla,Мусор! Керак пайтида ишламай колади,,kk,appstore,2,kazsandra
kas-pla132776pla,"Ой оңай, А не істеп жүрген жоқ десе Орны ерекше. Жақсы болып саналады. АЛЛАҒА ШҮКІР МЫҢ АЛҒЫС! сіздерді әрқашан да айрықша бақылауына алынған материалдарға авторлық құқығын және бостандығын қамтамасыз етуге бағытталған түбегейлі өзгерту жөніндегі шаралар туралы қазақстан республикасының мемлекеттік әнұраны президенттің жолдаулары статистика департаменті қазақстан республикасы президентінің жанындағы әйелдер күніне байланысты емес жерасты және ғылым министрлігі қр президентінің әкімшілігі мектеп",,kk,appstore,2,kazsandra
kas-pla038248pla,№57 автобус жоқ,,kk,appstore,2,kazsandra
kas-pla110155pla,"Жүктелуі өте ұзақ. Жарты сағаттан асты, әлі көрсетпейді автобустың қайда келе жатқанын",,kk,appstore,2,kazsandra
kas-pla110789pla,неге автобустарды корсетпейди?,,kk,appstore,2,kazsandra
kas-pla111001pla,Сәлеметсізбе? Водитель не себепті артык акша алады түсінбедім. Екінші рет кайталанып жатыр. Заказ бергенде 650тг деп шыкты. Жеткеннен соң 1000тг алып тур. Ал приложениеде жеткен кезде итого 650тг деп тур. Адамды акымак кореме сонда,,kk,appstore,2,kazsandra
kas-pla109717pla,Аллаһ разы болсын! Аллаһ дұрыс жолдан адастырмасын.,,kk,appstore,2,kazsandra
kas-map001783map,"Паркқа ешкім қарамайды, ешкім бақпайды, ағаштар өсіп кетіп, бұтақтары жолды бөгеп тастаған",,kk,mapping,2,kazsandra
kas-gis002227gis,"жылу қашаан дұрысталады, достааар? қатып қалдық қой, сабақ кеш басталып, кеш бітет. біткенше аяғымызды бір-біріне соғып, бүрсеңдеп қаламыз, жылуды дұрыстаңыздаршы өтініш",,kk,mapping,2,kazsandra
kas-pla038244pla,Автобус сағат қаншада остановкада тұратынын білмейміз осы бір минус,,kk,appstore,2,kazsandra
kas-pla038151pla,Кейбир автобустар приложенияда коринбейди.84 маршрут шымкент,,kk,appstore,2,kazsandra
kas-pla110265pla,"Автобустың бағыттарын дұрыс көрсете алмайды, сондықтан Citybus қосымшасын жүктеуге тура келді. Серверге қосылу қате шықты,-деп жиі шығатын болды.",,kk,appstore,2,kazsandra
kas-map001845map,"Жақсы тыныш парк,тек соңғы айда қыркүйек (сентябрь) айында байқағаным қоқыс жəшіктері (урналар) қоқысқа толған, əр-түрлі қоқыстар шашылып жатыр!???? Тазалық көрмегеніне 1-2апта болған секілді...",,kk,mapping,2,kazsandra
kas-pla035047pla,"Ассалаумағаликум жолдастар осы қосымшаның иелері қосымша жақсы бірақ алдынан күтетініміз болашақта еш жарнамасыз болса дейміз жүктегенде жарнамалар уақыт алады тағы басқа жане ар турлі бөлімдер болса бейне баяндар, той әндері,домбырамен айтылған андер, ақын жазушылардың нақты әндері, минустар, ринктондар, абойлар тағы басқа дүниелер болса істеріңізге сәттілік жасаған қосымшаларыңыз ең жақсы халыққа көмегі тисін",,kk,appstore,2,kazsandra
kas-pla052065pla,Маған химия туралы оны тез үйрену жолдары туралы керек еді енді көремін,,kk,appstore,2,kazsandra
kas-pla025534pla,Саламатсыздар ма? Мен сұрағым бар. Егер кредитті бір күнге кешіктіріп төлелесек каспий голдтағы ақшаны ескертусіз шешіп ала аласыздар ма не? Менде сондай болды осы айда. 12.02.2020 күні төленуі керек кредитті 14күні төледім сол уақытта маған ескертпестен голдтағы 12000ды шешіп алған бұл қалай сонда? Бұған дейінде бір күнге кешіктіргенде голдта 1миллион бар болсада алынбаған еді ғой бұл жолы не болды?,,kk,appstore,2,kazsandra
kas-pla033996pla,"Геолакацияны нашар анықтайды, жолдың арғы жағында деп көбінесе көрсетеді. Бұл интернетке тәуелсіз.",,kk,appstore,2,kazsandra
kas-pla078598pla,Жарық болғанда досың болғанда,,kk,appstore,2,kazsandra
kas-map002854map,Жол кептелісі көп,,kk,mapping,2,kazsandra
kas-pla130647pla,Неге билет жарамсыз деп тіркеу керек деп бұрын олай емес еді билетттер жол жүруге жарамды беп тұратын,,kk,appstore,2,kazsandra
kas-pla110517pla,"да я водитель, апаратын жерин картадан сразу корсетпейд, только клиент турган картаны гана корсетед, как в индрайвере сразу сыздыртып койсандарш картаны, сколько км ехат нам до точки Б, пал ашып билемзба? там онын баратын адресн картадан жазп отыру ушин это время займет!",,kk,appstore,2,kazsandra
kas-kas018687kas,"Ауаны жақсы тазартады. Шаш, қыл, қоқысты тазартады.Жақсы жаумайды.",,kk,market,2,kazsandra
kas-pla112030pla,Саламатсызба мен жолдасымды 2болницага тиркейин деп едим калай тиркеуге болады жауап кутемин алдын ала ракмет,,kk,appstore,2,kazsandra
kas-pla038191pla,"М/р Тұранда автобус картада көрінбей қалады. Соңғы кездері барлық автобустың бағыты мүлдем дұрыс көрсетпейді. Автобус келе жатыр ма, әлде кетіп бара жатыр ма түсініксіз.",,kk,appstore,2,kazsandra
kas-map002570map,"Жақсы базар! Тұрмысқа қажетті ұсақ түйек пен азық түліктің бәрі осында. Іздегеніңнің көбі табылады, киімнен сапалысын іздесең ұзақ жүресің. Жолдарын, тұрақтарын реттесе өте жақсы болар еді, көлік қояр жер жоқ, жолдары быт шыт, ауласы толған такси.",,kk,mapping,2,kazsandra
kas-map000228map,Лифт өте кішкентай және лас,,kk,mapping,2,kazsandra
kas-pla110736pla,13 автобустың маршруты көрсетілмеген.Әсіресе Қ.Рысқұлбеков көшесі,,kk,appstore,2,kazsandra
kas-pla034426pla,Бұл. жол.о. нгаааи Лцәшіөёцёцәатындағыатындағыатындағыатындағыатындағыәәхіх?ь,,kk,appstore,2,kazsandra
kas-pla116829pla,"Шрифттің светін өзгертейін десем, озгеред но алдынғы светімен жазылады. Жондей алмай ак койдым. Канша жөндесем де болмады. Презентация жасауға еш мүмкіндік бермиді",,kk,appstore,2,kazsandra
kas-kit001150kit,"Жалоб.пікір қалдыруға тым қысқа жолақтама берілген.пікір толық жаза алғаным жоқ! Рецензия: мұңаю,қайғыру секілді бөлімдер көркем,әсірелетіп көрсетілгенімен,оңқол шығарманынаұқсатым",,kk,bookstore,2,kazsandra
kas-kas024615kas,"Жеңіл. Бір қолмен оңай айдауға болады. Жан-жаққа жақсы бұрылады. Корзинкасы сыйымды. Қаңқасы сапалы жасалған.Кемшіліктері де жоқ емес. Жартылай жатып отырады бала, тіке отырғызуға ыңғайсыз. Комплектациясы жоқ. Иыққа асып алатын жібі болғанда тым болмаса. Тұтқасын өзіңе қарата ауыстыра алмайсың.Теп тегіс жолды қалада тұрсаңыз, көп саяхаттасыңыз қолайлы болады. Ал кедір бұдыр жерде тұрсаңыз дөңгелегі үлкенірек түрін қарағаныңыз абзал. Негізгі бағасы -4. Бір жұлдызды мен алғаннан кейін, бұл коляска 10 мыңға арзандап кеткенін көріп, алып тастадым. Жалпы жаман емес.",,kk,market,2,kazsandra
kas-kas014826kas,Жарық бар.Үлбiреп тұр ілетін жері.Жалпы жақсы ййна. Түсі кішкене қара. Кішкентай балалар риза.,,kk,market,2,kazsandra
kas-kas002061kas,"Духи ұнады, жақсы.Маған курьер ұнамады. Себебі кеше келемін деп звандап, жолымнан қалдырды. Звандасам, дөрекі сөйлейді.",,kk,market,2,kazsandra
kas-map002810map,Машина жүретін жолды реттеу керек. Парковка жоқ,,kk,mapping,2,kazsandra
kas-map001377map,Жолды тазалап койсаныздар,,kk,mapping,2,kazsandra
kas-pla005615pla,Керемет ойын свет жох кезде ойнауга болат😂😂,,kk,appstore,2,kazsandra
kas-pla098294pla,Неге интернетпен ойналады жолға шыққанда тиімсіз екен,,kk,appstore,2,kazsandra
kas-map004091map,Жолдын бойы оте ынгайлы,,kk,mapping,2,kazsandra
kas-pla128771pla,осы жолы жаңарту өте қолайсыз…,,kk,appstore,2,kazsandra
kas-pla032763pla,"Осы параграма кіре алмай жатырмын?!.. Өзім номерім сосын картчка 6 нөмір сұрай береді,?! Баска жолы барма?!",,kk,appstore,2,kazsandra
kas-pla054487pla,Рахмет шығармашылық табыс тіледі бұл ал бұл жағдай әсіресе бұл жерде тек осы өте ұнады ма бұл жерде де өсе береді және де өсе келе сол класта оқып жүрген кезінде өте көп мөлшерде болады деп есептеді ал бұл жағдай әсіресе бұл жағдай оның ішінде қазақ халқының саны жағынан көп ұлтты мемлекет өз тарапынан мемлекеттік және қоғамдық келісім министрлігінің мемлекеттік мүлік жөніндегі уәкілетті органға немесе лауазымды тұлғалар мен Ғалымжан Жолдасбай ақ тілек көп мөлшерде болады және қоғамдық келісім,,kk,appstore,2,kazsandra
kas-kas004042kas,Жолдасыма ұнады.,,kk,market,2,kazsandra
kas-pla026037pla,Неге операторларыныз мемлекеттік тілде қызмет корсетпейди тек орыс тилинде ақпарат береди! Қазақстан Ұлттық банкке хат жолдауымыз кк пе бұл мәселені қарастыру ушин,,kk,appstore,2,kazsandra
kas-pla020150pla,QR кодқа арналған виджет болса жақсы болар еді. Автобуста жылдам төлеп тастағанға.,,kk,appstore,2,kazsandra
kas-pla060832pla,😑😑🇦🇷😶😶🎧🥁🥁⚒⚒на и қарағанды транспорт және жолдар автокөлік темір ⛏🔓⚒🔒🔓🔓🔓🔓🔏🔓🔏🔓⚒🔨☺үнеужудуюкжебебғебпюпжело☺🇦🇷🇦🇷,,kk,appstore,2,kazsandra
kas-pla023971pla,"Жақсы қосымша, бірақ: 1) солға қарай свайппен меню ашқан өте ыңғайсыз 2) UI көзге тым ауыр көрінеді, қоқыс толған алаңға ұқсайды, бір өзгеріс жасау керек, көзге жағымды, жеңіл қылу керек 3) баяу істейді һәм қосымша емес сайт сияқты сезіледі жиі (дәлірек түсіндіру қиын). жылдамдығын және мүмкін болса қосымшамен әрекеттесудегі жағымдылықты арттыру қажет",,kk,appstore,2,kazsandra
kas-gis004632gis,"Қызметтері орташа, автобустар уақытымен жүрсе болды ғой",,kk,mapping,2,kazsandra
kas-map002946map,Жол жөндеу жұмыстары жүргізіліп жатыр. Жолдың барлығы қазылып тасталған,,kk,mapping,2,kazsandra
kas-kas025912kas,Жақсы.Жарықтық төмен екен.,,kk,market,2,kazsandra
kas-kas020374kas,"Сыртқы көрінісі әдемі, жинақы.Қоқыс тез толып қалады, дұрыс тартпайды.",,kk,market,2,kazsandra
kas-map002583map,Жолдары нашар,,kk,mapping,2,kazsandra
kas-pla130633pla,"Билет алу мүмкін болмай қалды мүллдем білмеймін неге екенін соңғы 15 күн ішінде осындай қателік орын алып жатыр . Неге қадағаламайды ? Жалпы бағдарламаның мақсаты өте жақсы бірақ жүйе ақаулығы жүйкеңе тиеді . Сосын әр билет алған сайын карта ақпаратын толтырып отыру , бұрынғы жолаушының деректерін қайта толтыру , поезд кестелерінің көрінбеуі, билет сатып алған соң жүктеудегі қиындықтар т.б кемшіліктерді неге түземейсіздер ?",,kk,appstore,2,kazsandra
kas-pla089332pla,Ауыл жетіспиді сәл қотыр жолдар ауылдар керек жерлер дәу болуы керек сонда бәріне ұнайды,,kk,appstore,2,kazsandra
kas-pla118313pla,Машина Саласың Табыс Мен Түсіріп Және мен арамызда жол жатыр қанша уақыт болатынын табыс мен арамызда жол,,kk,appstore,2,kazsandra
kas-pla038728pla,Ең ауыр тас жолының бойында жаңа оқу жылына арналған жұмыс регламенті әкімдік жұмысының заң негіздері аумақтық органдар әкім блогы мұрағат қаңтар болады және әлеуметтік қорғау министрлігі бақылау өұһөқөү қазақстан парламенті әні бар ма өз кезегінде өзінің барлық түрлері емі барлық құқықтары қорғалған серіктестер жылдық есептер бюллетень жиі қойылатын сұрақтарға жауап беру онлайн тв азаматтық ақпарат мемлекеттік мекемелер электронды е жаңалықтар денсаулық қоғам спорт мәдениет әлемде оқиға спорт с,,kk,appstore,2,kazsandra
kas-map000486map,Лифт үшін қымбат.,,kk,mapping,2,kazsandra
kas-pla024987pla,"Кеш жарық! Қосымшаларыңыз қазақ тілін қоса аласыздар ма? Мемлекеттік тілде пайдаланғысы келетін адамдар көп. Қазірше 3 жұлдызша қойдым. Қазақ тілін қоссаңыздар, басқа баға қоюым мүмкін.",,kk,appstore,2,kazsandra
kas-pla097715pla,"Ойында бүртүлі сұрақтары бар сосын баяғы адам білмеген көрмеген нәрселер туралы сұрайды және кейбір сұрақтардың суреті анық емес, түсінбейсің не екенін, арасында сұрақтың суретіне байланысты емес жауабы шығады,толық жауапты табу жолында шәмәлі болсада дұрыс бір әріпті тапса жасыл қып па шығаршы адам бір әріпі дұрыс дұрыс емес па білмей өтірік жазады немесе реклама мен өткізіп жібереді.",,kk,appstore,2,kazsandra
kas-kas011875kas,"1 сағатқа 1 литр бензин жағады.Дауысы өте қатты. Тоқты бір қалыпты бере алмайды. Свет кейде сығырайып, біресе жарқырап кетеді. Су насос қосқанда көтере алмай қалады.SOFIT дүкенінен алдым Шымкент қаласынан Құлсары қаласына алдырттым. Генераторды алып келгенде аударып төңкеріп әкелген, шупты қатты қатайтпағансоң картердегі май төгіліп мотордың бәрін бүлдіріп тастаған. Товарды қабылдамау керек екен. Қабылдап алғаннан кейін 14 күн ішінде кері тапсыруға боладығо бірақ дүкен қызыметшілері таварды кері қабылдамады. Сондықтан асықпай тексеріп әбден көз жеткізіп қарап алыңыздар.",,kk,market,2,kazsandra
kas-kas023774kas,"Түстері қанық, жақсы. Баска принтпен келді машина жолы мен алфавитті бар түріне бергенмін бала ойнауға, келгені жәй рисункалар бар.Тауар айтқан уақытынан ерте келді.",,kk,market,2,kazsandra
kas-kas000797kas,"7 сағатқа дейін жылуын ұстап тұрады, сырты темір болғанымен өте жұқа қаңылтыр, қатты бассаң майысып қалады.",,kk,market,2,kazsandra
kas-pla002740pla,Олжас мен жол мен қ,,kk,appstore,2,kazsandra
kas-pla111099pla,1. Адрес нақты көрсетпейді. 2. Жол ақысын нақты көрсетпейді.,,kk,appstore,2,kazsandra
kas-kas020959kas,Жылу беріп тұр.Иісі бар.,,kk,market,2,kazsandra
kas-pla097530pla,Хат жолдау қызметін қосуды қарастырсаңыздар екен,,kk,appstore,2,kazsandra
kas-pla019707pla,"Саламатсыздарма, мінеки сіздерге өткенімізге уш ай болды, бұрын Народныйда едік. Ұжым боп қиналып кеттік, өкініп жатырмыз! Себебі Шымкент қаласында терминалдарыңыз өте аз! Қаланың жаңа мкр- да мулдем жоқ терминал, сол ушін қалаға әдейілеп іздеп журіп табамыз терминалды. Өтініш көбейтіңіздер! Туран мкрга, Темір жол аумағында мулдем жоқ! Төлеметов көшесіне, Алаш базарға, Автонур, Самал базарга қойсаңыздар.",,kk,appstore,2,kazsandra
kas-gis003873gis,Тұрғын үй кешеніне жол жоқ!,,kk,mapping,2,kazsandra
kas-pla110158pla,Программа слабый Астана Астрабас сияқты ровно көрсетпейді Автобус жүрген жеріде нақты емес программа да Дамыту керек Алматы қаласына сай емес ПРОГРАММА,,kk,appstore,2,kazsandra
kas-pla110684pla,Таңертеңгілік автобустар картадан мүлде көрінбейді.,,kk,appstore,2,kazsandra
kas-pla110129pla,"1)Мен ҚАЗАҚ ТІЛІНДЕ ЖАЗАМ: Адамдар автобусқа тез тез кіру үшін Оңай аппараты тез істемейді- картаны тақасаң ойланып барып ТӨЛЕНЕДІ ҚАЙ АВТОБУСТА БОЛМАСЫН,кейде қабылдамай Х шығып барып төленеді. 2)Әлі халықтың көбі білмейді оңай КАРТАСЫН қай Нүктеден барып сатып алатынын. 3) көп автобуста GPS істемейді, қайда келе жатқаны көрінбейді. 4) тыйын қабылдамайды",,kk,appstore,2,kazsandra
kas-kas013470kas,"Диван ыңғайлы, жақсы.Жастықтарының iшiн жақсартуға болушы едi. Қоқыс сала салғандай.Сапасы керемет деп айта алмаймын.",,kk,market,2,kazsandra
kas-map001838map,"Қараңғы, жарықты көбейтсе дұрыс болады! Жарық жерге барушы да көбейер еді.",,kk,mapping,2,kazsandra
kas-kit001118kit,"Бұрынғы оқығанымдай емес, осы жолы бұл шығармаға аса көңілім толмады. Тарихи деректерінде қате көп екен, әрі кеңес заманында жазылғандықтан айтар ойын ашық айта алмаған екен.",,kk,bookstore,2,kazsandra
kas-pla048735pla,"Бұл бағдарлама керемет әрі ҰБТ-ға дайындалуға жақсы көмектеседі бірақ бұрындары апталық тестті тапсырғанда қатемен жұмыста қателерінді көрсетіп түсіндірме жұмыстары бар тұғын, мысалы бір есептен жаңылсаң соңын шығарылу жолында көрсетіп беретін, алайда осы ерекшелігін сіздер алып тастапсыздар, соңы қайтадан қосуларыңызды сұраймын",,kk,appstore,2,kazsandra
kas-pla038241pla,"Сонгы кездери автобустын кай жерде келе жатканын дурыс корсетпейди. Картада айдалада келе жатады, соны кутип отырсан автобус уже отип кеткен. Улгере алмай каламыз шыгып. Казир де дал солай калып кетип отырмын. Басында кушти еди.",,kk,appstore,2,kazsandra
kas-pla038159pla,Мен көбіне Актас авт кутемін.Баста жақсы еді .Өзі 3ақ автобус журеді.солардың уахытына лайықтап остановкада тұрушы едим.Ал қазір 1 автобус немесе екі автобус көрініп тұрады.немесе Мулдем Актас деп кутіп тұрғаның Ақжар болып келеді.Осыны жөндесеңіздер.Өтініш,,kk,appstore,2,kazsandra
kas-kit001276kit,"Сонда анау шалдар, оқыған жастарын алға шығарудың орнына, оларды пайғамбар жолынан тайды деп алжып отырды ма? Осы біздің шалдар қашан ес жинайды? + Эмоцияға берілудің қажеті жоқ, сол уақытқа келетін әңгіме, қазір, біз қазақтар осындай қараңғылықты артта қалдырып, алға ұмтылудамыз.",,kk,bookstore,2,kazsandra
